bid,score,pred,valid
b000000,0.0,False,True
b000001,0.0,False,True
b000002,0.0,False,True
b000003,0.0,False,True
b000004,0.0,False,True
b000005,0.0,False,True
b000006,0.0,False,True
b000007,0.0,False,True
b000008,0.0,False,True
b000009,0.0,False,True
b000010,0.0,False,True
b000011,0.0,False,True
b000012,0.0,False,True
b000013,0.0,False,True
b000014,0.0,False,True
b000015,0.0,False,True
b000016,0.0,False,True
b000017,0.0,False,True
b000018,0.0,False,True
b000019,0.0,False,True
b000020,0.0,False,True
b000021,0.0,False,True
b000022,0.0,False,True
b000023,0.0,False,True
b000024,0.0,False,True
b000025,0.0,False,True
b000026,0.0,False,True
b000027,0.0,False,True
b000028,0.0,False,True
b000029,0.0,False,True
b000030,0.0,False,True
b000031,0.0,False,True
b000032,0.0,False,True
b000033,0.0,False,True
b000034,0.0,False,True
b000035,0.0,False,True
b000036,0.0,False,True
b000037,0.0,False,True
b000038,0.0,False,True
b000039,0.0,False,True
b000040,0.0,False,True
b000041,0.0,False,True
b000042,0.0,False,True
b000043,0.0,False,True
b000044,0.0,False,True
b000045,0.0,False,True
b000046,0.0,False,True
b000047,0.0,False,True
b000048,0.0,False,True
b000049,0.0,False,True
b000050,0.0,False,True
b000051,0.0,False,True
b000052,0.0,False,True
b000053,0.0,False,True
b000054,0.0,False,True
b000055,0.0,False,True
b000056,0.0,False,True
b000057,0.0,False,True
b000058,0.0,False,True
b000059,0.0,False,True
b000060,0.0,False,True
b000061,0.0,False,True
b000062,0.0,False,True
b000063,0.0,False,True
b000064,0.0,False,True
b000065,0.0,False,True
b000066,0.0,False,True
b000067,0.0,False,True
b000068,0.0,False,True
b000069,0.0,False,True
b000070,0.0,False,True
b000071,0.0,False,True
b000072,0.0,False,True
b000073,0.0,False,True
b000074,0.0,False,True
b000075,0.0,False,True
b000076,0.0,False,True
b000077,0.0,False,True
b000078,0.0,False,True
b000079,0.0,False,True
b000080,0.0,False,True
b000081,0.0,False,True
b000082,0.0,False,True
b000083,0.0,False,True
b000084,0.0,False,True
b000085,0.0,False,True
b000086,0.0,False,True
b000087,0.0,False,True
b000088,0.0,False,True
b000089,0.0,False,True
b000090,0.0,False,True
b000091,0.0,False,True
b000092,0.13082537055015564,True,True
b000093,0.0,False,True
b000094,0.0,False,True
b000095,0.0,False,True
b000096,0.0,False,True
b000097,0.0,False,True
b000098,0.0,False,True
b000099,0.0,False,True
b000100,0.0,False,True
b000101,0.0,False,True
b000102,0.0,False,True
b000103,0.0,False,True
b000104,0.0,False,True
b000105,0.0,False,True
b000106,0.0,False,True
b000107,0.0,False,True
b000108,0.0,False,True
b000109,0.0,False,True
b000110,0.0,False,True
b000111,0.0,False,True
b000112,0.0,False,True
b000113,0.0,False,True
b000114,0.0,False,True
b000115,0.0,False,True
b000116,0.0,False,True
b000117,0.0,False,True
b000118,0.0,False,True
b000119,0.0,False,True
b000120,0.0,False,True
b000121,0.0,False,True
b000122,0.0,False,True
b000123,0.0,False,True
b000124,0.0,False,True
b000125,0.0,False,True
b000126,0.0,False,True
b000127,0.0,False,True
b000128,0.0,False,True
b000129,0.0,False,True
b000130,0.0,False,True
b000131,0.0,False,True
b000132,0.0,False,True
b000133,0.0,False,True
b000134,0.0,False,True
b000135,0.0,False,True
b000136,0.0,False,True
b000137,0.0,False,True
b000138,0.0,False,True
b000139,0.0,False,True
b000140,0.0,False,True
b000141,0.0,False,True
b000142,0.0,False,True
b000143,0.0,False,True
b000144,0.0,False,True
b000145,0.0,False,True
b000146,0.0,False,True
b000147,0.0,False,True
b000148,0.0,False,True
b000149,0.0,False,True
b000150,0.0,False,True
b000151,0.0,False,True
b000152,0.13378457725048065,True,True
b000153,0.0,False,True
b000154,0.0,False,True
b000155,0.1347682923078537,True,True
b000156,0.0,False,True
b000157,0.0,False,True
b000158,0.0,False,True
b000159,0.0,False,True
b000160,0.0,False,True
b000161,0.0,False,True
b000162,0.0,False,True
b000163,0.0,False,True
b000164,0.0,False,True
b000165,0.0,False,True
b000166,0.0,False,True
b000167,0.0,False,True
b000168,0.0,False,True
b000169,0.0,False,True
b000170,0.0,False,True
b000171,0.0,False,True
b000172,0.0,False,True
b000173,0.0,False,True
b000174,0.0,False,True
b000175,0.0,False,True
b000176,0.0,False,True
b000177,0.0,False,True
b000178,0.0,False,True
b000179,0.0,False,True
b000180,0.0,False,True
b000181,0.0,False,True
b000182,0.0,False,True
b000183,0.0,False,True
b000184,0.0,False,True
b000185,0.0,False,True
b000186,0.0,False,True
b000187,0.0,False,True
b000188,0.0,False,True
b000189,0.0,False,True
b000190,0.0,False,True
b000191,0.0,False,True
b000192,0.0,False,True
b000193,0.0,False,True
b000194,0.0,False,True
b000195,0.0,False,True
b000196,0.0,False,True
b000197,0.0,False,True
b000198,0.0,False,True
b000199,0.0,False,True
b000200,0.0,False,True
b000201,0.0,False,True
b000202,0.0,False,True
b000203,0.0,False,True
b000204,0.0,False,True
b000205,0.0,False,True
b000206,0.0,False,True
b000207,0.0,False,True
b000208,0.0,False,True
b000209,0.0,False,True
b000210,0.0,False,True
b000211,0.0,False,True
b000212,0.0,False,True
b000213,0.0,False,True
b000214,0.0,False,True
b000215,0.0,False,True
b000216,0.0,False,True
b000217,0.0,False,True
b000218,0.0,False,True
b000219,0.0,False,True
b000220,0.0,False,True
b000221,0.0,False,True
b000222,0.0,False,True
b000223,0.0,False,True
b000224,0.0,False,True
b000225,0.0,False,True
b000226,0.0,False,True
b000227,0.0,False,True
b000228,0.0,False,True
b000229,0.0,False,True
b000230,0.0,False,True
b000231,0.0,False,True
b000232,0.0,False,True
b000233,0.0,False,True
b000234,0.0,False,True
b000235,0.0,False,True
b000236,0.0,False,True
b000237,0.0,False,True
b000238,0.0,False,True
b000239,0.0,False,True
b000240,0.0,False,True
b000241,0.0,False,True
b000242,0.0,False,True
b000243,0.0,False,True
b000244,0.0,False,True
b000245,0.0,False,True
b000246,0.0,False,True
b000247,0.0,False,True
b000248,0.0,False,True
b000249,0.0,False,True
b000250,0.0,False,True
b000251,0.0,False,True
b000252,0.0,False,True
b000253,0.0,False,True
b000254,0.0,False,True
b000255,0.0,False,True
b000256,0.0,False,True
b000257,0.0,False,True
b000258,0.0,False,True
b000259,0.0,False,True
b000260,0.5900955200195312,True,True
b000261,0.0,False,True
b000262,0.0,False,True
b000263,0.0,False,True
b000264,0.0,False,True
b000265,0.0,False,True
b000266,0.0,False,True
b000267,0.0,False,True
b000268,0.0,False,True
b000269,0.0,False,True
b000270,0.0,False,True
b000271,0.0,False,True
b000272,0.0,False,True
b000273,0.0,False,True
b000274,0.0,False,True
b000275,0.0,False,True
b000276,0.0,False,True
b000277,0.0,False,True
b000278,0.0,False,True
b000279,0.0,False,True
b000280,0.0,False,True
b000281,0.0,False,True
b000282,0.0,False,True
b000283,0.0,False,True
b000284,0.0,False,True
b000285,0.0,False,True
b000286,0.0,False,True
b000287,0.0,False,True
b000288,0.0,False,True
b000289,0.0,False,True
b000290,0.0,False,True
b000291,0.0,False,True
b000292,0.0,False,True
b000293,0.0,False,True
b000294,0.0,False,True
b000295,0.0,False,True
b000296,0.0,False,True
b000297,0.0,False,True
b000298,0.0,False,True
b000299,0.0,False,True
b000300,0.0,False,True
b000301,0.0,False,True
b000302,0.0,False,True
b000303,0.0,False,True
b000304,0.0,False,True
b000305,0.0,False,True
b000306,0.0,False,True
b000307,0.0,False,True
b000308,0.0,False,True
b000309,0.0,False,True
b000310,0.0,False,True
b000311,0.21645009517669678,True,True
b000312,0.0,False,True
b000313,0.0,False,True
b000314,0.0,False,True
b000315,0.0,False,True
b000316,0.0,False,True
b000317,0.0,False,True
b000318,0.0,False,True
b000319,0.0,False,True
b000320,0.0,False,True
b000321,0.0,False,True
b000322,0.0,False,True
b000323,0.0,False,True
b000324,0.0,False,True
b000325,0.0,False,True
b000326,0.0,False,True
b000327,0.0,False,True
b000328,0.0,False,True
b000329,0.0,False,True
b000330,0.0,False,True
b000331,0.0,False,True
b000332,0.0,False,True
b000333,0.0,False,True
b000334,0.0,False,True
b000335,0.0,False,True
b000336,0.0,False,True
b000337,0.0,False,True
b000338,0.0,False,True
b000339,0.0,False,True
b000340,0.0,False,True
b000341,0.0,False,True
b000342,0.0,False,True
b000343,0.0,False,True
b000344,0.0,False,True
b000345,0.0,False,True
b000346,0.0,False,True
b000347,0.0,False,True
b000348,0.0,False,True
b000349,0.5122631192207336,True,True
b000350,0.0,False,True
b000351,0.0,False,True
b000352,0.0,False,True
b000353,0.0,False,True
b000354,0.10462214052677155,True,True
b000355,0.0,False,True
b000356,0.0,False,True
b000357,0.0,False,True
b000358,0.0,False,True
b000359,0.0,False,True
b000360,0.0,False,True
b000361,0.0,False,True
b000362,0.0,False,True
b000363,0.0,False,True
b000364,0.0,False,True
b000365,0.0,False,True
b000366,0.0,False,True
b000367,0.0,False,True
b000368,0.0,False,True
b000369,0.0,False,True
b000370,0.0,False,True
b000371,0.0,False,True
b000372,0.0,False,True
b000373,0.0,False,True
b000374,0.0,False,True
b000375,0.0,False,True
b000376,0.0,False,True
b000377,0.0,False,True
b000378,0.0,False,True
b000379,0.0,False,True
b000380,0.0,False,True
b000381,0.0,False,True
b000382,0.0,False,True
b000383,0.0,False,True
b000384,0.0,False,True
b000385,0.0,False,True
b000386,0.0,False,True
b000387,0.0,False,True
b000388,0.0,False,True
b000389,0.0,False,True
b000390,0.12762410938739777,True,True
b000391,0.0,False,True
b000392,0.0,False,True
b000393,0.0,False,True
b000394,0.0,False,True
b000395,0.0,False,True
b000396,0.0,False,True
b000397,0.0,False,True
b000398,0.0,False,True
b000399,0.0,False,True
b000400,0.0,False,True
b000401,0.0,False,True
b000402,0.0,False,True
b000403,0.0,False,True
b000404,0.0,False,True
b000405,0.0,False,True
b000406,0.0,False,True
b000407,0.0,False,True
b000408,0.0,False,True
b000409,0.0,False,True
b000410,0.0,False,True
b000411,0.0,False,True
b000412,0.0,False,True
b000413,0.0,False,True
b000414,0.0,False,True
b000415,0.0,False,True
b000416,0.0,False,True
b000417,0.0,False,True
b000418,0.0,False,True
b000419,0.0,False,True
b000420,0.0,False,True
b000421,0.0,False,True
b000422,0.0,False,True
b000423,0.0,False,True
b000424,0.0,False,True
b000425,0.0,False,True
b000426,0.0,False,True
b000427,0.0,False,True
b000428,0.0,False,True
b000429,0.0,False,True
b000430,0.0,False,True
b000431,0.0,False,True
b000432,0.14793729782104492,True,True
b000433,0.0,False,True
b000434,0.0,False,True
b000435,0.0,False,True
b000436,0.0,False,True
b000437,0.0,False,True
b000438,0.0,False,True
b000439,0.0,False,True
b000440,0.0,False,True
b000441,0.0,False,True
b000442,0.0,False,True
b000443,0.0,False,True
b000444,0.0,False,True
b000445,0.0,False,True
b000446,0.0,False,True
b000447,0.0,False,True
b000448,0.0,False,True
b000449,0.0,False,True
b000450,0.0,False,True
b000451,0.0,False,True
b000452,0.0,False,True
b000453,0.0,False,True
b000454,0.0,False,True
b000455,0.0,False,True
b000456,0.0,False,True
b000457,0.0,False,True
b000458,0.0,False,True
b000459,0.0,False,True
b000460,0.0,False,True
b000461,0.0,False,True
b000462,0.0,False,True
b000463,0.0,False,True
b000464,0.0,False,True
b000465,0.0,False,True
b000466,0.0,False,True
b000467,0.0,False,True
b000468,0.0,False,True
b000469,0.0,False,True
b000470,0.0,False,True
b000471,0.0,False,True
b000472,0.0,False,True
b000473,0.0,False,True
b000474,0.0,False,True
b000475,0.0,False,True
b000476,0.0,False,True
b000477,0.0,False,True
b000478,0.0,False,True
b000479,0.0,False,True
b000480,0.0,False,True
b000481,0.0,False,True
b000482,0.0,False,True
b000483,0.0,False,True
b000484,0.0,False,True
b000485,0.0,False,True
b000486,0.0,False,True
b000487,0.0,False,True
b000488,0.0,False,True
b000489,0.0,False,True
b000490,0.0,False,True
b000491,0.0,False,True
b000492,0.0,False,True
b000493,0.0,False,True
b000494,0.0,False,True
b000495,0.0,False,True
b000496,0.0,False,True
b000497,0.0,False,True
b000498,0.0,False,True
b000499,0.0,False,True
b000500,0.0,False,True
b000501,0.0,False,True
b000502,0.0,False,True
b000503,0.0,False,True
b000504,0.0,False,True
b000505,0.0,False,True
b000506,0.0,False,True
b000507,0.0,False,True
b000508,0.0,False,True
b000509,0.0,False,True
b000510,0.0,False,True
b000511,0.0,False,True
b000512,0.0,False,True
b000513,0.0,False,True
b000514,0.16614967584609985,True,True
b000515,0.0,False,True
b000516,0.0,False,True
b000517,0.0,False,True
b000518,0.0,False,True
b000519,0.0,False,True
b000520,0.0,False,True
b000521,0.0,False,True
b000522,0.0,False,True
b000523,0.0,False,True
b000524,0.0,False,True
b000525,0.0,False,True
b000526,0.0,False,True
b000527,0.0,False,True
b000528,0.0,False,True
b000529,0.0,False,True
b000530,0.0,False,True
b000531,0.0,False,True
b000532,0.0,False,True
b000533,0.0,False,True
b000534,0.0,False,True
b000535,0.0,False,True
b000536,0.0,False,True
b000537,0.0,False,True
b000538,0.0,False,True
b000539,0.0,False,True
b000540,0.0,False,True
b000541,0.0,False,True
b000542,0.0,False,True
b000543,0.0,False,True
b000544,0.0,False,True
b000545,0.0,False,True
b000546,0.0,False,True
b000547,0.0,False,True
b000548,0.0,False,True
b000549,0.0,False,True
b000550,0.0,False,True
b000551,0.0,False,True
b000552,0.0,False,True
b000553,0.0,False,True
b000554,0.0,False,True
b000555,0.0,False,True
b000556,0.0,False,True
b000557,0.0,False,True
b000558,0.0,False,True
b000559,0.0,False,True
b000560,0.0,False,True
b000561,0.0,False,True
b000562,0.0,False,True
b000563,0.0,False,True
b000564,0.0,False,True
b000565,0.0,False,True
b000566,0.0,False,True
b000567,0.0,False,True
b000568,0.0,False,True
b000569,0.0,False,True
b000570,0.0,False,True
b000571,0.0,False,True
b000572,0.0,False,True
b000573,0.0,False,True
b000574,0.0,False,True
b000575,0.0,False,True
b000576,0.0,False,True
b000577,0.0,False,True
b000578,0.0,False,True
b000579,0.0,False,True
b000580,0.0,False,True
b000581,0.0,False,True
b000582,0.0,False,True
b000583,0.0,False,True
b000584,0.0,False,True
b000585,0.0,False,True
b000586,0.0,False,True
b000587,0.0,False,True
b000588,0.0,False,True
b000589,0.0,False,True
b000590,0.0,False,True
b000591,0.0,False,True
b000592,0.0,False,True
b000593,0.0,False,True
b000594,0.0,False,True
b000595,0.0,False,True
b000596,0.0,False,True
b000597,0.4524019658565521,True,True
b000598,0.0,False,True
b000599,0.0,False,True
b000600,0.0,False,True
b000601,0.0,False,True
b000602,0.0,False,True
b000603,0.0,False,True
b000604,0.0,False,True
b000605,0.0,False,True
b000606,0.0,False,True
b000607,0.0,False,True
b000608,0.0,False,True
b000609,0.0,False,True
b000610,0.0,False,True
b000611,0.0,False,True
b000612,0.0,False,True
b000613,0.0,False,True
b000614,0.0,False,True
b000615,0.0,False,True
b000616,0.0,False,True
b000617,0.0,False,True
b000618,0.0,False,True
b000619,0.0,False,True
b000620,0.0,False,True
b000621,0.0,False,True
b000622,0.0,False,True
b000623,0.0,False,True
b000624,0.0,False,True
b000625,0.0,False,True
b000626,0.0,False,True
b000627,0.0,False,True
b000628,0.0,False,True
b000629,0.0,False,True
b000630,0.0,False,True
b000631,0.0,False,True
b000632,0.0,False,True
b000633,0.0,False,True
b000634,0.0,False,True
b000635,0.0,False,True
b000636,0.0,False,True
b000637,0.0,False,True
b000638,0.0,False,True
b000639,0.0,False,True
b000640,0.0,False,True
b000641,0.0,False,True
b000642,0.0,False,True
b000643,0.0,False,True
b000644,0.0,False,True
b000645,0.0,False,True
b000646,0.0,False,True
b000647,0.0,False,True
b000648,0.0,False,True
b000649,0.0,False,True
b000650,0.0,False,True
b000651,0.0,False,True
b000652,0.0,False,True
b000653,0.0,False,True
b000654,0.0,False,True
b000655,0.0,False,True
b000656,0.0,False,True
b000657,0.0,False,True
b000658,0.0,False,True
b000659,0.0,False,True
b000660,0.0,False,True
b000661,0.0,False,True
b000662,0.0,False,True
b000663,0.0,False,True
b000664,0.0,False,True
b000665,0.0,False,True
b000666,0.0,False,True
b000667,0.0,False,True
b000668,0.0,False,True
b000669,0.0,False,True
b000670,0.0,False,True
b000671,0.0,False,True
b000672,0.0,False,True
b000673,0.0,False,True
b000674,0.0,False,True
b000675,0.0,False,True
b000676,0.0,False,True
b000677,0.0,False,True
b000678,0.0,False,True
b000679,0.0,False,True
b000680,0.0,False,True
b000681,0.0,False,True
b000682,0.0,False,True
b000683,0.0,False,True
b000684,0.0,False,True
b000685,0.0,False,True
b000686,0.0,False,True
b000687,0.0,False,True
b000688,0.0,False,True
b000689,0.0,False,True
b000690,0.0,False,True
b000691,0.0,False,True
b000692,0.7524905800819397,True,True
b000693,0.0,False,True
b000694,0.0,False,True
b000695,0.0,False,True
b000696,0.0,False,True
b000697,0.0,False,True
b000698,0.0,False,True
b000699,0.0,False,True
b000700,0.0,False,True
b000701,0.0,False,True
b000702,0.0,False,True
b000703,0.0,False,True
b000704,0.0,False,True
b000705,0.0,False,True
b000706,0.0,False,True
b000707,0.0,False,True
b000708,0.0,False,True
b000709,0.0,False,True
b000710,0.1852266937494278,True,True
b000711,0.0,False,True
b000712,0.0,False,True
b000713,0.0,False,True
b000714,0.0,False,True
b000715,0.0,False,True
b000716,0.0,False,True
b000717,0.0,False,True
b000718,0.0,False,True
b000719,0.0,False,True
b000720,0.0,False,True
b000721,0.0,False,True
b000722,0.0,False,True
b000723,0.0,False,True
b000724,0.32203930616378784,True,True
b000725,0.5913082361221313,True,True
b000726,0.0,False,True
b000727,0.0,False,True
b000728,0.0,False,True
b000729,0.0,False,True
b000730,0.0,False,True
b000731,0.0,False,True
b000732,0.0,False,True
b000733,0.0,False,True
b000734,0.0,False,True
b000735,0.0,False,True
b000736,0.0,False,True
b000737,0.0,False,True
b000738,0.0,False,True
b000739,0.0,False,True
b000740,0.0,False,True
b000741,0.0,False,True
b000742,0.0,False,True
b000743,0.0,False,True
b000744,0.0,False,True
b000745,0.2196010947227478,True,True
b000746,0.0,False,True
b000747,0.0,False,True
b000748,0.0,False,True
b000749,0.0,False,True
b000750,0.0,False,True
b000751,0.0,False,True
b000752,0.0,False,True
b000753,0.0,False,True
b000754,0.0,False,True
b000755,0.3124330937862396,True,True
b000756,0.0,False,True
b000757,0.0,False,True
b000758,0.0,False,True
b000759,0.0,False,True
b000760,0.0,False,True
b000761,0.0,False,True
b000762,0.0,False,True
b000763,0.0,False,True
b000764,0.0,False,True
b000765,0.0,False,True
b000766,0.0,False,True
b000767,0.0,False,True
b000768,0.0,False,True
b000769,0.0,False,True
b000770,0.0,False,True
b000771,0.0,False,True
b000772,0.0,False,True
b000773,0.0,False,True
b000774,0.0,False,True
b000775,0.0,False,True
b000776,0.0,False,True
b000777,0.0,False,True
b000778,0.0,False,True
b000779,0.0,False,True
b000780,0.0,False,True
b000781,0.0,False,True
b000782,0.0,False,True
b000783,0.0,False,True
b000784,0.0,False,True
b000785,0.0,False,True
b000786,0.0,False,True
b000787,0.0,False,True
b000788,0.0,False,True
b000789,0.0,False,True
b000790,0.0,False,True
b000791,0.0,False,True
b000792,0.0,False,True
b000793,0.0,False,True
b000794,0.0,False,True
b000795,0.0,False,True
b000796,0.0,False,True
b000797,0.0,False,True
b000798,0.0,False,True
b000799,0.0,False,True
b000800,0.0,False,True
b000801,0.0,False,True
b000802,0.0,False,True
b000803,0.0,False,True
b000804,0.0,False,True
b000805,0.0,False,True
b000806,0.0,False,True
b000807,0.0,False,True
b000808,0.0,False,True
b000809,0.0,False,True
b000810,0.0,False,True
b000811,0.0,False,True
b000812,0.0,False,True
b000813,0.0,False,True
b000814,0.17916087806224823,True,True
b000815,0.0,False,True
b000816,0.0,False,True
b000817,0.0,False,True
b000818,0.0,False,True
b000819,0.0,False,True
b000820,0.0,False,True
b000821,0.0,False,True
b000822,0.0,False,True
b000823,0.0,False,True
b000824,0.0,False,True
b000825,0.0,False,True
b000826,0.0,False,True
b000827,0.0,False,True
b000828,0.0,False,True
b000829,0.0,False,True
b000830,0.0,False,True
b000831,0.0,False,True
b000832,0.0,False,True
b000833,0.0,False,True
b000834,0.0,False,True
b000835,0.0,False,True
b000836,0.0,False,True
b000837,0.0,False,True
b000838,0.0,False,True
b000839,0.0,False,True
b000840,0.0,False,True
b000841,0.0,False,True
b000842,0.0,False,True
b000843,0.0,False,True
b000844,0.0,False,True
b000845,0.0,False,True
b000846,0.0,False,True
b000847,0.0,False,True
b000848,0.0,False,True
b000849,0.0,False,True
b000850,0.0,False,True
b000851,0.0,False,True
b000852,0.0,False,True
b000853,0.0,False,True
b000854,0.0,False,True
b000855,0.48042628169059753,True,True
b000856,0.0,False,True
b000857,0.0,False,True
b000858,0.0,False,True
b000859,0.0,False,True
b000860,0.0,False,True
b000861,0.0,False,True
b000862,0.0,False,True
b000863,0.0,False,True
b000864,0.0,False,True
b000865,0.0,False,True
b000866,0.0,False,True
b000867,0.0,False,True
b000868,0.0,False,True
b000869,0.0,False,True
b000870,0.0,False,True
b000871,0.0,False,True
b000872,0.0,False,True
b000873,0.0,False,True
b000874,0.0,False,True
b000875,0.0,False,True
b000876,0.0,False,True
b000877,0.0,False,True
b000878,0.0,False,True
b000879,0.0,False,True
b000880,0.0,False,True
b000881,0.0,False,True
b000882,0.0,False,True
b000883,0.3497592508792877,True,True
b000884,0.0,False,True
b000885,0.0,False,True
b000886,0.0,False,True
b000887,0.0,False,True
b000888,0.0,False,True
b000889,0.0,False,True
b000890,0.0,False,True
b000891,0.0,False,True
b000892,0.0,False,True
b000893,0.0,False,True
b000894,0.0,False,True
b000895,0.0,False,True
b000896,0.0,False,True
b000897,0.0,False,True
b000898,0.0,False,True
b000899,0.0,False,True
b000900,0.0,False,True
b000901,0.0,False,True
b000902,0.0,False,True
b000903,0.0,False,True
b000904,0.0,False,True
b000905,0.0,False,True
b000906,0.0,False,True
b000907,0.0,False,True
b000908,0.0,False,True
b000909,0.0,False,True
b000910,0.0,False,True
b000911,0.0,False,True
b000912,0.0,False,True
b000913,0.2283128798007965,True,True
b000914,0.0,False,True
b000915,0.0,False,True
b000916,0.0,False,True
b000917,0.0,False,True
b000918,0.0,False,True
b000919,0.10812514275312424,True,True
b000920,0.0,False,True
b000921,0.0,False,True
b000922,0.0,False,True
b000923,0.0,False,True
b000924,0.0,False,True
b000925,0.0,False,True
b000926,0.0,False,True
b000927,0.0,False,True
b000928,0.0,False,True
b000929,0.0,False,True
b000930,0.0,False,True
b000931,0.0,False,True
b000932,0.0,False,True
b000933,0.0,False,True
b000934,0.0,False,True
b000935,0.0,False,True
b000936,0.0,False,True
b000937,0.0,False,True
b000938,0.0,False,True
b000939,0.0,False,True
b000940,0.0,False,True
b000941,0.0,False,True
b000942,0.0,False,True
b000943,0.0,False,True
b000944,0.0,False,True
b000945,0.0,False,True
b000946,0.0,False,True
b000947,0.0,False,True
b000948,0.0,False,True
b000949,0.0,False,True
b000950,0.0,False,True
b000951,0.0,False,True
b000952,0.0,False,True
b000953,0.0,False,True
b000954,0.0,False,True
b000955,0.0,False,True
b000956,0.0,False,True
b000957,0.0,False,True
b000958,0.0,False,True
b000959,0.0,False,True
b000960,0.0,False,True
b000961,0.0,False,True
b000962,0.0,False,True
b000963,0.0,False,True
b000964,0.0,False,True
b000965,0.0,False,True
b000966,0.0,False,True
b000967,0.0,False,True
b000968,0.0,False,True
b000969,0.0,False,True
b000970,0.0,False,True
b000971,0.0,False,True
b000972,0.0,False,True
b000973,0.0,False,True
b000974,0.0,False,True
b000975,0.0,False,True
b000976,0.0,False,True
b000977,0.0,False,True
b000978,0.0,False,True
b000979,0.0,False,True
b000980,0.0,False,True
b000981,0.0,False,True
b000982,0.0,False,True
b000983,0.0,False,True
b000984,0.0,False,True
b000985,0.0,False,True
b000986,0.0,False,True
b000987,0.0,False,True
b000988,0.0,False,True
b000989,0.0,False,True
b000990,0.0,False,True
b000991,0.0,False,True
b000992,0.0,False,True
b000993,0.0,False,True
b000994,0.0,False,True
b000995,0.0,False,True
b000996,0.0,False,True
b000997,0.0,False,True
b000998,0.0,False,True
b000999,0.0,False,True
b001000,0.0,False,True
b001001,0.0,False,True
b001002,0.0,False,True
b001003,0.0,False,True
b001004,0.0,False,True
b001005,0.0,False,True
b001006,0.0,False,True
b001007,0.0,False,True
b001008,0.0,False,True
b001009,0.0,False,True
b001010,0.0,False,True
b001011,0.0,False,True
b001012,0.0,False,True
b001013,0.0,False,True
b001014,0.0,False,True
b001015,0.0,False,True
b001016,0.0,False,True
b001017,0.0,False,True
b001018,0.0,False,True
b001019,0.0,False,True
b001020,0.0,False,True
b001021,0.0,False,True
b001022,0.0,False,True
b001023,0.0,False,True
b001024,0.0,False,True
b001025,0.0,False,True
b001026,0.0,False,True
b001027,0.0,False,True
b001028,0.23020683228969574,True,True
b001029,0.0,False,True
b001030,0.0,False,True
b001031,0.0,False,True
b001032,0.0,False,True
b001033,0.0,False,True
b001034,0.0,False,True
b001035,0.0,False,True
b001036,0.0,False,True
b001037,0.0,False,True
b001038,0.0,False,True
b001039,0.0,False,True
b001040,0.0,False,True
b001041,0.0,False,True
b001042,0.0,False,True
b001043,0.0,False,True
b001044,0.0,False,True
b001045,0.0,False,True
b001046,0.0,False,True
b001047,0.0,False,True
b001048,0.0,False,True
b001049,0.0,False,True
b001050,0.0,False,True
b001051,0.0,False,True
b001052,0.0,False,True
b001053,0.0,False,True
b001054,0.0,False,True
b001055,0.0,False,True
b001056,0.0,False,True
b001057,0.0,False,True
b001058,0.0,False,True
b001059,0.0,False,True
b001060,0.0,False,True
b001061,0.0,False,True
b001062,0.0,False,True
b001063,0.0,False,True
b001064,0.0,False,True
b001065,0.0,False,True
b001066,0.0,False,True
b001067,0.0,False,True
b001068,0.0,False,True
b001069,0.0,False,True
b001070,0.0,False,True
b001071,0.0,False,True
b001072,0.0,False,True
b001073,0.0,False,True
b001074,0.0,False,True
b001075,0.0,False,True
b001076,0.0,False,True
b001077,0.0,False,True
b001078,0.0,False,True
b001079,0.0,False,True
b001080,0.0,False,True
b001081,0.0,False,True
b001082,0.0,False,True
b001083,0.0,False,True
b001084,0.0,False,True
b001085,0.0,False,True
b001086,0.0,False,True
b001087,0.0,False,True
b001088,0.0,False,True
b001089,0.0,False,True
b001090,0.0,False,True
b001091,0.0,False,True
b001092,0.0,False,True
b001093,0.0,False,True
b001094,0.0,False,True
b001095,0.0,False,True
b001096,0.0,False,True
b001097,0.0,False,True
b001098,0.0,False,True
b001099,0.0,False,True
b001100,0.0,False,True
b001101,0.0,False,True
b001102,0.0,False,True
b001103,0.0,False,True
b001104,0.0,False,True
b001105,0.0,False,True
b001106,0.1934025138616562,True,True
b001107,0.0,False,True
b001108,0.0,False,True
b001109,0.0,False,True
b001110,0.0,False,True
b001111,0.0,False,True
b001112,0.0,False,True
b001113,0.0,False,True
b001114,0.0,False,True
b001115,0.0,False,True
b001116,0.0,False,True
b001117,0.0,False,True
b001118,0.0,False,True
b001119,0.0,False,True
b001120,0.0,False,True
b001121,0.0,False,True
b001122,0.0,False,True
b001123,0.0,False,True
b001124,0.0,False,True
b001125,0.0,False,True
b001126,0.0,False,True
b001127,0.0,False,True
b001128,0.0,False,True
b001129,0.0,False,True
b001130,0.0,False,True
b001131,0.0,False,True
b001132,0.0,False,True
b001133,0.0,False,True
b001134,0.0,False,True
b001135,0.0,False,True
b001136,0.0,False,True
b001137,0.0,False,True
b001138,0.0,False,True
b001139,0.0,False,True
b001140,0.0,False,True
b001141,0.0,False,True
b001142,0.0,False,True
b001143,0.0,False,True
b001144,0.0,False,True
b001145,0.0,False,True
b001146,0.0,False,True
b001147,0.0,False,True
b001148,0.0,False,True
b001149,0.0,False,True
b001150,0.0,False,True
b001151,0.0,False,True
b001152,0.0,False,True
b001153,0.0,False,True
b001154,0.0,False,True
b001155,0.0,False,True
b001156,0.0,False,True
b001157,0.0,False,True
b001158,0.0,False,True
b001159,0.0,False,True
b001160,0.0,False,True
b001161,0.0,False,True
b001162,0.0,False,True
b001163,0.0,False,True
b001164,0.0,False,True
b001165,0.0,False,True
b001166,0.0,False,True
b001167,0.1749669909477234,True,True
b001168,0.0,False,True
b001169,0.0,False,True
b001170,0.0,False,True
b001171,0.0,False,True
b001172,0.0,False,True
b001173,0.0,False,True
b001174,0.0,False,True
b001175,0.0,False,True
b001176,0.0,False,True
b001177,0.0,False,True
b001178,0.0,False,True
b001179,0.0,False,True
b001180,0.0,False,True
b001181,0.0,False,True
b001182,0.0,False,True
b001183,0.0,False,True
b001184,0.0,False,True
b001185,0.0,False,True
b001186,0.0,False,True
b001187,0.0,False,True
b001188,0.0,False,True
b001189,0.0,False,True
b001190,0.0,False,True
b001191,0.0,False,True
b001192,0.0,False,True
b001193,0.0,False,True
b001194,0.0,False,True
b001195,0.0,False,True
b001196,0.0,False,True
b001197,0.0,False,True
b001198,0.0,False,True
b001199,0.0,False,True
b001200,0.0,False,True
b001201,0.0,False,True
b001202,0.0,False,True
b001203,0.0,False,True
b001204,0.0,False,True
b001205,0.0,False,True
b001206,0.0,False,True
b001207,0.0,False,True
b001208,0.0,False,True
b001209,0.0,False,True
b001210,0.0,False,True
b001211,0.0,False,True
b001212,0.0,False,True
b001213,0.0,False,True
b001214,0.0,False,True
b001215,0.0,False,True
b001216,0.0,False,True
b001217,0.0,False,True
b001218,0.0,False,True
b001219,0.0,False,True
b001220,0.0,False,True
b001221,0.0,False,True
b001222,0.0,False,True
b001223,0.0,False,True
b001224,0.0,False,True
b001225,0.0,False,True
b001226,0.0,False,True
b001227,0.0,False,True
b001228,0.0,False,True
b001229,0.0,False,True
b001230,0.0,False,True
b001231,0.0,False,True
b001232,0.0,False,True
b001233,0.0,False,True
b001234,0.0,False,True
b001235,0.0,False,True
b001236,0.0,False,True
b001237,0.0,False,True
b001238,0.0,False,True
b001239,0.0,False,True
b001240,0.0,False,True
b001241,0.0,False,True
b001242,0.0,False,True
b001243,0.0,False,True
b001244,0.0,False,True
b001245,0.0,False,True
b001246,0.0,False,True
b001247,0.0,False,True
b001248,0.0,False,True
b001249,0.0,False,True
b001250,0.0,False,True
b001251,0.0,False,True
b001252,0.0,False,True
b001253,0.0,False,True
b001254,0.0,False,True
b001255,0.0,False,True
b001256,0.0,False,True
b001257,0.0,False,True
b001258,0.0,False,True
b001259,0.0,False,True
b001260,0.0,False,True
b001261,0.0,False,True
b001262,0.0,False,True
b001263,0.0,False,True
b001264,0.0,False,True
b001265,0.0,False,True
b001266,0.0,False,True
b001267,0.276754766702652,True,True
b001268,0.0,False,True
b001269,0.0,False,True
b001270,0.0,False,True
b001271,0.0,False,True
b001272,0.0,False,True
b001273,0.0,False,True
b001274,0.0,False,True
b001275,0.0,False,True
b001276,0.0,False,True
b001277,0.0,False,True
b001278,0.0,False,True
b001279,0.0,False,True
b001280,0.0,False,True
b001281,0.0,False,True
b001282,0.0,False,True
b001283,0.0,False,True
b001284,0.0,False,True
b001285,0.0,False,True
b001286,0.0,False,True
b001287,0.0,False,True
b001288,0.0,False,True
b001289,0.0,False,True
b001290,0.0,False,True
b001291,0.0,False,True
b001292,0.0,False,True
b001293,0.0,False,True
b001294,0.0,False,True
b001295,0.0,False,True
b001296,0.0,False,True
b001297,0.0,False,True
b001298,0.0,False,True
b001299,0.0,False,True
b001300,0.0,False,True
b001301,0.0,False,True
b001302,0.0,False,True
b001303,0.0,False,True
b001304,0.0,False,True
b001305,0.0,False,True
b001306,0.0,False,True
b001307,0.0,False,True
b001308,0.0,False,True
b001309,0.0,False,True
b001310,0.0,False,True
b001311,0.0,False,True
b001312,0.0,False,True
b001313,0.0,False,True
b001314,0.0,False,True
b001315,0.0,False,True
b001316,0.0,False,True
b001317,0.0,False,True
b001318,0.0,False,True
b001319,0.0,False,True
b001320,0.0,False,True
b001321,0.0,False,True
b001322,0.0,False,True
b001323,0.0,False,True
b001324,0.0,False,True
b001325,0.0,False,True
b001326,0.0,False,True
b001327,0.0,False,True
b001328,0.0,False,True
b001329,0.0,False,True
b001330,0.0,False,True
b001331,0.0,False,True
b001332,0.0,False,True
b001333,0.0,False,True
b001334,0.0,False,True
b001335,0.0,False,True
b001336,0.0,False,True
b001337,0.0,False,True
b001338,0.0,False,True
b001339,0.0,False,True
b001340,0.14018478989601135,True,True
b001341,0.0,False,True
b001342,0.0,False,True
b001343,0.0,False,True
b001344,0.0,False,True
b001345,0.0,False,True
b001346,0.0,False,True
b001347,0.0,False,True
b001348,0.0,False,True
b001349,0.0,False,True
b001350,0.0,False,True
b001351,0.0,False,True
b001352,0.0,False,True
b001353,0.0,False,True
b001354,0.0,False,True
b001355,0.0,False,True
b001356,0.0,False,True
b001357,0.0,False,True
b001358,0.0,False,True
b001359,0.0,False,True
b001360,0.0,False,True
b001361,0.0,False,True
b001362,0.0,False,True
b001363,0.0,False,True
b001364,0.0,False,True
b001365,0.0,False,True
b001366,0.0,False,True
b001367,0.0,False,True
b001368,0.0,False,True
b001369,0.0,False,True
b001370,0.0,False,True
b001371,0.0,False,True
b001372,0.0,False,True
b001373,0.0,False,True
b001374,0.0,False,True
b001375,0.0,False,True
b001376,0.0,False,True
b001377,0.0,False,True
b001378,0.0,False,True
b001379,0.0,False,True
b001380,0.0,False,True
b001381,0.0,False,True
b001382,0.0,False,True
b001383,0.0,False,True
b001384,0.0,False,True
b001385,0.0,False,True
b001386,0.0,False,True
b001387,0.0,False,True
b001388,0.0,False,True
b001389,0.0,False,True
b001390,0.4241931140422821,True,True
b001391,0.0,False,True
b001392,0.0,False,True
b001393,0.0,False,True
b001394,0.0,False,True
b001395,0.0,False,True
b001396,0.0,False,True
b001397,0.0,False,True
b001398,0.0,False,True
b001399,0.0,False,True
b001400,0.0,False,True
b001401,0.0,False,True
b001402,0.0,False,True
b001403,0.0,False,True
b001404,0.0,False,True
b001405,0.0,False,True
b001406,0.1252736747264862,True,True
b001407,0.0,False,True
b001408,0.0,False,True
b001409,0.0,False,True
b001410,0.0,False,True
b001411,0.0,False,True
b001412,0.0,False,True
b001413,0.0,False,True
b001414,0.0,False,True
b001415,0.0,False,True
b001416,0.0,False,True
b001417,0.0,False,True
b001418,0.33102288842201233,True,True
b001419,0.0,False,True
b001420,0.0,False,True
b001421,0.0,False,True
b001422,0.0,False,True
b001423,0.0,False,True
b001424,0.0,False,True
b001425,0.0,False,True
b001426,0.0,False,True
b001427,0.0,False,True
b001428,0.0,False,True
b001429,0.0,False,True
b001430,0.0,False,True
b001431,0.0,False,True
b001432,0.0,False,True
b001433,0.0,False,True
b001434,0.0,False,True
b001435,0.0,False,True
b001436,0.0,False,True
b001437,0.0,False,True
b001438,0.0,False,True
b001439,0.0,False,True
b001440,0.0,False,True
b001441,0.0,False,True
b001442,0.0,False,True
b001443,0.5326601266860962,True,True
b001444,0.0,False,True
b001445,0.0,False,True
b001446,0.0,False,True
b001447,0.0,False,True
b001448,0.0,False,True
b001449,0.0,False,True
b001450,0.0,False,True
b001451,0.0,False,True
b001452,0.0,False,True
b001453,0.0,False,True
b001454,0.0,False,True
b001455,0.0,False,True
b001456,0.0,False,True
b001457,0.0,False,True
b001458,0.0,False,True
b001459,0.0,False,True
b001460,0.0,False,True
b001461,0.0,False,True
b001462,0.0,False,True
b001463,0.0,False,True
b001464,0.0,False,True
b001465,0.0,False,True
b001466,0.0,False,True
b001467,0.0,False,True
b001468,0.0,False,True
b001469,0.0,False,True
b001470,0.0,False,True
b001471,0.0,False,True
b001472,0.0,False,True
b001473,0.0,False,True
b001474,0.0,False,True
b001475,0.0,False,True
b001476,0.0,False,True
b001477,0.0,False,True
b001478,0.0,False,True
b001479,0.0,False,True
b001480,0.0,False,True
b001481,0.0,False,True
b001482,0.0,False,True
b001483,0.0,False,True
b001484,0.0,False,True
b001485,0.0,False,True
b001486,0.0,False,True
b001487,0.0,False,True
b001488,0.0,False,True
b001489,0.0,False,True
b001490,0.0,False,True
b001491,0.0,False,True
b001492,0.0,False,True
b001493,0.0,False,True
b001494,0.0,False,True
b001495,0.0,False,True
b001496,0.0,False,True
b001497,0.0,False,True
b001498,0.0,False,True
b001499,0.0,False,True
b001500,0.0,False,True
b001501,0.0,False,True
b001502,0.0,False,True
b001503,0.0,False,True
b001504,0.0,False,True
b001505,0.0,False,True
b001506,0.0,False,True
b001507,0.0,False,True
b001508,0.0,False,True
b001509,0.0,False,True
b001510,0.0,False,True
b001511,0.0,False,True
b001512,0.0,False,True
b001513,0.0,False,True
b001514,0.0,False,True
b001515,0.0,False,True
b001516,0.0,False,True
b001517,0.0,False,True
b001518,0.0,False,True
b001519,0.0,False,True
b001520,0.0,False,True
b001521,0.0,False,True
b001522,0.0,False,True
b001523,0.0,False,True
b001524,0.0,False,True
b001525,0.11306627839803696,True,True
b001526,0.0,False,True
b001527,0.0,False,True
b001528,0.0,False,True
b001529,0.0,False,True
b001530,0.0,False,True
b001531,0.0,False,True
b001532,0.0,False,True
b001533,0.0,False,True
b001534,0.0,False,True
b001535,0.0,False,True
b001536,0.0,False,True
b001537,0.0,False,True
b001538,0.0,False,True
b001539,0.0,False,True
b001540,0.0,False,True
b001541,0.0,False,True
b001542,0.0,False,True
b001543,0.0,False,True
b001544,0.0,False,True
b001545,0.0,False,True
b001546,0.0,False,True
b001547,0.0,False,True
b001548,0.0,False,True
b001549,0.0,False,True
b001550,0.0,False,True
b001551,0.0,False,True
b001552,0.0,False,True
b001553,0.0,False,True
b001554,0.0,False,True
b001555,0.0,False,True
b001556,0.0,False,True
b001557,0.0,False,True
b001558,0.0,False,True
b001559,0.0,False,True
b001560,0.0,False,True
b001561,0.0,False,True
b001562,0.0,False,True
b001563,0.0,False,True
b001564,0.0,False,True
b001565,0.0,False,True
b001566,0.0,False,True
b001567,0.0,False,True
b001568,0.0,False,True
b001569,0.0,False,True
b001570,0.0,False,True
b001571,0.0,False,True
b001572,0.0,False,True
b001573,0.0,False,True
b001574,0.0,False,True
b001575,0.0,False,True
b001576,0.0,False,True
b001577,0.0,False,True
b001578,0.0,False,True
b001579,0.0,False,True
b001580,0.0,False,True
b001581,0.0,False,True
b001582,0.0,False,True
b001583,0.0,False,True
b001584,0.0,False,True
b001585,0.0,False,True
b001586,0.0,False,True
b001587,0.0,False,True
b001588,0.0,False,True
b001589,0.0,False,True
b001590,0.0,False,True
b001591,0.0,False,True
b001592,0.0,False,True
b001593,0.0,False,True
b001594,0.0,False,True
b001595,0.0,False,True
b001596,0.0,False,True
b001597,0.0,False,True
b001598,0.0,False,True
b001599,0.0,False,True
b001600,0.0,False,True
b001601,0.0,False,True
b001602,0.0,False,True
b001603,0.0,False,True
b001604,0.0,False,True
b001605,0.0,False,True
b001606,0.0,False,True
b001607,0.0,False,True
b001608,0.0,False,True
b001609,0.0,False,True
b001610,0.0,False,True
b001611,0.0,False,True
b001612,0.0,False,True
b001613,0.0,False,True
b001614,0.0,False,True
b001615,0.0,False,True
b001616,0.10751155763864517,True,True
b001617,0.0,False,True
b001618,0.0,False,True
b001619,0.0,False,True
b001620,0.0,False,True
b001621,0.0,False,True
b001622,0.0,False,True
b001623,0.0,False,True
b001624,0.0,False,True
b001625,0.0,False,True
b001626,0.0,False,True
b001627,0.0,False,True
b001628,0.0,False,True
b001629,0.0,False,True
b001630,0.0,False,True
b001631,0.0,False,True
b001632,0.0,False,True
b001633,0.0,False,True
b001634,0.0,False,True
b001635,0.0,False,True
b001636,0.0,False,True
b001637,0.0,False,True
b001638,0.0,False,True
b001639,0.0,False,True
b001640,0.0,False,True
b001641,0.0,False,True
b001642,0.0,False,True
b001643,0.0,False,True
b001644,0.0,False,True
b001645,0.0,False,True
b001646,0.0,False,True
b001647,0.0,False,True
b001648,0.0,False,True
b001649,0.0,False,True
b001650,0.0,False,True
b001651,0.0,False,True
b001652,0.0,False,True
b001653,0.0,False,True
b001654,0.0,False,True
b001655,0.0,False,True
b001656,0.0,False,True
b001657,0.0,False,True
b001658,0.0,False,True
b001659,0.362816721200943,True,True
b001660,0.0,False,True
b001661,0.0,False,True
b001662,0.58482426404953,True,True
b001663,0.0,False,True
b001664,0.2209961712360382,True,True
b001665,0.0,False,True
b001666,0.0,False,True
b001667,0.0,False,True
b001668,0.0,False,True
b001669,0.0,False,True
b001670,0.0,False,True
b001671,0.0,False,True
b001672,0.0,False,True
b001673,0.0,False,True
b001674,0.0,False,True
b001675,0.0,False,True
b001676,0.0,False,True
b001677,0.0,False,True
b001678,0.0,False,True
b001679,0.0,False,True
b001680,0.0,False,True
b001681,0.0,False,True
b001682,0.0,False,True
b001683,0.0,False,True
b001684,0.0,False,True
b001685,0.0,False,True
b001686,0.0,False,True
b001687,0.0,False,True
b001688,0.0,False,True
b001689,0.0,False,True
b001690,0.0,False,True
b001691,0.0,False,True
b001692,0.0,False,True
b001693,0.0,False,True
b001694,0.0,False,True
b001695,0.0,False,True
b001696,0.0,False,True
b001697,0.0,False,True
b001698,0.0,False,True
b001699,0.0,False,True
b001700,0.0,False,True
b001701,0.0,False,True
b001702,0.0,False,True
b001703,0.0,False,True
b001704,0.0,False,True
b001705,0.0,False,True
b001706,0.0,False,True
b001707,0.0,False,True
b001708,0.0,False,True
b001709,0.0,False,True
b001710,0.0,False,True
b001711,0.0,False,True
b001712,0.0,False,True
b001713,0.0,False,True
b001714,0.0,False,True
b001715,0.0,False,True
b001716,0.0,False,True
b001717,0.0,False,True
b001718,0.0,False,True
b001719,0.0,False,True
b001720,0.0,False,True
b001721,0.0,False,True
b001722,0.0,False,True
b001723,0.0,False,True
b001724,0.0,False,True
b001725,0.0,False,True
b001726,0.0,False,True
b001727,0.0,False,True
b001728,0.0,False,True
b001729,0.0,False,True
b001730,0.0,False,True
b001731,0.0,False,True
b001732,0.0,False,True
b001733,0.0,False,True
b001734,0.0,False,True
b001735,0.0,False,True
b001736,0.0,False,True
b001737,0.0,False,True
b001738,0.0,False,True
b001739,0.0,False,True
b001740,0.0,False,True
b001741,0.0,False,True
b001742,0.0,False,True
b001743,0.0,False,True
b001744,0.0,False,True
b001745,0.0,False,True
b001746,0.0,False,True
b001747,0.0,False,True
b001748,0.0,False,True
b001749,0.0,False,True
b001750,0.0,False,True
b001751,0.0,False,True
b001752,0.0,False,True
b001753,0.0,False,True
b001754,0.0,False,True
b001755,0.0,False,True
b001756,0.0,False,True
b001757,0.0,False,True
b001758,0.0,False,True
b001759,0.0,False,True
b001760,0.0,False,True
b001761,0.0,False,True
b001762,0.0,False,True
b001763,0.0,False,True
b001764,0.0,False,True
b001765,0.0,False,True
b001766,0.0,False,True
b001767,0.0,False,True
b001768,0.0,False,True
b001769,0.0,False,True
b001770,0.0,False,True
b001771,0.0,False,True
b001772,0.0,False,True
b001773,0.0,False,True
b001774,0.0,False,True
b001775,0.0,False,True
b001776,0.0,False,True
b001777,0.0,False,True
b001778,0.0,False,True
b001779,0.0,False,True
b001780,0.0,False,True
b001781,0.0,False,True
b001782,0.0,False,True
b001783,0.0,False,True
b001784,0.0,False,True
b001785,0.0,False,True
b001786,0.0,False,True
b001787,0.0,False,True
b001788,0.0,False,True
b001789,0.0,False,True
b001790,0.0,False,True
b001791,0.0,False,True
b001792,0.0,False,True
b001793,0.0,False,True
b001794,0.0,False,True
b001795,0.0,False,True
b001796,0.0,False,True
b001797,0.0,False,True
b001798,0.0,False,True
b001799,0.0,False,True
b001800,0.0,False,True
b001801,0.0,False,True
b001802,0.0,False,True
b001803,0.0,False,True
b001804,0.0,False,True
b001805,0.0,False,True
b001806,0.0,False,True
b001807,0.0,False,True
b001808,0.0,False,True
b001809,0.0,False,True
b001810,0.0,False,True
b001811,0.0,False,True
b001812,0.0,False,True
b001813,0.0,False,True
b001814,0.0,False,True
b001815,0.0,False,True
b001816,0.0,False,True
b001817,0.0,False,True
b001818,0.0,False,True
b001819,0.0,False,True
b001820,0.0,False,True
b001821,0.0,False,True
b001822,0.0,False,True
b001823,0.0,False,True
b001824,0.0,False,True
b001825,0.0,False,True
b001826,0.0,False,True
b001827,0.0,False,True
b001828,0.0,False,True
b001829,0.0,False,True
b001830,0.0,False,True
b001831,0.0,False,True
b001832,0.0,False,True
b001833,0.0,False,True
b001834,0.0,False,True
b001835,0.0,False,True
b001836,0.0,False,True
b001837,0.0,False,True
b001838,0.0,False,True
b001839,0.0,False,True
b001840,0.0,False,True
b001841,0.0,False,True
b001842,0.0,False,True
b001843,0.0,False,True
b001844,0.0,False,True
b001845,0.0,False,True
b001846,0.0,False,True
b001847,0.0,False,True
b001848,0.0,False,True
b001849,0.6762816905975342,True,True
b001850,0.0,False,True
b001851,0.0,False,True
b001852,0.0,False,True
b001853,0.0,False,True
b001854,0.0,False,True
b001855,0.0,False,True
b001856,0.0,False,True
b001857,0.0,False,True
b001858,0.0,False,True
b001859,0.0,False,True
b001860,0.0,False,True
b001861,0.0,False,True
b001862,0.0,False,True
b001863,0.0,False,True
b001864,0.0,False,True
b001865,0.0,False,True
b001866,0.0,False,True
b001867,0.0,False,True
b001868,0.0,False,True
b001869,0.0,False,True
b001870,0.0,False,True
b001871,0.0,False,True
b001872,0.0,False,True
b001873,0.0,False,True
b001874,0.0,False,True
b001875,0.0,False,True
b001876,0.23743198812007904,True,True
b001877,0.0,False,True
b001878,0.0,False,True
b001879,0.0,False,True
b001880,0.0,False,True
b001881,0.14884629845619202,True,True
b001882,0.0,False,True
b001883,0.0,False,True
b001884,0.0,False,True
b001885,0.0,False,True
b001886,0.0,False,True
b001887,0.0,False,True
b001888,0.0,False,True
b001889,0.0,False,True
b001890,0.0,False,True
b001891,0.0,False,True
b001892,0.0,False,True
b001893,0.0,False,True
b001894,0.0,False,True
b001895,0.0,False,True
b001896,0.0,False,True
b001897,0.5894818902015686,True,True
b001898,0.0,False,True
b001899,0.0,False,True
b001900,0.0,False,True
b001901,0.0,False,True
b001902,0.0,False,True
b001903,0.0,False,True
b001904,0.0,False,True
b001905,0.0,False,True
b001906,0.0,False,True
b001907,0.0,False,True
b001908,0.0,False,True
b001909,0.0,False,True
b001910,0.0,False,True
b001911,0.0,False,True
b001912,0.0,False,True
b001913,0.0,False,True
b001914,0.0,False,True
b001915,0.0,False,True
b001916,0.0,False,True
b001917,0.0,False,True
b001918,0.0,False,True
b001919,0.0,False,True
b001920,0.0,False,True
b001921,0.0,False,True
b001922,0.0,False,True
b001923,0.0,False,True
b001924,0.0,False,True
b001925,0.0,False,True
b001926,0.0,False,True
b001927,0.0,False,True
b001928,0.0,False,True
b001929,0.0,False,True
b001930,0.0,False,True
b001931,0.0,False,True
b001932,0.0,False,True
b001933,0.0,False,True
b001934,0.0,False,True
b001935,0.0,False,True
b001936,0.0,False,True
b001937,0.0,False,True
b001938,0.0,False,True
b001939,0.0,False,True
b001940,0.0,False,True
b001941,0.0,False,True
b001942,0.0,False,True
b001943,0.0,False,True
b001944,0.0,False,True
b001945,0.0,False,True
b001946,0.0,False,True
b001947,0.0,False,True
b001948,0.0,False,True
b001949,0.0,False,True
b001950,0.0,False,True
b001951,0.0,False,True
b001952,0.0,False,True
b001953,0.0,False,True
b001954,0.0,False,True
b001955,0.0,False,True
b001956,0.0,False,True
b001957,0.0,False,True
b001958,0.0,False,True
b001959,0.0,False,True
b001960,0.0,False,True
b001961,0.0,False,True
b001962,0.0,False,True
b001963,0.0,False,True
b001964,0.0,False,True
b001965,0.0,False,True
b001966,0.0,False,True
b001967,0.0,False,True
b001968,0.0,False,True
b001969,0.0,False,True
b001970,0.0,False,True
b001971,0.0,False,True
b001972,0.0,False,True
b001973,0.0,False,True
b001974,0.0,False,True
b001975,0.0,False,True
b001976,0.0,False,True
b001977,0.0,False,True
b001978,0.0,False,True
b001979,0.0,False,True
b001980,0.0,False,True
b001981,0.0,False,True
b001982,0.0,False,True
b001983,0.0,False,True
b001984,0.0,False,True
b001985,0.0,False,True
b001986,0.0,False,True
b001987,0.0,False,True
b001988,0.0,False,True
b001989,0.0,False,True
b001990,0.0,False,True
b001991,0.0,False,True
b001992,0.0,False,True
b001993,0.0,False,True
b001994,0.0,False,True
b001995,0.0,False,True
b001996,0.0,False,True
b001997,0.0,False,True
b001998,0.0,False,True
b001999,0.0,False,True
b002000,0.0,False,True
b002001,0.0,False,True
b002002,0.0,False,True
b002003,0.0,False,True
b002004,0.0,False,True
b002005,0.0,False,True
b002006,0.0,False,True
b002007,0.0,False,True
b002008,0.0,False,True
b002009,0.0,False,True
b002010,0.0,False,True
b002011,0.0,False,True
b002012,0.0,False,True
b002013,0.0,False,True
b002014,0.0,False,True
b002015,0.0,False,True
b002016,0.0,False,True
b002017,0.0,False,True
b002018,0.0,False,True
b002019,0.0,False,True
b002020,0.0,False,True
b002021,0.0,False,True
b002022,0.0,False,True
b002023,0.0,False,True
b002024,0.0,False,True
b002025,0.0,False,True
b002026,0.0,False,True
b002027,0.0,False,True
b002028,0.0,False,True
b002029,0.0,False,True
b002030,0.0,False,True
b002031,0.0,False,True
b002032,0.0,False,True
b002033,0.0,False,True
b002034,0.0,False,True
b002035,0.0,False,True
b002036,0.0,False,True
b002037,0.0,False,True
b002038,0.0,False,True
b002039,0.0,False,True
b002040,0.0,False,True
b002041,0.0,False,True
b002042,0.0,False,True
b002043,0.0,False,True
b002044,0.0,False,True
b002045,0.0,False,True
b002046,0.0,False,True
b002047,0.0,False,True
b002048,0.0,False,True
b002049,0.0,False,True
b002050,0.0,False,True
b002051,0.0,False,True
b002052,0.0,False,True
b002053,0.0,False,True
b002054,0.0,False,True
b002055,0.0,False,True
b002056,0.0,False,True
b002057,0.0,False,True
b002058,0.0,False,True
b002059,0.0,False,True
b002060,0.0,False,True
b002061,0.0,False,True
b002062,0.0,False,True
b002063,0.24084460735321045,True,True
b002064,0.0,False,True
b002065,0.0,False,True
b002066,0.0,False,True
b002067,0.0,False,True
b002068,0.0,False,True
b002069,0.0,False,True
b002070,0.0,False,True
b002071,0.0,False,True
b002072,0.0,False,True
b002073,0.0,False,True
b002074,0.0,False,True
b002075,0.0,False,True
b002076,0.0,False,True
b002077,0.0,False,True
b002078,0.0,False,True
b002079,0.0,False,True
b002080,0.0,False,True
b002081,0.0,False,True
b002082,0.0,False,True
b002083,0.0,False,True
b002084,0.0,False,True
b002085,0.0,False,True
b002086,0.0,False,True
b002087,0.0,False,True
b002088,0.0,False,True
b002089,0.0,False,True
b002090,0.0,False,True
b002091,0.0,False,True
b002092,0.0,False,True
b002093,0.0,False,True
b002094,0.0,False,True
b002095,0.0,False,True
b002096,0.0,False,True
b002097,0.0,False,True
b002098,0.0,False,True
b002099,0.0,False,True
b002100,0.0,False,True
b002101,0.0,False,True
b002102,0.0,False,True
b002103,0.0,False,True
b002104,0.0,False,True
b002105,0.0,False,True
b002106,0.0,False,True
b002107,0.0,False,True
b002108,0.0,False,True
b002109,0.0,False,True
b002110,0.0,False,True
b002111,0.0,False,True
b002112,0.0,False,True
b002113,0.0,False,True
b002114,0.0,False,True
b002115,0.0,False,True
b002116,0.0,False,True
b002117,0.0,False,True
b002118,0.0,False,True
b002119,0.0,False,True
b002120,0.0,False,True
b002121,0.0,False,True
b002122,0.0,False,True
b002123,0.3282186686992645,True,True
b002124,0.0,False,True
b002125,0.0,False,True
b002126,0.0,False,True
b002127,0.0,False,True
b002128,0.0,False,True
b002129,0.0,False,True
b002130,0.0,False,True
b002131,0.0,False,True
b002132,0.0,False,True
b002133,0.14849263429641724,True,True
b002134,0.0,False,True
b002135,0.0,False,True
b002136,0.0,False,True
b002137,0.0,False,True
b002138,0.0,False,True
b002139,0.0,False,True
b002140,0.0,False,True
b002141,0.0,False,True
b002142,0.0,False,True
b002143,0.0,False,True
b002144,0.0,False,True
b002145,0.0,False,True
b002146,0.12569358944892883,True,True
b002147,0.0,False,True
b002148,0.0,False,True
b002149,0.0,False,True
b002150,0.0,False,True
b002151,0.0,False,True
b002152,0.0,False,True
b002153,0.0,False,True
b002154,0.0,False,True
b002155,0.0,False,True
b002156,0.0,False,True
b002157,0.0,False,True
b002158,0.0,False,True
b002159,0.0,False,True
b002160,0.0,False,True
b002161,0.0,False,True
b002162,0.0,False,True
b002163,0.0,False,True
b002164,0.0,False,True
b002165,0.0,False,True
b002166,0.0,False,True
b002167,0.0,False,True
b002168,0.0,False,True
b002169,0.5170974731445312,True,True
b002170,0.0,False,True
b002171,0.0,False,True
b002172,0.0,False,True
b002173,0.0,False,True
b002174,0.0,False,True
b002175,0.0,False,True
b002176,0.0,False,True
b002177,0.0,False,True
b002178,0.0,False,True
b002179,0.0,False,True
b002180,0.0,False,True
b002181,0.0,False,True
b002182,0.0,False,True
b002183,0.0,False,True
b002184,0.0,False,True
b002185,0.0,False,True
b002186,0.0,False,True
b002187,0.0,False,True
b002188,0.0,False,True
b002189,0.0,False,True
b002190,0.0,False,True
b002191,0.0,False,True
b002192,0.0,False,True
b002193,0.0,False,True
b002194,0.2638307809829712,True,True
b002195,0.0,False,True
b002196,0.0,False,True
b002197,0.0,False,True
b002198,0.0,False,True
b002199,0.0,False,True
b002200,0.0,False,True
b002201,0.0,False,True
b002202,0.0,False,True
b002203,0.0,False,True
b002204,0.0,False,True
b002205,0.0,False,True
b002206,0.0,False,True
b002207,0.0,False,True
b002208,0.0,False,True
b002209,0.0,False,True
b002210,0.0,False,True
b002211,0.0,False,True
b002212,0.0,False,True
b002213,0.0,False,True
b002214,0.0,False,True
b002215,0.0,False,True
b002216,0.0,False,True
b002217,0.0,False,True
b002218,0.0,False,True
b002219,0.0,False,True
b002220,0.0,False,True
b002221,0.0,False,True
b002222,0.0,False,True
b002223,0.0,False,True
b002224,0.0,False,True
b002225,0.0,False,True
b002226,0.0,False,True
b002227,0.0,False,True
b002228,0.0,False,True
b002229,0.0,False,True
b002230,0.0,False,True
b002231,0.0,False,True
b002232,0.0,False,True
b002233,0.0,False,True
b002234,0.0,False,True
b002235,0.0,False,True
b002236,0.0,False,True
b002237,0.0,False,True
b002238,0.0,False,True
b002239,0.0,False,True
b002240,0.0,False,True
b002241,0.0,False,True
b002242,0.0,False,True
b002243,0.0,False,True
b002244,0.0,False,True
b002245,0.0,False,True
b002246,0.0,False,True
b002247,0.0,False,True
b002248,0.0,False,True
b002249,0.0,False,True
b002250,0.0,False,True
b002251,0.0,False,True
b002252,0.0,False,True
b002253,0.0,False,True
b002254,0.0,False,True
b002255,0.0,False,True
b002256,0.0,False,True
b002257,0.0,False,True
b002258,0.0,False,True
b002259,0.0,False,True
b002260,0.0,False,True
b002261,0.0,False,True
b002262,0.0,False,True
b002263,0.0,False,True
b002264,0.0,False,True
b002265,0.0,False,True
b002266,0.0,False,True
b002267,0.0,False,True
b002268,0.0,False,True
b002269,0.0,False,True
b002270,0.0,False,True
b002271,0.0,False,True
b002272,0.0,False,True
b002273,0.0,False,True
b002274,0.0,False,True
b002275,0.0,False,True
b002276,0.0,False,True
b002277,0.0,False,True
b002278,0.0,False,True
b002279,0.0,False,True
b002280,0.0,False,True
b002281,0.0,False,True
b002282,0.0,False,True
b002283,0.0,False,True
b002284,0.0,False,True
b002285,0.0,False,True
b002286,0.24555785953998566,True,True
b002287,0.0,False,True
b002288,0.0,False,True
b002289,0.0,False,True
b002290,0.0,False,True
b002291,0.0,False,True
b002292,0.0,False,True
b002293,0.0,False,True
b002294,0.17273429036140442,True,True
b002295,0.0,False,True
b002296,0.0,False,True
b002297,0.0,False,True
b002298,0.0,False,True
b002299,0.0,False,True
b002300,0.0,False,True
b002301,0.0,False,True
b002302,0.0,False,True
b002303,0.0,False,True
b002304,0.0,False,True
b002305,0.0,False,True
b002306,0.0,False,True
b002307,0.0,False,True
b002308,0.24178621172904968,True,True
b002309,0.0,False,True
b002310,0.0,False,True
b002311,0.0,False,True
b002312,0.0,False,True
b002313,0.0,False,True
b002314,0.0,False,True
b002315,0.0,False,True
b002316,0.0,False,True
b002317,0.0,False,True
b002318,0.0,False,True
b002319,0.0,False,True
b002320,0.0,False,True
b002321,0.0,False,True
b002322,0.0,False,True
b002323,0.0,False,True
b002324,0.16498516499996185,True,True
b002325,0.0,False,True
b002326,0.0,False,True
b002327,0.0,False,True
b002328,0.0,False,True
b002329,0.0,False,True
b002330,0.0,False,True
b002331,0.2800999581813812,True,True
b002332,0.0,False,True
b002333,0.11754027754068375,True,True
b002334,0.0,False,True
b002335,0.0,False,True
b002336,0.0,False,True
b002337,0.0,False,True
b002338,0.0,False,True
b002339,0.0,False,True
b002340,0.0,False,True
b002341,0.0,False,True
b002342,0.0,False,True
b002343,0.0,False,True
b002344,0.0,False,True
b002345,0.0,False,True
b002346,0.0,False,True
b002347,0.0,False,True
b002348,0.0,False,True
b002349,0.0,False,True
b002350,0.0,False,True
b002351,0.0,False,True
b002352,0.0,False,True
b002353,0.0,False,True
b002354,0.0,False,True
b002355,0.0,False,True
b002356,0.0,False,True
b002357,0.11410429328680038,True,True
b002358,0.0,False,True
b002359,0.0,False,True
b002360,0.0,False,True
b002361,0.0,False,True
b002362,0.0,False,True
b002363,0.0,False,True
b002364,0.0,False,True
b002365,0.0,False,True
b002366,0.11290603876113892,True,True
b002367,0.0,False,True
b002368,0.0,False,True
b002369,0.0,False,True
b002370,0.0,False,True
b002371,0.0,False,True
b002372,0.0,False,True
b002373,0.0,False,True
b002374,0.0,False,True
b002375,0.0,False,True
b002376,0.0,False,True
b002377,0.0,False,True
b002378,0.0,False,True
b002379,0.0,False,True
b002380,0.0,False,True
b002381,0.0,False,True
b002382,0.0,False,True
b002383,0.0,False,True
b002384,0.0,False,True
b002385,0.0,False,True
b002386,0.0,False,True
b002387,0.0,False,True
b002388,0.0,False,True
b002389,0.0,False,True
b002390,0.0,False,True
b002391,0.0,False,True
b002392,0.0,False,True
b002393,0.0,False,True
b002394,0.0,False,True
b002395,0.0,False,True
b002396,0.0,False,True
b002397,0.0,False,True
b002398,0.0,False,True
b002399,0.0,False,True
b002400,0.0,False,True
b002401,0.0,False,True
b002402,0.0,False,True
b002403,0.0,False,True
b002404,0.0,False,True
b002405,0.0,False,True
b002406,0.0,False,True
b002407,0.0,False,True
b002408,0.0,False,True
b002409,0.0,False,True
b002410,0.0,False,True
b002411,0.0,False,True
b002412,0.0,False,True
b002413,0.0,False,True
b002414,0.0,False,True
b002415,0.0,False,True
b002416,0.0,False,True
b002417,0.0,False,True
b002418,0.0,False,True
b002419,0.0,False,True
b002420,0.0,False,True
b002421,0.0,False,True
b002422,0.0,False,True
b002423,0.0,False,True
b002424,0.0,False,True
b002425,0.0,False,True
b002426,0.0,False,True
b002427,0.0,False,True
b002428,0.0,False,True
b002429,0.0,False,True
b002430,0.0,False,True
b002431,0.0,False,True
b002432,0.0,False,True
b002433,0.0,False,True
b002434,0.0,False,True
b002435,0.0,False,True
b002436,0.0,False,True
b002437,0.0,False,True
b002438,0.0,False,True
b002439,0.0,False,True
b002440,0.0,False,True
b002441,0.0,False,True
b002442,0.0,False,True
b002443,0.0,False,True
b002444,0.0,False,True
b002445,0.0,False,True
b002446,0.0,False,True
b002447,0.0,False,True
b002448,0.0,False,True
b002449,0.0,False,True
b002450,0.0,False,True
b002451,0.0,False,True
b002452,0.0,False,True
b002453,0.0,False,True
b002454,0.0,False,True
b002455,0.0,False,True
b002456,0.0,False,True
b002457,0.0,False,True
b002458,0.0,False,True
b002459,0.0,False,True
b002460,0.0,False,True
b002461,0.0,False,True
b002462,0.0,False,True
b002463,0.0,False,True
b002464,0.0,False,True
b002465,0.0,False,True
b002466,0.0,False,True
b002467,0.0,False,True
b002468,0.0,False,True
b002469,0.0,False,True
b002470,0.3301727771759033,True,True
b002471,0.0,False,True
b002472,0.0,False,True
b002473,0.0,False,True
b002474,0.0,False,True
b002475,0.0,False,True
b002476,0.0,False,True
b002477,0.0,False,True
b002478,0.0,False,True
b002479,0.0,False,True
b002480,0.0,False,True
b002481,0.0,False,True
b002482,0.0,False,True
b002483,0.0,False,True
b002484,0.0,False,True
b002485,0.0,False,True
b002486,0.0,False,True
b002487,0.0,False,True
b002488,0.0,False,True
b002489,0.0,False,True
b002490,0.0,False,True
b002491,0.0,False,True
b002492,0.0,False,True
b002493,0.0,False,True
b002494,0.0,False,True
b002495,0.0,False,True
b002496,0.0,False,True
b002497,0.0,False,True
b002498,0.0,False,True
b002499,0.0,False,True
b002500,0.0,False,True
b002501,0.0,False,True
b002502,0.0,False,True
b002503,0.0,False,True
b002504,0.0,False,True
b002505,0.0,False,True
b002506,0.0,False,True
b002507,0.0,False,True
b002508,0.0,False,True
b002509,0.18814481794834137,True,True
b002510,0.0,False,True
b002511,0.0,False,True
b002512,0.0,False,True
b002513,0.0,False,True
b002514,0.0,False,True
b002515,0.0,False,True
b002516,0.0,False,True
b002517,0.0,False,True
b002518,0.0,False,True
b002519,0.0,False,True
b002520,0.0,False,True
b002521,0.0,False,True
b002522,0.0,False,True
b002523,0.0,False,True
b002524,0.0,False,True
b002525,0.0,False,True
b002526,0.0,False,True
b002527,0.0,False,True
b002528,0.0,False,True
b002529,0.0,False,True
b002530,0.0,False,True
b002531,0.0,False,True
b002532,0.0,False,True
b002533,0.0,False,True
b002534,0.0,False,True
b002535,0.0,False,True
b002536,0.0,False,True
b002537,0.0,False,True
b002538,0.0,False,True
b002539,0.0,False,True
b002540,0.0,False,True
b002541,0.0,False,True
b002542,0.0,False,True
b002543,0.0,False,True
b002544,0.0,False,True
b002545,0.0,False,True
b002546,0.0,False,True
b002547,0.0,False,True
b002548,0.0,False,True
b002549,0.0,False,True
b002550,0.0,False,True
b002551,0.0,False,True
b002552,0.0,False,True
b002553,0.0,False,True
b002554,0.0,False,True
b002555,0.0,False,True
b002556,0.0,False,True
b002557,0.0,False,True
b002558,0.0,False,True
b002559,0.0,False,True
b002560,0.0,False,True
b002561,0.0,False,True
b002562,0.0,False,True
b002563,0.0,False,True
b002564,0.0,False,True
b002565,0.0,False,True
b002566,0.0,False,True
b002567,0.0,False,True
b002568,0.0,False,True
b002569,0.0,False,True
b002570,0.0,False,True
b002571,0.0,False,True
b002572,0.0,False,True
b002573,0.0,False,True
b002574,0.0,False,True
b002575,0.0,False,True
b002576,0.0,False,True
b002577,0.0,False,True
b002578,0.0,False,True
b002579,0.0,False,True
b002580,0.0,False,True
b002581,0.0,False,True
b002582,0.0,False,True
b002583,0.0,False,True
b002584,0.0,False,True
b002585,0.0,False,True
b002586,0.0,False,True
b002587,0.0,False,True
b002588,0.0,False,True
b002589,0.0,False,True
b002590,0.0,False,True
b002591,0.0,False,True
b002592,0.0,False,True
b002593,0.0,False,True
b002594,0.0,False,True
b002595,0.0,False,True
b002596,0.0,False,True
b002597,0.0,False,True
b002598,0.0,False,True
b002599,0.0,False,True
b002600,0.11498583108186722,True,True
b002601,0.0,False,True
b002602,0.0,False,True
b002603,0.0,False,True
b002604,0.0,False,True
b002605,0.0,False,True
b002606,0.15140247344970703,True,True
b002607,0.0,False,True
b002608,0.0,False,True
b002609,0.0,False,True
b002610,0.0,False,True
b002611,0.0,False,True
b002612,0.0,False,True
b002613,0.0,False,True
b002614,0.0,False,True
b002615,0.0,False,True
b002616,0.0,False,True
b002617,0.0,False,True
b002618,0.14049968123435974,True,True
b002619,0.6434087157249451,True,True
b002620,0.0,False,True
b002621,0.0,False,True
b002622,0.0,False,True
b002623,0.0,False,True
b002624,0.0,False,True
b002625,0.0,False,True
b002626,0.0,False,True
b002627,0.0,False,True
b002628,0.0,False,True
b002629,0.0,False,True
b002630,0.0,False,True
b002631,0.0,False,True
b002632,0.0,False,True
b002633,0.0,False,True
b002634,0.0,False,True
b002635,0.0,False,True
b002636,0.0,False,True
b002637,0.0,False,True
b002638,0.0,False,True
b002639,0.0,False,True
b002640,0.0,False,True
b002641,0.0,False,True
b002642,0.0,False,True
b002643,0.0,False,True
b002644,0.0,False,True
b002645,0.0,False,True
b002646,0.0,False,True
b002647,0.0,False,True
b002648,0.0,False,True
b002649,0.0,False,True
b002650,0.0,False,True
b002651,0.0,False,True
b002652,0.0,False,True
b002653,0.0,False,True
b002654,0.0,False,True
b002655,0.0,False,True
b002656,0.0,False,True
b002657,0.0,False,True
b002658,0.0,False,True
b002659,0.0,False,True
b002660,0.0,False,True
b002661,0.0,False,True
b002662,0.0,False,True
b002663,0.0,False,True
b002664,0.0,False,True
b002665,0.0,False,True
b002666,0.0,False,True
b002667,0.0,False,True
b002668,0.0,False,True
b002669,0.0,False,True
b002670,0.0,False,True
b002671,0.0,False,True
b002672,0.0,False,True
b002673,0.0,False,True
b002674,0.0,False,True
b002675,0.0,False,True
b002676,0.0,False,True
b002677,0.0,False,True
b002678,0.0,False,True
b002679,0.0,False,True
b002680,0.0,False,True
b002681,0.0,False,True
b002682,0.0,False,True
b002683,0.0,False,True
b002684,0.6223110556602478,True,True
b002685,0.0,False,True
b002686,0.0,False,True
b002687,0.0,False,True
b002688,0.0,False,True
b002689,0.0,False,True
b002690,0.0,False,True
b002691,0.0,False,True
b002692,0.0,False,True
b002693,0.0,False,True
b002694,0.0,False,True
b002695,0.0,False,True
b002696,0.0,False,True
b002697,0.0,False,True
b002698,0.0,False,True
b002699,0.0,False,True
b002700,0.0,False,True
b002701,0.0,False,True
b002702,0.0,False,True
b002703,0.0,False,True
b002704,0.0,False,True
b002705,0.0,False,True
b002706,0.0,False,True
b002707,0.0,False,True
b002708,0.0,False,True
b002709,0.0,False,True
b002710,0.0,False,True
b002711,0.0,False,True
b002712,0.0,False,True
b002713,0.0,False,True
b002714,0.0,False,True
b002715,0.0,False,True
b002716,0.0,False,True
b002717,0.0,False,True
b002718,0.0,False,True
b002719,0.0,False,True
b002720,0.0,False,True
b002721,0.0,False,True
b002722,0.0,False,True
b002723,0.0,False,True
b002724,0.6688874959945679,True,True
b002725,0.0,False,True
b002726,0.0,False,True
b002727,0.0,False,True
b002728,0.0,False,True
b002729,0.0,False,True
b002730,0.0,False,True
b002731,0.0,False,True
b002732,0.0,False,True
b002733,0.0,False,True
b002734,0.0,False,True
b002735,0.1514807939529419,True,True
b002736,0.0,False,True
b002737,0.0,False,True
b002738,0.0,False,True
b002739,0.0,False,True
b002740,0.0,False,True
b002741,0.0,False,True
b002742,0.0,False,True
b002743,0.0,False,True
b002744,0.0,False,True
b002745,0.0,False,True
b002746,0.0,False,True
b002747,0.0,False,True
b002748,0.0,False,True
b002749,0.0,False,True
b002750,0.0,False,True
b002751,0.0,False,True
b002752,0.0,False,True
b002753,0.0,False,True
b002754,0.0,False,True
b002755,0.0,False,True
b002756,0.0,False,True
b002757,0.0,False,True
b002758,0.0,False,True
b002759,0.0,False,True
b002760,0.0,False,True
b002761,0.0,False,True
b002762,0.0,False,True
b002763,0.0,False,True
b002764,0.0,False,True
b002765,0.0,False,True
b002766,0.0,False,True
b002767,0.0,False,True
b002768,0.0,False,True
b002769,0.0,False,True
b002770,0.0,False,True
b002771,0.0,False,True
b002772,0.0,False,True
b002773,0.0,False,True
b002774,0.0,False,True
b002775,0.0,False,True
b002776,0.0,False,True
b002777,0.0,False,True
b002778,0.0,False,True
b002779,0.0,False,True
b002780,0.0,False,True
b002781,0.0,False,True
b002782,0.0,False,True
b002783,0.0,False,True
b002784,0.0,False,True
b002785,0.0,False,True
b002786,0.0,False,True
b002787,0.0,False,True
b002788,0.0,False,True
b002789,0.0,False,True
b002790,0.0,False,True
b002791,0.0,False,True
b002792,0.0,False,True
b002793,0.0,False,True
b002794,0.0,False,True
b002795,0.0,False,True
b002796,0.0,False,True
b002797,0.0,False,True
b002798,0.0,False,True
b002799,0.0,False,True
b002800,0.0,False,True
b002801,0.0,False,True
b002802,0.0,False,True
b002803,0.0,False,True
b002804,0.0,False,True
b002805,0.0,False,True
b002806,0.0,False,True
b002807,0.0,False,True
b002808,0.0,False,True
b002809,0.0,False,True
b002810,0.0,False,True
b002811,0.0,False,True
b002812,0.0,False,True
b002813,0.0,False,True
b002814,0.0,False,True
b002815,0.0,False,True
b002816,0.0,False,True
b002817,0.0,False,True
b002818,0.0,False,True
b002819,0.0,False,True
b002820,0.0,False,True
b002821,0.0,False,True
b002822,0.0,False,True
b002823,0.0,False,True
b002824,0.0,False,True
b002825,0.0,False,True
b002826,0.0,False,True
b002827,0.0,False,True
b002828,0.0,False,True
b002829,0.0,False,True
b002830,0.0,False,True
b002831,0.0,False,True
b002832,0.0,False,True
b002833,0.0,False,True
b002834,0.0,False,True
b002835,0.0,False,True
b002836,0.0,False,True
b002837,0.0,False,True
b002838,0.0,False,True
b002839,0.0,False,True
b002840,0.19679100811481476,True,True
b002841,0.0,False,True
b002842,0.0,False,True
b002843,0.0,False,True
b002844,0.0,False,True
b002845,0.0,False,True
b002846,0.0,False,True
b002847,0.0,False,True
b002848,0.0,False,True
b002849,0.0,False,True
b002850,0.0,False,True
b002851,0.0,False,True
b002852,0.0,False,True
b002853,0.0,False,True
b002854,0.0,False,True
b002855,0.0,False,True
b002856,0.0,False,True
b002857,0.0,False,True
b002858,0.0,False,True
b002859,0.4430054724216461,True,True
b002860,0.0,False,True
b002861,0.0,False,True
b002862,0.0,False,True
b002863,0.0,False,True
b002864,0.0,False,True
b002865,0.0,False,True
b002866,0.0,False,True
b002867,0.0,False,True
b002868,0.0,False,True
b002869,0.0,False,True
b002870,0.0,False,True
b002871,0.0,False,True
b002872,0.0,False,True
b002873,0.0,False,True
b002874,0.0,False,True
b002875,0.0,False,True
b002876,0.0,False,True
b002877,0.0,False,True
b002878,0.0,False,True
b002879,0.0,False,True
b002880,0.0,False,True
b002881,0.0,False,True
b002882,0.0,False,True
b002883,0.0,False,True
b002884,0.0,False,True
b002885,0.0,False,True
b002886,0.0,False,True
b002887,0.0,False,True
b002888,0.0,False,True
b002889,0.0,False,True
b002890,0.0,False,True
b002891,0.0,False,True
b002892,0.0,False,True
b002893,0.0,False,True
b002894,0.0,False,True
b002895,0.0,False,True
b002896,0.0,False,True
b002897,0.0,False,True
b002898,0.0,False,True
b002899,0.0,False,True
b002900,0.0,False,True
b002901,0.0,False,True
b002902,0.0,False,True
b002903,0.0,False,True
b002904,0.0,False,True
b002905,0.0,False,True
b002906,0.0,False,True
b002907,0.0,False,True
b002908,0.0,False,True
b002909,0.0,False,True
b002910,0.0,False,True
b002911,0.0,False,True
b002912,0.0,False,True
b002913,0.0,False,True
b002914,0.0,False,True
b002915,0.0,False,True
b002916,0.0,False,True
b002917,0.0,False,True
b002918,0.3206997513771057,True,True
b002919,0.0,False,True
b002920,0.0,False,True
b002921,0.0,False,True
b002922,0.0,False,True
b002923,0.10811886191368103,True,True
b002924,0.0,False,True
b002925,0.0,False,True
b002926,0.0,False,True
b002927,0.0,False,True
b002928,0.0,False,True
b002929,0.0,False,True
b002930,0.0,False,True
b002931,0.0,False,True
b002932,0.0,False,True
b002933,0.0,False,True
b002934,0.0,False,True
b002935,0.0,False,True
b002936,0.0,False,True
b002937,0.0,False,True
b002938,0.0,False,True
b002939,0.0,False,True
b002940,0.0,False,True
b002941,0.0,False,True
b002942,0.0,False,True
b002943,0.0,False,True
b002944,0.0,False,True
b002945,0.0,False,True
b002946,0.0,False,True
b002947,0.0,False,True
b002948,0.0,False,True
b002949,0.0,False,True
b002950,0.0,False,True
b002951,0.0,False,True
b002952,0.0,False,True
b002953,0.0,False,True
b002954,0.0,False,True
b002955,0.0,False,True
b002956,0.0,False,True
b002957,0.0,False,True
b002958,0.0,False,True
b002959,0.0,False,True
b002960,0.0,False,True
b002961,0.0,False,True
b002962,0.0,False,True
b002963,0.0,False,True
b002964,0.0,False,True
b002965,0.0,False,True
b002966,0.0,False,True
b002967,0.0,False,True
b002968,0.0,False,True
b002969,0.0,False,True
b002970,0.0,False,True
b002971,0.0,False,True
b002972,0.0,False,True
b002973,0.0,False,True
b002974,0.0,False,True
b002975,0.0,False,True
b002976,0.0,False,True
b002977,0.0,False,True
b002978,0.0,False,True
b002979,0.0,False,True
b002980,0.0,False,True
b002981,0.0,False,True
b002982,0.0,False,True
b002983,0.0,False,True
b002984,0.0,False,True
b002985,0.0,False,True
b002986,0.0,False,True
b002987,0.0,False,True
b002988,0.0,False,True
b002989,0.0,False,True
b002990,0.0,False,True
b002991,0.0,False,True
b002992,0.0,False,True
b002993,0.0,False,True
b002994,0.0,False,True
b002995,0.0,False,True
b002996,0.0,False,True
b002997,0.0,False,True
b002998,0.0,False,True
b002999,0.0,False,True
b003000,0.0,False,True
b003001,0.0,False,True
b003002,0.0,False,True
b003003,0.0,False,True
b003004,0.0,False,True
b003005,0.0,False,True
b003006,0.0,False,True
b003007,0.0,False,True
b003008,0.0,False,True
b003009,0.0,False,True
b003010,0.0,False,True
b003011,0.0,False,True
b003012,0.0,False,True
b003013,0.0,False,True
b003014,0.0,False,True
b003015,0.0,False,True
b003016,0.0,False,True
b003017,0.0,False,True
b003018,0.0,False,True
b003019,0.0,False,True
b003020,0.0,False,True
b003021,0.0,False,True
b003022,0.0,False,True
b003023,0.0,False,True
b003024,0.0,False,True
b003025,0.0,False,True
b003026,0.0,False,True
b003027,0.0,False,True
b003028,0.0,False,True
b003029,0.0,False,True
b003030,0.0,False,True
b003031,0.48129600286483765,True,True
b003032,0.0,False,True
b003033,0.0,False,True
b003034,0.0,False,True
b003035,0.0,False,True
b003036,0.0,False,True
b003037,0.0,False,True
b003038,0.0,False,True
b003039,0.0,False,True
b003040,0.0,False,True
b003041,0.0,False,True
b003042,0.0,False,True
b003043,0.0,False,True
b003044,0.0,False,True
b003045,0.0,False,True
b003046,0.0,False,True
b003047,0.0,False,True
b003048,0.0,False,True
b003049,0.0,False,True
b003050,0.0,False,True
b003051,0.0,False,True
b003052,0.0,False,True
b003053,0.0,False,True
b003054,0.0,False,True
b003055,0.0,False,True
b003056,0.0,False,True
b003057,0.0,False,True
b003058,0.0,False,True
b003059,0.0,False,True
b003060,0.0,False,True
b003061,0.0,False,True
b003062,0.0,False,True
b003063,0.0,False,True
b003064,0.0,False,True
b003065,0.0,False,True
b003066,0.0,False,True
b003067,0.0,False,True
b003068,0.0,False,True
b003069,0.0,False,True
b003070,0.0,False,True
b003071,0.0,False,True
b003072,0.0,False,True
b003073,0.0,False,True
b003074,0.0,False,True
b003075,0.0,False,True
b003076,0.0,False,True
b003077,0.0,False,True
b003078,0.0,False,True
b003079,0.0,False,True
b003080,0.0,False,True
b003081,0.0,False,True
b003082,0.0,False,True
b003083,0.0,False,True
b003084,0.0,False,True
b003085,0.0,False,True
b003086,0.0,False,True
b003087,0.0,False,True
b003088,0.0,False,True
b003089,0.0,False,True
b003090,0.0,False,True
b003091,0.0,False,True
b003092,0.0,False,True
b003093,0.0,False,True
b003094,0.0,False,True
b003095,0.0,False,True
b003096,0.0,False,True
b003097,0.0,False,True
b003098,0.0,False,True
b003099,0.0,False,True
b003100,0.0,False,True
b003101,0.0,False,True
b003102,0.0,False,True
b003103,0.0,False,True
b003104,0.0,False,True
b003105,0.0,False,True
b003106,0.0,False,True
b003107,0.0,False,True
b003108,0.0,False,True
b003109,0.0,False,True
b003110,0.0,False,True
b003111,0.0,False,True
b003112,0.0,False,True
b003113,0.0,False,True
b003114,0.0,False,True
b003115,0.0,False,True
b003116,0.0,False,True
b003117,0.0,False,True
b003118,0.0,False,True
b003119,0.0,False,True
b003120,0.0,False,True
b003121,0.0,False,True
b003122,0.27433162927627563,True,True
b003123,0.0,False,True
b003124,0.0,False,True
b003125,0.0,False,True
b003126,0.0,False,True
b003127,0.0,False,True
b003128,0.0,False,True
b003129,0.0,False,True
b003130,0.0,False,True
b003131,0.0,False,True
b003132,0.0,False,True
b003133,0.0,False,True
b003134,0.0,False,True
b003135,0.0,False,True
b003136,0.0,False,True
b003137,0.0,False,True
b003138,0.0,False,True
b003139,0.0,False,True
b003140,0.0,False,True
b003141,0.0,False,True
b003142,0.0,False,True
b003143,0.0,False,True
b003144,0.0,False,True
b003145,0.0,False,True
b003146,0.0,False,True
b003147,0.0,False,True
b003148,0.0,False,True
b003149,0.0,False,True
b003150,0.0,False,True
b003151,0.0,False,True
b003152,0.0,False,True
b003153,0.0,False,True
b003154,0.0,False,True
b003155,0.0,False,True
b003156,0.0,False,True
b003157,0.0,False,True
b003158,0.0,False,True
b003159,0.0,False,True
b003160,0.0,False,True
b003161,0.0,False,True
b003162,0.74482262134552,True,True
b003163,0.0,False,True
b003164,0.0,False,True
b003165,0.0,False,True
b003166,0.0,False,True
b003167,0.0,False,True
b003168,0.0,False,True
b003169,0.0,False,True
b003170,0.0,False,True
b003171,0.0,False,True
b003172,0.0,False,True
b003173,0.0,False,True
b003174,0.0,False,True
b003175,0.0,False,True
b003176,0.0,False,True
b003177,0.0,False,True
b003178,0.0,False,True
b003179,0.0,False,True
b003180,0.0,False,True
b003181,0.0,False,True
b003182,0.0,False,True
b003183,0.0,False,True
b003184,0.0,False,True
b003185,0.0,False,True
b003186,0.0,False,True
b003187,0.0,False,True
b003188,0.0,False,True
b003189,0.0,False,True
b003190,0.0,False,True
b003191,0.0,False,True
b003192,0.0,False,True
b003193,0.0,False,True
b003194,0.0,False,True
b003195,0.0,False,True
b003196,0.0,False,True
b003197,0.0,False,True
b003198,0.0,False,True
b003199,0.28292202949523926,True,True
b003200,0.0,False,True
b003201,0.0,False,True
b003202,0.0,False,True
b003203,0.0,False,True
b003204,0.0,False,True
b003205,0.0,False,True
b003206,0.0,False,True
b003207,0.0,False,True
b003208,0.0,False,True
b003209,0.0,False,True
b003210,0.0,False,True
b003211,0.0,False,True
b003212,0.0,False,True
b003213,0.0,False,True
b003214,0.0,False,True
b003215,0.0,False,True
b003216,0.0,False,True
b003217,0.0,False,True
b003218,0.0,False,True
b003219,0.0,False,True
b003220,0.0,False,True
b003221,0.0,False,True
b003222,0.0,False,True
b003223,0.0,False,True
b003224,0.0,False,True
b003225,0.0,False,True
b003226,0.0,False,True
b003227,0.7763742208480835,True,True
b003228,0.0,False,True
b003229,0.0,False,True
b003230,0.0,False,True
b003231,0.0,False,True
b003232,0.0,False,True
b003233,0.13993151485919952,True,True
b003234,0.0,False,True
b003235,0.0,False,True
b003236,0.0,False,True
b003237,0.0,False,True
b003238,0.0,False,True
b003239,0.0,False,True
b003240,0.0,False,True
b003241,0.0,False,True
b003242,0.0,False,True
b003243,0.0,False,True
b003244,0.0,False,True
b003245,0.0,False,True
b003246,0.0,False,True
b003247,0.0,False,True
b003248,0.0,False,True
b003249,0.0,False,True
b003250,0.0,False,True
b003251,0.0,False,True
b003252,0.0,False,True
b003253,0.0,False,True
b003254,0.0,False,True
b003255,0.0,False,True
b003256,0.0,False,True
b003257,0.0,False,True
b003258,0.0,False,True
b003259,0.0,False,True
b003260,0.0,False,True
b003261,0.0,False,True
b003262,0.0,False,True
b003263,0.0,False,True
b003264,0.0,False,True
b003265,0.0,False,True
b003266,0.0,False,True
b003267,0.0,False,True
b003268,0.0,False,True
b003269,0.0,False,True
b003270,0.0,False,True
b003271,0.0,False,True
b003272,0.0,False,True
b003273,0.0,False,True
b003274,0.0,False,True
b003275,0.0,False,True
b003276,0.0,False,True
b003277,0.0,False,True
b003278,0.0,False,True
b003279,0.0,False,True
b003280,0.0,False,True
b003281,0.0,False,True
b003282,0.0,False,True
b003283,0.0,False,True
b003284,0.0,False,True
b003285,0.0,False,True
b003286,0.0,False,True
b003287,0.0,False,True
b003288,0.0,False,True
b003289,0.0,False,True
b003290,0.0,False,True
b003291,0.0,False,True
b003292,0.0,False,True
b003293,0.0,False,True
b003294,0.0,False,True
b003295,0.0,False,True
b003296,0.0,False,True
b003297,0.0,False,True
b003298,0.0,False,True
b003299,0.0,False,True
b003300,0.0,False,True
b003301,0.0,False,True
b003302,0.0,False,True
b003303,0.0,False,True
b003304,0.0,False,True
b003305,0.0,False,True
b003306,0.0,False,True
b003307,0.0,False,True
b003308,0.0,False,True
b003309,0.0,False,True
b003310,0.0,False,True
b003311,0.0,False,True
b003312,0.0,False,True
b003313,0.0,False,True
b003314,0.0,False,True
b003315,0.0,False,True
b003316,0.0,False,True
b003317,0.0,False,True
b003318,0.0,False,True
b003319,0.0,False,True
b003320,0.14658743143081665,True,True
b003321,0.0,False,True
b003322,0.0,False,True
b003323,0.0,False,True
b003324,0.0,False,True
b003325,0.0,False,True
b003326,0.0,False,True
b003327,0.0,False,True
b003328,0.0,False,True
b003329,0.0,False,True
b003330,0.0,False,True
b003331,0.0,False,True
b003332,0.0,False,True
b003333,0.0,False,True
b003334,0.0,False,True
b003335,0.0,False,True
b003336,0.0,False,True
b003337,0.0,False,True
b003338,0.0,False,True
b003339,0.0,False,True
b003340,0.0,False,True
b003341,0.0,False,True
b003342,0.0,False,True
b003343,0.0,False,True
b003344,0.0,False,True
b003345,0.0,False,True
b003346,0.0,False,True
b003347,0.0,False,True
b003348,0.0,False,True
b003349,0.0,False,True
b003350,0.0,False,True
b003351,0.0,False,True
b003352,0.0,False,True
b003353,0.0,False,True
b003354,0.0,False,True
b003355,0.0,False,True
b003356,0.0,False,True
b003357,0.0,False,True
b003358,0.0,False,True
b003359,0.0,False,True
b003360,0.0,False,True
b003361,0.0,False,True
b003362,0.0,False,True
b003363,0.2067079246044159,True,True
b003364,0.2498447299003601,True,True
b003365,0.0,False,True
b003366,0.0,False,True
b003367,0.0,False,True
b003368,0.0,False,True
b003369,0.0,False,True
b003370,0.0,False,True
b003371,0.0,False,True
b003372,0.0,False,True
b003373,0.0,False,True
b003374,0.0,False,True
b003375,0.0,False,True
b003376,0.0,False,True
b003377,0.0,False,True
b003378,0.0,False,True
b003379,0.0,False,True
b003380,0.0,False,True
b003381,0.0,False,True
b003382,0.0,False,True
b003383,0.0,False,True
b003384,0.0,False,True
b003385,0.0,False,True
b003386,0.0,False,True
b003387,0.0,False,True
b003388,0.0,False,True
b003389,0.0,False,True
b003390,0.0,False,True
b003391,0.0,False,True
b003392,0.0,False,True
b003393,0.0,False,True
b003394,0.0,False,True
b003395,0.0,False,True
b003396,0.0,False,True
b003397,0.0,False,True
b003398,0.0,False,True
b003399,0.0,False,True
b003400,0.0,False,True
b003401,0.0,False,True
b003402,0.0,False,True
b003403,0.0,False,True
b003404,0.0,False,True
b003405,0.0,False,True
b003406,0.0,False,True
b003407,0.0,False,True
b003408,0.0,False,True
b003409,0.0,False,True
b003410,0.0,False,True
b003411,0.0,False,True
b003412,0.0,False,True
b003413,0.0,False,True
b003414,0.0,False,True
b003415,0.0,False,True
b003416,0.0,False,True
b003417,0.0,False,True
b003418,0.0,False,True
b003419,0.0,False,True
b003420,0.0,False,True
b003421,0.0,False,True
b003422,0.0,False,True
b003423,0.0,False,True
b003424,0.0,False,True
b003425,0.0,False,True
b003426,0.0,False,True
b003427,0.0,False,True
b003428,0.0,False,True
b003429,0.0,False,True
b003430,0.0,False,True
b003431,0.0,False,True
b003432,0.0,False,True
b003433,0.0,False,True
b003434,0.0,False,True
b003435,0.0,False,True
b003436,0.0,False,True
b003437,0.0,False,True
b003438,0.0,False,True
b003439,0.0,False,True
b003440,0.0,False,True
b003441,0.0,False,True
b003442,0.0,False,True
b003443,0.0,False,True
b003444,0.0,False,True
b003445,0.0,False,True
b003446,0.19423501193523407,True,True
b003447,0.0,False,True
b003448,0.0,False,True
b003449,0.0,False,True
b003450,0.0,False,True
b003451,0.0,False,True
b003452,0.0,False,True
b003453,0.0,False,True
b003454,0.0,False,True
b003455,0.0,False,True
b003456,0.0,False,True
b003457,0.16150379180908203,True,True
b003458,0.0,False,True
b003459,0.0,False,True
b003460,0.0,False,True
b003461,0.0,False,True
b003462,0.0,False,True
b003463,0.0,False,True
b003464,0.0,False,True
b003465,0.0,False,True
b003466,0.0,False,True
b003467,0.0,False,True
b003468,0.0,False,True
b003469,0.0,False,True
b003470,0.0,False,True
b003471,0.0,False,True
b003472,0.0,False,True
b003473,0.0,False,True
b003474,0.0,False,True
b003475,0.0,False,True
b003476,0.0,False,True
b003477,0.0,False,True
b003478,0.0,False,True
b003479,0.0,False,True
b003480,0.0,False,True
b003481,0.0,False,True
b003482,0.0,False,True
b003483,0.0,False,True
b003484,0.0,False,True
b003485,0.0,False,True
b003486,0.0,False,True
b003487,0.0,False,True
b003488,0.0,False,True
b003489,0.0,False,True
b003490,0.0,False,True
b003491,0.0,False,True
b003492,0.0,False,True
b003493,0.0,False,True
b003494,0.0,False,True
b003495,0.0,False,True
b003496,0.0,False,True
b003497,0.0,False,True
b003498,0.0,False,True
b003499,0.0,False,True
b003500,0.0,False,True
b003501,0.0,False,True
b003502,0.0,False,True
b003503,0.0,False,True
b003504,0.0,False,True
b003505,0.0,False,True
b003506,0.0,False,True
b003507,0.0,False,True
b003508,0.0,False,True
b003509,0.0,False,True
b003510,0.0,False,True
b003511,0.0,False,True
b003512,0.0,False,True
b003513,0.0,False,True
b003514,0.0,False,True
b003515,0.0,False,True
b003516,0.0,False,True
b003517,0.0,False,True
b003518,0.0,False,True
b003519,0.0,False,True
b003520,0.0,False,True
b003521,0.0,False,True
b003522,0.0,False,True
b003523,0.0,False,True
b003524,0.0,False,True
b003525,0.0,False,True
b003526,0.0,False,True
b003527,0.0,False,True
b003528,0.0,False,True
b003529,0.0,False,True
b003530,0.0,False,True
b003531,0.0,False,True
b003532,0.0,False,True
b003533,0.0,False,True
b003534,0.0,False,True
b003535,0.0,False,True
b003536,0.0,False,True
b003537,0.0,False,True
b003538,0.0,False,True
b003539,0.0,False,True
b003540,0.0,False,True
b003541,0.10378822684288025,True,True
b003542,0.0,False,True
b003543,0.0,False,True
b003544,0.0,False,True
b003545,0.0,False,True
b003546,0.0,False,True
b003547,0.0,False,True
b003548,0.0,False,True
b003549,0.0,False,True
b003550,0.0,False,True
b003551,0.0,False,True
b003552,0.0,False,True
b003553,0.0,False,True
b003554,0.0,False,True
b003555,0.0,False,True
b003556,0.0,False,True
b003557,0.0,False,True
b003558,0.0,False,True
b003559,0.0,False,True
b003560,0.0,False,True
b003561,0.0,False,True
b003562,0.0,False,True
b003563,0.0,False,True
b003564,0.0,False,True
b003565,0.0,False,True
b003566,0.0,False,True
b003567,0.0,False,True
b003568,0.0,False,True
b003569,0.0,False,True
b003570,0.0,False,True
b003571,0.0,False,True
b003572,0.0,False,True
b003573,0.0,False,True
b003574,0.0,False,True
b003575,0.0,False,True
b003576,0.0,False,True
b003577,0.0,False,True
b003578,0.0,False,True
b003579,0.0,False,True
b003580,0.0,False,True
b003581,0.0,False,True
b003582,0.0,False,True
b003583,0.0,False,True
b003584,0.0,False,True
b003585,0.0,False,True
b003586,0.0,False,True
b003587,0.0,False,True
b003588,0.0,False,True
b003589,0.0,False,True
b003590,0.0,False,True
b003591,0.0,False,True
b003592,0.0,False,True
b003593,0.0,False,True
b003594,0.0,False,True
b003595,0.0,False,True
b003596,0.0,False,True
b003597,0.0,False,True
b003598,0.0,False,True
b003599,0.0,False,True
b003600,0.0,False,True
b003601,0.0,False,True
b003602,0.0,False,True
b003603,0.0,False,True
b003604,0.0,False,True
b003605,0.0,False,True
b003606,0.0,False,True
b003607,0.0,False,True
b003608,0.0,False,True
b003609,0.0,False,True
b003610,0.0,False,True
b003611,0.0,False,True
b003612,0.0,False,True
b003613,0.0,False,True
b003614,0.0,False,True
b003615,0.0,False,True
b003616,0.0,False,True
b003617,0.0,False,True
b003618,0.24498878419399261,True,True
b003619,0.0,False,True
b003620,0.0,False,True
b003621,0.0,False,True
b003622,0.0,False,True
b003623,0.0,False,True
b003624,0.0,False,True
b003625,0.0,False,True
b003626,0.0,False,True
b003627,0.0,False,True
b003628,0.0,False,True
b003629,0.0,False,True
b003630,0.0,False,True
b003631,0.0,False,True
b003632,0.0,False,True
b003633,0.0,False,True
b003634,0.0,False,True
b003635,0.0,False,True
b003636,0.0,False,True
b003637,0.0,False,True
b003638,0.0,False,True
b003639,0.3404768109321594,True,True
b003640,0.0,False,True
b003641,0.0,False,True
b003642,0.0,False,True
b003643,0.0,False,True
b003644,0.0,False,True
b003645,0.0,False,True
b003646,0.0,False,True
b003647,0.0,False,True
b003648,0.0,False,True
b003649,0.0,False,True
b003650,0.0,False,True
b003651,0.0,False,True
b003652,0.0,False,True
b003653,0.0,False,True
b003654,0.0,False,True
b003655,0.0,False,True
b003656,0.0,False,True
b003657,0.0,False,True
b003658,0.0,False,True
b003659,0.0,False,True
b003660,0.0,False,True
b003661,0.0,False,True
b003662,0.0,False,True
b003663,0.0,False,True
b003664,0.0,False,True
b003665,0.0,False,True
b003666,0.0,False,True
b003667,0.0,False,True
b003668,0.0,False,True
b003669,0.0,False,True
b003670,0.0,False,True
b003671,0.0,False,True
b003672,0.0,False,True
b003673,0.0,False,True
b003674,0.0,False,True
b003675,0.0,False,True
b003676,0.0,False,True
b003677,0.0,False,True
b003678,0.0,False,True
b003679,0.0,False,True
b003680,0.0,False,True
b003681,0.0,False,True
b003682,0.0,False,True
b003683,0.0,False,True
b003684,0.0,False,True
b003685,0.0,False,True
b003686,0.0,False,True
b003687,0.0,False,True
b003688,0.0,False,True
b003689,0.0,False,True
b003690,0.0,False,True
b003691,0.0,False,True
b003692,0.0,False,True
b003693,0.0,False,True
b003694,0.0,False,True
b003695,0.0,False,True
b003696,0.0,False,True
b003697,0.0,False,True
b003698,0.2761971354484558,True,True
b003699,0.0,False,True
b003700,0.0,False,True
b003701,0.0,False,True
b003702,0.0,False,True
b003703,0.0,False,True
b003704,0.0,False,True
b003705,0.0,False,True
b003706,0.0,False,True
b003707,0.0,False,True
b003708,0.0,False,True
b003709,0.0,False,True
b003710,0.0,False,True
b003711,0.0,False,True
b003712,0.0,False,True
b003713,0.0,False,True
b003714,0.0,False,True
b003715,0.0,False,True
b003716,0.0,False,True
b003717,0.0,False,True
b003718,0.0,False,True
b003719,0.0,False,True
b003720,0.0,False,True
b003721,0.0,False,True
b003722,0.0,False,True
b003723,0.0,False,True
b003724,0.0,False,True
b003725,0.0,False,True
b003726,0.0,False,True
b003727,0.0,False,True
b003728,0.0,False,True
b003729,0.0,False,True
b003730,0.0,False,True
b003731,0.0,False,True
b003732,0.0,False,True
b003733,0.0,False,True
b003734,0.0,False,True
b003735,0.0,False,True
b003736,0.0,False,True
b003737,0.0,False,True
b003738,0.0,False,True
b003739,0.0,False,True
b003740,0.0,False,True
b003741,0.0,False,True
b003742,0.0,False,True
b003743,0.0,False,True
b003744,0.0,False,True
b003745,0.0,False,True
b003746,0.0,False,True
b003747,0.0,False,True
b003748,0.0,False,True
b003749,0.0,False,True
b003750,0.0,False,True
b003751,0.0,False,True
b003752,0.0,False,True
b003753,0.0,False,True
b003754,0.0,False,True
b003755,0.0,False,True
b003756,0.0,False,True
b003757,0.0,False,True
b003758,0.0,False,True
b003759,0.0,False,True
b003760,0.0,False,True
b003761,0.0,False,True
b003762,0.0,False,True
b003763,0.0,False,True
b003764,0.0,False,True
b003765,0.0,False,True
b003766,0.0,False,True
b003767,0.0,False,True
b003768,0.0,False,True
b003769,0.0,False,True
b003770,0.0,False,True
b003771,0.0,False,True
b003772,0.0,False,True
b003773,0.0,False,True
b003774,0.0,False,True
b003775,0.0,False,True
b003776,0.0,False,True
b003777,0.0,False,True
b003778,0.0,False,True
b003779,0.0,False,True
b003780,0.0,False,True
b003781,0.0,False,True
b003782,0.0,False,True
b003783,0.0,False,True
b003784,0.0,False,True
b003785,0.0,False,True
b003786,0.0,False,True
b003787,0.0,False,True
b003788,0.0,False,True
b003789,0.0,False,True
b003790,0.0,False,True
b003791,0.0,False,True
b003792,0.0,False,True
b003793,0.2184617817401886,True,True
b003794,0.0,False,True
b003795,0.0,False,True
b003796,0.0,False,True
b003797,0.0,False,True
b003798,0.0,False,True
b003799,0.0,False,True
b003800,0.0,False,True
b003801,0.0,False,True
b003802,0.0,False,True
b003803,0.0,False,True
b003804,0.0,False,True
b003805,0.0,False,True
b003806,0.0,False,True
b003807,0.0,False,True
b003808,0.0,False,True
b003809,0.0,False,True
b003810,0.0,False,True
b003811,0.0,False,True
b003812,0.0,False,True
b003813,0.0,False,True
b003814,0.0,False,True
b003815,0.0,False,True
b003816,0.0,False,True
b003817,0.0,False,True
b003818,0.0,False,True
b003819,0.0,False,True
b003820,0.0,False,True
b003821,0.0,False,True
b003822,0.0,False,True
b003823,0.0,False,True
b003824,0.0,False,True
b003825,0.0,False,True
b003826,0.0,False,True
b003827,0.0,False,True
b003828,0.0,False,True
b003829,0.0,False,True
b003830,0.0,False,True
b003831,0.0,False,True
b003832,0.0,False,True
b003833,0.0,False,True
b003834,0.0,False,True
b003835,0.0,False,True
b003836,0.0,False,True
b003837,0.0,False,True
b003838,0.0,False,True
b003839,0.0,False,True
b003840,0.0,False,True
b003841,0.0,False,True
b003842,0.0,False,True
b003843,0.0,False,True
b003844,0.0,False,True
b003845,0.0,False,True
b003846,0.0,False,True
b003847,0.0,False,True
b003848,0.0,False,True
b003849,0.0,False,True
b003850,0.0,False,True
b003851,0.0,False,True
b003852,0.0,False,True
b003853,0.0,False,True
b003854,0.0,False,True
b003855,0.0,False,True
b003856,0.0,False,True
b003857,0.0,False,True
b003858,0.0,False,True
b003859,0.0,False,True
b003860,0.0,False,True
b003861,0.0,False,True
b003862,0.0,False,True
b003863,0.0,False,True
b003864,0.0,False,True
b003865,0.0,False,True
b003866,0.0,False,True
b003867,0.0,False,True
b003868,0.0,False,True
b003869,0.0,False,True
b003870,0.0,False,True
b003871,0.0,False,True
b003872,0.0,False,True
b003873,0.0,False,True
b003874,0.0,False,True
b003875,0.0,False,True
b003876,0.0,False,True
b003877,0.0,False,True
b003878,0.0,False,True
b003879,0.0,False,True
b003880,0.0,False,True
b003881,0.0,False,True
b003882,0.0,False,True
b003883,0.0,False,True
b003884,0.0,False,True
b003885,0.0,False,True
b003886,0.0,False,True
b003887,0.0,False,True
b003888,0.0,False,True
b003889,0.0,False,True
b003890,0.0,False,True
b003891,0.0,False,True
b003892,0.0,False,True
b003893,0.0,False,True
b003894,0.0,False,True
b003895,0.0,False,True
b003896,0.0,False,True
b003897,0.0,False,True
b003898,0.0,False,True
b003899,0.0,False,True
b003900,0.0,False,True
b003901,0.0,False,True
b003902,0.0,False,True
b003903,0.0,False,True
b003904,0.0,False,True
b003905,0.0,False,True
b003906,0.0,False,True
b003907,0.0,False,True
b003908,0.0,False,True
b003909,0.0,False,True
b003910,0.0,False,True
b003911,0.0,False,True
b003912,0.0,False,True
b003913,0.0,False,True
b003914,0.0,False,True
b003915,0.0,False,True
b003916,0.0,False,True
b003917,0.0,False,True
b003918,0.0,False,True
b003919,0.0,False,True
b003920,0.0,False,True
b003921,0.0,False,True
b003922,0.0,False,True
b003923,0.0,False,True
b003924,0.0,False,True
b003925,0.0,False,True
b003926,0.0,False,True
b003927,0.0,False,True
b003928,0.0,False,True
b003929,0.0,False,True
b003930,0.0,False,True
b003931,0.0,False,True
b003932,0.0,False,True
b003933,0.0,False,True
b003934,0.0,False,True
b003935,0.0,False,True
b003936,0.0,False,True
b003937,0.0,False,True
b003938,0.0,False,True
b003939,0.0,False,True
b003940,0.0,False,True
b003941,0.0,False,True
b003942,0.0,False,True
b003943,0.0,False,True
b003944,0.0,False,True
b003945,0.0,False,True
b003946,0.0,False,True
b003947,0.0,False,True
b003948,0.0,False,True
b003949,0.0,False,True
b003950,0.0,False,True
b003951,0.0,False,True
b003952,0.0,False,True
b003953,0.0,False,True
b003954,0.0,False,True
b003955,0.0,False,True
b003956,0.0,False,True
b003957,0.0,False,True
b003958,0.0,False,True
b003959,0.0,False,True
b003960,0.0,False,True
b003961,0.0,False,True
b003962,0.0,False,True
b003963,0.0,False,True
b003964,0.0,False,True
b003965,0.0,False,True
b003966,0.0,False,True
b003967,0.0,False,True
b003968,0.0,False,True
b003969,0.0,False,True
b003970,0.0,False,True
b003971,0.0,False,True
b003972,0.0,False,True
b003973,0.0,False,True
b003974,0.0,False,True
b003975,0.0,False,True
b003976,0.0,False,True
b003977,0.0,False,True
b003978,0.0,False,True
b003979,0.0,False,True
b003980,0.0,False,True
b003981,0.0,False,True
b003982,0.0,False,True
b003983,0.0,False,True
b003984,0.0,False,True
b003985,0.0,False,True
b003986,0.0,False,True
b003987,0.0,False,True
b003988,0.0,False,True
b003989,0.0,False,True
b003990,0.0,False,True
b003991,0.0,False,True
b003992,0.0,False,True
b003993,0.0,False,True
b003994,0.0,False,True
b003995,0.0,False,True
b003996,0.0,False,True
b003997,0.0,False,True
b003998,0.0,False,True
b003999,0.0,False,True
b004000,0.0,False,True
b004001,0.0,False,True
b004002,0.0,False,True
b004003,0.0,False,True
b004004,0.0,False,True
b004005,0.0,False,True
b004006,0.0,False,True
b004007,0.0,False,True
b004008,0.0,False,True
b004009,0.0,False,True
b004010,0.0,False,True
b004011,0.0,False,True
b004012,0.0,False,True
b004013,0.0,False,True
b004014,0.0,False,True
b004015,0.0,False,True
b004016,0.0,False,True
b004017,0.0,False,True
b004018,0.0,False,True
b004019,0.0,False,True
b004020,0.0,False,True
b004021,0.0,False,True
b004022,0.0,False,True
b004023,0.0,False,True
b004024,0.0,False,True
b004025,0.0,False,True
b004026,0.0,False,True
b004027,0.0,False,True
b004028,0.0,False,True
b004029,0.0,False,True
b004030,0.0,False,True
b004031,0.0,False,True
b004032,0.0,False,True
b004033,0.0,False,True
b004034,0.0,False,True
b004035,0.0,False,True
b004036,0.0,False,True
b004037,0.0,False,True
b004038,0.0,False,True
b004039,0.0,False,True
b004040,0.0,False,True
b004041,0.0,False,True
b004042,0.0,False,True
b004043,0.0,False,True
b004044,0.0,False,True
b004045,0.0,False,True
b004046,0.0,False,True
b004047,0.0,False,True
b004048,0.0,False,True
b004049,0.0,False,True
b004050,0.0,False,True
b004051,0.0,False,True
b004052,0.0,False,True
b004053,0.0,False,True
b004054,0.0,False,True
b004055,0.0,False,True
b004056,0.0,False,True
b004057,0.0,False,True
b004058,0.0,False,True
b004059,0.0,False,True
b004060,0.0,False,True
b004061,0.0,False,True
b004062,0.0,False,True
b004063,0.0,False,True
b004064,0.0,False,True
b004065,0.0,False,True
b004066,0.0,False,True
b004067,0.0,False,True
b004068,0.0,False,True
b004069,0.0,False,True
b004070,0.0,False,True
b004071,0.0,False,True
b004072,0.0,False,True
b004073,0.0,False,True
b004074,0.13326692581176758,True,True
b004075,0.0,False,True
b004076,0.0,False,True
b004077,0.0,False,True
b004078,0.0,False,True
b004079,0.0,False,True
b004080,0.0,False,True
b004081,0.0,False,True
b004082,0.0,False,True
b004083,0.0,False,True
b004084,0.0,False,True
b004085,0.0,False,True
b004086,0.0,False,True
b004087,0.0,False,True
b004088,0.0,False,True
b004089,0.0,False,True
b004090,0.0,False,True
b004091,0.0,False,True
b004092,0.0,False,True
b004093,0.0,False,True
b004094,0.10411034524440765,True,True
b004095,0.0,False,True
b004096,0.0,False,True
b004097,0.0,False,True
b004098,0.0,False,True
b004099,0.0,False,True
b004100,0.0,False,True
b004101,0.0,False,True
b004102,0.0,False,True
b004103,0.0,False,True
b004104,0.0,False,True
b004105,0.0,False,True
b004106,0.0,False,True
b004107,0.0,False,True
b004108,0.0,False,True
b004109,0.0,False,True
b004110,0.0,False,True
b004111,0.0,False,True
b004112,0.0,False,True
b004113,0.0,False,True
b004114,0.0,False,True
b004115,0.0,False,True
b004116,0.0,False,True
b004117,0.0,False,True
b004118,0.0,False,True
b004119,0.0,False,True
b004120,0.0,False,True
b004121,0.0,False,True
b004122,0.0,False,True
b004123,0.0,False,True
b004124,0.0,False,True
b004125,0.0,False,True
b004126,0.0,False,True
b004127,0.0,False,True
b004128,0.0,False,True
b004129,0.0,False,True
b004130,0.0,False,True
b004131,0.0,False,True
b004132,0.0,False,True
b004133,0.0,False,True
b004134,0.0,False,True
b004135,0.0,False,True
b004136,0.0,False,True
b004137,0.0,False,True
b004138,0.0,False,True
b004139,0.0,False,True
b004140,0.0,False,True
b004141,0.0,False,True
b004142,0.0,False,True
b004143,0.0,False,True
b004144,0.0,False,True
b004145,0.0,False,True
b004146,0.0,False,True
b004147,0.47172966599464417,True,True
b004148,0.0,False,True
b004149,0.0,False,True
b004150,0.0,False,True
b004151,0.0,False,True
b004152,0.0,False,True
b004153,0.0,False,True
b004154,0.0,False,True
b004155,0.0,False,True
b004156,0.0,False,True
b004157,0.0,False,True
b004158,0.0,False,True
b004159,0.0,False,True
b004160,0.0,False,True
b004161,0.12538427114486694,True,True
b004162,0.0,False,True
b004163,0.0,False,True
b004164,0.0,False,True
b004165,0.0,False,True
b004166,0.0,False,True
b004167,0.0,False,True
b004168,0.0,False,True
b004169,0.0,False,True
b004170,0.0,False,True
b004171,0.0,False,True
b004172,0.0,False,True
b004173,0.0,False,True
b004174,0.0,False,True
b004175,0.0,False,True
b004176,0.0,False,True
b004177,0.0,False,True
b004178,0.0,False,True
b004179,0.0,False,True
b004180,0.0,False,True
b004181,0.0,False,True
b004182,0.0,False,True
b004183,0.0,False,True
b004184,0.0,False,True
b004185,0.0,False,True
b004186,0.0,False,True
b004187,0.0,False,True
b004188,0.0,False,True
b004189,0.0,False,True
b004190,0.0,False,True
b004191,0.0,False,True
b004192,0.0,False,True
b004193,0.0,False,True
b004194,0.0,False,True
b004195,0.0,False,True
b004196,0.0,False,True
b004197,0.0,False,True
b004198,0.0,False,True
b004199,0.0,False,True
b004200,0.0,False,True
b004201,0.0,False,True
b004202,0.0,False,True
b004203,0.0,False,True
b004204,0.0,False,True
b004205,0.0,False,True
b004206,0.0,False,True
b004207,0.0,False,True
b004208,0.0,False,True
b004209,0.0,False,True
b004210,0.0,False,True
b004211,0.0,False,True
b004212,0.0,False,True
b004213,0.0,False,True
b004214,0.0,False,True
b004215,0.0,False,True
b004216,0.0,False,True
b004217,0.0,False,True
b004218,0.6918547749519348,True,True
b004219,0.0,False,True
b004220,0.0,False,True
b004221,0.0,False,True
b004222,0.0,False,True
b004223,0.0,False,True
b004224,0.0,False,True
b004225,0.0,False,True
b004226,0.0,False,True
b004227,0.0,False,True
b004228,0.0,False,True
b004229,0.0,False,True
b004230,0.0,False,True
b004231,0.0,False,True
b004232,0.0,False,True
b004233,0.0,False,True
b004234,0.0,False,True
b004235,0.0,False,True
b004236,0.0,False,True
b004237,0.0,False,True
b004238,0.0,False,True
b004239,0.0,False,True
b004240,0.0,False,True
b004241,0.0,False,True
b004242,0.0,False,True
b004243,0.0,False,True
b004244,0.0,False,True
b004245,0.0,False,True
b004246,0.0,False,True
b004247,0.0,False,True
b004248,0.0,False,True
b004249,0.0,False,True
b004250,0.0,False,True
b004251,0.0,False,True
b004252,0.0,False,True
b004253,0.0,False,True
b004254,0.0,False,True
b004255,0.0,False,True
b004256,0.0,False,True
b004257,0.0,False,True
b004258,0.0,False,True
b004259,0.0,False,True
b004260,0.0,False,True
b004261,0.0,False,True
b004262,0.0,False,True
b004263,0.0,False,True
b004264,0.0,False,True
b004265,0.0,False,True
b004266,0.0,False,True
b004267,0.0,False,True
b004268,0.0,False,True
b004269,0.0,False,True
b004270,0.0,False,True
b004271,0.0,False,True
b004272,0.0,False,True
b004273,0.0,False,True
b004274,0.0,False,True
b004275,0.0,False,True
b004276,0.0,False,True
b004277,0.0,False,True
b004278,0.0,False,True
b004279,0.0,False,True
b004280,0.0,False,True
b004281,0.0,False,True
b004282,0.0,False,True
b004283,0.0,False,True
b004284,0.0,False,True
b004285,0.0,False,True
b004286,0.0,False,True
b004287,0.0,False,True
b004288,0.0,False,True
b004289,0.0,False,True
b004290,0.0,False,True
b004291,0.0,False,True
b004292,0.0,False,True
b004293,0.0,False,True
b004294,0.0,False,True
b004295,0.0,False,True
b004296,0.0,False,True
b004297,0.0,False,True
b004298,0.16779211163520813,True,True
b004299,0.0,False,True
b004300,0.0,False,True
b004301,0.0,False,True
b004302,0.0,False,True
b004303,0.0,False,True
b004304,0.0,False,True
b004305,0.0,False,True
b004306,0.0,False,True
b004307,0.0,False,True
b004308,0.0,False,True
b004309,0.0,False,True
b004310,0.0,False,True
b004311,0.0,False,True
b004312,0.0,False,True
b004313,0.0,False,True
b004314,0.0,False,True
b004315,0.0,False,True
b004316,0.0,False,True
b004317,0.0,False,True
b004318,0.0,False,True
b004319,0.0,False,True
b004320,0.0,False,True
b004321,0.0,False,True
b004322,0.0,False,True
b004323,0.0,False,True
b004324,0.0,False,True
b004325,0.0,False,True
b004326,0.0,False,True
b004327,0.0,False,True
b004328,0.0,False,True
b004329,0.0,False,True
b004330,0.0,False,True
b004331,0.0,False,True
b004332,0.0,False,True
b004333,0.0,False,True
b004334,0.0,False,True
b004335,0.0,False,True
b004336,0.0,False,True
b004337,0.0,False,True
b004338,0.0,False,True
b004339,0.0,False,True
b004340,0.0,False,True
b004341,0.0,False,True
b004342,0.0,False,True
b004343,0.0,False,True
b004344,0.0,False,True
b004345,0.0,False,True
b004346,0.0,False,True
b004347,0.0,False,True
b004348,0.0,False,True
b004349,0.6264507174491882,True,True
b004350,0.0,False,True
b004351,0.0,False,True
b004352,0.0,False,True
b004353,0.0,False,True
b004354,0.0,False,True
b004355,0.0,False,True
b004356,0.0,False,True
b004357,0.0,False,True
b004358,0.0,False,True
b004359,0.0,False,True
b004360,0.0,False,True
b004361,0.0,False,True
b004362,0.0,False,True
b004363,0.0,False,True
b004364,0.0,False,True
b004365,0.0,False,True
b004366,0.0,False,True
b004367,0.0,False,True
b004368,0.0,False,True
b004369,0.0,False,True
b004370,0.0,False,True
b004371,0.0,False,True
b004372,0.0,False,True
b004373,0.0,False,True
b004374,0.0,False,True
b004375,0.0,False,True
b004376,0.0,False,True
b004377,0.0,False,True
b004378,0.0,False,True
b004379,0.0,False,True
b004380,0.0,False,True
b004381,0.0,False,True
b004382,0.0,False,True
b004383,0.0,False,True
b004384,0.0,False,True
b004385,0.0,False,True
b004386,0.0,False,True
b004387,0.0,False,True
b004388,0.0,False,True
b004389,0.0,False,True
b004390,0.0,False,True
b004391,0.0,False,True
b004392,0.0,False,True
b004393,0.0,False,True
b004394,0.0,False,True
b004395,0.0,False,True
b004396,0.0,False,True
b004397,0.0,False,True
b004398,0.0,False,True
b004399,0.0,False,True
b004400,0.0,False,True
b004401,0.0,False,True
b004402,0.0,False,True
b004403,0.0,False,True
b004404,0.0,False,True
b004405,0.0,False,True
b004406,0.0,False,True
b004407,0.0,False,True
b004408,0.0,False,True
b004409,0.0,False,True
b004410,0.0,False,True
b004411,0.0,False,True
b004412,0.0,False,True
b004413,0.0,False,True
b004414,0.0,False,True
b004415,0.0,False,True
b004416,0.0,False,True
b004417,0.0,False,True
b004418,0.0,False,True
b004419,0.0,False,True
b004420,0.0,False,True
b004421,0.0,False,True
b004422,0.0,False,True
b004423,0.0,False,True
b004424,0.0,False,True
b004425,0.0,False,True
b004426,0.0,False,True
b004427,0.0,False,True
b004428,0.0,False,True
b004429,0.0,False,True
b004430,0.0,False,True
b004431,0.0,False,True
b004432,0.0,False,True
b004433,0.0,False,True
b004434,0.0,False,True
b004435,0.0,False,True
b004436,0.0,False,True
b004437,0.0,False,True
b004438,0.0,False,True
b004439,0.0,False,True
b004440,0.0,False,True
b004441,0.0,False,True
b004442,0.0,False,True
b004443,0.0,False,True
b004444,0.0,False,True
b004445,0.0,False,True
b004446,0.0,False,True
b004447,0.0,False,True
b004448,0.0,False,True
b004449,0.0,False,True
b004450,0.0,False,True
b004451,0.0,False,True
b004452,0.0,False,True
b004453,0.0,False,True
b004454,0.0,False,True
b004455,0.0,False,True
b004456,0.0,False,True
b004457,0.0,False,True
b004458,0.0,False,True
b004459,0.0,False,True
b004460,0.0,False,True
b004461,0.0,False,True
b004462,0.0,False,True
b004463,0.0,False,True
b004464,0.0,False,True
b004465,0.0,False,True
b004466,0.0,False,True
b004467,0.0,False,True
b004468,0.0,False,True
b004469,0.0,False,True
b004470,0.0,False,True
b004471,0.0,False,True
b004472,0.0,False,True
b004473,0.0,False,True
b004474,0.0,False,True
b004475,0.0,False,True
b004476,0.0,False,True
b004477,0.0,False,True
b004478,0.0,False,True
b004479,0.0,False,True
b004480,0.0,False,True
b004481,0.0,False,True
b004482,0.0,False,True
b004483,0.0,False,True
b004484,0.0,False,True
b004485,0.0,False,True
b004486,0.0,False,True
b004487,0.0,False,True
b004488,0.0,False,True
b004489,0.0,False,True
b004490,0.0,False,True
b004491,0.0,False,True
b004492,0.0,False,True
b004493,0.0,False,True
b004494,0.0,False,True
b004495,0.0,False,True
b004496,0.0,False,True
b004497,0.0,False,True
b004498,0.0,False,True
b004499,0.0,False,True
b004500,0.0,False,True
b004501,0.0,False,True
b004502,0.0,False,True
b004503,0.0,False,True
b004504,0.0,False,True
b004505,0.0,False,True
b004506,0.0,False,True
b004507,0.0,False,True
b004508,0.0,False,True
b004509,0.0,False,True
b004510,0.0,False,True
b004511,0.0,False,True
b004512,0.0,False,True
b004513,0.3547833561897278,True,True
b004514,0.0,False,True
b004515,0.0,False,True
b004516,0.0,False,True
b004517,0.0,False,True
b004518,0.0,False,True
b004519,0.0,False,True
b004520,0.0,False,True
b004521,0.0,False,True
b004522,0.0,False,True
b004523,0.0,False,True
b004524,0.0,False,True
b004525,0.0,False,True
b004526,0.0,False,True
b004527,0.0,False,True
b004528,0.0,False,True
b004529,0.0,False,True
b004530,0.0,False,True
b004531,0.0,False,True
b004532,0.0,False,True
b004533,0.0,False,True
b004534,0.0,False,True
b004535,0.0,False,True
b004536,0.0,False,True
b004537,0.0,False,True
b004538,0.0,False,True
b004539,0.0,False,True
b004540,0.0,False,True
b004541,0.0,False,True
b004542,0.0,False,True
b004543,0.0,False,True
b004544,0.0,False,True
b004545,0.0,False,True
b004546,0.0,False,True
b004547,0.0,False,True
b004548,0.0,False,True
b004549,0.0,False,True
b004550,0.0,False,True
b004551,0.0,False,True
b004552,0.0,False,True
b004553,0.0,False,True
b004554,0.0,False,True
b004555,0.0,False,True
b004556,0.0,False,True
b004557,0.0,False,True
b004558,0.0,False,True
b004559,0.0,False,True
b004560,0.0,False,True
b004561,0.0,False,True
b004562,0.0,False,True
b004563,0.0,False,True
b004564,0.0,False,True
b004565,0.0,False,True
b004566,0.0,False,True
b004567,0.0,False,True
b004568,0.0,False,True
b004569,0.0,False,True
b004570,0.0,False,True
b004571,0.0,False,True
b004572,0.0,False,True
b004573,0.0,False,True
b004574,0.0,False,True
b004575,0.0,False,True
b004576,0.34693607687950134,True,True
b004577,0.0,False,True
b004578,0.0,False,True
b004579,0.0,False,True
b004580,0.0,False,True
b004581,0.0,False,True
b004582,0.0,False,True
b004583,0.0,False,True
b004584,0.0,False,True
b004585,0.0,False,True
b004586,0.0,False,True
b004587,0.0,False,True
b004588,0.0,False,True
b004589,0.0,False,True
b004590,0.0,False,True
b004591,0.0,False,True
b004592,0.0,False,True
b004593,0.0,False,True
b004594,0.0,False,True
b004595,0.0,False,True
b004596,0.0,False,True
b004597,0.0,False,True
b004598,0.0,False,True
b004599,0.0,False,True
b004600,0.0,False,True
b004601,0.0,False,True
b004602,0.0,False,True
b004603,0.0,False,True
b004604,0.0,False,True
b004605,0.0,False,True
b004606,0.0,False,True
b004607,0.0,False,True
b004608,0.0,False,True
b004609,0.0,False,True
b004610,0.0,False,True
b004611,0.0,False,True
b004612,0.0,False,True
b004613,0.0,False,True
b004614,0.0,False,True
b004615,0.0,False,True
b004616,0.0,False,True
b004617,0.0,False,True
b004618,0.0,False,True
b004619,0.0,False,True
b004620,0.0,False,True
b004621,0.0,False,True
b004622,0.0,False,True
b004623,0.8793814778327942,True,True
b004624,0.0,False,True
b004625,0.0,False,True
b004626,0.0,False,True
b004627,0.0,False,True
b004628,0.0,False,True
b004629,0.0,False,True
b004630,0.0,False,True
b004631,0.0,False,True
b004632,0.0,False,True
b004633,0.0,False,True
b004634,0.0,False,True
b004635,0.0,False,True
b004636,0.0,False,True
b004637,0.0,False,True
b004638,0.0,False,True
b004639,0.0,False,True
b004640,0.0,False,True
b004641,0.0,False,True
b004642,0.0,False,True
b004643,0.0,False,True
b004644,0.0,False,True
b004645,0.0,False,True
b004646,0.0,False,True
b004647,0.0,False,True
b004648,0.0,False,True
b004649,0.0,False,True
b004650,0.0,False,True
b004651,0.1703823208808899,True,True
b004652,0.0,False,True
b004653,0.0,False,True
b004654,0.0,False,True
b004655,0.0,False,True
b004656,0.0,False,True
b004657,0.0,False,True
b004658,0.0,False,True
b004659,0.0,False,True
b004660,0.0,False,True
b004661,0.0,False,True
b004662,0.0,False,True
b004663,0.0,False,True
b004664,0.0,False,True
b004665,0.0,False,True
b004666,0.0,False,True
b004667,0.0,False,True
b004668,0.0,False,True
b004669,0.0,False,True
b004670,0.0,False,True
b004671,0.0,False,True
b004672,0.0,False,True
b004673,0.0,False,True
b004674,0.0,False,True
b004675,0.0,False,True
b004676,0.0,False,True
b004677,0.0,False,True
b004678,0.0,False,True
b004679,0.0,False,True
b004680,0.0,False,True
b004681,0.0,False,True
b004682,0.0,False,True
b004683,0.0,False,True
b004684,0.0,False,True
b004685,0.0,False,True
b004686,0.0,False,True
b004687,0.0,False,True
b004688,0.13648182153701782,True,True
b004689,0.0,False,True
b004690,0.0,False,True
b004691,0.0,False,True
b004692,0.0,False,True
b004693,0.0,False,True
b004694,0.0,False,True
b004695,0.0,False,True
b004696,0.0,False,True
b004697,0.0,False,True
b004698,0.0,False,True
b004699,0.0,False,True
b004700,0.0,False,True
b004701,0.0,False,True
b004702,0.0,False,True
b004703,0.0,False,True
b004704,0.0,False,True
b004705,0.0,False,True
b004706,0.0,False,True
b004707,0.0,False,True
b004708,0.0,False,True
b004709,0.0,False,True
b004710,0.0,False,True
b004711,0.0,False,True
b004712,0.0,False,True
b004713,0.0,False,True
b004714,0.0,False,True
b004715,0.0,False,True
b004716,0.0,False,True
b004717,0.0,False,True
b004718,0.0,False,True
b004719,0.0,False,True
b004720,0.0,False,True
b004721,0.0,False,True
b004722,0.0,False,True
b004723,0.0,False,True
b004724,0.0,False,True
b004725,0.0,False,True
b004726,0.0,False,True
b004727,0.0,False,True
b004728,0.0,False,True
b004729,0.0,False,True
b004730,0.0,False,True
b004731,0.0,False,True
b004732,0.0,False,True
b004733,0.0,False,True
b004734,0.0,False,True
b004735,0.0,False,True
b004736,0.0,False,True
b004737,0.0,False,True
b004738,0.0,False,True
b004739,0.12958431243896484,True,True
b004740,0.0,False,True
b004741,0.0,False,True
b004742,0.0,False,True
b004743,0.0,False,True
b004744,0.0,False,True
b004745,0.0,False,True
b004746,0.0,False,True
b004747,0.0,False,True
b004748,0.0,False,True
b004749,0.0,False,True
b004750,0.0,False,True
b004751,0.0,False,True
b004752,0.0,False,True
b004753,0.0,False,True
b004754,0.0,False,True
b004755,0.0,False,True
b004756,0.0,False,True
b004757,0.0,False,True
b004758,0.0,False,True
b004759,0.0,False,True
b004760,0.0,False,True
b004761,0.0,False,True
b004762,0.0,False,True
b004763,0.0,False,True
b004764,0.0,False,True
b004765,0.0,False,True
b004766,0.0,False,True
b004767,0.0,False,True
b004768,0.0,False,True
b004769,0.0,False,True
b004770,0.0,False,True
b004771,0.0,False,True
b004772,0.0,False,True
b004773,0.0,False,True
b004774,0.0,False,True
b004775,0.0,False,True
b004776,0.0,False,True
b004777,0.0,False,True
b004778,0.0,False,True
b004779,0.0,False,True
b004780,0.0,False,True
b004781,0.0,False,True
b004782,0.0,False,True
b004783,0.0,False,True
b004784,0.0,False,True
b004785,0.0,False,True
b004786,0.0,False,True
b004787,0.0,False,True
b004788,0.0,False,True
b004789,0.0,False,True
b004790,0.0,False,True
b004791,0.0,False,True
b004792,0.0,False,True
b004793,0.0,False,True
b004794,0.0,False,True
b004795,0.0,False,True
b004796,0.0,False,True
b004797,0.0,False,True
b004798,0.0,False,True
b004799,0.0,False,True
b004800,0.0,False,True
b004801,0.0,False,True
b004802,0.0,False,True
b004803,0.0,False,True
b004804,0.0,False,True
b004805,0.0,False,True
b004806,0.0,False,True
b004807,0.0,False,True
b004808,0.0,False,True
b004809,0.0,False,True
b004810,0.0,False,True
b004811,0.0,False,True
b004812,0.0,False,True
b004813,0.0,False,True
b004814,0.0,False,True
b004815,0.0,False,True
b004816,0.0,False,True
b004817,0.0,False,True
b004818,0.0,False,True
b004819,0.0,False,True
b004820,0.0,False,True
b004821,0.0,False,True
b004822,0.0,False,True
b004823,0.0,False,True
b004824,0.0,False,True
b004825,0.0,False,True
b004826,0.0,False,True
b004827,0.0,False,True
b004828,0.0,False,True
b004829,0.0,False,True
b004830,0.0,False,True
b004831,0.0,False,True
b004832,0.0,False,True
b004833,0.0,False,True
b004834,0.0,False,True
b004835,0.0,False,True
b004836,0.0,False,True
b004837,0.0,False,True
b004838,0.0,False,True
b004839,0.0,False,True
b004840,0.0,False,True
b004841,0.0,False,True
b004842,0.0,False,True
b004843,0.0,False,True
b004844,0.10924183577299118,True,True
b004845,0.0,False,True
b004846,0.0,False,True
b004847,0.0,False,True
b004848,0.0,False,True
b004849,0.0,False,True
b004850,0.0,False,True
b004851,0.0,False,True
b004852,0.0,False,True
b004853,0.0,False,True
b004854,0.0,False,True
b004855,0.0,False,True
b004856,0.0,False,True
b004857,0.0,False,True
b004858,0.0,False,True
b004859,0.0,False,True
b004860,0.0,False,True
b004861,0.0,False,True
b004862,0.0,False,True
b004863,0.0,False,True
b004864,0.0,False,True
b004865,0.0,False,True
b004866,0.0,False,True
b004867,0.0,False,True
b004868,0.0,False,True
b004869,0.0,False,True
b004870,0.0,False,True
b004871,0.0,False,True
b004872,0.0,False,True
b004873,0.0,False,True
b004874,0.0,False,True
b004875,0.0,False,True
b004876,0.0,False,True
b004877,0.0,False,True
b004878,0.0,False,True
b004879,0.0,False,True
b004880,0.0,False,True
b004881,0.0,False,True
b004882,0.0,False,True
b004883,0.0,False,True
b004884,0.0,False,True
b004885,0.0,False,True
b004886,0.0,False,True
b004887,0.0,False,True
b004888,0.0,False,True
b004889,0.0,False,True
b004890,0.0,False,True
b004891,0.0,False,True
b004892,0.0,False,True
b004893,0.0,False,True
b004894,0.0,False,True
b004895,0.0,False,True
b004896,0.0,False,True
b004897,0.0,False,True
b004898,0.0,False,True
b004899,0.0,False,True
b004900,0.0,False,True
b004901,0.0,False,True
b004902,0.0,False,True
b004903,0.0,False,True
b004904,0.0,False,True
b004905,0.11993134021759033,True,True
b004906,0.0,False,True
b004907,0.0,False,True
b004908,0.0,False,True
b004909,0.0,False,True
b004910,0.0,False,True
b004911,0.0,False,True
b004912,0.0,False,True
b004913,0.0,False,True
b004914,0.0,False,True
b004915,0.0,False,True
b004916,0.0,False,True
b004917,0.0,False,True
b004918,0.0,False,True
b004919,0.0,False,True
b004920,0.0,False,True
b004921,0.0,False,True
b004922,0.0,False,True
b004923,0.0,False,True
b004924,0.0,False,True
b004925,0.0,False,True
b004926,0.0,False,True
b004927,0.0,False,True
b004928,0.0,False,True
b004929,0.0,False,True
b004930,0.0,False,True
b004931,0.0,False,True
b004932,0.0,False,True
b004933,0.0,False,True
b004934,0.0,False,True
b004935,0.0,False,True
b004936,0.0,False,True
b004937,0.0,False,True
b004938,0.0,False,True
b004939,0.0,False,True
b004940,0.0,False,True
b004941,0.0,False,True
b004942,0.0,False,True
b004943,0.0,False,True
b004944,0.0,False,True
b004945,0.0,False,True
b004946,0.0,False,True
b004947,0.0,False,True
b004948,0.0,False,True
b004949,0.0,False,True
b004950,0.0,False,True
b004951,0.0,False,True
b004952,0.0,False,True
b004953,0.0,False,True
b004954,0.0,False,True
b004955,0.0,False,True
b004956,0.2289748191833496,True,True
b004957,0.0,False,True
b004958,0.0,False,True
b004959,0.20736397802829742,True,True
b004960,0.0,False,True
b004961,0.0,False,True
b004962,0.0,False,True
b004963,0.0,False,True
b004964,0.0,False,True
b004965,0.0,False,True
b004966,0.0,False,True
b004967,0.0,False,True
b004968,0.0,False,True
b004969,0.0,False,True
b004970,0.0,False,True
b004971,0.0,False,True
b004972,0.0,False,True
b004973,0.0,False,True
b004974,0.0,False,True
b004975,0.0,False,True
b004976,0.2631014287471771,True,True
b004977,0.0,False,True
b004978,0.0,False,True
b004979,0.0,False,True
b004980,0.0,False,True
b004981,0.0,False,True
b004982,0.0,False,True
b004983,0.0,False,True
b004984,0.0,False,True
b004985,0.0,False,True
b004986,0.0,False,True
b004987,0.0,False,True
b004988,0.0,False,True
b004989,0.0,False,True
b004990,0.0,False,True
b004991,0.0,False,True
b004992,0.0,False,True
b004993,0.0,False,True
b004994,0.0,False,True
b004995,0.0,False,True
b004996,0.0,False,True
b004997,0.0,False,True
b004998,0.0,False,True
b004999,0.0,False,True
b005000,0.0,False,True
b005001,0.0,False,True
b005002,0.0,False,True
b005003,0.0,False,True
b005004,0.0,False,True
b005005,0.0,False,True
b005006,0.0,False,True
b005007,0.0,False,True
b005008,0.0,False,True
b005009,0.0,False,True
b005010,0.0,False,True
b005011,0.0,False,True
b005012,0.28073862195014954,True,True
b005013,0.0,False,True
b005014,0.0,False,True
b005015,0.0,False,True
b005016,0.0,False,True
b005017,0.0,False,True
b005018,0.0,False,True
b005019,0.0,False,True
b005020,0.0,False,True
b005021,0.0,False,True
b005022,0.0,False,True
b005023,0.0,False,True
b005024,0.0,False,True
b005025,0.0,False,True
b005026,0.0,False,True
b005027,0.0,False,True
b005028,0.0,False,True
b005029,0.0,False,True
b005030,0.0,False,True
b005031,0.0,False,True
b005032,0.0,False,True
b005033,0.0,False,True
b005034,0.0,False,True
b005035,0.0,False,True
b005036,0.0,False,True
b005037,0.0,False,True
b005038,0.0,False,True
b005039,0.0,False,True
b005040,0.0,False,True
b005041,0.0,False,True
b005042,0.0,False,True
b005043,0.0,False,True
b005044,0.0,False,True
b005045,0.0,False,True
b005046,0.0,False,True
b005047,0.0,False,True
b005048,0.0,False,True
b005049,0.0,False,True
b005050,0.0,False,True
b005051,0.0,False,True
b005052,0.0,False,True
b005053,0.0,False,True
b005054,0.0,False,True
b005055,0.0,False,True
b005056,0.0,False,True
b005057,0.0,False,True
b005058,0.0,False,True
b005059,0.0,False,True
b005060,0.0,False,True
b005061,0.0,False,True
b005062,0.0,False,True
b005063,0.0,False,True
b005064,0.0,False,True
b005065,0.0,False,True
b005066,0.0,False,True
b005067,0.0,False,True
b005068,0.0,False,True
b005069,0.0,False,True
b005070,0.0,False,True
b005071,0.0,False,True
b005072,0.0,False,True
b005073,0.0,False,True
b005074,0.0,False,True
b005075,0.0,False,True
b005076,0.0,False,True
b005077,0.0,False,True
b005078,0.0,False,True
b005079,0.0,False,True
b005080,0.0,False,True
b005081,0.0,False,True
b005082,0.0,False,True
b005083,0.0,False,True
b005084,0.0,False,True
b005085,0.0,False,True
b005086,0.0,False,True
b005087,0.0,False,True
b005088,0.0,False,True
b005089,0.0,False,True
b005090,0.0,False,True
b005091,0.0,False,True
b005092,0.0,False,True
b005093,0.0,False,True
b005094,0.0,False,True
b005095,0.0,False,True
b005096,0.0,False,True
b005097,0.0,False,True
b005098,0.0,False,True
b005099,0.0,False,True
b005100,0.0,False,True
b005101,0.0,False,True
b005102,0.0,False,True
b005103,0.0,False,True
b005104,0.0,False,True
b005105,0.0,False,True
b005106,0.0,False,True
b005107,0.0,False,True
b005108,0.0,False,True
b005109,0.0,False,True
b005110,0.0,False,True
b005111,0.0,False,True
b005112,0.0,False,True
b005113,0.0,False,True
b005114,0.0,False,True
b005115,0.0,False,True
b005116,0.0,False,True
b005117,0.0,False,True
b005118,0.0,False,True
b005119,0.0,False,True
b005120,0.0,False,True
b005121,0.0,False,True
b005122,0.0,False,True
b005123,0.0,False,True
b005124,0.0,False,True
b005125,0.0,False,True
b005126,0.0,False,True
b005127,0.0,False,True
b005128,0.0,False,True
b005129,0.0,False,True
b005130,0.0,False,True
b005131,0.0,False,True
b005132,0.0,False,True
b005133,0.0,False,True
b005134,0.0,False,True
b005135,0.0,False,True
b005136,0.0,False,True
b005137,0.0,False,True
b005138,0.0,False,True
b005139,0.0,False,True
b005140,0.0,False,True
b005141,0.0,False,True
b005142,0.0,False,True
b005143,0.0,False,True
b005144,0.0,False,True
b005145,0.0,False,True
b005146,0.0,False,True
b005147,0.616062343120575,True,True
b005148,0.0,False,True
b005149,0.0,False,True
b005150,0.0,False,True
b005151,0.0,False,True
b005152,0.0,False,True
b005153,0.0,False,True
b005154,0.5990212559700012,True,True
b005155,0.0,False,True
b005156,0.0,False,True
b005157,0.0,False,True
b005158,0.0,False,True
b005159,0.0,False,True
b005160,0.0,False,True
b005161,0.0,False,True
b005162,0.0,False,True
b005163,0.0,False,True
b005164,0.0,False,True
b005165,0.0,False,True
b005166,0.0,False,True
b005167,0.0,False,True
b005168,0.0,False,True
b005169,0.0,False,True
b005170,0.0,False,True
b005171,0.0,False,True
b005172,0.0,False,True
b005173,0.0,False,True
b005174,0.0,False,True
b005175,0.0,False,True
b005176,0.0,False,True
b005177,0.0,False,True
b005178,0.0,False,True
b005179,0.0,False,True
b005180,0.0,False,True
b005181,0.0,False,True
b005182,0.0,False,True
b005183,0.0,False,True
b005184,0.0,False,True
b005185,0.0,False,True
b005186,0.0,False,True
b005187,0.0,False,True
b005188,0.0,False,True
b005189,0.0,False,True
b005190,0.0,False,True
b005191,0.0,False,True
b005192,0.0,False,True
b005193,0.0,False,True
b005194,0.0,False,True
b005195,0.0,False,True
b005196,0.0,False,True
b005197,0.0,False,True
b005198,0.0,False,True
b005199,0.0,False,True
b005200,0.0,False,True
b005201,0.0,False,True
b005202,0.0,False,True
b005203,0.0,False,True
b005204,0.0,False,True
b005205,0.0,False,True
b005206,0.0,False,True
b005207,0.0,False,True
b005208,0.0,False,True
b005209,0.0,False,True
b005210,0.0,False,True
b005211,0.0,False,True
b005212,0.0,False,True
b005213,0.0,False,True
b005214,0.0,False,True
b005215,0.0,False,True
b005216,0.0,False,True
b005217,0.0,False,True
b005218,0.0,False,True
b005219,0.0,False,True
b005220,0.0,False,True
b005221,0.0,False,True
b005222,0.0,False,True
b005223,0.0,False,True
b005224,0.0,False,True
b005225,0.0,False,True
b005226,0.0,False,True
b005227,0.0,False,True
b005228,0.0,False,True
b005229,0.0,False,True
b005230,0.0,False,True
b005231,0.0,False,True
b005232,0.0,False,True
b005233,0.0,False,True
b005234,0.0,False,True
b005235,0.0,False,True
b005236,0.0,False,True
b005237,0.0,False,True
b005238,0.0,False,True
b005239,0.0,False,True
b005240,0.0,False,True
b005241,0.0,False,True
b005242,0.0,False,True
b005243,0.0,False,True
b005244,0.0,False,True
b005245,0.0,False,True
b005246,0.0,False,True
b005247,0.0,False,True
b005248,0.2640306055545807,True,True
b005249,0.0,False,True
b005250,0.0,False,True
b005251,0.0,False,True
b005252,0.0,False,True
b005253,0.0,False,True
b005254,0.0,False,True
b005255,0.0,False,True
b005256,0.0,False,True
b005257,0.0,False,True
b005258,0.0,False,True
b005259,0.0,False,True
b005260,0.0,False,True
b005261,0.0,False,True
b005262,0.0,False,True
b005263,0.0,False,True
b005264,0.0,False,True
b005265,0.0,False,True
b005266,0.0,False,True
b005267,0.0,False,True
b005268,0.0,False,True
b005269,0.0,False,True
b005270,0.0,False,True
b005271,0.0,False,True
b005272,0.0,False,True
b005273,0.2718822658061981,True,True
b005274,0.0,False,True
b005275,0.0,False,True
b005276,0.0,False,True
b005277,0.0,False,True
b005278,0.0,False,True
b005279,0.0,False,True
b005280,0.0,False,True
b005281,0.0,False,True
b005282,0.0,False,True
b005283,0.0,False,True
b005284,0.0,False,True
b005285,0.0,False,True
b005286,0.0,False,True
b005287,0.0,False,True
b005288,0.0,False,True
b005289,0.0,False,True
b005290,0.0,False,True
b005291,0.0,False,True
b005292,0.0,False,True
b005293,0.0,False,True
b005294,0.0,False,True
b005295,0.0,False,True
b005296,0.0,False,True
b005297,0.0,False,True
b005298,0.0,False,True
b005299,0.0,False,True
b005300,0.0,False,True
b005301,0.0,False,True
b005302,0.0,False,True
b005303,0.0,False,True
b005304,0.0,False,True
b005305,0.0,False,True
b005306,0.0,False,True
b005307,0.0,False,True
b005308,0.0,False,True
b005309,0.0,False,True
b005310,0.0,False,True
b005311,0.0,False,True
b005312,0.0,False,True
b005313,0.0,False,True
b005314,0.0,False,True
b005315,0.0,False,True
b005316,0.0,False,True
b005317,0.0,False,True
b005318,0.0,False,True
b005319,0.0,False,True
b005320,0.0,False,True
b005321,0.0,False,True
b005322,0.0,False,True
b005323,0.0,False,True
b005324,0.0,False,True
b005325,0.0,False,True
b005326,0.0,False,True
b005327,0.0,False,True
b005328,0.0,False,True
b005329,0.0,False,True
b005330,0.0,False,True
b005331,0.0,False,True
b005332,0.0,False,True
b005333,0.0,False,True
b005334,0.0,False,True
b005335,0.0,False,True
b005336,0.0,False,True
b005337,0.0,False,True
b005338,0.0,False,True
b005339,0.0,False,True
b005340,0.0,False,True
b005341,0.0,False,True
b005342,0.0,False,True
b005343,0.0,False,True
b005344,0.0,False,True
b005345,0.0,False,True
b005346,0.0,False,True
b005347,0.0,False,True
b005348,0.0,False,True
b005349,0.0,False,True
b005350,0.0,False,True
b005351,0.0,False,True
b005352,0.0,False,True
b005353,0.0,False,True
b005354,0.0,False,True
b005355,0.0,False,True
b005356,0.0,False,True
b005357,0.0,False,True
b005358,0.0,False,True
b005359,0.0,False,True
b005360,0.0,False,True
b005361,0.0,False,True
b005362,0.0,False,True
b005363,0.0,False,True
b005364,0.0,False,True
b005365,0.0,False,True
b005366,0.0,False,True
b005367,0.0,False,True
b005368,0.0,False,True
b005369,0.0,False,True
b005370,0.0,False,True
b005371,0.0,False,True
b005372,0.0,False,True
b005373,0.0,False,True
b005374,0.0,False,True
b005375,0.0,False,True
b005376,0.0,False,True
b005377,0.0,False,True
b005378,0.0,False,True
b005379,0.0,False,True
b005380,0.0,False,True
b005381,0.0,False,True
b005382,0.0,False,True
b005383,0.0,False,True
b005384,0.0,False,True
b005385,0.0,False,True
b005386,0.0,False,True
b005387,0.0,False,True
b005388,0.0,False,True
b005389,0.0,False,True
b005390,0.0,False,True
b005391,0.0,False,True
b005392,0.0,False,True
b005393,0.0,False,True
b005394,0.0,False,True
b005395,0.0,False,True
b005396,0.0,False,True
b005397,0.0,False,True
b005398,0.0,False,True
b005399,0.0,False,True
b005400,0.0,False,True
b005401,0.0,False,True
b005402,0.0,False,True
b005403,0.0,False,True
b005404,0.0,False,True
b005405,0.0,False,True
b005406,0.0,False,True
b005407,0.0,False,True
b005408,0.0,False,True
b005409,0.0,False,True
b005410,0.0,False,True
b005411,0.0,False,True
b005412,0.0,False,True
b005413,0.0,False,True
b005414,0.0,False,True
b005415,0.0,False,True
b005416,0.0,False,True
b005417,0.0,False,True
b005418,0.0,False,True
b005419,0.0,False,True
b005420,0.0,False,True
b005421,0.0,False,True
b005422,0.0,False,True
b005423,0.0,False,True
b005424,0.0,False,True
b005425,0.0,False,True
b005426,0.0,False,True
b005427,0.0,False,True
b005428,0.0,False,True
b005429,0.0,False,True
b005430,0.0,False,True
b005431,0.0,False,True
b005432,0.0,False,True
b005433,0.0,False,True
b005434,0.102758027613163,True,True
b005435,0.0,False,True
b005436,0.0,False,True
b005437,0.0,False,True
b005438,0.0,False,True
b005439,0.0,False,True
b005440,0.0,False,True
b005441,0.0,False,True
b005442,0.14496180415153503,True,True
b005443,0.0,False,True
b005444,0.0,False,True
b005445,0.0,False,True
b005446,0.0,False,True
b005447,0.0,False,True
b005448,0.0,False,True
b005449,0.0,False,True
b005450,0.0,False,True
b005451,0.0,False,True
b005452,0.0,False,True
b005453,0.0,False,True
b005454,0.0,False,True
b005455,0.0,False,True
b005456,0.0,False,True
b005457,0.0,False,True
b005458,0.0,False,True
b005459,0.0,False,True
b005460,0.0,False,True
b005461,0.0,False,True
b005462,0.0,False,True
b005463,0.0,False,True
b005464,0.0,False,True
b005465,0.0,False,True
b005466,0.0,False,True
b005467,0.0,False,True
b005468,0.0,False,True
b005469,0.0,False,True
b005470,0.0,False,True
b005471,0.24127520620822906,True,True
b005472,0.0,False,True
b005473,0.0,False,True
b005474,0.0,False,True
b005475,0.0,False,True
b005476,0.0,False,True
b005477,0.0,False,True
b005478,0.0,False,True
b005479,0.0,False,True
b005480,0.0,False,True
b005481,0.0,False,True
b005482,0.0,False,True
b005483,0.0,False,True
b005484,0.0,False,True
b005485,0.0,False,True
b005486,0.0,False,True
b005487,0.0,False,True
b005488,0.3856161832809448,True,True
b005489,0.0,False,True
b005490,0.0,False,True
b005491,0.0,False,True
b005492,0.0,False,True
b005493,0.0,False,True
b005494,0.0,False,True
b005495,0.0,False,True
b005496,0.0,False,True
b005497,0.0,False,True
b005498,0.0,False,True
b005499,0.0,False,True
b005500,0.0,False,True
b005501,0.0,False,True
b005502,0.0,False,True
b005503,0.0,False,True
b005504,0.0,False,True
b005505,0.0,False,True
b005506,0.0,False,True
b005507,0.0,False,True
b005508,0.0,False,True
b005509,0.0,False,True
b005510,0.0,False,True
b005511,0.0,False,True
b005512,0.0,False,True
b005513,0.0,False,True
b005514,0.0,False,True
b005515,0.0,False,True
b005516,0.0,False,True
b005517,0.0,False,True
b005518,0.0,False,True
b005519,0.0,False,True
b005520,0.0,False,True
b005521,0.0,False,True
b005522,0.0,False,True
b005523,0.0,False,True
b005524,0.0,False,True
b005525,0.0,False,True
b005526,0.0,False,True
b005527,0.0,False,True
b005528,0.0,False,True
b005529,0.0,False,True
b005530,0.0,False,True
b005531,0.0,False,True
b005532,0.0,False,True
b005533,0.0,False,True
b005534,0.0,False,True
b005535,0.0,False,True
b005536,0.0,False,True
b005537,0.0,False,True
b005538,0.0,False,True
b005539,0.0,False,True
b005540,0.0,False,True
b005541,0.0,False,True
b005542,0.0,False,True
b005543,0.0,False,True
b005544,0.0,False,True
b005545,0.0,False,True
b005546,0.0,False,True
b005547,0.0,False,True
b005548,0.0,False,True
b005549,0.0,False,True
b005550,0.0,False,True
b005551,0.0,False,True
b005552,0.0,False,True
b005553,0.0,False,True
b005554,0.0,False,True
b005555,0.0,False,True
b005556,0.0,False,True
b005557,0.0,False,True
b005558,0.0,False,True
b005559,0.0,False,True
b005560,0.0,False,True
b005561,0.0,False,True
b005562,0.0,False,True
b005563,0.0,False,True
b005564,0.0,False,True
b005565,0.0,False,True
b005566,0.0,False,True
b005567,0.0,False,True
b005568,0.0,False,True
b005569,0.19044968485832214,True,True
b005570,0.0,False,True
b005571,0.0,False,True
b005572,0.0,False,True
b005573,0.0,False,True
b005574,0.0,False,True
b005575,0.0,False,True
b005576,0.0,False,True
b005577,0.0,False,True
b005578,0.0,False,True
b005579,0.0,False,True
b005580,0.0,False,True
b005581,0.0,False,True
b005582,0.0,False,True
b005583,0.0,False,True
b005584,0.0,False,True
b005585,0.0,False,True
b005586,0.0,False,True
b005587,0.0,False,True
b005588,0.0,False,True
b005589,0.0,False,True
b005590,0.0,False,True
b005591,0.0,False,True
b005592,0.0,False,True
b005593,0.0,False,True
b005594,0.0,False,True
b005595,0.0,False,True
b005596,0.0,False,True
b005597,0.0,False,True
b005598,0.0,False,True
b005599,0.0,False,True
b005600,0.0,False,True
b005601,0.0,False,True
b005602,0.0,False,True
b005603,0.0,False,True
b005604,0.0,False,True
b005605,0.0,False,True
b005606,0.0,False,True
b005607,0.0,False,True
b005608,0.0,False,True
b005609,0.0,False,True
b005610,0.0,False,True
b005611,0.0,False,True
b005612,0.0,False,True
b005613,0.0,False,True
b005614,0.0,False,True
b005615,0.0,False,True
b005616,0.0,False,True
b005617,0.0,False,True
b005618,0.0,False,True
b005619,0.0,False,True
b005620,0.0,False,True
b005621,0.0,False,True
b005622,0.0,False,True
b005623,0.0,False,True
b005624,0.0,False,True
b005625,0.0,False,True
b005626,0.0,False,True
b005627,0.0,False,True
b005628,0.0,False,True
b005629,0.0,False,True
b005630,0.0,False,True
b005631,0.0,False,True
b005632,0.0,False,True
b005633,0.0,False,True
b005634,0.0,False,True
b005635,0.0,False,True
b005636,0.0,False,True
b005637,0.0,False,True
b005638,0.0,False,True
b005639,0.1765008270740509,True,True
b005640,0.0,False,True
b005641,0.0,False,True
b005642,0.0,False,True
b005643,0.0,False,True
b005644,0.0,False,True
b005645,0.0,False,True
b005646,0.0,False,True
b005647,0.0,False,True
b005648,0.0,False,True
b005649,0.0,False,True
b005650,0.0,False,True
b005651,0.0,False,True
b005652,0.0,False,True
b005653,0.0,False,True
b005654,0.0,False,True
b005655,0.0,False,True
b005656,0.0,False,True
b005657,0.0,False,True
b005658,0.0,False,True
b005659,0.0,False,True
b005660,0.0,False,True
b005661,0.0,False,True
b005662,0.0,False,True
b005663,0.0,False,True
b005664,0.0,False,True
b005665,0.0,False,True
b005666,0.0,False,True
b005667,0.0,False,True
b005668,0.0,False,True
b005669,0.0,False,True
b005670,0.0,False,True
b005671,0.0,False,True
b005672,0.0,False,True
b005673,0.0,False,True
b005674,0.0,False,True
b005675,0.0,False,True
b005676,0.0,False,True
b005677,0.0,False,True
b005678,0.1446637064218521,True,True
b005679,0.0,False,True
b005680,0.0,False,True
b005681,0.0,False,True
b005682,0.0,False,True
b005683,0.0,False,True
b005684,0.0,False,True
b005685,0.0,False,True
b005686,0.0,False,True
b005687,0.0,False,True
b005688,0.0,False,True
b005689,0.0,False,True
b005690,0.0,False,True
b005691,0.0,False,True
b005692,0.0,False,True
b005693,0.0,False,True
b005694,0.0,False,True
b005695,0.0,False,True
b005696,0.0,False,True
b005697,0.0,False,True
b005698,0.0,False,True
b005699,0.0,False,True
b005700,0.0,False,True
b005701,0.0,False,True
b005702,0.0,False,True
b005703,0.0,False,True
b005704,0.0,False,True
b005705,0.0,False,True
b005706,0.0,False,True
b005707,0.0,False,True
b005708,0.0,False,True
b005709,0.0,False,True
b005710,0.0,False,True
b005711,0.0,False,True
b005712,0.0,False,True
b005713,0.0,False,True
b005714,0.10508939623832703,True,True
b005715,0.0,False,True
b005716,0.0,False,True
b005717,0.0,False,True
b005718,0.0,False,True
b005719,0.0,False,True
b005720,0.0,False,True
b005721,0.0,False,True
b005722,0.0,False,True
b005723,0.0,False,True
b005724,0.0,False,True
b005725,0.0,False,True
b005726,0.0,False,True
b005727,0.0,False,True
b005728,0.0,False,True
b005729,0.0,False,True
b005730,0.0,False,True
b005731,0.0,False,True
b005732,0.0,False,True
b005733,0.0,False,True
b005734,0.0,False,True
b005735,0.0,False,True
b005736,0.0,False,True
b005737,0.0,False,True
b005738,0.0,False,True
b005739,0.0,False,True
b005740,0.0,False,True
b005741,0.0,False,True
b005742,0.0,False,True
b005743,0.0,False,True
b005744,0.0,False,True
b005745,0.0,False,True
b005746,0.0,False,True
b005747,0.0,False,True
b005748,0.0,False,True
b005749,0.0,False,True
b005750,0.0,False,True
b005751,0.0,False,True
b005752,0.0,False,True
b005753,0.0,False,True
b005754,0.0,False,True
b005755,0.0,False,True
b005756,0.0,False,True
b005757,0.0,False,True
b005758,0.0,False,True
b005759,0.0,False,True
b005760,0.0,False,True
b005761,0.0,False,True
b005762,0.0,False,True
b005763,0.0,False,True
b005764,0.0,False,True
b005765,0.0,False,True
b005766,0.0,False,True
b005767,0.0,False,True
b005768,0.0,False,True
b005769,0.0,False,True
b005770,0.0,False,True
b005771,0.0,False,True
b005772,0.0,False,True
b005773,0.0,False,True
b005774,0.0,False,True
b005775,0.0,False,True
b005776,0.0,False,True
b005777,0.0,False,True
b005778,0.0,False,True
b005779,0.0,False,True
b005780,0.0,False,True
b005781,0.0,False,True
b005782,0.0,False,True
b005783,0.0,False,True
b005784,0.0,False,True
b005785,0.0,False,True
b005786,0.0,False,True
b005787,0.0,False,True
b005788,0.0,False,True
b005789,0.0,False,True
b005790,0.0,False,True
b005791,0.0,False,True
b005792,0.0,False,True
b005793,0.0,False,True
b005794,0.0,False,True
b005795,0.0,False,True
b005796,0.0,False,True
b005797,0.0,False,True
b005798,0.0,False,True
b005799,0.0,False,True
b005800,0.0,False,True
b005801,0.0,False,True
b005802,0.0,False,True
b005803,0.0,False,True
b005804,0.0,False,True
b005805,0.0,False,True
b005806,0.0,False,True
b005807,0.0,False,True
b005808,0.0,False,True
b005809,0.0,False,True
b005810,0.0,False,True
b005811,0.0,False,True
b005812,0.0,False,True
b005813,0.0,False,True
b005814,0.0,False,True
b005815,0.0,False,True
b005816,0.0,False,True
b005817,0.0,False,True
b005818,0.0,False,True
b005819,0.0,False,True
b005820,0.0,False,True
b005821,0.0,False,True
b005822,0.0,False,True
b005823,0.0,False,True
b005824,0.0,False,True
b005825,0.0,False,True
b005826,0.0,False,True
b005827,0.0,False,True
b005828,0.0,False,True
b005829,0.0,False,True
b005830,0.0,False,True
b005831,0.0,False,True
b005832,0.0,False,True
b005833,0.0,False,True
b005834,0.0,False,True
b005835,0.0,False,True
b005836,0.0,False,True
b005837,0.0,False,True
b005838,0.0,False,True
b005839,0.0,False,True
b005840,0.0,False,True
b005841,0.0,False,True
b005842,0.0,False,True
b005843,0.0,False,True
b005844,0.0,False,True
b005845,0.0,False,True
b005846,0.0,False,True
b005847,0.0,False,True
b005848,0.0,False,True
b005849,0.0,False,True
b005850,0.0,False,True
b005851,0.0,False,True
b005852,0.0,False,True
b005853,0.0,False,True
b005854,0.0,False,True
b005855,0.0,False,True
b005856,0.0,False,True
b005857,0.0,False,True
b005858,0.0,False,True
b005859,0.0,False,True
b005860,0.0,False,True
b005861,0.0,False,True
b005862,0.0,False,True
b005863,0.0,False,True
b005864,0.0,False,True
b005865,0.0,False,True
b005866,0.0,False,True
b005867,0.0,False,True
b005868,0.0,False,True
b005869,0.0,False,True
b005870,0.0,False,True
b005871,0.0,False,True
b005872,0.0,False,True
b005873,0.0,False,True
b005874,0.0,False,True
b005875,0.0,False,True
b005876,0.0,False,True
b005877,0.0,False,True
b005878,0.0,False,True
b005879,0.0,False,True
b005880,0.0,False,True
b005881,0.0,False,True
b005882,0.0,False,True
b005883,0.0,False,True
b005884,0.0,False,True
b005885,0.0,False,True
b005886,0.0,False,True
b005887,0.0,False,True
b005888,0.0,False,True
b005889,0.0,False,True
b005890,0.0,False,True
b005891,0.0,False,True
b005892,0.0,False,True
b005893,0.0,False,True
b005894,0.0,False,True
b005895,0.0,False,True
b005896,0.0,False,True
b005897,0.0,False,True
b005898,0.0,False,True
b005899,0.0,False,True
b005900,0.0,False,True
b005901,0.0,False,True
b005902,0.0,False,True
b005903,0.0,False,True
b005904,0.0,False,True
b005905,0.0,False,True
b005906,0.0,False,True
b005907,0.0,False,True
b005908,0.0,False,True
b005909,0.0,False,True
b005910,0.0,False,True
b005911,0.0,False,True
b005912,0.0,False,True
b005913,0.0,False,True
b005914,0.0,False,True
b005915,0.0,False,True
b005916,0.0,False,True
b005917,0.0,False,True
b005918,0.0,False,True
b005919,0.0,False,True
b005920,0.0,False,True
b005921,0.0,False,True
b005922,0.0,False,True
b005923,0.0,False,True
b005924,0.0,False,True
b005925,0.0,False,True
b005926,0.0,False,True
b005927,0.0,False,True
b005928,0.0,False,True
b005929,0.0,False,True
b005930,0.0,False,True
b005931,0.0,False,True
b005932,0.0,False,True
b005933,0.0,False,True
b005934,0.0,False,True
b005935,0.0,False,True
b005936,0.0,False,True
b005937,0.0,False,True
b005938,0.0,False,True
b005939,0.0,False,True
b005940,0.0,False,True
b005941,0.1575782299041748,True,True
b005942,0.0,False,True
b005943,0.0,False,True
b005944,0.0,False,True
b005945,0.0,False,True
b005946,0.0,False,True
b005947,0.0,False,True
b005948,0.0,False,True
b005949,0.0,False,True
b005950,0.0,False,True
b005951,0.0,False,True
b005952,0.0,False,True
b005953,0.0,False,True
b005954,0.0,False,True
b005955,0.0,False,True
b005956,0.0,False,True
b005957,0.0,False,True
b005958,0.0,False,True
b005959,0.0,False,True
b005960,0.0,False,True
b005961,0.0,False,True
b005962,0.0,False,True
b005963,0.0,False,True
b005964,0.0,False,True
b005965,0.0,False,True
b005966,0.0,False,True
b005967,0.4001519978046417,True,True
b005968,0.0,False,True
b005969,0.0,False,True
b005970,0.0,False,True
b005971,0.0,False,True
b005972,0.0,False,True
b005973,0.0,False,True
b005974,0.0,False,True
b005975,0.0,False,True
b005976,0.0,False,True
b005977,0.0,False,True
b005978,0.0,False,True
b005979,0.0,False,True
b005980,0.0,False,True
b005981,0.0,False,True
b005982,0.0,False,True
b005983,0.0,False,True
b005984,0.0,False,True
b005985,0.0,False,True
b005986,0.0,False,True
b005987,0.0,False,True
b005988,0.0,False,True
b005989,0.0,False,True
b005990,0.0,False,True
b005991,0.0,False,True
b005992,0.0,False,True
b005993,0.1286204755306244,True,True
b005994,0.0,False,True
b005995,0.0,False,True
b005996,0.0,False,True
b005997,0.0,False,True
b005998,0.0,False,True
b005999,0.0,False,True
b006000,0.0,False,True
b006001,0.0,False,True
b006002,0.0,False,True
b006003,0.0,False,True
b006004,0.0,False,True
b006005,0.0,False,True
b006006,0.0,False,True
b006007,0.0,False,True
b006008,0.0,False,True
b006009,0.0,False,True
b006010,0.0,False,True
b006011,0.0,False,True
b006012,0.0,False,True
b006013,0.0,False,True
b006014,0.0,False,True
b006015,0.0,False,True
b006016,0.0,False,True
b006017,0.0,False,True
b006018,0.0,False,True
b006019,0.0,False,True
b006020,0.0,False,True
b006021,0.0,False,True
b006022,0.0,False,True
b006023,0.0,False,True
b006024,0.0,False,True
b006025,0.0,False,True
b006026,0.0,False,True
b006027,0.0,False,True
b006028,0.0,False,True
b006029,0.0,False,True
b006030,0.0,False,True
b006031,0.0,False,True
b006032,0.0,False,True
b006033,0.12849941849708557,True,True
b006034,0.0,False,True
b006035,0.0,False,True
b006036,0.0,False,True
b006037,0.0,False,True
b006038,0.0,False,True
b006039,0.0,False,True
b006040,0.15348102152347565,True,True
b006041,0.0,False,True
b006042,0.0,False,True
b006043,0.0,False,True
b006044,0.0,False,True
b006045,0.0,False,True
b006046,0.0,False,True
b006047,0.0,False,True
b006048,0.0,False,True
b006049,0.0,False,True
b006050,0.0,False,True
b006051,0.0,False,True
b006052,0.0,False,True
b006053,0.0,False,True
b006054,0.0,False,True
b006055,0.0,False,True
b006056,0.0,False,True
b006057,0.0,False,True
b006058,0.0,False,True
b006059,0.0,False,True
b006060,0.0,False,True
b006061,0.0,False,True
b006062,0.0,False,True
b006063,0.0,False,True
b006064,0.0,False,True
b006065,0.0,False,True
b006066,0.0,False,True
b006067,0.0,False,True
b006068,0.0,False,True
b006069,0.0,False,True
b006070,0.0,False,True
b006071,0.0,False,True
b006072,0.0,False,True
b006073,0.0,False,True
b006074,0.0,False,True
b006075,0.0,False,True
b006076,0.0,False,True
b006077,0.0,False,True
b006078,0.0,False,True
b006079,0.0,False,True
b006080,0.0,False,True
b006081,0.0,False,True
b006082,0.0,False,True
b006083,0.0,False,True
b006084,0.0,False,True
b006085,0.0,False,True
b006086,0.0,False,True
b006087,0.0,False,True
b006088,0.0,False,True
b006089,0.0,False,True
b006090,0.0,False,True
b006091,0.0,False,True
b006092,0.0,False,True
b006093,0.0,False,True
b006094,0.0,False,True
b006095,0.0,False,True
b006096,0.0,False,True
b006097,0.0,False,True
b006098,0.0,False,True
b006099,0.0,False,True
b006100,0.0,False,True
b006101,0.0,False,True
b006102,0.0,False,True
b006103,0.0,False,True
b006104,0.0,False,True
b006105,0.0,False,True
b006106,0.0,False,True
b006107,0.0,False,True
b006108,0.0,False,True
b006109,0.0,False,True
b006110,0.0,False,True
b006111,0.0,False,True
b006112,0.0,False,True
b006113,0.0,False,True
b006114,0.0,False,True
b006115,0.0,False,True
b006116,0.2595524787902832,True,True
b006117,0.0,False,True
b006118,0.0,False,True
b006119,0.1465574949979782,True,True
b006120,0.0,False,True
b006121,0.0,False,True
b006122,0.0,False,True
b006123,0.0,False,True
b006124,0.0,False,True
b006125,0.0,False,True
b006126,0.0,False,True
b006127,0.0,False,True
b006128,0.0,False,True
b006129,0.0,False,True
b006130,0.0,False,True
b006131,0.0,False,True
b006132,0.0,False,True
b006133,0.0,False,True
b006134,0.37721845507621765,True,True
b006135,0.0,False,True
b006136,0.0,False,True
b006137,0.0,False,True
b006138,0.0,False,True
b006139,0.0,False,True
b006140,0.0,False,True
b006141,0.0,False,True
b006142,0.0,False,True
b006143,0.0,False,True
b006144,0.0,False,True
b006145,0.0,False,True
b006146,0.0,False,True
b006147,0.0,False,True
b006148,0.0,False,True
b006149,0.0,False,True
b006150,0.0,False,True
b006151,0.0,False,True
b006152,0.0,False,True
b006153,0.0,False,True
b006154,0.0,False,True
b006155,0.0,False,True
b006156,0.0,False,True
b006157,0.0,False,True
b006158,0.0,False,True
b006159,0.0,False,True
b006160,0.0,False,True
b006161,0.0,False,True
b006162,0.0,False,True
b006163,0.0,False,True
b006164,0.0,False,True
b006165,0.0,False,True
b006166,0.0,False,True
b006167,0.0,False,True
b006168,0.0,False,True
b006169,0.0,False,True
b006170,0.0,False,True
b006171,0.0,False,True
b006172,0.0,False,True
b006173,0.0,False,True
b006174,0.0,False,True
b006175,0.0,False,True
b006176,0.0,False,True
b006177,0.0,False,True
b006178,0.0,False,True
b006179,0.0,False,True
b006180,0.0,False,True
b006181,0.0,False,True
b006182,0.0,False,True
b006183,0.0,False,True
b006184,0.0,False,True
b006185,0.0,False,True
b006186,0.0,False,True
b006187,0.0,False,True
b006188,0.0,False,True
b006189,0.0,False,True
b006190,0.0,False,True
b006191,0.0,False,True
b006192,0.0,False,True
b006193,0.0,False,True
b006194,0.0,False,True
b006195,0.0,False,True
b006196,0.0,False,True
b006197,0.0,False,True
b006198,0.0,False,True
b006199,0.0,False,True
b006200,0.0,False,True
b006201,0.0,False,True
b006202,0.0,False,True
b006203,0.0,False,True
b006204,0.0,False,True
b006205,0.10442328453063965,True,True
b006206,0.0,False,True
b006207,0.0,False,True
b006208,0.0,False,True
b006209,0.0,False,True
b006210,0.0,False,True
b006211,0.0,False,True
b006212,0.0,False,True
b006213,0.0,False,True
b006214,0.0,False,True
b006215,0.0,False,True
b006216,0.0,False,True
b006217,0.0,False,True
b006218,0.0,False,True
b006219,0.0,False,True
b006220,0.0,False,True
b006221,0.0,False,True
b006222,0.14533306658267975,True,True
b006223,0.0,False,True
b006224,0.0,False,True
b006225,0.0,False,True
b006226,0.0,False,True
b006227,0.0,False,True
b006228,0.0,False,True
b006229,0.0,False,True
b006230,0.0,False,True
b006231,0.0,False,True
b006232,0.0,False,True
b006233,0.0,False,True
b006234,0.0,False,True
b006235,0.0,False,True
b006236,0.0,False,True
b006237,0.0,False,True
b006238,0.0,False,True
b006239,0.0,False,True
b006240,0.0,False,True
b006241,0.0,False,True
b006242,0.0,False,True
b006243,0.0,False,True
b006244,0.0,False,True
b006245,0.0,False,True
b006246,0.0,False,True
b006247,0.0,False,True
b006248,0.0,False,True
b006249,0.0,False,True
b006250,0.0,False,True
b006251,0.0,False,True
b006252,0.0,False,True
b006253,0.0,False,True
b006254,0.0,False,True
b006255,0.0,False,True
b006256,0.0,False,True
b006257,0.0,False,True
b006258,0.0,False,True
b006259,0.0,False,True
b006260,0.0,False,True
b006261,0.0,False,True
b006262,0.0,False,True
b006263,0.0,False,True
b006264,0.0,False,True
b006265,0.0,False,True
b006266,0.0,False,True
b006267,0.0,False,True
b006268,0.0,False,True
b006269,0.0,False,True
b006270,0.0,False,True
b006271,0.0,False,True
b006272,0.0,False,True
b006273,0.0,False,True
b006274,0.0,False,True
b006275,0.0,False,True
b006276,0.0,False,True
b006277,0.0,False,True
b006278,0.0,False,True
b006279,0.0,False,True
b006280,0.0,False,True
b006281,0.0,False,True
b006282,0.0,False,True
b006283,0.0,False,True
b006284,0.0,False,True
b006285,0.0,False,True
b006286,0.0,False,True
b006287,0.0,False,True
b006288,0.0,False,True
b006289,0.0,False,True
b006290,0.0,False,True
b006291,0.0,False,True
b006292,0.0,False,True
b006293,0.0,False,True
b006294,0.0,False,True
b006295,0.0,False,True
b006296,0.0,False,True
b006297,0.0,False,True
b006298,0.0,False,True
b006299,0.0,False,True
b006300,0.0,False,True
b006301,0.0,False,True
b006302,0.0,False,True
b006303,0.0,False,True
b006304,0.0,False,True
b006305,0.0,False,True
b006306,0.10178445279598236,True,True
b006307,0.0,False,True
b006308,0.0,False,True
b006309,0.0,False,True
b006310,0.0,False,True
b006311,0.0,False,True
b006312,0.0,False,True
b006313,0.0,False,True
b006314,0.0,False,True
b006315,0.0,False,True
b006316,0.0,False,True
b006317,0.0,False,True
b006318,0.0,False,True
b006319,0.0,False,True
b006320,0.0,False,True
b006321,0.0,False,True
b006322,0.0,False,True
b006323,0.0,False,True
b006324,0.0,False,True
b006325,0.0,False,True
b006326,0.0,False,True
b006327,0.0,False,True
b006328,0.0,False,True
b006329,0.0,False,True
b006330,0.0,False,True
b006331,0.0,False,True
b006332,0.0,False,True
b006333,0.0,False,True
b006334,0.0,False,True
b006335,0.0,False,True
b006336,0.0,False,True
b006337,0.0,False,True
b006338,0.0,False,True
b006339,0.0,False,True
b006340,0.0,False,True
b006341,0.0,False,True
b006342,0.0,False,True
b006343,0.0,False,True
b006344,0.0,False,True
b006345,0.0,False,True
b006346,0.0,False,True
b006347,0.0,False,True
b006348,0.0,False,True
b006349,0.0,False,True
b006350,0.0,False,True
b006351,0.0,False,True
b006352,0.0,False,True
b006353,0.0,False,True
b006354,0.0,False,True
b006355,0.0,False,True
b006356,0.0,False,True
b006357,0.0,False,True
b006358,0.0,False,True
b006359,0.0,False,True
b006360,0.0,False,True
b006361,0.0,False,True
b006362,0.0,False,True
b006363,0.0,False,True
b006364,0.0,False,True
b006365,0.0,False,True
b006366,0.0,False,True
b006367,0.0,False,True
b006368,0.0,False,True
b006369,0.0,False,True
b006370,0.0,False,True
b006371,0.0,False,True
b006372,0.0,False,True
b006373,0.0,False,True
b006374,0.0,False,True
b006375,0.0,False,True
b006376,0.0,False,True
b006377,0.0,False,True
b006378,0.0,False,True
b006379,0.0,False,True
b006380,0.0,False,True
b006381,0.0,False,True
b006382,0.0,False,True
b006383,0.0,False,True
b006384,0.0,False,True
b006385,0.0,False,True
b006386,0.0,False,True
b006387,0.0,False,True
b006388,0.0,False,True
b006389,0.0,False,True
b006390,0.0,False,True
b006391,0.0,False,True
b006392,0.0,False,True
b006393,0.0,False,True
b006394,0.0,False,True
b006395,0.0,False,True
b006396,0.0,False,True
b006397,0.0,False,True
b006398,0.0,False,True
b006399,0.0,False,True
b006400,0.0,False,True
b006401,0.0,False,True
b006402,0.0,False,True
b006403,0.0,False,True
b006404,0.0,False,True
b006405,0.0,False,True
b006406,0.0,False,True
b006407,0.10085704177618027,True,True
b006408,0.0,False,True
b006409,0.0,False,True
b006410,0.0,False,True
b006411,0.0,False,True
b006412,0.0,False,True
b006413,0.0,False,True
b006414,0.0,False,True
b006415,0.0,False,True
b006416,0.0,False,True
b006417,0.0,False,True
b006418,0.0,False,True
b006419,0.0,False,True
b006420,0.0,False,True
b006421,0.0,False,True
b006422,0.0,False,True
b006423,0.0,False,True
b006424,0.0,False,True
b006425,0.0,False,True
b006426,0.0,False,True
b006427,0.0,False,True
b006428,0.0,False,True
b006429,0.0,False,True
b006430,0.0,False,True
b006431,0.0,False,True
b006432,0.0,False,True
b006433,0.0,False,True
b006434,0.0,False,True
b006435,0.0,False,True
b006436,0.0,False,True
b006437,0.0,False,True
b006438,0.0,False,True
b006439,0.10855680704116821,True,True
b006440,0.0,False,True
b006441,0.0,False,True
b006442,0.0,False,True
b006443,0.0,False,True
b006444,0.0,False,True
b006445,0.0,False,True
b006446,0.0,False,True
b006447,0.0,False,True
b006448,0.0,False,True
b006449,0.0,False,True
b006450,0.0,False,True
b006451,0.0,False,True
b006452,0.0,False,True
b006453,0.0,False,True
b006454,0.0,False,True
b006455,0.0,False,True
b006456,0.0,False,True
b006457,0.0,False,True
b006458,0.0,False,True
b006459,0.0,False,True
b006460,0.0,False,True
b006461,0.0,False,True
b006462,0.0,False,True
b006463,0.0,False,True
b006464,0.0,False,True
b006465,0.0,False,True
b006466,0.5163318514823914,True,True
b006467,0.0,False,True
b006468,0.0,False,True
b006469,0.0,False,True
b006470,0.0,False,True
b006471,0.0,False,True
b006472,0.0,False,True
b006473,0.0,False,True
b006474,0.0,False,True
b006475,0.2016115039587021,True,True
b006476,0.0,False,True
b006477,0.0,False,True
b006478,0.0,False,True
b006479,0.278535932302475,True,True
b006480,0.0,False,True
b006481,0.0,False,True
b006482,0.0,False,True
b006483,0.0,False,True
b006484,0.0,False,True
b006485,0.0,False,True
b006486,0.0,False,True
b006487,0.0,False,True
b006488,0.0,False,True
b006489,0.0,False,True
b006490,0.0,False,True
b006491,0.0,False,True
b006492,0.0,False,True
b006493,0.0,False,True
b006494,0.0,False,True
b006495,0.0,False,True
b006496,0.0,False,True
b006497,0.0,False,True
b006498,0.0,False,True
b006499,0.0,False,True
b006500,0.0,False,True
b006501,0.0,False,True
b006502,0.0,False,True
b006503,0.0,False,True
b006504,0.0,False,True
b006505,0.14628735184669495,True,True
b006506,0.0,False,True
b006507,0.0,False,True
b006508,0.0,False,True
b006509,0.0,False,True
b006510,0.0,False,True
b006511,0.0,False,True
b006512,0.0,False,True
b006513,0.0,False,True
b006514,0.0,False,True
b006515,0.0,False,True
b006516,0.0,False,True
b006517,0.0,False,True
b006518,0.0,False,True
b006519,0.0,False,True
b006520,0.0,False,True
b006521,0.0,False,True
b006522,0.0,False,True
b006523,0.0,False,True
b006524,0.0,False,True
b006525,0.0,False,True
b006526,0.0,False,True
b006527,0.0,False,True
b006528,0.0,False,True
b006529,0.0,False,True
b006530,0.0,False,True
b006531,0.0,False,True
b006532,0.0,False,True
b006533,0.0,False,True
b006534,0.0,False,True
b006535,0.0,False,True
b006536,0.0,False,True
b006537,0.0,False,True
b006538,0.0,False,True
b006539,0.0,False,True
b006540,0.0,False,True
b006541,0.0,False,True
b006542,0.0,False,True
b006543,0.0,False,True
b006544,0.0,False,True
b006545,0.0,False,True
b006546,0.0,False,True
b006547,0.0,False,True
b006548,0.0,False,True
b006549,0.0,False,True
b006550,0.0,False,True
b006551,0.0,False,True
b006552,0.0,False,True
b006553,0.0,False,True
b006554,0.0,False,True
b006555,0.0,False,True
b006556,0.0,False,True
b006557,0.0,False,True
b006558,0.0,False,True
b006559,0.0,False,True
b006560,0.0,False,True
b006561,0.0,False,True
b006562,0.0,False,True
b006563,0.0,False,True
b006564,0.0,False,True
b006565,0.0,False,True
b006566,0.26776599884033203,True,True
b006567,0.0,False,True
b006568,0.0,False,True
b006569,0.0,False,True
b006570,0.0,False,True
b006571,0.0,False,True
b006572,0.0,False,True
b006573,0.0,False,True
b006574,0.0,False,True
b006575,0.0,False,True
b006576,0.0,False,True
b006577,0.0,False,True
b006578,0.0,False,True
b006579,0.0,False,True
b006580,0.0,False,True
b006581,0.0,False,True
b006582,0.0,False,True
b006583,0.0,False,True
b006584,0.3377434313297272,True,True
b006585,0.0,False,True
b006586,0.0,False,True
b006587,0.0,False,True
b006588,0.0,False,True
b006589,0.0,False,True
b006590,0.0,False,True
b006591,0.0,False,True
b006592,0.0,False,True
b006593,0.0,False,True
b006594,0.0,False,True
b006595,0.0,False,True
b006596,0.0,False,True
b006597,0.0,False,True
b006598,0.0,False,True
b006599,0.11526349931955338,True,True
b006600,0.0,False,True
b006601,0.0,False,True
b006602,0.0,False,True
b006603,0.0,False,True
b006604,0.0,False,True
b006605,0.0,False,True
b006606,0.3619605600833893,True,True
b006607,0.0,False,True
b006608,0.0,False,True
b006609,0.0,False,True
b006610,0.0,False,True
b006611,0.0,False,True
b006612,0.0,False,True
b006613,0.0,False,True
b006614,0.0,False,True
b006615,0.0,False,True
b006616,0.0,False,True
b006617,0.0,False,True
b006618,0.0,False,True
b006619,0.0,False,True
b006620,0.0,False,True
b006621,0.0,False,True
b006622,0.0,False,True
b006623,0.0,False,True
b006624,0.0,False,True
b006625,0.0,False,True
b006626,0.0,False,True
b006627,0.0,False,True
b006628,0.0,False,True
b006629,0.0,False,True
b006630,0.0,False,True
b006631,0.0,False,True
b006632,0.1793919801712036,True,True
b006633,0.0,False,True
b006634,0.0,False,True
b006635,0.0,False,True
b006636,0.0,False,True
b006637,0.0,False,True
b006638,0.0,False,True
b006639,0.0,False,True
b006640,0.0,False,True
b006641,0.0,False,True
b006642,0.0,False,True
b006643,0.0,False,True
b006644,0.0,False,True
b006645,0.0,False,True
b006646,0.0,False,True
b006647,0.0,False,True
b006648,0.0,False,True
b006649,0.0,False,True
b006650,0.0,False,True
b006651,0.0,False,True
b006652,0.0,False,True
b006653,0.0,False,True
b006654,0.0,False,True
b006655,0.0,False,True
b006656,0.0,False,True
b006657,0.0,False,True
b006658,0.0,False,True
b006659,0.0,False,True
b006660,0.0,False,True
b006661,0.0,False,True
b006662,0.0,False,True
b006663,0.0,False,True
b006664,0.0,False,True
b006665,0.0,False,True
b006666,0.0,False,True
b006667,0.0,False,True
b006668,0.0,False,True
b006669,0.0,False,True
b006670,0.0,False,True
b006671,0.0,False,True
b006672,0.0,False,True
b006673,0.29331541061401367,True,True
b006674,0.0,False,True
b006675,0.0,False,True
b006676,0.0,False,True
b006677,0.0,False,True
b006678,0.0,False,True
b006679,0.0,False,True
b006680,0.0,False,True
b006681,0.0,False,True
b006682,0.0,False,True
b006683,0.0,False,True
b006684,0.0,False,True
b006685,0.0,False,True
b006686,0.0,False,True
b006687,0.0,False,True
b006688,0.0,False,True
b006689,0.0,False,True
b006690,0.0,False,True
b006691,0.0,False,True
b006692,0.0,False,True
b006693,0.0,False,True
b006694,0.0,False,True
b006695,0.0,False,True
b006696,0.0,False,True
b006697,0.0,False,True
b006698,0.0,False,True
b006699,0.0,False,True
b006700,0.0,False,True
b006701,0.0,False,True
b006702,0.0,False,True
b006703,0.3225158751010895,True,True
b006704,0.0,False,True
b006705,0.0,False,True
b006706,0.0,False,True
b006707,0.0,False,True
b006708,0.0,False,True
b006709,0.0,False,True
b006710,0.0,False,True
b006711,0.0,False,True
b006712,0.0,False,True
b006713,0.0,False,True
b006714,0.0,False,True
b006715,0.0,False,True
b006716,0.0,False,True
b006717,0.0,False,True
b006718,0.0,False,True
b006719,0.0,False,True
b006720,0.0,False,True
b006721,0.0,False,True
b006722,0.0,False,True
b006723,0.0,False,True
b006724,0.0,False,True
b006725,0.0,False,True
b006726,0.0,False,True
b006727,0.0,False,True
b006728,0.0,False,True
b006729,0.0,False,True
b006730,0.0,False,True
b006731,0.0,False,True
b006732,0.0,False,True
b006733,0.0,False,True
b006734,0.0,False,True
b006735,0.0,False,True
b006736,0.0,False,True
b006737,0.0,False,True
b006738,0.0,False,True
b006739,0.0,False,True
b006740,0.0,False,True
b006741,0.0,False,True
b006742,0.0,False,True
b006743,0.0,False,True
b006744,0.0,False,True
b006745,0.0,False,True
b006746,0.0,False,True
b006747,0.0,False,True
b006748,0.0,False,True
b006749,0.0,False,True
b006750,0.0,False,True
b006751,0.0,False,True
b006752,0.0,False,True
b006753,0.0,False,True
b006754,0.0,False,True
b006755,0.0,False,True
b006756,0.0,False,True
b006757,0.0,False,True
b006758,0.0,False,True
b006759,0.0,False,True
b006760,0.0,False,True
b006761,0.0,False,True
b006762,0.0,False,True
b006763,0.0,False,True
b006764,0.0,False,True
b006765,0.0,False,True
b006766,0.0,False,True
b006767,0.0,False,True
b006768,0.0,False,True
b006769,0.0,False,True
b006770,0.0,False,True
b006771,0.0,False,True
b006772,0.0,False,True
b006773,0.0,False,True
b006774,0.0,False,True
b006775,0.0,False,True
b006776,0.0,False,True
b006777,0.0,False,True
b006778,0.0,False,True
b006779,0.0,False,True
b006780,0.0,False,True
b006781,0.0,False,True
b006782,0.0,False,True
b006783,0.0,False,True
b006784,0.0,False,True
b006785,0.0,False,True
b006786,0.0,False,True
b006787,0.0,False,True
b006788,0.0,False,True
b006789,0.0,False,True
b006790,0.0,False,True
b006791,0.0,False,True
b006792,0.0,False,True
b006793,0.0,False,True
b006794,0.0,False,True
b006795,0.0,False,True
b006796,0.0,False,True
b006797,0.0,False,True
b006798,0.0,False,True
b006799,0.0,False,True
b006800,0.0,False,True
b006801,0.0,False,True
b006802,0.0,False,True
b006803,0.0,False,True
b006804,0.0,False,True
b006805,0.0,False,True
b006806,0.0,False,True
b006807,0.0,False,True
b006808,0.0,False,True
b006809,0.0,False,True
b006810,0.0,False,True
b006811,0.0,False,True
b006812,0.0,False,True
b006813,0.0,False,True
b006814,0.0,False,True
b006815,0.0,False,True
b006816,0.0,False,True
b006817,0.0,False,True
b006818,0.0,False,True
b006819,0.0,False,True
b006820,0.3808295428752899,True,True
b006821,0.0,False,True
b006822,0.0,False,True
b006823,0.0,False,True
b006824,0.0,False,True
b006825,0.0,False,True
b006826,0.0,False,True
b006827,0.0,False,True
b006828,0.0,False,True
b006829,0.0,False,True
b006830,0.0,False,True
b006831,0.0,False,True
b006832,0.0,False,True
b006833,0.0,False,True
b006834,0.0,False,True
b006835,0.0,False,True
b006836,0.0,False,True
b006837,0.0,False,True
b006838,0.0,False,True
b006839,0.0,False,True
b006840,0.0,False,True
b006841,0.0,False,True
b006842,0.0,False,True
b006843,0.0,False,True
b006844,0.0,False,True
b006845,0.0,False,True
b006846,0.0,False,True
b006847,0.0,False,True
b006848,0.0,False,True
b006849,0.0,False,True
b006850,0.0,False,True
b006851,0.0,False,True
b006852,0.0,False,True
b006853,0.0,False,True
b006854,0.0,False,True
b006855,0.0,False,True
b006856,0.0,False,True
b006857,0.0,False,True
b006858,0.0,False,True
b006859,0.0,False,True
b006860,0.0,False,True
b006861,0.0,False,True
b006862,0.0,False,True
b006863,0.0,False,True
b006864,0.0,False,True
b006865,0.0,False,True
b006866,0.0,False,True
b006867,0.0,False,True
b006868,0.0,False,True
b006869,0.0,False,True
b006870,0.0,False,True
b006871,0.0,False,True
b006872,0.0,False,True
b006873,0.0,False,True
b006874,0.0,False,True
b006875,0.0,False,True
b006876,0.0,False,True
b006877,0.0,False,True
b006878,0.0,False,True
b006879,0.0,False,True
b006880,0.0,False,True
b006881,0.0,False,True
b006882,0.0,False,True
b006883,0.0,False,True
b006884,0.0,False,True
b006885,0.0,False,True
b006886,0.0,False,True
b006887,0.0,False,True
b006888,0.0,False,True
b006889,0.0,False,True
b006890,0.0,False,True
b006891,0.0,False,True
b006892,0.0,False,True
b006893,0.0,False,True
b006894,0.0,False,True
b006895,0.0,False,True
b006896,0.0,False,True
b006897,0.0,False,True
b006898,0.0,False,True
b006899,0.0,False,True
b006900,0.0,False,True
b006901,0.0,False,True
b006902,0.0,False,True
b006903,0.0,False,True
b006904,0.0,False,True
b006905,0.0,False,True
b006906,0.0,False,True
b006907,0.0,False,True
b006908,0.0,False,True
b006909,0.0,False,True
b006910,0.0,False,True
b006911,0.0,False,True
b006912,0.0,False,True
b006913,0.0,False,True
b006914,0.0,False,True
b006915,0.0,False,True
b006916,0.0,False,True
b006917,0.0,False,True
b006918,0.0,False,True
b006919,0.0,False,True
b006920,0.0,False,True
b006921,0.0,False,True
b006922,0.0,False,True
b006923,0.0,False,True
b006924,0.2126985490322113,True,True
b006925,0.0,False,True
b006926,0.0,False,True
b006927,0.0,False,True
b006928,0.0,False,True
b006929,0.0,False,True
b006930,0.0,False,True
b006931,0.0,False,True
b006932,0.0,False,True
b006933,0.0,False,True
b006934,0.0,False,True
b006935,0.0,False,True
b006936,0.0,False,True
b006937,0.0,False,True
b006938,0.0,False,True
b006939,0.0,False,True
b006940,0.0,False,True
b006941,0.0,False,True
b006942,0.0,False,True
b006943,0.0,False,True
b006944,0.0,False,True
b006945,0.0,False,True
b006946,0.0,False,True
b006947,0.0,False,True
b006948,0.0,False,True
b006949,0.0,False,True
b006950,0.0,False,True
b006951,0.0,False,True
b006952,0.0,False,True
b006953,0.0,False,True
b006954,0.0,False,True
b006955,0.0,False,True
b006956,0.0,False,True
b006957,0.0,False,True
b006958,0.0,False,True
b006959,0.0,False,True
b006960,0.0,False,True
b006961,0.0,False,True
b006962,0.0,False,True
b006963,0.0,False,True
b006964,0.0,False,True
b006965,0.0,False,True
b006966,0.0,False,True
b006967,0.0,False,True
b006968,0.0,False,True
b006969,0.0,False,True
b006970,0.0,False,True
b006971,0.0,False,True
b006972,0.0,False,True
b006973,0.0,False,True
b006974,0.0,False,True
b006975,0.0,False,True
b006976,0.0,False,True
b006977,0.0,False,True
b006978,0.0,False,True
b006979,0.0,False,True
b006980,0.0,False,True
b006981,0.0,False,True
b006982,0.0,False,True
b006983,0.0,False,True
b006984,0.0,False,True
b006985,0.0,False,True
b006986,0.0,False,True
b006987,0.0,False,True
b006988,0.0,False,True
b006989,0.0,False,True
b006990,0.0,False,True
b006991,0.0,False,True
b006992,0.0,False,True
b006993,0.0,False,True
b006994,0.0,False,True
b006995,0.0,False,True
b006996,0.0,False,True
b006997,0.0,False,True
b006998,0.0,False,True
b006999,0.0,False,True
b007000,0.0,False,True
b007001,0.0,False,True
b007002,0.0,False,True
b007003,0.0,False,True
b007004,0.0,False,True
b007005,0.0,False,True
b007006,0.0,False,True
b007007,0.0,False,True
b007008,0.0,False,True
b007009,0.0,False,True
b007010,0.0,False,True
b007011,0.0,False,True
b007012,0.0,False,True
b007013,0.0,False,True
b007014,0.0,False,True
b007015,0.0,False,True
b007016,0.0,False,True
b007017,0.0,False,True
b007018,0.0,False,True
b007019,0.0,False,True
b007020,0.0,False,True
b007021,0.0,False,True
b007022,0.0,False,True
b007023,0.0,False,True
b007024,0.0,False,True
b007025,0.0,False,True
b007026,0.0,False,True
b007027,0.0,False,True
b007028,0.0,False,True
b007029,0.0,False,True
b007030,0.0,False,True
b007031,0.0,False,True
b007032,0.0,False,True
b007033,0.0,False,True
b007034,0.0,False,True
b007035,0.0,False,True
b007036,0.0,False,True
b007037,0.0,False,True
b007038,0.0,False,True
b007039,0.0,False,True
b007040,0.0,False,True
b007041,0.0,False,True
b007042,0.0,False,True
b007043,0.0,False,True
b007044,0.0,False,True
b007045,0.0,False,True
b007046,0.0,False,True
b007047,0.0,False,True
b007048,0.0,False,True
b007049,0.0,False,True
b007050,0.0,False,True
b007051,0.0,False,True
b007052,0.0,False,True
b007053,0.0,False,True
b007054,0.0,False,True
b007055,0.0,False,True
b007056,0.0,False,True
b007057,0.0,False,True
b007058,0.0,False,True
b007059,0.0,False,True
b007060,0.0,False,True
b007061,0.0,False,True
b007062,0.0,False,True
b007063,0.0,False,True
b007064,0.0,False,True
b007065,0.0,False,True
b007066,0.0,False,True
b007067,0.0,False,True
b007068,0.0,False,True
b007069,0.0,False,True
b007070,0.0,False,True
b007071,0.0,False,True
b007072,0.0,False,True
b007073,0.0,False,True
b007074,0.0,False,True
b007075,0.0,False,True
b007076,0.0,False,True
b007077,0.0,False,True
b007078,0.0,False,True
b007079,0.0,False,True
b007080,0.0,False,True
b007081,0.0,False,True
b007082,0.0,False,True
b007083,0.0,False,True
b007084,0.0,False,True
b007085,0.0,False,True
b007086,0.0,False,True
b007087,0.0,False,True
b007088,0.0,False,True
b007089,0.0,False,True
b007090,0.0,False,True
b007091,0.0,False,True
b007092,0.0,False,True
b007093,0.0,False,True
b007094,0.0,False,True
b007095,0.0,False,True
b007096,0.0,False,True
b007097,0.0,False,True
b007098,0.15287207067012787,True,True
b007099,0.0,False,True
b007100,0.0,False,True
b007101,0.0,False,True
b007102,0.0,False,True
b007103,0.0,False,True
b007104,0.0,False,True
b007105,0.0,False,True
b007106,0.0,False,True
b007107,0.0,False,True
b007108,0.0,False,True
b007109,0.0,False,True
b007110,0.0,False,True
b007111,0.0,False,True
b007112,0.0,False,True
b007113,0.0,False,True
b007114,0.0,False,True
b007115,0.0,False,True
b007116,0.0,False,True
b007117,0.0,False,True
b007118,0.0,False,True
b007119,0.0,False,True
b007120,0.0,False,True
b007121,0.0,False,True
b007122,0.0,False,True
b007123,0.0,False,True
b007124,0.0,False,True
b007125,0.0,False,True
b007126,0.0,False,True
b007127,0.6848759651184082,True,True
b007128,0.0,False,True
b007129,0.0,False,True
b007130,0.2623192369937897,True,True
b007131,0.0,False,True
b007132,0.0,False,True
b007133,0.0,False,True
b007134,0.0,False,True
b007135,0.0,False,True
b007136,0.0,False,True
b007137,0.0,False,True
b007138,0.0,False,True
b007139,0.0,False,True
b007140,0.0,False,True
b007141,0.0,False,True
b007142,0.0,False,True
b007143,0.0,False,True
b007144,0.0,False,True
b007145,0.0,False,True
b007146,0.0,False,True
b007147,0.0,False,True
b007148,0.0,False,True
b007149,0.0,False,True
b007150,0.0,False,True
b007151,0.0,False,True
b007152,0.0,False,True
b007153,0.0,False,True
b007154,0.0,False,True
b007155,0.0,False,True
b007156,0.0,False,True
b007157,0.0,False,True
b007158,0.0,False,True
b007159,0.0,False,True
b007160,0.0,False,True
b007161,0.0,False,True
b007162,0.0,False,True
b007163,0.0,False,True
b007164,0.0,False,True
b007165,0.0,False,True
b007166,0.0,False,True
b007167,0.0,False,True
b007168,0.0,False,True
b007169,0.0,False,True
b007170,0.0,False,True
b007171,0.0,False,True
b007172,0.0,False,True
b007173,0.0,False,True
b007174,0.0,False,True
b007175,0.0,False,True
b007176,0.0,False,True
b007177,0.0,False,True
b007178,0.0,False,True
b007179,0.0,False,True
b007180,0.0,False,True
b007181,0.0,False,True
b007182,0.0,False,True
b007183,0.0,False,True
b007184,0.0,False,True
b007185,0.0,False,True
b007186,0.0,False,True
b007187,0.0,False,True
b007188,0.0,False,True
b007189,0.0,False,True
b007190,0.0,False,True
b007191,0.0,False,True
b007192,0.0,False,True
b007193,0.0,False,True
b007194,0.0,False,True
b007195,0.0,False,True
b007196,0.0,False,True
b007197,0.0,False,True
b007198,0.0,False,True
b007199,0.0,False,True
b007200,0.0,False,True
b007201,0.0,False,True
b007202,0.0,False,True
b007203,0.0,False,True
b007204,0.0,False,True
b007205,0.0,False,True
b007206,0.0,False,True
b007207,0.0,False,True
b007208,0.0,False,True
b007209,0.0,False,True
b007210,0.0,False,True
b007211,0.0,False,True
b007212,0.0,False,True
b007213,0.0,False,True
b007214,0.0,False,True
b007215,0.0,False,True
b007216,0.0,False,True
b007217,0.0,False,True
b007218,0.0,False,True
b007219,0.0,False,True
b007220,0.0,False,True
b007221,0.0,False,True
b007222,0.0,False,True
b007223,0.0,False,True
b007224,0.0,False,True
b007225,0.0,False,True
b007226,0.0,False,True
b007227,0.0,False,True
b007228,0.0,False,True
b007229,0.0,False,True
b007230,0.0,False,True
b007231,0.0,False,True
b007232,0.0,False,True
b007233,0.0,False,True
b007234,0.0,False,True
b007235,0.4956255853176117,True,True
b007236,0.0,False,True
b007237,0.0,False,True
b007238,0.0,False,True
b007239,0.0,False,True
b007240,0.1309451013803482,True,True
b007241,0.0,False,True
b007242,0.0,False,True
b007243,0.0,False,True
b007244,0.0,False,True
b007245,0.0,False,True
b007246,0.0,False,True
b007247,0.0,False,True
b007248,0.0,False,True
b007249,0.0,False,True
b007250,0.0,False,True
b007251,0.0,False,True
b007252,0.0,False,True
b007253,0.0,False,True
b007254,0.0,False,True
b007255,0.0,False,True
b007256,0.0,False,True
b007257,0.0,False,True
b007258,0.0,False,True
b007259,0.0,False,True
b007260,0.0,False,True
b007261,0.0,False,True
b007262,0.0,False,True
b007263,0.0,False,True
b007264,0.0,False,True
b007265,0.0,False,True
b007266,0.0,False,True
b007267,0.0,False,True
b007268,0.0,False,True
b007269,0.0,False,True
b007270,0.0,False,True
b007271,0.0,False,True
b007272,0.0,False,True
b007273,0.0,False,True
b007274,0.0,False,True
b007275,0.0,False,True
b007276,0.0,False,True
b007277,0.0,False,True
b007278,0.0,False,True
b007279,0.0,False,True
b007280,0.0,False,True
b007281,0.0,False,True
b007282,0.0,False,True
b007283,0.10292942076921463,True,True
b007284,0.0,False,True
b007285,0.0,False,True
b007286,0.0,False,True
b007287,0.0,False,True
b007288,0.0,False,True
b007289,0.0,False,True
b007290,0.0,False,True
b007291,0.0,False,True
b007292,0.0,False,True
b007293,0.0,False,True
b007294,0.10375859588384628,True,True
b007295,0.0,False,True
b007296,0.10022792965173721,True,True
b007297,0.0,False,True
b007298,0.0,False,True
b007299,0.0,False,True
b007300,0.0,False,True
b007301,0.0,False,True
b007302,0.0,False,True
b007303,0.0,False,True
b007304,0.0,False,True
b007305,0.0,False,True
b007306,0.0,False,True
b007307,0.0,False,True
b007308,0.0,False,True
b007309,0.0,False,True
b007310,0.0,False,True
b007311,0.27317968010902405,True,True
b007312,0.0,False,True
b007313,0.0,False,True
b007314,0.0,False,True
b007315,0.0,False,True
b007316,0.0,False,True
b007317,0.0,False,True
b007318,0.0,False,True
b007319,0.0,False,True
b007320,0.0,False,True
b007321,0.0,False,True
b007322,0.0,False,True
b007323,0.6076986193656921,True,True
b007324,0.0,False,True
b007325,0.0,False,True
b007326,0.0,False,True
b007327,0.0,False,True
b007328,0.0,False,True
b007329,0.0,False,True
b007330,0.0,False,True
b007331,0.0,False,True
b007332,0.3399282991886139,True,True
b007333,0.0,False,True
b007334,0.162999227643013,True,True
b007335,0.0,False,True
b007336,0.0,False,True
b007337,0.0,False,True
b007338,0.0,False,True
b007339,0.0,False,True
b007340,0.0,False,True
b007341,0.0,False,True
b007342,0.0,False,True
b007343,0.0,False,True
b007344,0.0,False,True
b007345,0.0,False,True
b007346,0.0,False,True
b007347,0.0,False,True
b007348,0.0,False,True
b007349,0.0,False,True
b007350,0.0,False,True
b007351,0.0,False,True
b007352,0.0,False,True
b007353,0.0,False,True
b007354,0.0,False,True
b007355,0.0,False,True
b007356,0.0,False,True
b007357,0.0,False,True
b007358,0.0,False,True
b007359,0.0,False,True
b007360,0.0,False,True
b007361,0.0,False,True
b007362,0.0,False,True
b007363,0.0,False,True
b007364,0.0,False,True
b007365,0.21730776131153107,True,True
b007366,0.0,False,True
b007367,0.0,False,True
b007368,0.0,False,True
b007369,0.0,False,True
b007370,0.17414265871047974,True,True
b007371,0.0,False,True
b007372,0.0,False,True
b007373,0.0,False,True
b007374,0.0,False,True
b007375,0.0,False,True
b007376,0.0,False,True
b007377,0.0,False,True
b007378,0.0,False,True
b007379,0.0,False,True
b007380,0.0,False,True
b007381,0.0,False,True
b007382,0.0,False,True
b007383,0.0,False,True
b007384,0.0,False,True
b007385,0.0,False,True
b007386,0.0,False,True
b007387,0.0,False,True
b007388,0.0,False,True
b007389,0.0,False,True
b007390,0.0,False,True
b007391,0.0,False,True
b007392,0.0,False,True
b007393,0.0,False,True
b007394,0.0,False,True
b007395,0.0,False,True
b007396,0.0,False,True
b007397,0.0,False,True
b007398,0.0,False,True
b007399,0.0,False,True
b007400,0.0,False,True
b007401,0.0,False,True
b007402,0.0,False,True
b007403,0.0,False,True
b007404,0.0,False,True
b007405,0.0,False,True
b007406,0.0,False,True
b007407,0.0,False,True
b007408,0.0,False,True
b007409,0.0,False,True
b007410,0.0,False,True
b007411,0.0,False,True
b007412,0.0,False,True
b007413,0.0,False,True
b007414,0.0,False,True
b007415,0.0,False,True
b007416,0.0,False,True
b007417,0.0,False,True
b007418,0.0,False,True
b007419,0.0,False,True
b007420,0.0,False,True
b007421,0.0,False,True
b007422,0.0,False,True
b007423,0.0,False,True
b007424,0.0,False,True
b007425,0.0,False,True
b007426,0.0,False,True
b007427,0.0,False,True
b007428,0.0,False,True
b007429,0.0,False,True
b007430,0.0,False,True
b007431,0.0,False,True
b007432,0.0,False,True
b007433,0.0,False,True
b007434,0.0,False,True
b007435,0.0,False,True
b007436,0.0,False,True
b007437,0.0,False,True
b007438,0.0,False,True
b007439,0.0,False,True
b007440,0.0,False,True
b007441,0.0,False,True
b007442,0.0,False,True
b007443,0.0,False,True
b007444,0.0,False,True
b007445,0.0,False,True
b007446,0.0,False,True
b007447,0.0,False,True
b007448,0.0,False,True
b007449,0.0,False,True
b007450,0.0,False,True
b007451,0.0,False,True
b007452,0.0,False,True
b007453,0.0,False,True
b007454,0.0,False,True
b007455,0.0,False,True
b007456,0.0,False,True
b007457,0.0,False,True
b007458,0.0,False,True
b007459,0.0,False,True
b007460,0.0,False,True
b007461,0.0,False,True
b007462,0.0,False,True
b007463,0.0,False,True
b007464,0.0,False,True
b007465,0.0,False,True
b007466,0.0,False,True
b007467,0.0,False,True
b007468,0.0,False,True
b007469,0.0,False,True
b007470,0.0,False,True
b007471,0.0,False,True
b007472,0.0,False,True
b007473,0.0,False,True
b007474,0.0,False,True
b007475,0.0,False,True
b007476,0.0,False,True
b007477,0.0,False,True
b007478,0.0,False,True
b007479,0.0,False,True
b007480,0.0,False,True
b007481,0.0,False,True
b007482,0.0,False,True
b007483,0.0,False,True
b007484,0.0,False,True
b007485,0.0,False,True
b007486,0.0,False,True
b007487,0.0,False,True
b007488,0.0,False,True
b007489,0.0,False,True
b007490,0.0,False,True
b007491,0.0,False,True
b007492,0.0,False,True
b007493,0.0,False,True
b007494,0.0,False,True
b007495,0.0,False,True
b007496,0.0,False,True
b007497,0.0,False,True
b007498,0.0,False,True
b007499,0.0,False,True
b007500,0.0,False,True
b007501,0.0,False,True
b007502,0.0,False,True
b007503,0.0,False,True
b007504,0.0,False,True
b007505,0.0,False,True
b007506,0.8308786153793335,True,True
b007507,0.0,False,True
b007508,0.0,False,True
b007509,0.0,False,True
b007510,0.0,False,True
b007511,0.0,False,True
b007512,0.0,False,True
b007513,0.0,False,True
b007514,0.0,False,True
b007515,0.0,False,True
b007516,0.0,False,True
b007517,0.0,False,True
b007518,0.0,False,True
b007519,0.0,False,True
b007520,0.0,False,True
b007521,0.0,False,True
b007522,0.0,False,True
b007523,0.0,False,True
b007524,0.0,False,True
b007525,0.0,False,True
b007526,0.0,False,True
b007527,0.0,False,True
b007528,0.0,False,True
b007529,0.0,False,True
b007530,0.0,False,True
b007531,0.0,False,True
b007532,0.0,False,True
b007533,0.0,False,True
b007534,0.0,False,True
b007535,0.0,False,True
b007536,0.0,False,True
b007537,0.0,False,True
b007538,0.0,False,True
b007539,0.0,False,True
b007540,0.0,False,True
b007541,0.0,False,True
b007542,0.0,False,True
b007543,0.0,False,True
b007544,0.0,False,True
b007545,0.0,False,True
b007546,0.0,False,True
b007547,0.0,False,True
b007548,0.0,False,True
b007549,0.0,False,True
b007550,0.0,False,True
b007551,0.0,False,True
b007552,0.0,False,True
b007553,0.0,False,True
b007554,0.0,False,True
b007555,0.0,False,True
b007556,0.0,False,True
b007557,0.0,False,True
b007558,0.0,False,True
b007559,0.0,False,True
b007560,0.0,False,True
b007561,0.0,False,True
b007562,0.0,False,True
b007563,0.0,False,True
b007564,0.0,False,True
b007565,0.0,False,True
b007566,0.0,False,True
b007567,0.0,False,True
b007568,0.0,False,True
b007569,0.0,False,True
b007570,0.0,False,True
b007571,0.0,False,True
b007572,0.0,False,True
b007573,0.0,False,True
b007574,0.0,False,True
b007575,0.0,False,True
b007576,0.0,False,True
b007577,0.0,False,True
b007578,0.0,False,True
b007579,0.0,False,True
b007580,0.0,False,True
b007581,0.0,False,True
b007582,0.0,False,True
b007583,0.0,False,True
b007584,0.0,False,True
b007585,0.0,False,True
b007586,0.0,False,True
b007587,0.0,False,True
b007588,0.15328001976013184,True,True
b007589,0.0,False,True
b007590,0.0,False,True
b007591,0.0,False,True
b007592,0.0,False,True
b007593,0.0,False,True
b007594,0.0,False,True
b007595,0.0,False,True
b007596,0.0,False,True
b007597,0.0,False,True
b007598,0.0,False,True
b007599,0.0,False,True
b007600,0.0,False,True
b007601,0.0,False,True
b007602,0.0,False,True
b007603,0.0,False,True
b007604,0.0,False,True
b007605,0.0,False,True
b007606,0.0,False,True
b007607,0.0,False,True
b007608,0.0,False,True
b007609,0.0,False,True
b007610,0.0,False,True
b007611,0.0,False,True
b007612,0.0,False,True
b007613,0.0,False,True
b007614,0.0,False,True
b007615,0.0,False,True
b007616,0.14080378413200378,True,True
b007617,0.0,False,True
b007618,0.15718933939933777,True,True
b007619,0.0,False,True
b007620,0.0,False,True
b007621,0.0,False,True
b007622,0.0,False,True
b007623,0.0,False,True
b007624,0.0,False,True
b007625,0.0,False,True
b007626,0.0,False,True
b007627,0.0,False,True
b007628,0.0,False,True
b007629,0.0,False,True
b007630,0.0,False,True
b007631,0.0,False,True
b007632,0.0,False,True
b007633,0.0,False,True
b007634,0.0,False,True
b007635,0.0,False,True
b007636,0.0,False,True
b007637,0.0,False,True
b007638,0.0,False,True
b007639,0.0,False,True
b007640,0.0,False,True
b007641,0.0,False,True
b007642,0.0,False,True
b007643,0.0,False,True
b007644,0.0,False,True
b007645,0.0,False,True
b007646,0.0,False,True
b007647,0.0,False,True
b007648,0.0,False,True
b007649,0.0,False,True
b007650,0.0,False,True
b007651,0.0,False,True
b007652,0.0,False,True
b007653,0.0,False,True
b007654,0.0,False,True
b007655,0.0,False,True
b007656,0.0,False,True
b007657,0.0,False,True
b007658,0.0,False,True
b007659,0.0,False,True
b007660,0.0,False,True
b007661,0.0,False,True
b007662,0.0,False,True
b007663,0.0,False,True
b007664,0.0,False,True
b007665,0.0,False,True
b007666,0.0,False,True
b007667,0.0,False,True
b007668,0.0,False,True
b007669,0.0,False,True
b007670,0.0,False,True
b007671,0.0,False,True
b007672,0.0,False,True
b007673,0.0,False,True
b007674,0.0,False,True
b007675,0.0,False,True
b007676,0.0,False,True
b007677,0.0,False,True
b007678,0.0,False,True
b007679,0.0,False,True
b007680,0.0,False,True
b007681,0.0,False,True
b007682,0.0,False,True
b007683,0.0,False,True
b007684,0.0,False,True
b007685,0.0,False,True
b007686,0.0,False,True
b007687,0.0,False,True
b007688,0.0,False,True
b007689,0.0,False,True
b007690,0.0,False,True
b007691,0.0,False,True
b007692,0.0,False,True
b007693,0.0,False,True
b007694,0.0,False,True
b007695,0.0,False,True
b007696,0.0,False,True
b007697,0.12690939009189606,True,True
b007698,0.0,False,True
b007699,0.0,False,True
b007700,0.0,False,True
b007701,0.0,False,True
b007702,0.0,False,True
b007703,0.0,False,True
b007704,0.0,False,True
b007705,0.0,False,True
b007706,0.0,False,True
b007707,0.0,False,True
b007708,0.0,False,True
b007709,0.0,False,True
b007710,0.0,False,True
b007711,0.0,False,True
b007712,0.0,False,True
b007713,0.0,False,True
b007714,0.0,False,True
b007715,0.0,False,True
b007716,0.0,False,True
b007717,0.0,False,True
b007718,0.0,False,True
b007719,0.0,False,True
b007720,0.0,False,True
b007721,0.0,False,True
b007722,0.0,False,True
b007723,0.0,False,True
b007724,0.0,False,True
b007725,0.0,False,True
b007726,0.0,False,True
b007727,0.0,False,True
b007728,0.0,False,True
b007729,0.0,False,True
b007730,0.0,False,True
b007731,0.0,False,True
b007732,0.0,False,True
b007733,0.0,False,True
b007734,0.0,False,True
b007735,0.0,False,True
b007736,0.0,False,True
b007737,0.0,False,True
b007738,0.0,False,True
b007739,0.0,False,True
b007740,0.0,False,True
b007741,0.0,False,True
b007742,0.0,False,True
b007743,0.0,False,True
b007744,0.0,False,True
b007745,0.0,False,True
b007746,0.0,False,True
b007747,0.0,False,True
b007748,0.0,False,True
b007749,0.0,False,True
b007750,0.0,False,True
b007751,0.0,False,True
b007752,0.0,False,True
b007753,0.0,False,True
b007754,0.0,False,True
b007755,0.0,False,True
b007756,0.0,False,True
b007757,0.0,False,True
b007758,0.0,False,True
b007759,0.0,False,True
b007760,0.0,False,True
b007761,0.0,False,True
b007762,0.0,False,True
b007763,0.0,False,True
b007764,0.0,False,True
b007765,0.0,False,True
b007766,0.0,False,True
b007767,0.0,False,True
b007768,0.0,False,True
b007769,0.0,False,True
b007770,0.0,False,True
b007771,0.0,False,True
b007772,0.0,False,True
b007773,0.0,False,True
b007774,0.0,False,True
b007775,0.0,False,True
b007776,0.0,False,True
b007777,0.0,False,True
b007778,0.0,False,True
b007779,0.0,False,True
b007780,0.0,False,True
b007781,0.0,False,True
b007782,0.0,False,True
b007783,0.0,False,True
b007784,0.0,False,True
b007785,0.0,False,True
b007786,0.0,False,True
b007787,0.0,False,True
b007788,0.0,False,True
b007789,0.5802713632583618,True,True
b007790,0.0,False,True
b007791,0.0,False,True
b007792,0.0,False,True
b007793,0.0,False,True
b007794,0.0,False,True
b007795,0.0,False,True
b007796,0.0,False,True
b007797,0.0,False,True
b007798,0.0,False,True
b007799,0.0,False,True
b007800,0.0,False,True
b007801,0.0,False,True
b007802,0.0,False,True
b007803,0.0,False,True
b007804,0.0,False,True
b007805,0.0,False,True
b007806,0.0,False,True
b007807,0.0,False,True
b007808,0.0,False,True
b007809,0.0,False,True
b007810,0.0,False,True
b007811,0.0,False,True
b007812,0.0,False,True
b007813,0.0,False,True
b007814,0.0,False,True
b007815,0.0,False,True
b007816,0.0,False,True
b007817,0.0,False,True
b007818,0.0,False,True
b007819,0.0,False,True
b007820,0.0,False,True
b007821,0.0,False,True
b007822,0.20924504101276398,True,True
b007823,0.0,False,True
b007824,0.0,False,True
b007825,0.0,False,True
b007826,0.38323840498924255,True,True
b007827,0.0,False,True
b007828,0.0,False,True
b007829,0.0,False,True
b007830,0.0,False,True
b007831,0.0,False,True
b007832,0.0,False,True
b007833,0.0,False,True
b007834,0.0,False,True
b007835,0.0,False,True
b007836,0.0,False,True
b007837,0.0,False,True
b007838,0.0,False,True
b007839,0.0,False,True
b007840,0.0,False,True
b007841,0.0,False,True
b007842,0.0,False,True
b007843,0.0,False,True
b007844,0.10143227130174637,True,True
b007845,0.0,False,True
b007846,0.0,False,True
b007847,0.0,False,True
b007848,0.0,False,True
b007849,0.0,False,True
b007850,0.0,False,True
b007851,0.0,False,True
b007852,0.0,False,True
b007853,0.0,False,True
b007854,0.0,False,True
b007855,0.0,False,True
b007856,0.0,False,True
b007857,0.0,False,True
b007858,0.0,False,True
b007859,0.0,False,True
b007860,0.0,False,True
b007861,0.0,False,True
b007862,0.0,False,True
b007863,0.0,False,True
b007864,0.0,False,True
b007865,0.0,False,True
b007866,0.0,False,True
b007867,0.0,False,True
b007868,0.0,False,True
b007869,0.0,False,True
b007870,0.0,False,True
b007871,0.0,False,True
b007872,0.0,False,True
b007873,0.0,False,True
b007874,0.0,False,True
b007875,0.0,False,True
b007876,0.0,False,True
b007877,0.0,False,True
b007878,0.0,False,True
b007879,0.0,False,True
b007880,0.0,False,True
b007881,0.0,False,True
b007882,0.0,False,True
b007883,0.0,False,True
b007884,0.0,False,True
b007885,0.0,False,True
b007886,0.0,False,True
b007887,0.0,False,True
b007888,0.0,False,True
b007889,0.0,False,True
b007890,0.0,False,True
b007891,0.0,False,True
b007892,0.0,False,True
b007893,0.0,False,True
b007894,0.0,False,True
b007895,0.0,False,True
b007896,0.0,False,True
b007897,0.0,False,True
b007898,0.0,False,True
b007899,0.0,False,True
b007900,0.0,False,True
b007901,0.0,False,True
b007902,0.0,False,True
b007903,0.0,False,True
b007904,0.0,False,True
b007905,0.0,False,True
b007906,0.0,False,True
b007907,0.0,False,True
b007908,0.0,False,True
b007909,0.0,False,True
b007910,0.0,False,True
b007911,0.0,False,True
b007912,0.0,False,True
b007913,0.0,False,True
b007914,0.0,False,True
b007915,0.0,False,True
b007916,0.0,False,True
b007917,0.0,False,True
b007918,0.0,False,True
b007919,0.0,False,True
b007920,0.0,False,True
b007921,0.0,False,True
b007922,0.0,False,True
b007923,0.0,False,True
b007924,0.0,False,True
b007925,0.0,False,True
b007926,0.0,False,True
b007927,0.0,False,True
b007928,0.0,False,True
b007929,0.0,False,True
b007930,0.0,False,True
b007931,0.0,False,True
b007932,0.0,False,True
b007933,0.0,False,True
b007934,0.0,False,True
b007935,0.0,False,True
b007936,0.0,False,True
b007937,0.0,False,True
b007938,0.0,False,True
b007939,0.0,False,True
b007940,0.0,False,True
b007941,0.0,False,True
b007942,0.0,False,True
b007943,0.0,False,True
b007944,0.0,False,True
b007945,0.0,False,True
b007946,0.0,False,True
b007947,0.0,False,True
b007948,0.0,False,True
b007949,0.0,False,True
b007950,0.0,False,True
b007951,0.0,False,True
b007952,0.0,False,True
b007953,0.0,False,True
b007954,0.0,False,True
b007955,0.0,False,True
b007956,0.0,False,True
b007957,0.0,False,True
b007958,0.0,False,True
b007959,0.0,False,True
b007960,0.0,False,True
b007961,0.0,False,True
b007962,0.0,False,True
b007963,0.0,False,True
b007964,0.0,False,True
b007965,0.0,False,True
b007966,0.0,False,True
b007967,0.0,False,True
b007968,0.0,False,True
b007969,0.0,False,True
b007970,0.0,False,True
b007971,0.0,False,True
b007972,0.0,False,True
b007973,0.0,False,True
b007974,0.0,False,True
b007975,0.0,False,True
b007976,0.0,False,True
b007977,0.0,False,True
b007978,0.0,False,True
b007979,0.0,False,True
b007980,0.0,False,True
b007981,0.0,False,True
b007982,0.0,False,True
b007983,0.0,False,True
b007984,0.0,False,True
b007985,0.0,False,True
b007986,0.0,False,True
b007987,0.0,False,True
b007988,0.0,False,True
b007989,0.0,False,True
b007990,0.0,False,True
b007991,0.0,False,True
b007992,0.0,False,True
b007993,0.0,False,True
b007994,0.0,False,True
b007995,0.0,False,True
b007996,0.1299232542514801,True,True
b007997,0.10295115411281586,True,True
b007998,0.0,False,True
b007999,0.0,False,True
b008000,0.0,False,True
b008001,0.0,False,True
b008002,0.0,False,True
b008003,0.0,False,True
b008004,0.0,False,True
b008005,0.0,False,True
b008006,0.0,False,True
b008007,0.0,False,True
b008008,0.0,False,True
b008009,0.0,False,True
b008010,0.0,False,True
b008011,0.0,False,True
b008012,0.0,False,True
b008013,0.0,False,True
b008014,0.0,False,True
b008015,0.0,False,True
b008016,0.0,False,True
b008017,0.0,False,True
b008018,0.0,False,True
b008019,0.0,False,True
b008020,0.0,False,True
b008021,0.0,False,True
b008022,0.0,False,True
b008023,0.0,False,True
b008024,0.0,False,True
b008025,0.0,False,True
b008026,0.0,False,True
b008027,0.0,False,True
b008028,0.0,False,True
b008029,0.0,False,True
b008030,0.0,False,True
b008031,0.0,False,True
b008032,0.0,False,True
b008033,0.0,False,True
b008034,0.0,False,True
b008035,0.0,False,True
b008036,0.0,False,True
b008037,0.0,False,True
b008038,0.0,False,True
b008039,0.0,False,True
b008040,0.0,False,True
b008041,0.0,False,True
b008042,0.0,False,True
b008043,0.0,False,True
b008044,0.0,False,True
b008045,0.0,False,True
b008046,0.0,False,True
b008047,0.0,False,True
b008048,0.0,False,True
b008049,0.0,False,True
b008050,0.0,False,True
b008051,0.0,False,True
b008052,0.0,False,True
b008053,0.0,False,True
b008054,0.0,False,True
b008055,0.0,False,True
b008056,0.0,False,True
b008057,0.0,False,True
b008058,0.0,False,True
b008059,0.0,False,True
b008060,0.0,False,True
b008061,0.0,False,True
b008062,0.0,False,True
b008063,0.0,False,True
b008064,0.0,False,True
b008065,0.0,False,True
b008066,0.0,False,True
b008067,0.0,False,True
b008068,0.0,False,True
b008069,0.0,False,True
b008070,0.0,False,True
b008071,0.0,False,True
b008072,0.0,False,True
b008073,0.0,False,True
b008074,0.0,False,True
b008075,0.0,False,True
b008076,0.0,False,True
b008077,0.0,False,True
b008078,0.0,False,True
b008079,0.0,False,True
b008080,0.0,False,True
b008081,0.0,False,True
b008082,0.0,False,True
b008083,0.0,False,True
b008084,0.0,False,True
b008085,0.0,False,True
b008086,0.0,False,True
b008087,0.0,False,True
b008088,0.0,False,True
b008089,0.0,False,True
b008090,0.0,False,True
b008091,0.0,False,True
b008092,0.0,False,True
b008093,0.0,False,True
b008094,0.0,False,True
b008095,0.0,False,True
b008096,0.0,False,True
b008097,0.0,False,True
b008098,0.0,False,True
b008099,0.0,False,True
b008100,0.0,False,True
b008101,0.0,False,True
b008102,0.0,False,True
b008103,0.0,False,True
b008104,0.0,False,True
b008105,0.0,False,True
b008106,0.0,False,True
b008107,0.0,False,True
b008108,0.0,False,True
b008109,0.0,False,True
b008110,0.0,False,True
b008111,0.0,False,True
b008112,0.0,False,True
b008113,0.0,False,True
b008114,0.0,False,True
b008115,0.0,False,True
b008116,0.0,False,True
b008117,0.0,False,True
b008118,0.0,False,True
b008119,0.0,False,True
b008120,0.0,False,True
b008121,0.0,False,True
b008122,0.0,False,True
b008123,0.0,False,True
b008124,0.0,False,True
b008125,0.0,False,True
b008126,0.0,False,True
b008127,0.0,False,True
b008128,0.0,False,True
b008129,0.0,False,True
b008130,0.0,False,True
b008131,0.0,False,True
b008132,0.2492872029542923,True,True
b008133,0.0,False,True
b008134,0.0,False,True
b008135,0.0,False,True
b008136,0.0,False,True
b008137,0.0,False,True
b008138,0.0,False,True
b008139,0.0,False,True
b008140,0.0,False,True
b008141,0.0,False,True
b008142,0.0,False,True
b008143,0.0,False,True
b008144,0.0,False,True
b008145,0.13226744532585144,True,True
b008146,0.0,False,True
b008147,0.0,False,True
b008148,0.0,False,True
b008149,0.0,False,True
b008150,0.0,False,True
b008151,0.0,False,True
b008152,0.0,False,True
b008153,0.0,False,True
b008154,0.0,False,True
b008155,0.0,False,True
b008156,0.0,False,True
b008157,0.0,False,True
b008158,0.0,False,True
b008159,0.0,False,True
b008160,0.0,False,True
b008161,0.0,False,True
b008162,0.0,False,True
b008163,0.0,False,True
b008164,0.0,False,True
b008165,0.0,False,True
b008166,0.0,False,True
b008167,0.0,False,True
b008168,0.0,False,True
b008169,0.0,False,True
b008170,0.0,False,True
b008171,0.0,False,True
b008172,0.0,False,True
b008173,0.0,False,True
b008174,0.0,False,True
b008175,0.0,False,True
b008176,0.0,False,True
b008177,0.0,False,True
b008178,0.0,False,True
b008179,0.0,False,True
b008180,0.0,False,True
b008181,0.0,False,True
b008182,0.0,False,True
b008183,0.0,False,True
b008184,0.0,False,True
b008185,0.0,False,True
b008186,0.0,False,True
b008187,0.0,False,True
b008188,0.0,False,True
b008189,0.0,False,True
b008190,0.0,False,True
b008191,0.0,False,True
b008192,0.0,False,True
b008193,0.0,False,True
b008194,0.0,False,True
b008195,0.0,False,True
b008196,0.0,False,True
b008197,0.0,False,True
b008198,0.0,False,True
b008199,0.0,False,True
b008200,0.0,False,True
b008201,0.0,False,True
b008202,0.0,False,True
b008203,0.0,False,True
b008204,0.0,False,True
b008205,0.0,False,True
b008206,0.0,False,True
b008207,0.0,False,True
b008208,0.0,False,True
b008209,0.0,False,True
b008210,0.0,False,True
b008211,0.0,False,True
b008212,0.0,False,True
b008213,0.0,False,True
b008214,0.0,False,True
b008215,0.0,False,True
b008216,0.0,False,True
b008217,0.0,False,True
b008218,0.0,False,True
b008219,0.0,False,True
b008220,0.0,False,True
b008221,0.0,False,True
b008222,0.0,False,True
b008223,0.0,False,True
b008224,0.0,False,True
b008225,0.0,False,True
b008226,0.0,False,True
b008227,0.0,False,True
b008228,0.0,False,True
b008229,0.0,False,True
b008230,0.0,False,True
b008231,0.0,False,True
b008232,0.0,False,True
b008233,0.0,False,True
b008234,0.0,False,True
b008235,0.0,False,True
b008236,0.0,False,True
b008237,0.0,False,True
b008238,0.0,False,True
b008239,0.0,False,True
b008240,0.0,False,True
b008241,0.0,False,True
b008242,0.0,False,True
b008243,0.0,False,True
b008244,0.0,False,True
b008245,0.0,False,True
b008246,0.0,False,True
b008247,0.0,False,True
b008248,0.0,False,True
b008249,0.0,False,True
b008250,0.0,False,True
b008251,0.0,False,True
b008252,0.0,False,True
b008253,0.0,False,True
b008254,0.0,False,True
b008255,0.8564025163650513,True,True
b008256,0.0,False,True
b008257,0.0,False,True
b008258,0.0,False,True
b008259,0.0,False,True
b008260,0.0,False,True
b008261,0.0,False,True
b008262,0.0,False,True
b008263,0.0,False,True
b008264,0.0,False,True
b008265,0.0,False,True
b008266,0.0,False,True
b008267,0.0,False,True
b008268,0.0,False,True
b008269,0.0,False,True
b008270,0.0,False,True
b008271,0.0,False,True
b008272,0.0,False,True
b008273,0.0,False,True
b008274,0.0,False,True
b008275,0.0,False,True
b008276,0.0,False,True
b008277,0.0,False,True
b008278,0.0,False,True
b008279,0.0,False,True
b008280,0.0,False,True
b008281,0.0,False,True
b008282,0.0,False,True
b008283,0.0,False,True
b008284,0.12804937362670898,True,True
b008285,0.0,False,True
b008286,0.0,False,True
b008287,0.0,False,True
b008288,0.0,False,True
b008289,0.0,False,True
b008290,0.0,False,True
b008291,0.0,False,True
b008292,0.0,False,True
b008293,0.0,False,True
b008294,0.0,False,True
b008295,0.0,False,True
b008296,0.0,False,True
b008297,0.0,False,True
b008298,0.0,False,True
b008299,0.0,False,True
b008300,0.0,False,True
b008301,0.0,False,True
b008302,0.0,False,True
b008303,0.0,False,True
b008304,0.0,False,True
b008305,0.0,False,True
b008306,0.0,False,True
b008307,0.0,False,True
b008308,0.0,False,True
b008309,0.0,False,True
b008310,0.0,False,True
b008311,0.0,False,True
b008312,0.0,False,True
b008313,0.0,False,True
b008314,0.0,False,True
b008315,0.0,False,True
b008316,0.0,False,True
b008317,0.0,False,True
b008318,0.0,False,True
b008319,0.0,False,True
b008320,0.0,False,True
b008321,0.0,False,True
b008322,0.0,False,True
b008323,0.0,False,True
b008324,0.0,False,True
b008325,0.0,False,True
b008326,0.0,False,True
b008327,0.0,False,True
b008328,0.0,False,True
b008329,0.0,False,True
b008330,0.0,False,True
b008331,0.0,False,True
b008332,0.0,False,True
b008333,0.0,False,True
b008334,0.0,False,True
b008335,0.0,False,True
b008336,0.0,False,True
b008337,0.0,False,True
b008338,0.0,False,True
b008339,0.0,False,True
b008340,0.0,False,True
b008341,0.0,False,True
b008342,0.0,False,True
b008343,0.0,False,True
b008344,0.0,False,True
b008345,0.0,False,True
b008346,0.0,False,True
b008347,0.0,False,True
b008348,0.0,False,True
b008349,0.0,False,True
b008350,0.0,False,True
b008351,0.5658339262008667,True,True
b008352,0.0,False,True
b008353,0.0,False,True
b008354,0.6149820685386658,True,True
b008355,0.0,False,True
b008356,0.0,False,True
b008357,0.0,False,True
b008358,0.0,False,True
b008359,0.0,False,True
b008360,0.0,False,True
b008361,0.0,False,True
b008362,0.0,False,True
b008363,0.0,False,True
b008364,0.0,False,True
b008365,0.0,False,True
b008366,0.0,False,True
b008367,0.0,False,True
b008368,0.0,False,True
b008369,0.0,False,True
b008370,0.0,False,True
b008371,0.0,False,True
b008372,0.0,False,True
b008373,0.0,False,True
b008374,0.0,False,True
b008375,0.0,False,True
b008376,0.0,False,True
b008377,0.0,False,True
b008378,0.0,False,True
b008379,0.0,False,True
b008380,0.0,False,True
b008381,0.0,False,True
b008382,0.0,False,True
b008383,0.0,False,True
b008384,0.0,False,True
b008385,0.0,False,True
b008386,0.0,False,True
b008387,0.0,False,True
b008388,0.0,False,True
b008389,0.0,False,True
b008390,0.0,False,True
b008391,0.0,False,True
b008392,0.0,False,True
b008393,0.0,False,True
b008394,0.0,False,True
b008395,0.0,False,True
b008396,0.0,False,True
b008397,0.0,False,True
b008398,0.0,False,True
b008399,0.0,False,True
b008400,0.0,False,True
b008401,0.0,False,True
b008402,0.0,False,True
b008403,0.0,False,True
b008404,0.0,False,True
b008405,0.0,False,True
b008406,0.0,False,True
b008407,0.0,False,True
b008408,0.0,False,True
b008409,0.0,False,True
b008410,0.0,False,True
b008411,0.0,False,True
b008412,0.0,False,True
b008413,0.0,False,True
b008414,0.0,False,True
b008415,0.0,False,True
b008416,0.0,False,True
b008417,0.0,False,True
b008418,0.0,False,True
b008419,0.0,False,True
b008420,0.0,False,True
b008421,0.0,False,True
b008422,0.0,False,True
b008423,0.0,False,True
b008424,0.0,False,True
b008425,0.0,False,True
b008426,0.0,False,True
b008427,0.0,False,True
b008428,0.0,False,True
b008429,0.0,False,True
b008430,0.0,False,True
b008431,0.0,False,True
b008432,0.0,False,True
b008433,0.0,False,True
b008434,0.0,False,True
b008435,0.3014146685600281,True,True
b008436,0.0,False,True
b008437,0.0,False,True
b008438,0.0,False,True
b008439,0.0,False,True
b008440,0.0,False,True
b008441,0.0,False,True
b008442,0.0,False,True
b008443,0.0,False,True
b008444,0.0,False,True
b008445,0.0,False,True
b008446,0.0,False,True
b008447,0.0,False,True
b008448,0.7597219944000244,True,True
b008449,0.0,False,True
b008450,0.0,False,True
b008451,0.0,False,True
b008452,0.0,False,True
b008453,0.0,False,True
b008454,0.0,False,True
b008455,0.0,False,True
b008456,0.0,False,True
b008457,0.0,False,True
b008458,0.0,False,True
b008459,0.0,False,True
b008460,0.0,False,True
b008461,0.0,False,True
b008462,0.0,False,True
b008463,0.0,False,True
b008464,0.0,False,True
b008465,0.0,False,True
b008466,0.0,False,True
b008467,0.0,False,True
b008468,0.0,False,True
b008469,0.0,False,True
b008470,0.0,False,True
b008471,0.0,False,True
b008472,0.0,False,True
b008473,0.0,False,True
b008474,0.0,False,True
b008475,0.0,False,True
b008476,0.0,False,True
b008477,0.0,False,True
b008478,0.0,False,True
b008479,0.0,False,True
b008480,0.0,False,True
b008481,0.0,False,True
b008482,0.0,False,True
b008483,0.0,False,True
b008484,0.0,False,True
b008485,0.0,False,True
b008486,0.0,False,True
b008487,0.0,False,True
b008488,0.0,False,True
b008489,0.0,False,True
b008490,0.0,False,True
b008491,0.0,False,True
b008492,0.0,False,True
b008493,0.0,False,True
b008494,0.0,False,True
b008495,0.0,False,True
b008496,0.0,False,True
b008497,0.0,False,True
b008498,0.0,False,True
b008499,0.0,False,True
b008500,0.0,False,True
b008501,0.0,False,True
b008502,0.0,False,True
b008503,0.0,False,True
b008504,0.0,False,True
b008505,0.0,False,True
b008506,0.0,False,True
b008507,0.0,False,True
b008508,0.0,False,True
b008509,0.0,False,True
b008510,0.0,False,True
b008511,0.0,False,True
b008512,0.0,False,True
b008513,0.0,False,True
b008514,0.0,False,True
b008515,0.0,False,True
b008516,0.0,False,True
b008517,0.0,False,True
b008518,0.0,False,True
b008519,0.0,False,True
b008520,0.0,False,True
b008521,0.0,False,True
b008522,0.0,False,True
b008523,0.0,False,True
b008524,0.0,False,True
b008525,0.0,False,True
b008526,0.0,False,True
b008527,0.0,False,True
b008528,0.0,False,True
b008529,0.0,False,True
b008530,0.0,False,True
b008531,0.0,False,True
b008532,0.0,False,True
b008533,0.0,False,True
b008534,0.46389177441596985,True,True
b008535,0.0,False,True
b008536,0.0,False,True
b008537,0.0,False,True
b008538,0.0,False,True
b008539,0.0,False,True
b008540,0.0,False,True
b008541,0.0,False,True
b008542,0.0,False,True
b008543,0.0,False,True
b008544,0.0,False,True
b008545,0.0,False,True
b008546,0.7812049388885498,True,True
b008547,0.0,False,True
b008548,0.0,False,True
b008549,0.0,False,True
b008550,0.0,False,True
b008551,0.0,False,True
b008552,0.0,False,True
b008553,0.0,False,True
b008554,0.0,False,True
b008555,0.0,False,True
b008556,0.0,False,True
b008557,0.0,False,True
b008558,0.0,False,True
b008559,0.0,False,True
b008560,0.0,False,True
b008561,0.0,False,True
b008562,0.0,False,True
b008563,0.0,False,True
b008564,0.0,False,True
b008565,0.0,False,True
b008566,0.0,False,True
b008567,0.0,False,True
b008568,0.0,False,True
b008569,0.0,False,True
b008570,0.0,False,True
b008571,0.0,False,True
b008572,0.0,False,True
b008573,0.0,False,True
b008574,0.0,False,True
b008575,0.0,False,True
b008576,0.0,False,True
b008577,0.0,False,True
b008578,0.0,False,True
b008579,0.0,False,True
b008580,0.0,False,True
b008581,0.0,False,True
b008582,0.0,False,True
b008583,0.0,False,True
b008584,0.0,False,True
b008585,0.0,False,True
b008586,0.0,False,True
b008587,0.0,False,True
b008588,0.0,False,True
b008589,0.0,False,True
b008590,0.0,False,True
b008591,0.0,False,True
b008592,0.12595349550247192,True,True
b008593,0.0,False,True
b008594,0.0,False,True
b008595,0.0,False,True
b008596,0.0,False,True
b008597,0.0,False,True
b008598,0.0,False,True
b008599,0.0,False,True
b008600,0.0,False,True
b008601,0.0,False,True
b008602,0.0,False,True
b008603,0.0,False,True
b008604,0.0,False,True
b008605,0.2663726508617401,True,True
b008606,0.0,False,True
b008607,0.0,False,True
b008608,0.0,False,True
b008609,0.0,False,True
b008610,0.0,False,True
b008611,0.0,False,True
b008612,0.0,False,True
b008613,0.0,False,True
b008614,0.0,False,True
b008615,0.0,False,True
b008616,0.0,False,True
b008617,0.0,False,True
b008618,0.8691325783729553,True,True
b008619,0.0,False,True
b008620,0.0,False,True
b008621,0.0,False,True
b008622,0.0,False,True
b008623,0.0,False,True
b008624,0.0,False,True
b008625,0.0,False,True
b008626,0.0,False,True
b008627,0.0,False,True
b008628,0.0,False,True
b008629,0.0,False,True
b008630,0.0,False,True
b008631,0.0,False,True
b008632,0.0,False,True
b008633,0.0,False,True
b008634,0.0,False,True
b008635,0.0,False,True
b008636,0.0,False,True
b008637,0.0,False,True
b008638,0.0,False,True
b008639,0.0,False,True
b008640,0.0,False,True
b008641,0.0,False,True
b008642,0.0,False,True
b008643,0.0,False,True
b008644,0.0,False,True
b008645,0.0,False,True
b008646,0.0,False,True
b008647,0.0,False,True
b008648,0.0,False,True
b008649,0.0,False,True
b008650,0.0,False,True
b008651,0.0,False,True
b008652,0.0,False,True
b008653,0.0,False,True
b008654,0.0,False,True
b008655,0.0,False,True
b008656,0.0,False,True
b008657,0.0,False,True
b008658,0.0,False,True
b008659,0.0,False,True
b008660,0.0,False,True
b008661,0.0,False,True
b008662,0.0,False,True
b008663,0.0,False,True
b008664,0.0,False,True
b008665,0.0,False,True
b008666,0.0,False,True
b008667,0.0,False,True
b008668,0.0,False,True
b008669,0.0,False,True
b008670,0.0,False,True
b008671,0.0,False,True
b008672,0.0,False,True
b008673,0.0,False,True
b008674,0.0,False,True
b008675,0.0,False,True
b008676,0.0,False,True
b008677,0.0,False,True
b008678,0.0,False,True
b008679,0.0,False,True
b008680,0.0,False,True
b008681,0.0,False,True
b008682,0.0,False,True
b008683,0.0,False,True
b008684,0.0,False,True
b008685,0.0,False,True
b008686,0.0,False,True
b008687,0.0,False,True
b008688,0.0,False,True
b008689,0.0,False,True
b008690,0.0,False,True
b008691,0.0,False,True
b008692,0.0,False,True
b008693,0.0,False,True
b008694,0.0,False,True
b008695,0.0,False,True
b008696,0.0,False,True
b008697,0.0,False,True
b008698,0.0,False,True
b008699,0.0,False,True
b008700,0.0,False,True
b008701,0.0,False,True
b008702,0.0,False,True
b008703,0.0,False,True
b008704,0.0,False,True
b008705,0.0,False,True
b008706,0.0,False,True
b008707,0.0,False,True
b008708,0.0,False,True
b008709,0.0,False,True
b008710,0.0,False,True
b008711,0.0,False,True
b008712,0.0,False,True
b008713,0.0,False,True
b008714,0.0,False,True
b008715,0.0,False,True
b008716,0.0,False,True
b008717,0.0,False,True
b008718,0.0,False,True
b008719,0.0,False,True
b008720,0.0,False,True
b008721,0.0,False,True
b008722,0.0,False,True
b008723,0.0,False,True
b008724,0.0,False,True
b008725,0.0,False,True
b008726,0.0,False,True
b008727,0.0,False,True
b008728,0.0,False,True
b008729,0.0,False,True
b008730,0.0,False,True
b008731,0.0,False,True
b008732,0.0,False,True
b008733,0.0,False,True
b008734,0.0,False,True
b008735,0.0,False,True
b008736,0.0,False,True
b008737,0.0,False,True
b008738,0.0,False,True
b008739,0.0,False,True
b008740,0.0,False,True
b008741,0.0,False,True
b008742,0.0,False,True
b008743,0.0,False,True
b008744,0.0,False,True
b008745,0.0,False,True
b008746,0.0,False,True
b008747,0.0,False,True
b008748,0.0,False,True
b008749,0.0,False,True
b008750,0.0,False,True
b008751,0.0,False,True
b008752,0.0,False,True
b008753,0.0,False,True
b008754,0.0,False,True
b008755,0.0,False,True
b008756,0.0,False,True
b008757,0.0,False,True
b008758,0.0,False,True
b008759,0.0,False,True
b008760,0.0,False,True
b008761,0.0,False,True
b008762,0.0,False,True
b008763,0.0,False,True
b008764,0.0,False,True
b008765,0.0,False,True
b008766,0.0,False,True
b008767,0.0,False,True
b008768,0.0,False,True
b008769,0.0,False,True
b008770,0.0,False,True
b008771,0.0,False,True
b008772,0.0,False,True
b008773,0.0,False,True
b008774,0.0,False,True
b008775,0.3293149471282959,True,True
b008776,0.27001264691352844,True,True
b008777,0.0,False,True
b008778,0.0,False,True
b008779,0.0,False,True
b008780,0.0,False,True
b008781,0.0,False,True
b008782,0.0,False,True
b008783,0.0,False,True
b008784,0.0,False,True
b008785,0.0,False,True
b008786,0.0,False,True
b008787,0.0,False,True
b008788,0.0,False,True
b008789,0.0,False,True
b008790,0.0,False,True
b008791,0.0,False,True
b008792,0.0,False,True
b008793,0.0,False,True
b008794,0.0,False,True
b008795,0.0,False,True
b008796,0.0,False,True
b008797,0.0,False,True
b008798,0.0,False,True
b008799,0.0,False,True
b008800,0.0,False,True
b008801,0.0,False,True
b008802,0.14397044479846954,True,True
b008803,0.0,False,True
b008804,0.0,False,True
b008805,0.0,False,True
b008806,0.0,False,True
b008807,0.0,False,True
b008808,0.0,False,True
b008809,0.0,False,True
b008810,0.0,False,True
b008811,0.0,False,True
b008812,0.0,False,True
b008813,0.0,False,True
b008814,0.0,False,True
b008815,0.0,False,True
b008816,0.0,False,True
b008817,0.0,False,True
b008818,0.0,False,True
b008819,0.0,False,True
b008820,0.0,False,True
b008821,0.0,False,True
b008822,0.0,False,True
b008823,0.0,False,True
b008824,0.0,False,True
b008825,0.0,False,True
b008826,0.0,False,True
b008827,0.0,False,True
b008828,0.0,False,True
b008829,0.0,False,True
b008830,0.0,False,True
b008831,0.0,False,True
b008832,0.0,False,True
b008833,0.0,False,True
b008834,0.0,False,True
b008835,0.0,False,True
b008836,0.0,False,True
b008837,0.0,False,True
b008838,0.0,False,True
b008839,0.0,False,True
b008840,0.0,False,True
b008841,0.0,False,True
b008842,0.0,False,True
b008843,0.0,False,True
b008844,0.0,False,True
b008845,0.0,False,True
b008846,0.0,False,True
b008847,0.0,False,True
b008848,0.0,False,True
b008849,0.0,False,True
b008850,0.0,False,True
b008851,0.0,False,True
b008852,0.0,False,True
b008853,0.0,False,True
b008854,0.0,False,True
b008855,0.0,False,True
b008856,0.0,False,True
b008857,0.0,False,True
b008858,0.0,False,True
b008859,0.0,False,True
b008860,0.0,False,True
b008861,0.0,False,True
b008862,0.0,False,True
b008863,0.0,False,True
b008864,0.0,False,True
b008865,0.0,False,True
b008866,0.0,False,True
b008867,0.0,False,True
b008868,0.0,False,True
b008869,0.0,False,True
b008870,0.0,False,True
b008871,0.0,False,True
b008872,0.0,False,True
b008873,0.0,False,True
b008874,0.0,False,True
b008875,0.0,False,True
b008876,0.0,False,True
b008877,0.0,False,True
b008878,0.0,False,True
b008879,0.0,False,True
b008880,0.0,False,True
b008881,0.0,False,True
b008882,0.0,False,True
b008883,0.0,False,True
b008884,0.0,False,True
b008885,0.0,False,True
b008886,0.0,False,True
b008887,0.0,False,True
b008888,0.0,False,True
b008889,0.0,False,True
b008890,0.0,False,True
b008891,0.0,False,True
b008892,0.0,False,True
b008893,0.0,False,True
b008894,0.0,False,True
b008895,0.0,False,True
b008896,0.0,False,True
b008897,0.0,False,True
b008898,0.0,False,True
b008899,0.0,False,True
b008900,0.0,False,True
b008901,0.0,False,True
b008902,0.0,False,True
b008903,0.0,False,True
b008904,0.0,False,True
b008905,0.0,False,True
b008906,0.0,False,True
b008907,0.0,False,True
b008908,0.0,False,True
b008909,0.0,False,True
b008910,0.0,False,True
b008911,0.0,False,True
b008912,0.0,False,True
b008913,0.0,False,True
b008914,0.0,False,True
b008915,0.0,False,True
b008916,0.0,False,True
b008917,0.0,False,True
b008918,0.0,False,True
b008919,0.0,False,True
b008920,0.0,False,True
b008921,0.0,False,True
b008922,0.0,False,True
b008923,0.0,False,True
b008924,0.0,False,True
b008925,0.0,False,True
b008926,0.0,False,True
b008927,0.0,False,True
b008928,0.0,False,True
b008929,0.0,False,True
b008930,0.0,False,True
b008931,0.0,False,True
b008932,0.0,False,True
b008933,0.0,False,True
b008934,0.0,False,True
b008935,0.0,False,True
b008936,0.0,False,True
b008937,0.0,False,True
b008938,0.0,False,True
b008939,0.0,False,True
b008940,0.0,False,True
b008941,0.0,False,True
b008942,0.0,False,True
b008943,0.0,False,True
b008944,0.0,False,True
b008945,0.0,False,True
b008946,0.0,False,True
b008947,0.0,False,True
b008948,0.0,False,True
b008949,0.0,False,True
b008950,0.0,False,True
b008951,0.0,False,True
b008952,0.0,False,True
b008953,0.0,False,True
b008954,0.0,False,True
b008955,0.0,False,True
b008956,0.0,False,True
b008957,0.0,False,True
b008958,0.0,False,True
b008959,0.0,False,True
b008960,0.0,False,True
b008961,0.0,False,True
b008962,0.0,False,True
b008963,0.0,False,True
b008964,0.0,False,True
b008965,0.0,False,True
b008966,0.0,False,True
b008967,0.0,False,True
b008968,0.0,False,True
b008969,0.0,False,True
b008970,0.0,False,True
b008971,0.0,False,True
b008972,0.0,False,True
b008973,0.0,False,True
b008974,0.0,False,True
b008975,0.3350369334220886,True,True
b008976,0.0,False,True
b008977,0.0,False,True
b008978,0.0,False,True
b008979,0.0,False,True
b008980,0.0,False,True
b008981,0.0,False,True
b008982,0.0,False,True
b008983,0.0,False,True
b008984,0.0,False,True
b008985,0.0,False,True
b008986,0.0,False,True
b008987,0.0,False,True
b008988,0.0,False,True
b008989,0.0,False,True
b008990,0.0,False,True
b008991,0.0,False,True
b008992,0.0,False,True
b008993,0.0,False,True
b008994,0.0,False,True
b008995,0.0,False,True
b008996,0.0,False,True
b008997,0.0,False,True
b008998,0.0,False,True
b008999,0.0,False,True
b009000,0.0,False,True
b009001,0.0,False,True
b009002,0.0,False,True
b009003,0.0,False,True
b009004,0.0,False,True
b009005,0.0,False,True
b009006,0.0,False,True
b009007,0.0,False,True
b009008,0.0,False,True
b009009,0.0,False,True
b009010,0.0,False,True
b009011,0.0,False,True
b009012,0.0,False,True
b009013,0.0,False,True
b009014,0.0,False,True
b009015,0.0,False,True
b009016,0.0,False,True
b009017,0.0,False,True
b009018,0.0,False,True
b009019,0.0,False,True
b009020,0.0,False,True
b009021,0.0,False,True
b009022,0.0,False,True
b009023,0.0,False,True
b009024,0.0,False,True
b009025,0.0,False,True
b009026,0.0,False,True
b009027,0.0,False,True
b009028,0.0,False,True
b009029,0.0,False,True
b009030,0.0,False,True
b009031,0.0,False,True
b009032,0.0,False,True
b009033,0.0,False,True
b009034,0.0,False,True
b009035,0.0,False,True
b009036,0.0,False,True
b009037,0.0,False,True
b009038,0.0,False,True
b009039,0.0,False,True
b009040,0.0,False,True
b009041,0.0,False,True
b009042,0.0,False,True
b009043,0.0,False,True
b009044,0.0,False,True
b009045,0.10484089702367783,True,True
b009046,0.0,False,True
b009047,0.0,False,True
b009048,0.0,False,True
b009049,0.0,False,True
b009050,0.0,False,True
b009051,0.0,False,True
b009052,0.0,False,True
b009053,0.0,False,True
b009054,0.0,False,True
b009055,0.0,False,True
b009056,0.0,False,True
b009057,0.0,False,True
b009058,0.0,False,True
b009059,0.0,False,True
b009060,0.0,False,True
b009061,0.0,False,True
b009062,0.0,False,True
b009063,0.0,False,True
b009064,0.0,False,True
b009065,0.0,False,True
b009066,0.0,False,True
b009067,0.0,False,True
b009068,0.0,False,True
b009069,0.0,False,True
b009070,0.0,False,True
b009071,0.0,False,True
b009072,0.0,False,True
b009073,0.0,False,True
b009074,0.15668097138404846,True,True
b009075,0.0,False,True
b009076,0.0,False,True
b009077,0.0,False,True
b009078,0.0,False,True
b009079,0.0,False,True
b009080,0.0,False,True
b009081,0.0,False,True
b009082,0.0,False,True
b009083,0.0,False,True
b009084,0.0,False,True
b009085,0.0,False,True
b009086,0.0,False,True
b009087,0.0,False,True
b009088,0.0,False,True
b009089,0.0,False,True
b009090,0.0,False,True
b009091,0.0,False,True
b009092,0.0,False,True
b009093,0.0,False,True
b009094,0.0,False,True
b009095,0.0,False,True
b009096,0.0,False,True
b009097,0.0,False,True
b009098,0.0,False,True
b009099,0.0,False,True
b009100,0.0,False,True
b009101,0.0,False,True
b009102,0.0,False,True
b009103,0.0,False,True
b009104,0.0,False,True
b009105,0.0,False,True
b009106,0.0,False,True
b009107,0.0,False,True
b009108,0.0,False,True
b009109,0.0,False,True
b009110,0.0,False,True
b009111,0.0,False,True
b009112,0.0,False,True
b009113,0.0,False,True
b009114,0.0,False,True
b009115,0.0,False,True
b009116,0.0,False,True
b009117,0.0,False,True
b009118,0.0,False,True
b009119,0.0,False,True
b009120,0.0,False,True
b009121,0.0,False,True
b009122,0.0,False,True
b009123,0.0,False,True
b009124,0.0,False,True
b009125,0.0,False,True
b009126,0.0,False,True
b009127,0.0,False,True
b009128,0.0,False,True
b009129,0.0,False,True
b009130,0.0,False,True
b009131,0.0,False,True
b009132,0.0,False,True
b009133,0.0,False,True
b009134,0.0,False,True
b009135,0.0,False,True
b009136,0.0,False,True
b009137,0.0,False,True
b009138,0.0,False,True
b009139,0.0,False,True
b009140,0.0,False,True
b009141,0.0,False,True
b009142,0.0,False,True
b009143,0.0,False,True
b009144,0.0,False,True
b009145,0.0,False,True
b009146,0.0,False,True
b009147,0.0,False,True
b009148,0.0,False,True
b009149,0.0,False,True
b009150,0.0,False,True
b009151,0.0,False,True
b009152,0.0,False,True
b009153,0.0,False,True
b009154,0.0,False,True
b009155,0.0,False,True
b009156,0.0,False,True
b009157,0.0,False,True
b009158,0.0,False,True
b009159,0.0,False,True
b009160,0.0,False,True
b009161,0.0,False,True
b009162,0.0,False,True
b009163,0.0,False,True
b009164,0.0,False,True
b009165,0.0,False,True
b009166,0.0,False,True
b009167,0.0,False,True
b009168,0.0,False,True
b009169,0.0,False,True
b009170,0.0,False,True
b009171,0.0,False,True
b009172,0.0,False,True
b009173,0.0,False,True
b009174,0.0,False,True
b009175,0.0,False,True
b009176,0.0,False,True
b009177,0.0,False,True
b009178,0.0,False,True
b009179,0.0,False,True
b009180,0.0,False,True
b009181,0.0,False,True
b009182,0.0,False,True
b009183,0.0,False,True
b009184,0.0,False,True
b009185,0.0,False,True
b009186,0.0,False,True
b009187,0.0,False,True
b009188,0.0,False,True
b009189,0.0,False,True
b009190,0.0,False,True
b009191,0.0,False,True
b009192,0.0,False,True
b009193,0.0,False,True
b009194,0.0,False,True
b009195,0.0,False,True
b009196,0.0,False,True
b009197,0.0,False,True
b009198,0.0,False,True
b009199,0.0,False,True
b009200,0.0,False,True
b009201,0.0,False,True
b009202,0.0,False,True
b009203,0.0,False,True
b009204,0.0,False,True
b009205,0.0,False,True
b009206,0.0,False,True
b009207,0.0,False,True
b009208,0.0,False,True
b009209,0.0,False,True
b009210,0.0,False,True
b009211,0.0,False,True
b009212,0.0,False,True
b009213,0.0,False,True
b009214,0.0,False,True
b009215,0.0,False,True
b009216,0.0,False,True
b009217,0.0,False,True
b009218,0.0,False,True
b009219,0.0,False,True
b009220,0.0,False,True
b009221,0.0,False,True
b009222,0.0,False,True
b009223,0.0,False,True
b009224,0.0,False,True
b009225,0.16005700826644897,True,True
b009226,0.0,False,True
b009227,0.0,False,True
b009228,0.0,False,True
b009229,0.0,False,True
b009230,0.0,False,True
b009231,0.0,False,True
b009232,0.0,False,True
b009233,0.0,False,True
b009234,0.0,False,True
b009235,0.0,False,True
b009236,0.0,False,True
b009237,0.0,False,True
b009238,0.0,False,True
b009239,0.0,False,True
b009240,0.0,False,True
b009241,0.0,False,True
b009242,0.0,False,True
b009243,0.0,False,True
b009244,0.0,False,True
b009245,0.0,False,True
b009246,0.0,False,True
b009247,0.30191218852996826,True,True
b009248,0.0,False,True
b009249,0.0,False,True
b009250,0.0,False,True
b009251,0.0,False,True
b009252,0.0,False,True
b009253,0.0,False,True
b009254,0.0,False,True
b009255,0.0,False,True
b009256,0.0,False,True
b009257,0.0,False,True
b009258,0.0,False,True
b009259,0.0,False,True
b009260,0.0,False,True
b009261,0.0,False,True
b009262,0.0,False,True
b009263,0.0,False,True
b009264,0.0,False,True
b009265,0.0,False,True
b009266,0.0,False,True
b009267,0.0,False,True
b009268,0.0,False,True
b009269,0.0,False,True
b009270,0.0,False,True
b009271,0.0,False,True
b009272,0.0,False,True
b009273,0.0,False,True
b009274,0.0,False,True
b009275,0.0,False,True
b009276,0.0,False,True
b009277,0.0,False,True
b009278,0.0,False,True
b009279,0.0,False,True
b009280,0.0,False,True
b009281,0.0,False,True
b009282,0.0,False,True
b009283,0.0,False,True
b009284,0.0,False,True
b009285,0.0,False,True
b009286,0.0,False,True
b009287,0.0,False,True
b009288,0.0,False,True
b009289,0.0,False,True
b009290,0.0,False,True
b009291,0.0,False,True
b009292,0.0,False,True
b009293,0.0,False,True
b009294,0.0,False,True
b009295,0.0,False,True
b009296,0.0,False,True
b009297,0.0,False,True
b009298,0.0,False,True
b009299,0.0,False,True
b009300,0.0,False,True
b009301,0.0,False,True
b009302,0.0,False,True
b009303,0.0,False,True
b009304,0.0,False,True
b009305,0.0,False,True
b009306,0.0,False,True
b009307,0.0,False,True
b009308,0.0,False,True
b009309,0.0,False,True
b009310,0.0,False,True
b009311,0.0,False,True
b009312,0.0,False,True
b009313,0.0,False,True
b009314,0.0,False,True
b009315,0.0,False,True
b009316,0.0,False,True
b009317,0.0,False,True
b009318,0.0,False,True
b009319,0.0,False,True
b009320,0.0,False,True
b009321,0.0,False,True
b009322,0.0,False,True
b009323,0.0,False,True
b009324,0.0,False,True
b009325,0.0,False,True
b009326,0.0,False,True
b009327,0.0,False,True
b009328,0.20564930140972137,True,True
b009329,0.0,False,True
b009330,0.0,False,True
b009331,0.0,False,True
b009332,0.0,False,True
b009333,0.10356797277927399,True,True
b009334,0.0,False,True
b009335,0.0,False,True
b009336,0.0,False,True
b009337,0.0,False,True
b009338,0.0,False,True
b009339,0.0,False,True
b009340,0.0,False,True
b009341,0.0,False,True
b009342,0.0,False,True
b009343,0.0,False,True
b009344,0.0,False,True
b009345,0.0,False,True
b009346,0.0,False,True
b009347,0.0,False,True
b009348,0.0,False,True
b009349,0.0,False,True
b009350,0.0,False,True
b009351,0.0,False,True
b009352,0.0,False,True
b009353,0.0,False,True
b009354,0.0,False,True
b009355,0.0,False,True
b009356,0.0,False,True
b009357,0.0,False,True
b009358,0.0,False,True
b009359,0.0,False,True
b009360,0.0,False,True
b009361,0.0,False,True
b009362,0.0,False,True
b009363,0.0,False,True
b009364,0.0,False,True
b009365,0.0,False,True
b009366,0.0,False,True
b009367,0.0,False,True
b009368,0.0,False,True
b009369,0.0,False,True
b009370,0.0,False,True
b009371,0.0,False,True
b009372,0.0,False,True
b009373,0.0,False,True
b009374,0.0,False,True
b009375,0.0,False,True
b009376,0.0,False,True
b009377,0.0,False,True
b009378,0.0,False,True
b009379,0.0,False,True
b009380,0.0,False,True
b009381,0.0,False,True
b009382,0.0,False,True
b009383,0.0,False,True
b009384,0.0,False,True
b009385,0.0,False,True
b009386,0.0,False,True
b009387,0.0,False,True
b009388,0.0,False,True
b009389,0.0,False,True
b009390,0.0,False,True
b009391,0.0,False,True
b009392,0.0,False,True
b009393,0.0,False,True
b009394,0.0,False,True
b009395,0.0,False,True
b009396,0.0,False,True
b009397,0.1123538613319397,True,True
b009398,0.0,False,True
b009399,0.0,False,True
b009400,0.0,False,True
b009401,0.0,False,True
b009402,0.0,False,True
b009403,0.0,False,True
b009404,0.0,False,True
b009405,0.29508012533187866,True,True
b009406,0.0,False,True
b009407,0.0,False,True
b009408,0.0,False,True
b009409,0.0,False,True
b009410,0.0,False,True
b009411,0.0,False,True
b009412,0.0,False,True
b009413,0.0,False,True
b009414,0.0,False,True
b009415,0.0,False,True
b009416,0.0,False,True
b009417,0.0,False,True
b009418,0.0,False,True
b009419,0.0,False,True
b009420,0.0,False,True
b009421,0.0,False,True
b009422,0.0,False,True
b009423,0.0,False,True
b009424,0.0,False,True
b009425,0.0,False,True
b009426,0.0,False,True
b009427,0.0,False,True
b009428,0.0,False,True
b009429,0.0,False,True
b009430,0.0,False,True
b009431,0.0,False,True
b009432,0.0,False,True
b009433,0.0,False,True
b009434,0.0,False,True
b009435,0.0,False,True
b009436,0.0,False,True
b009437,0.0,False,True
b009438,0.0,False,True
b009439,0.0,False,True
b009440,0.0,False,True
b009441,0.0,False,True
b009442,0.0,False,True
b009443,0.0,False,True
b009444,0.23869964480400085,True,True
b009445,0.0,False,True
b009446,0.0,False,True
b009447,0.0,False,True
b009448,0.0,False,True
b009449,0.0,False,True
b009450,0.0,False,True
b009451,0.18640916049480438,True,True
b009452,0.14338520169258118,True,True
b009453,0.0,False,True
b009454,0.0,False,True
b009455,0.0,False,True
b009456,0.0,False,True
b009457,0.0,False,True
b009458,0.0,False,True
b009459,0.0,False,True
b009460,0.0,False,True
b009461,0.0,False,True
b009462,0.0,False,True
b009463,0.0,False,True
b009464,0.0,False,True
b009465,0.0,False,True
b009466,0.0,False,True
b009467,0.0,False,True
b009468,0.0,False,True
b009469,0.0,False,True
b009470,0.0,False,True
b009471,0.0,False,True
b009472,0.0,False,True
b009473,0.0,False,True
b009474,0.0,False,True
b009475,0.0,False,True
b009476,0.0,False,True
b009477,0.0,False,True
b009478,0.0,False,True
b009479,0.0,False,True
b009480,0.0,False,True
b009481,0.0,False,True
b009482,0.0,False,True
b009483,0.0,False,True
b009484,0.0,False,True
b009485,0.0,False,True
b009486,0.0,False,True
b009487,0.0,False,True
b009488,0.0,False,True
b009489,0.0,False,True
b009490,0.0,False,True
b009491,0.0,False,True
b009492,0.0,False,True
b009493,0.0,False,True
b009494,0.0,False,True
b009495,0.0,False,True
b009496,0.0,False,True
b009497,0.0,False,True
b009498,0.0,False,True
b009499,0.0,False,True
b009500,0.0,False,True
b009501,0.0,False,True
b009502,0.0,False,True
b009503,0.0,False,True
b009504,0.0,False,True
b009505,0.0,False,True
b009506,0.0,False,True
b009507,0.0,False,True
b009508,0.0,False,True
b009509,0.0,False,True
b009510,0.0,False,True
b009511,0.0,False,True
b009512,0.0,False,True
b009513,0.0,False,True
b009514,0.0,False,True
b009515,0.0,False,True
b009516,0.0,False,True
b009517,0.0,False,True
b009518,0.0,False,True
b009519,0.0,False,True
b009520,0.0,False,True
b009521,0.0,False,True
b009522,0.3480347692966461,True,True
b009523,0.0,False,True
b009524,0.0,False,True
b009525,0.0,False,True
b009526,0.0,False,True
b009527,0.0,False,True
b009528,0.0,False,True
b009529,0.0,False,True
b009530,0.0,False,True
b009531,0.0,False,True
b009532,0.0,False,True
b009533,0.0,False,True
b009534,0.0,False,True
b009535,0.0,False,True
b009536,0.0,False,True
b009537,0.0,False,True
b009538,0.0,False,True
b009539,0.0,False,True
b009540,0.0,False,True
b009541,0.0,False,True
b009542,0.0,False,True
b009543,0.0,False,True
b009544,0.0,False,True
b009545,0.0,False,True
b009546,0.0,False,True
b009547,0.0,False,True
b009548,0.0,False,True
b009549,0.0,False,True
b009550,0.0,False,True
b009551,0.0,False,True
b009552,0.0,False,True
b009553,0.0,False,True
b009554,0.0,False,True
b009555,0.0,False,True
b009556,0.0,False,True
b009557,0.0,False,True
b009558,0.0,False,True
b009559,0.0,False,True
b009560,0.0,False,True
b009561,0.0,False,True
b009562,0.0,False,True
b009563,0.0,False,True
b009564,0.0,False,True
b009565,0.0,False,True
b009566,0.0,False,True
b009567,0.0,False,True
b009568,0.0,False,True
b009569,0.0,False,True
b009570,0.0,False,True
b009571,0.0,False,True
b009572,0.0,False,True
b009573,0.0,False,True
b009574,0.0,False,True
b009575,0.0,False,True
b009576,0.0,False,True
b009577,0.0,False,True
b009578,0.0,False,True
b009579,0.0,False,True
b009580,0.0,False,True
b009581,0.0,False,True
b009582,0.0,False,True
b009583,0.0,False,True
b009584,0.0,False,True
b009585,0.0,False,True
b009586,0.0,False,True
b009587,0.0,False,True
b009588,0.0,False,True
b009589,0.0,False,True
b009590,0.0,False,True
b009591,0.0,False,True
b009592,0.0,False,True
b009593,0.0,False,True
b009594,0.0,False,True
b009595,0.0,False,True
b009596,0.0,False,True
b009597,0.0,False,True
b009598,0.0,False,True
b009599,0.0,False,True
b009600,0.6211817860603333,True,True
b009601,0.0,False,True
b009602,0.0,False,True
b009603,0.0,False,True
b009604,0.0,False,True
b009605,0.0,False,True
b009606,0.0,False,True
b009607,0.0,False,True
b009608,0.0,False,True
b009609,0.0,False,True
b009610,0.0,False,True
b009611,0.0,False,True
b009612,0.0,False,True
b009613,0.0,False,True
b009614,0.0,False,True
b009615,0.0,False,True
b009616,0.0,False,True
b009617,0.0,False,True
b009618,0.0,False,True
b009619,0.0,False,True
b009620,0.0,False,True
b009621,0.0,False,True
b009622,0.0,False,True
b009623,0.0,False,True
b009624,0.0,False,True
b009625,0.0,False,True
b009626,0.0,False,True
b009627,0.0,False,True
b009628,0.0,False,True
b009629,0.0,False,True
b009630,0.0,False,True
b009631,0.0,False,True
b009632,0.0,False,True
b009633,0.0,False,True
b009634,0.0,False,True
b009635,0.0,False,True
b009636,0.0,False,True
b009637,0.0,False,True
b009638,0.0,False,True
b009639,0.0,False,True
b009640,0.0,False,True
b009641,0.0,False,True
b009642,0.0,False,True
b009643,0.0,False,True
b009644,0.0,False,True
b009645,0.0,False,True
b009646,0.0,False,True
b009647,0.0,False,True
b009648,0.0,False,True
b009649,0.0,False,True
b009650,0.0,False,True
b009651,0.0,False,True
b009652,0.0,False,True
b009653,0.0,False,True
b009654,0.0,False,True
b009655,0.0,False,True
b009656,0.0,False,True
b009657,0.0,False,True
b009658,0.0,False,True
b009659,0.0,False,True
b009660,0.0,False,True
b009661,0.0,False,True
b009662,0.0,False,True
b009663,0.0,False,True
b009664,0.0,False,True
b009665,0.0,False,True
b009666,0.0,False,True
b009667,0.0,False,True
b009668,0.0,False,True
b009669,0.0,False,True
b009670,0.0,False,True
b009671,0.0,False,True
b009672,0.0,False,True
b009673,0.0,False,True
b009674,0.0,False,True
b009675,0.0,False,True
b009676,0.0,False,True
b009677,0.0,False,True
b009678,0.0,False,True
b009679,0.0,False,True
b009680,0.0,False,True
b009681,0.0,False,True
b009682,0.0,False,True
b009683,0.0,False,True
b009684,0.0,False,True
b009685,0.0,False,True
b009686,0.0,False,True
b009687,0.0,False,True
b009688,0.0,False,True
b009689,0.0,False,True
b009690,0.0,False,True
b009691,0.0,False,True
b009692,0.0,False,True
b009693,0.0,False,True
b009694,0.0,False,True
b009695,0.0,False,True
b009696,0.0,False,True
b009697,0.0,False,True
b009698,0.0,False,True
b009699,0.0,False,True
b009700,0.0,False,True
b009701,0.0,False,True
b009702,0.0,False,True
b009703,0.0,False,True
b009704,0.0,False,True
b009705,0.0,False,True
b009706,0.0,False,True
b009707,0.0,False,True
b009708,0.0,False,True
b009709,0.0,False,True
b009710,0.0,False,True
b009711,0.0,False,True
b009712,0.0,False,True
b009713,0.0,False,True
b009714,0.0,False,True
b009715,0.0,False,True
b009716,0.0,False,True
b009717,0.0,False,True
b009718,0.0,False,True
b009719,0.0,False,True
b009720,0.0,False,True
b009721,0.0,False,True
b009722,0.0,False,True
b009723,0.0,False,True
b009724,0.0,False,True
b009725,0.0,False,True
b009726,0.0,False,True
b009727,0.0,False,True
b009728,0.0,False,True
b009729,0.0,False,True
b009730,0.0,False,True
b009731,0.0,False,True
b009732,0.0,False,True
b009733,0.0,False,True
b009734,0.0,False,True
b009735,0.0,False,True
b009736,0.0,False,True
b009737,0.0,False,True
b009738,0.0,False,True
b009739,0.0,False,True
b009740,0.0,False,True
b009741,0.0,False,True
b009742,0.0,False,True
b009743,0.0,False,True
b009744,0.0,False,True
b009745,0.0,False,True
b009746,0.0,False,True
b009747,0.0,False,True
b009748,0.0,False,True
b009749,0.0,False,True
b009750,0.0,False,True
b009751,0.0,False,True
b009752,0.0,False,True
b009753,0.0,False,True
b009754,0.26966384053230286,True,True
b009755,0.0,False,True
b009756,0.0,False,True
b009757,0.0,False,True
b009758,0.0,False,True
b009759,0.0,False,True
b009760,0.0,False,True
b009761,0.0,False,True
b009762,0.0,False,True
b009763,0.0,False,True
b009764,0.0,False,True
b009765,0.0,False,True
b009766,0.0,False,True
b009767,0.0,False,True
b009768,0.0,False,True
b009769,0.0,False,True
b009770,0.0,False,True
b009771,0.0,False,True
b009772,0.0,False,True
b009773,0.0,False,True
b009774,0.0,False,True
b009775,0.0,False,True
b009776,0.0,False,True
b009777,0.0,False,True
b009778,0.0,False,True
b009779,0.0,False,True
b009780,0.0,False,True
b009781,0.0,False,True
b009782,0.0,False,True
b009783,0.19329901039600372,True,True
b009784,0.0,False,True
b009785,0.0,False,True
b009786,0.0,False,True
b009787,0.0,False,True
b009788,0.0,False,True
b009789,0.0,False,True
b009790,0.0,False,True
b009791,0.0,False,True
b009792,0.0,False,True
b009793,0.0,False,True
b009794,0.0,False,True
b009795,0.0,False,True
b009796,0.0,False,True
b009797,0.0,False,True
b009798,0.0,False,True
b009799,0.0,False,True
b009800,0.0,False,True
b009801,0.0,False,True
b009802,0.0,False,True
b009803,0.0,False,True
b009804,0.0,False,True
b009805,0.0,False,True
b009806,0.0,False,True
b009807,0.0,False,True
b009808,0.0,False,True
b009809,0.0,False,True
b009810,0.0,False,True
b009811,0.0,False,True
b009812,0.0,False,True
b009813,0.0,False,True
b009814,0.0,False,True
b009815,0.0,False,True
b009816,0.0,False,True
b009817,0.0,False,True
b009818,0.0,False,True
b009819,0.0,False,True
b009820,0.0,False,True
b009821,0.0,False,True
b009822,0.0,False,True
b009823,0.0,False,True
b009824,0.0,False,True
b009825,0.0,False,True
b009826,0.0,False,True
b009827,0.0,False,True
b009828,0.0,False,True
b009829,0.0,False,True
b009830,0.0,False,True
b009831,0.0,False,True
b009832,0.0,False,True
b009833,0.0,False,True
b009834,0.0,False,True
b009835,0.0,False,True
b009836,0.0,False,True
b009837,0.0,False,True
b009838,0.0,False,True
b009839,0.0,False,True
b009840,0.0,False,True
b009841,0.0,False,True
b009842,0.0,False,True
b009843,0.0,False,True
b009844,0.0,False,True
b009845,0.0,False,True
b009846,0.0,False,True
b009847,0.0,False,True
b009848,0.0,False,True
b009849,0.0,False,True
b009850,0.0,False,True
b009851,0.0,False,True
b009852,0.0,False,True
b009853,0.0,False,True
b009854,0.0,False,True
b009855,0.0,False,True
b009856,0.0,False,True
b009857,0.0,False,True
b009858,0.0,False,True
b009859,0.0,False,True
b009860,0.0,False,True
b009861,0.0,False,True
b009862,0.0,False,True
b009863,0.0,False,True
b009864,0.0,False,True
b009865,0.0,False,True
b009866,0.0,False,True
b009867,0.0,False,True
b009868,0.0,False,True
b009869,0.0,False,True
b009870,0.0,False,True
b009871,0.0,False,True
b009872,0.0,False,True
b009873,0.0,False,True
b009874,0.0,False,True
b009875,0.0,False,True
b009876,0.0,False,True
b009877,0.0,False,True
b009878,0.0,False,True
b009879,0.0,False,True
b009880,0.0,False,True
b009881,0.0,False,True
b009882,0.0,False,True
b009883,0.0,False,True
b009884,0.0,False,True
b009885,0.0,False,True
b009886,0.0,False,True
b009887,0.0,False,True
b009888,0.0,False,True
b009889,0.0,False,True
b009890,0.0,False,True
b009891,0.0,False,True
b009892,0.0,False,True
b009893,0.0,False,True
b009894,0.0,False,True
b009895,0.0,False,True
b009896,0.0,False,True
b009897,0.0,False,True
b009898,0.0,False,True
b009899,0.0,False,True
b009900,0.0,False,True
b009901,0.0,False,True
b009902,0.0,False,True
b009903,0.0,False,True
b009904,0.0,False,True
b009905,0.0,False,True
b009906,0.0,False,True
b009907,0.0,False,True
b009908,0.0,False,True
b009909,0.0,False,True
b009910,0.0,False,True
b009911,0.0,False,True
b009912,0.0,False,True
b009913,0.0,False,True
b009914,0.0,False,True
b009915,0.0,False,True
b009916,0.0,False,True
b009917,0.0,False,True
b009918,0.0,False,True
b009919,0.0,False,True
b009920,0.0,False,True
b009921,0.0,False,True
b009922,0.0,False,True
b009923,0.0,False,True
b009924,0.0,False,True
b009925,0.0,False,True
b009926,0.14528067409992218,True,True
b009927,0.0,False,True
b009928,0.0,False,True
b009929,0.0,False,True
b009930,0.0,False,True
b009931,0.0,False,True
b009932,0.0,False,True
b009933,0.0,False,True
b009934,0.0,False,True
b009935,0.0,False,True
b009936,0.0,False,True
b009937,0.0,False,True
b009938,0.0,False,True
b009939,0.0,False,True
b009940,0.0,False,True
b009941,0.0,False,True
b009942,0.0,False,True
b009943,0.0,False,True
b009944,0.0,False,True
b009945,0.0,False,True
b009946,0.0,False,True
b009947,0.2183702141046524,True,True
b009948,0.0,False,True
b009949,0.0,False,True
b009950,0.0,False,True
b009951,0.0,False,True
b009952,0.0,False,True
b009953,0.0,False,True
b009954,0.0,False,True
b009955,0.0,False,True
b009956,0.0,False,True
b009957,0.0,False,True
b009958,0.0,False,True
b009959,0.0,False,True
b009960,0.0,False,True
b009961,0.0,False,True
b009962,0.0,False,True
b009963,0.0,False,True
b009964,0.0,False,True
b009965,0.0,False,True
b009966,0.0,False,True
b009967,0.0,False,True
b009968,0.0,False,True
b009969,0.0,False,True
b009970,0.0,False,True
b009971,0.0,False,True
b009972,0.0,False,True
b009973,0.0,False,True
b009974,0.0,False,True
b009975,0.0,False,True
b009976,0.0,False,True
b009977,0.0,False,True
b009978,0.0,False,True
b009979,0.0,False,True
b009980,0.0,False,True
b009981,0.0,False,True
b009982,0.0,False,True
b009983,0.0,False,True
b009984,0.0,False,True
b009985,0.0,False,True
b009986,0.0,False,True
b009987,0.0,False,True
b009988,0.0,False,True
b009989,0.0,False,True
b009990,0.0,False,True
b009991,0.0,False,True
b009992,0.0,False,True
b009993,0.0,False,True
b009994,0.0,False,True
b009995,0.0,False,True
b009996,0.0,False,True
b009997,0.0,False,True
b009998,0.0,False,True
b009999,0.0,False,True
b010000,0.0,False,True
b010001,0.0,False,True
b010002,0.0,False,True
b010003,0.0,False,True
b010004,0.0,False,True
b010005,0.0,False,True
b010006,0.0,False,True
b010007,0.0,False,True
b010008,0.0,False,True
b010009,0.0,False,True
b010010,0.0,False,True
b010011,0.0,False,True
b010012,0.0,False,True
b010013,0.0,False,True
b010014,0.0,False,True
b010015,0.0,False,True
b010016,0.0,False,True
b010017,0.0,False,True
b010018,0.0,False,True
b010019,0.0,False,True
b010020,0.0,False,True
b010021,0.0,False,True
b010022,0.0,False,True
b010023,0.0,False,True
b010024,0.0,False,True
b010025,0.0,False,True
b010026,0.0,False,True
b010027,0.0,False,True
b010028,0.0,False,True
b010029,0.0,False,True
b010030,0.0,False,True
b010031,0.0,False,True
b010032,0.0,False,True
b010033,0.0,False,True
b010034,0.0,False,True
b010035,0.0,False,True
b010036,0.46768099069595337,True,True
b010037,0.0,False,True
b010038,0.0,False,True
b010039,0.0,False,True
b010040,0.0,False,True
b010041,0.0,False,True
b010042,0.0,False,True
b010043,0.0,False,True
b010044,0.0,False,True
b010045,0.0,False,True
b010046,0.0,False,True
b010047,0.0,False,True
b010048,0.0,False,True
b010049,0.0,False,True
b010050,0.0,False,True
b010051,0.0,False,True
b010052,0.29463884234428406,True,True
b010053,0.0,False,True
b010054,0.0,False,True
b010055,0.0,False,True
b010056,0.0,False,True
b010057,0.0,False,True
b010058,0.0,False,True
b010059,0.0,False,True
b010060,0.0,False,True
b010061,0.0,False,True
b010062,0.3852856457233429,True,True
b010063,0.0,False,True
b010064,0.0,False,True
b010065,0.0,False,True
b010066,0.0,False,True
b010067,0.0,False,True
b010068,0.0,False,True
b010069,0.0,False,True
b010070,0.0,False,True
b010071,0.0,False,True
b010072,0.0,False,True
b010073,0.0,False,True
b010074,0.0,False,True
b010075,0.0,False,True
b010076,0.0,False,True
b010077,0.0,False,True
b010078,0.0,False,True
b010079,0.0,False,True
b010080,0.0,False,True
b010081,0.0,False,True
b010082,0.0,False,True
b010083,0.0,False,True
b010084,0.0,False,True
b010085,0.0,False,True
b010086,0.0,False,True
b010087,0.0,False,True
b010088,0.0,False,True
b010089,0.0,False,True
b010090,0.0,False,True
b010091,0.0,False,True
b010092,0.0,False,True
b010093,0.15137925744056702,True,True
b010094,0.0,False,True
b010095,0.0,False,True
b010096,0.0,False,True
b010097,0.0,False,True
b010098,0.0,False,True
b010099,0.0,False,True
b010100,0.0,False,True
b010101,0.0,False,True
b010102,0.0,False,True
b010103,0.0,False,True
b010104,0.0,False,True
b010105,0.16369621455669403,True,True
b010106,0.0,False,True
b010107,0.0,False,True
b010108,0.0,False,True
b010109,0.0,False,True
b010110,0.0,False,True
b010111,0.0,False,True
b010112,0.0,False,True
b010113,0.0,False,True
b010114,0.0,False,True
b010115,0.0,False,True
b010116,0.0,False,True
b010117,0.0,False,True
b010118,0.0,False,True
b010119,0.0,False,True
b010120,0.0,False,True
b010121,0.0,False,True
b010122,0.6633529663085938,True,True
b010123,0.0,False,True
b010124,0.0,False,True
b010125,0.0,False,True
b010126,0.0,False,True
b010127,0.0,False,True
b010128,0.0,False,True
b010129,0.0,False,True
b010130,0.0,False,True
b010131,0.0,False,True
b010132,0.0,False,True
b010133,0.0,False,True
b010134,0.0,False,True
b010135,0.0,False,True
b010136,0.0,False,True
b010137,0.0,False,True
b010138,0.0,False,True
b010139,0.0,False,True
b010140,0.0,False,True
b010141,0.0,False,True
b010142,0.0,False,True
b010143,0.0,False,True
b010144,0.0,False,True
b010145,0.0,False,True
b010146,0.0,False,True
b010147,0.0,False,True
b010148,0.0,False,True
b010149,0.0,False,True
b010150,0.14238117635250092,True,True
b010151,0.0,False,True
b010152,0.0,False,True
b010153,0.0,False,True
b010154,0.0,False,True
b010155,0.0,False,True
b010156,0.0,False,True
b010157,0.0,False,True
b010158,0.0,False,True
b010159,0.0,False,True
b010160,0.0,False,True
b010161,0.0,False,True
b010162,0.0,False,True
b010163,0.0,False,True
b010164,0.0,False,True
b010165,0.0,False,True
b010166,0.0,False,True
b010167,0.0,False,True
b010168,0.0,False,True
b010169,0.0,False,True
b010170,0.0,False,True
b010171,0.0,False,True
b010172,0.0,False,True
b010173,0.0,False,True
b010174,0.0,False,True
b010175,0.0,False,True
b010176,0.0,False,True
b010177,0.0,False,True
b010178,0.0,False,True
b010179,0.0,False,True
b010180,0.0,False,True
b010181,0.0,False,True
b010182,0.0,False,True
b010183,0.0,False,True
b010184,0.0,False,True
b010185,0.0,False,True
b010186,0.0,False,True
b010187,0.0,False,True
b010188,0.0,False,True
b010189,0.0,False,True
b010190,0.0,False,True
b010191,0.0,False,True
b010192,0.0,False,True
b010193,0.0,False,True
b010194,0.0,False,True
b010195,0.0,False,True
b010196,0.0,False,True
b010197,0.0,False,True
b010198,0.0,False,True
b010199,0.0,False,True
b010200,0.0,False,True
b010201,0.0,False,True
b010202,0.0,False,True
b010203,0.0,False,True
b010204,0.0,False,True
b010205,0.0,False,True
b010206,0.0,False,True
b010207,0.0,False,True
b010208,0.0,False,True
b010209,0.0,False,True
b010210,0.0,False,True
b010211,0.0,False,True
b010212,0.0,False,True
b010213,0.0,False,True
b010214,0.0,False,True
b010215,0.0,False,True
b010216,0.0,False,True
b010217,0.0,False,True
b010218,0.0,False,True
b010219,0.0,False,True
b010220,0.0,False,True
b010221,0.0,False,True
b010222,0.0,False,True
b010223,0.0,False,True
b010224,0.0,False,True
b010225,0.0,False,True
b010226,0.0,False,True
b010227,0.0,False,True
b010228,0.0,False,True
b010229,0.0,False,True
b010230,0.0,False,True
b010231,0.0,False,True
b010232,0.0,False,True
b010233,0.0,False,True
b010234,0.0,False,True
b010235,0.0,False,True
b010236,0.0,False,True
b010237,0.0,False,True
b010238,0.0,False,True
b010239,0.0,False,True
b010240,0.0,False,True
b010241,0.0,False,True
b010242,0.0,False,True
b010243,0.0,False,True
b010244,0.0,False,True
b010245,0.0,False,True
b010246,0.0,False,True
b010247,0.0,False,True
b010248,0.0,False,True
b010249,0.0,False,True
b010250,0.0,False,True
b010251,0.0,False,True
b010252,0.0,False,True
b010253,0.0,False,True
b010254,0.0,False,True
b010255,0.0,False,True
b010256,0.0,False,True
b010257,0.0,False,True
b010258,0.0,False,True
b010259,0.0,False,True
b010260,0.0,False,True
b010261,0.0,False,True
b010262,0.0,False,True
b010263,0.0,False,True
b010264,0.0,False,True
b010265,0.0,False,True
b010266,0.0,False,True
b010267,0.0,False,True
b010268,0.0,False,True
b010269,0.0,False,True
b010270,0.0,False,True
b010271,0.0,False,True
b010272,0.0,False,True
b010273,0.0,False,True
b010274,0.0,False,True
b010275,0.0,False,True
b010276,0.0,False,True
b010277,0.0,False,True
b010278,0.0,False,True
b010279,0.0,False,True
b010280,0.0,False,True
b010281,0.0,False,True
b010282,0.0,False,True
b010283,0.0,False,True
b010284,0.0,False,True
b010285,0.0,False,True
b010286,0.0,False,True
b010287,0.0,False,True
b010288,0.0,False,True
b010289,0.0,False,True
b010290,0.0,False,True
b010291,0.0,False,True
b010292,0.0,False,True
b010293,0.0,False,True
b010294,0.0,False,True
b010295,0.0,False,True
b010296,0.0,False,True
b010297,0.0,False,True
b010298,0.0,False,True
b010299,0.0,False,True
b010300,0.0,False,True
b010301,0.0,False,True
b010302,0.0,False,True
b010303,0.0,False,True
b010304,0.0,False,True
b010305,0.0,False,True
b010306,0.0,False,True
b010307,0.0,False,True
b010308,0.0,False,True
b010309,0.0,False,True
b010310,0.0,False,True
b010311,0.0,False,True
b010312,0.0,False,True
b010313,0.0,False,True
b010314,0.0,False,True
b010315,0.0,False,True
b010316,0.0,False,True
b010317,0.0,False,True
b010318,0.0,False,True
b010319,0.0,False,True
b010320,0.0,False,True
b010321,0.0,False,True
b010322,0.0,False,True
b010323,0.0,False,True
b010324,0.0,False,True
b010325,0.0,False,True
b010326,0.0,False,True
b010327,0.0,False,True
b010328,0.0,False,True
b010329,0.0,False,True
b010330,0.0,False,True
b010331,0.0,False,True
b010332,0.0,False,True
b010333,0.0,False,True
b010334,0.0,False,True
b010335,0.0,False,True
b010336,0.0,False,True
b010337,0.0,False,True
b010338,0.0,False,True
b010339,0.0,False,True
b010340,0.0,False,True
b010341,0.0,False,True
b010342,0.0,False,True
b010343,0.0,False,True
b010344,0.0,False,True
b010345,0.0,False,True
b010346,0.0,False,True
b010347,0.11769534647464752,True,True
b010348,0.0,False,True
b010349,0.0,False,True
b010350,0.0,False,True
b010351,0.0,False,True
b010352,0.0,False,True
b010353,0.0,False,True
b010354,0.0,False,True
b010355,0.0,False,True
b010356,0.0,False,True
b010357,0.0,False,True
b010358,0.0,False,True
b010359,0.0,False,True
b010360,0.0,False,True
b010361,0.0,False,True
b010362,0.0,False,True
b010363,0.0,False,True
b010364,0.0,False,True
b010365,0.0,False,True
b010366,0.0,False,True
b010367,0.0,False,True
b010368,0.0,False,True
b010369,0.0,False,True
b010370,0.0,False,True
b010371,0.0,False,True
b010372,0.0,False,True
b010373,0.0,False,True
b010374,0.0,False,True
b010375,0.0,False,True
b010376,0.0,False,True
b010377,0.0,False,True
b010378,0.0,False,True
b010379,0.0,False,True
b010380,0.0,False,True
b010381,0.0,False,True
b010382,0.0,False,True
b010383,0.0,False,True
b010384,0.0,False,True
b010385,0.0,False,True
b010386,0.0,False,True
b010387,0.0,False,True
b010388,0.0,False,True
b010389,0.0,False,True
b010390,0.0,False,True
b010391,0.0,False,True
b010392,0.0,False,True
b010393,0.0,False,True
b010394,0.0,False,True
b010395,0.11444023996591568,True,True
b010396,0.0,False,True
b010397,0.0,False,True
b010398,0.0,False,True
b010399,0.0,False,True
b010400,0.0,False,True
b010401,0.0,False,True
b010402,0.0,False,True
b010403,0.0,False,True
b010404,0.0,False,True
b010405,0.0,False,True
b010406,0.0,False,True
b010407,0.0,False,True
b010408,0.0,False,True
b010409,0.0,False,True
b010410,0.0,False,True
b010411,0.0,False,True
b010412,0.0,False,True
b010413,0.0,False,True
b010414,0.0,False,True
b010415,0.0,False,True
b010416,0.0,False,True
b010417,0.0,False,True
b010418,0.0,False,True
b010419,0.0,False,True
b010420,0.0,False,True
b010421,0.0,False,True
b010422,0.0,False,True
b010423,0.0,False,True
b010424,0.0,False,True
b010425,0.0,False,True
b010426,0.0,False,True
b010427,0.0,False,True
b010428,0.0,False,True
b010429,0.0,False,True
b010430,0.0,False,True
b010431,0.0,False,True
b010432,0.0,False,True
b010433,0.0,False,True
b010434,0.0,False,True
b010435,0.0,False,True
b010436,0.0,False,True
b010437,0.0,False,True
b010438,0.0,False,True
b010439,0.0,False,True
b010440,0.0,False,True
b010441,0.0,False,True
b010442,0.0,False,True
b010443,0.0,False,True
b010444,0.0,False,True
b010445,0.0,False,True
b010446,0.0,False,True
b010447,0.0,False,True
b010448,0.0,False,True
b010449,0.0,False,True
b010450,0.0,False,True
b010451,0.0,False,True
b010452,0.0,False,True
b010453,0.0,False,True
b010454,0.0,False,True
b010455,0.0,False,True
b010456,0.0,False,True
b010457,0.0,False,True
b010458,0.0,False,True
b010459,0.0,False,True
b010460,0.0,False,True
b010461,0.0,False,True
b010462,0.0,False,True
b010463,0.0,False,True
b010464,0.0,False,True
b010465,0.0,False,True
b010466,0.0,False,True
b010467,0.0,False,True
b010468,0.0,False,True
b010469,0.0,False,True
b010470,0.0,False,True
b010471,0.0,False,True
b010472,0.0,False,True
b010473,0.0,False,True
b010474,0.0,False,True
b010475,0.0,False,True
b010476,0.0,False,True
b010477,0.0,False,True
b010478,0.0,False,True
b010479,0.0,False,True
b010480,0.0,False,True
b010481,0.0,False,True
b010482,0.0,False,True
b010483,0.0,False,True
b010484,0.0,False,True
b010485,0.0,False,True
b010486,0.0,False,True
b010487,0.0,False,True
b010488,0.0,False,True
b010489,0.0,False,True
b010490,0.0,False,True
b010491,0.0,False,True
b010492,0.0,False,True
b010493,0.0,False,True
b010494,0.0,False,True
b010495,0.0,False,True
b010496,0.0,False,True
b010497,0.0,False,True
b010498,0.0,False,True
b010499,0.0,False,True
b010500,0.0,False,True
b010501,0.0,False,True
b010502,0.0,False,True
b010503,0.0,False,True
b010504,0.0,False,True
b010505,0.0,False,True
b010506,0.0,False,True
b010507,0.0,False,True
b010508,0.0,False,True
b010509,0.0,False,True
b010510,0.0,False,True
b010511,0.0,False,True
b010512,0.0,False,True
b010513,0.0,False,True
b010514,0.0,False,True
b010515,0.0,False,True
b010516,0.0,False,True
b010517,0.0,False,True
b010518,0.0,False,True
b010519,0.0,False,True
b010520,0.0,False,True
b010521,0.0,False,True
b010522,0.0,False,True
b010523,0.0,False,True
b010524,0.0,False,True
b010525,0.0,False,True
b010526,0.0,False,True
b010527,0.0,False,True
b010528,0.0,False,True
b010529,0.0,False,True
b010530,0.0,False,True
b010531,0.0,False,True
b010532,0.0,False,True
b010533,0.0,False,True
b010534,0.0,False,True
b010535,0.0,False,True
b010536,0.0,False,True
b010537,0.0,False,True
b010538,0.0,False,True
b010539,0.0,False,True
b010540,0.0,False,True
b010541,0.0,False,True
b010542,0.0,False,True
b010543,0.0,False,True
b010544,0.0,False,True
b010545,0.0,False,True
b010546,0.0,False,True
b010547,0.0,False,True
b010548,0.0,False,True
b010549,0.0,False,True
b010550,0.0,False,True
b010551,0.16813811659812927,True,True
b010552,0.0,False,True
b010553,0.0,False,True
b010554,0.0,False,True
b010555,0.0,False,True
b010556,0.0,False,True
b010557,0.0,False,True
b010558,0.0,False,True
b010559,0.0,False,True
b010560,0.0,False,True
b010561,0.0,False,True
b010562,0.0,False,True
b010563,0.0,False,True
b010564,0.0,False,True
b010565,0.0,False,True
b010566,0.5172034502029419,True,True
b010567,0.0,False,True
b010568,0.0,False,True
b010569,0.0,False,True
b010570,0.0,False,True
b010571,0.0,False,True
b010572,0.0,False,True
b010573,0.40999534726142883,True,True
b010574,0.0,False,True
b010575,0.0,False,True
b010576,0.0,False,True
b010577,0.0,False,True
b010578,0.0,False,True
b010579,0.0,False,True
b010580,0.0,False,True
b010581,0.0,False,True
b010582,0.0,False,True
b010583,0.0,False,True
b010584,0.0,False,True
b010585,0.0,False,True
b010586,0.0,False,True
b010587,0.0,False,True
b010588,0.0,False,True
b010589,0.0,False,True
b010590,0.0,False,True
b010591,0.0,False,True
b010592,0.0,False,True
b010593,0.0,False,True
b010594,0.0,False,True
b010595,0.0,False,True
b010596,0.0,False,True
b010597,0.0,False,True
b010598,0.0,False,True
b010599,0.0,False,True
b010600,0.0,False,True
b010601,0.0,False,True
b010602,0.0,False,True
b010603,0.0,False,True
b010604,0.0,False,True
b010605,0.0,False,True
b010606,0.0,False,True
b010607,0.0,False,True
b010608,0.0,False,True
b010609,0.0,False,True
b010610,0.0,False,True
b010611,0.0,False,True
b010612,0.0,False,True
b010613,0.0,False,True
b010614,0.0,False,True
b010615,0.0,False,True
b010616,0.0,False,True
b010617,0.0,False,True
b010618,0.0,False,True
b010619,0.0,False,True
b010620,0.0,False,True
b010621,0.0,False,True
b010622,0.0,False,True
b010623,0.0,False,True
b010624,0.0,False,True
b010625,0.0,False,True
b010626,0.0,False,True
b010627,0.0,False,True
b010628,0.0,False,True
b010629,0.0,False,True
b010630,0.0,False,True
b010631,0.0,False,True
b010632,0.0,False,True
b010633,0.0,False,True
b010634,0.0,False,True
b010635,0.0,False,True
b010636,0.0,False,True
b010637,0.0,False,True
b010638,0.0,False,True
b010639,0.0,False,True
b010640,0.0,False,True
b010641,0.0,False,True
b010642,0.0,False,True
b010643,0.0,False,True
b010644,0.0,False,True
b010645,0.0,False,True
b010646,0.0,False,True
b010647,0.0,False,True
b010648,0.0,False,True
b010649,0.0,False,True
b010650,0.0,False,True
b010651,0.0,False,True
b010652,0.0,False,True
b010653,0.0,False,True
b010654,0.0,False,True
b010655,0.0,False,True
b010656,0.0,False,True
b010657,0.0,False,True
b010658,0.0,False,True
b010659,0.0,False,True
b010660,0.0,False,True
b010661,0.0,False,True
b010662,0.0,False,True
b010663,0.0,False,True
b010664,0.0,False,True
b010665,0.0,False,True
b010666,0.0,False,True
b010667,0.0,False,True
b010668,0.0,False,True
b010669,0.0,False,True
b010670,0.0,False,True
b010671,0.0,False,True
b010672,0.0,False,True
b010673,0.0,False,True
b010674,0.0,False,True
b010675,0.0,False,True
b010676,0.0,False,True
b010677,0.0,False,True
b010678,0.0,False,True
b010679,0.0,False,True
b010680,0.0,False,True
b010681,0.0,False,True
b010682,0.0,False,True
b010683,0.0,False,True
b010684,0.0,False,True
b010685,0.0,False,True
b010686,0.0,False,True
b010687,0.0,False,True
b010688,0.0,False,True
b010689,0.0,False,True
b010690,0.0,False,True
b010691,0.0,False,True
b010692,0.0,False,True
b010693,0.0,False,True
b010694,0.0,False,True
b010695,0.0,False,True
b010696,0.0,False,True
b010697,0.0,False,True
b010698,0.0,False,True
b010699,0.0,False,True
b010700,0.0,False,True
b010701,0.0,False,True
b010702,0.0,False,True
b010703,0.0,False,True
b010704,0.0,False,True
b010705,0.0,False,True
b010706,0.0,False,True
b010707,0.0,False,True
b010708,0.0,False,True
b010709,0.0,False,True
b010710,0.0,False,True
b010711,0.0,False,True
b010712,0.0,False,True
b010713,0.0,False,True
b010714,0.0,False,True
b010715,0.0,False,True
b010716,0.0,False,True
b010717,0.0,False,True
b010718,0.0,False,True
b010719,0.0,False,True
b010720,0.0,False,True
b010721,0.0,False,True
b010722,0.0,False,True
b010723,0.0,False,True
b010724,0.0,False,True
b010725,0.0,False,True
b010726,0.0,False,True
b010727,0.0,False,True
b010728,0.0,False,True
b010729,0.0,False,True
b010730,0.0,False,True
b010731,0.0,False,True
b010732,0.0,False,True
b010733,0.0,False,True
b010734,0.0,False,True
b010735,0.0,False,True
b010736,0.0,False,True
b010737,0.0,False,True
b010738,0.0,False,True
b010739,0.0,False,True
b010740,0.0,False,True
b010741,0.0,False,True
b010742,0.0,False,True
b010743,0.0,False,True
b010744,0.0,False,True
b010745,0.0,False,True
b010746,0.0,False,True
b010747,0.0,False,True
b010748,0.0,False,True
b010749,0.0,False,True
b010750,0.0,False,True
b010751,0.0,False,True
b010752,0.0,False,True
b010753,0.0,False,True
b010754,0.0,False,True
b010755,0.0,False,True
b010756,0.0,False,True
b010757,0.0,False,True
b010758,0.0,False,True
b010759,0.0,False,True
b010760,0.0,False,True
b010761,0.0,False,True
b010762,0.0,False,True
b010763,0.0,False,True
b010764,0.0,False,True
b010765,0.0,False,True
b010766,0.0,False,True
b010767,0.0,False,True
b010768,0.0,False,True
b010769,0.0,False,True
b010770,0.0,False,True
b010771,0.0,False,True
b010772,0.0,False,True
b010773,0.0,False,True
b010774,0.0,False,True
b010775,0.0,False,True
b010776,0.0,False,True
b010777,0.0,False,True
b010778,0.0,False,True
b010779,0.0,False,True
b010780,0.0,False,True
b010781,0.0,False,True
b010782,0.0,False,True
b010783,0.0,False,True
b010784,0.0,False,True
b010785,0.0,False,True
b010786,0.0,False,True
b010787,0.0,False,True
b010788,0.0,False,True
b010789,0.0,False,True
b010790,0.0,False,True
b010791,0.0,False,True
b010792,0.0,False,True
b010793,0.0,False,True
b010794,0.0,False,True
b010795,0.0,False,True
b010796,0.0,False,True
b010797,0.0,False,True
b010798,0.0,False,True
b010799,0.0,False,True
b010800,0.0,False,True
b010801,0.0,False,True
b010802,0.0,False,True
b010803,0.0,False,True
b010804,0.0,False,True
b010805,0.0,False,True
b010806,0.0,False,True
b010807,0.0,False,True
b010808,0.0,False,True
b010809,0.0,False,True
b010810,0.0,False,True
b010811,0.0,False,True
b010812,0.0,False,True
b010813,0.0,False,True
b010814,0.0,False,True
b010815,0.0,False,True
b010816,0.0,False,True
b010817,0.0,False,True
b010818,0.0,False,True
b010819,0.0,False,True
b010820,0.0,False,True
b010821,0.0,False,True
b010822,0.0,False,True
b010823,0.0,False,True
b010824,0.0,False,True
b010825,0.0,False,True
b010826,0.0,False,True
b010827,0.0,False,True
b010828,0.0,False,True
b010829,0.0,False,True
b010830,0.0,False,True
b010831,0.0,False,True
b010832,0.0,False,True
b010833,0.0,False,True
b010834,0.0,False,True
b010835,0.0,False,True
b010836,0.0,False,True
b010837,0.0,False,True
b010838,0.0,False,True
b010839,0.0,False,True
b010840,0.0,False,True
b010841,0.0,False,True
b010842,0.0,False,True
b010843,0.0,False,True
b010844,0.0,False,True
b010845,0.0,False,True
b010846,0.0,False,True
b010847,0.0,False,True
b010848,0.0,False,True
b010849,0.0,False,True
b010850,0.0,False,True
b010851,0.0,False,True
b010852,0.0,False,True
b010853,0.0,False,True
b010854,0.0,False,True
b010855,0.0,False,True
b010856,0.0,False,True
b010857,0.0,False,True
b010858,0.0,False,True
b010859,0.0,False,True
b010860,0.0,False,True
b010861,0.0,False,True
b010862,0.0,False,True
b010863,0.0,False,True
b010864,0.0,False,True
b010865,0.0,False,True
b010866,0.0,False,True
b010867,0.0,False,True
b010868,0.0,False,True
b010869,0.0,False,True
b010870,0.0,False,True
b010871,0.0,False,True
b010872,0.0,False,True
b010873,0.0,False,True
b010874,0.0,False,True
b010875,0.0,False,True
b010876,0.0,False,True
b010877,0.0,False,True
b010878,0.0,False,True
b010879,0.0,False,True
b010880,0.0,False,True
b010881,0.0,False,True
b010882,0.0,False,True
b010883,0.0,False,True
b010884,0.0,False,True
b010885,0.0,False,True
b010886,0.0,False,True
b010887,0.0,False,True
b010888,0.0,False,True
b010889,0.0,False,True
b010890,0.0,False,True
b010891,0.0,False,True
b010892,0.0,False,True
b010893,0.0,False,True
b010894,0.0,False,True
b010895,0.0,False,True
b010896,0.0,False,True
b010897,0.0,False,True
b010898,0.0,False,True
b010899,0.0,False,True
b010900,0.0,False,True
b010901,0.0,False,True
b010902,0.0,False,True
b010903,0.0,False,True
b010904,0.0,False,True
b010905,0.0,False,True
b010906,0.0,False,True
b010907,0.0,False,True
b010908,0.0,False,True
b010909,0.0,False,True
b010910,0.23235352337360382,True,True
b010911,0.0,False,True
b010912,0.0,False,True
b010913,0.0,False,True
b010914,0.0,False,True
b010915,0.0,False,True
b010916,0.0,False,True
b010917,0.0,False,True
b010918,0.0,False,True
b010919,0.0,False,True
b010920,0.0,False,True
b010921,0.0,False,True
b010922,0.0,False,True
b010923,0.0,False,True
b010924,0.0,False,True
b010925,0.0,False,True
b010926,0.0,False,True
b010927,0.0,False,True
b010928,0.0,False,True
b010929,0.0,False,True
b010930,0.0,False,True
b010931,0.0,False,True
b010932,0.0,False,True
b010933,0.0,False,True
b010934,0.0,False,True
b010935,0.0,False,True
b010936,0.0,False,True
b010937,0.0,False,True
b010938,0.0,False,True
b010939,0.0,False,True
b010940,0.0,False,True
b010941,0.0,False,True
b010942,0.0,False,True
b010943,0.0,False,True
b010944,0.0,False,True
b010945,0.0,False,True
b010946,0.0,False,True
b010947,0.0,False,True
b010948,0.0,False,True
b010949,0.0,False,True
b010950,0.0,False,True
b010951,0.0,False,True
b010952,0.0,False,True
b010953,0.0,False,True
b010954,0.0,False,True
b010955,0.0,False,True
b010956,0.0,False,True
b010957,0.0,False,True
b010958,0.0,False,True
b010959,0.0,False,True
b010960,0.0,False,True
b010961,0.0,False,True
b010962,0.0,False,True
b010963,0.0,False,True
b010964,0.0,False,True
b010965,0.0,False,True
b010966,0.0,False,True
b010967,0.0,False,True
b010968,0.0,False,True
b010969,0.0,False,True
b010970,0.0,False,True
b010971,0.0,False,True
b010972,0.0,False,True
b010973,0.0,False,True
b010974,0.0,False,True
b010975,0.34244504570961,True,True
b010976,0.0,False,True
b010977,0.0,False,True
b010978,0.0,False,True
b010979,0.0,False,True
b010980,0.0,False,True
b010981,0.0,False,True
b010982,0.0,False,True
b010983,0.0,False,True
b010984,0.0,False,True
b010985,0.0,False,True
b010986,0.0,False,True
b010987,0.0,False,True
b010988,0.0,False,True
b010989,0.0,False,True
b010990,0.0,False,True
b010991,0.0,False,True
b010992,0.0,False,True
b010993,0.0,False,True
b010994,0.0,False,True
b010995,0.0,False,True
b010996,0.0,False,True
b010997,0.0,False,True
b010998,0.0,False,True
b010999,0.0,False,True
b011000,0.0,False,True
b011001,0.0,False,True
b011002,0.0,False,True
b011003,0.0,False,True
b011004,0.0,False,True
b011005,0.0,False,True
b011006,0.0,False,True
b011007,0.0,False,True
b011008,0.0,False,True
b011009,0.0,False,True
b011010,0.0,False,True
b011011,0.0,False,True
b011012,0.0,False,True
b011013,0.0,False,True
b011014,0.0,False,True
b011015,0.0,False,True
b011016,0.0,False,True
b011017,0.0,False,True
b011018,0.0,False,True
b011019,0.0,False,True
b011020,0.0,False,True
b011021,0.0,False,True
b011022,0.0,False,True
b011023,0.0,False,True
b011024,0.0,False,True
b011025,0.0,False,True
b011026,0.0,False,True
b011027,0.0,False,True
b011028,0.0,False,True
b011029,0.0,False,True
b011030,0.0,False,True
b011031,0.0,False,True
b011032,0.0,False,True
b011033,0.0,False,True
b011034,0.0,False,True
b011035,0.0,False,True
b011036,0.0,False,True
b011037,0.0,False,True
b011038,0.532090961933136,True,True
b011039,0.8839717507362366,True,True
b011040,0.0,False,True
b011041,0.0,False,True
b011042,0.0,False,True
b011043,0.0,False,True
b011044,0.0,False,True
b011045,0.0,False,True
b011046,0.0,False,True
b011047,0.0,False,True
b011048,0.0,False,True
b011049,0.0,False,True
b011050,0.0,False,True
b011051,0.0,False,True
b011052,0.0,False,True
b011053,0.0,False,True
b011054,0.0,False,True
b011055,0.0,False,True
b011056,0.0,False,True
b011057,0.0,False,True
b011058,0.0,False,True
b011059,0.0,False,True
b011060,0.0,False,True
b011061,0.0,False,True
b011062,0.0,False,True
b011063,0.0,False,True
b011064,0.0,False,True
b011065,0.0,False,True
b011066,0.0,False,True
b011067,0.0,False,True
b011068,0.0,False,True
b011069,0.0,False,True
b011070,0.0,False,True
b011071,0.0,False,True
b011072,0.0,False,True
b011073,0.0,False,True
b011074,0.14161209762096405,True,True
b011075,0.0,False,True
b011076,0.0,False,True
b011077,0.0,False,True
b011078,0.0,False,True
b011079,0.0,False,True
b011080,0.0,False,True
b011081,0.0,False,True
b011082,0.0,False,True
b011083,0.0,False,True
b011084,0.0,False,True
b011085,0.0,False,True
b011086,0.0,False,True
b011087,0.0,False,True
b011088,0.0,False,True
b011089,0.0,False,True
b011090,0.0,False,True
b011091,0.0,False,True
b011092,0.0,False,True
b011093,0.0,False,True
b011094,0.0,False,True
b011095,0.0,False,True
b011096,0.0,False,True
b011097,0.0,False,True
b011098,0.0,False,True
b011099,0.0,False,True
b011100,0.0,False,True
b011101,0.0,False,True
b011102,0.0,False,True
b011103,0.0,False,True
b011104,0.0,False,True
b011105,0.0,False,True
b011106,0.0,False,True
b011107,0.0,False,True
b011108,0.0,False,True
b011109,0.0,False,True
b011110,0.0,False,True
b011111,0.0,False,True
b011112,0.0,False,True
b011113,0.0,False,True
b011114,0.0,False,True
b011115,0.0,False,True
b011116,0.0,False,True
b011117,0.0,False,True
b011118,0.0,False,True
b011119,0.0,False,True
b011120,0.0,False,True
b011121,0.0,False,True
b011122,0.0,False,True
b011123,0.0,False,True
b011124,0.0,False,True
b011125,0.0,False,True
b011126,0.0,False,True
b011127,0.0,False,True
b011128,0.0,False,True
b011129,0.0,False,True
b011130,0.0,False,True
b011131,0.0,False,True
b011132,0.0,False,True
b011133,0.11298082768917084,True,True
b011134,0.0,False,True
b011135,0.0,False,True
b011136,0.0,False,True
b011137,0.3699762523174286,True,True
b011138,0.0,False,True
b011139,0.0,False,True
b011140,0.0,False,True
b011141,0.0,False,True
b011142,0.0,False,True
b011143,0.0,False,True
b011144,0.0,False,True
b011145,0.0,False,True
b011146,0.0,False,True
b011147,0.0,False,True
b011148,0.0,False,True
b011149,0.0,False,True
b011150,0.4274784028530121,True,True
b011151,0.0,False,True
b011152,0.0,False,True
b011153,0.0,False,True
b011154,0.0,False,True
b011155,0.0,False,True
b011156,0.0,False,True
b011157,0.0,False,True
b011158,0.0,False,True
b011159,0.0,False,True
b011160,0.0,False,True
b011161,0.36897724866867065,True,True
b011162,0.0,False,True
b011163,0.0,False,True
b011164,0.0,False,True
b011165,0.0,False,True
b011166,0.0,False,True
b011167,0.0,False,True
b011168,0.0,False,True
b011169,0.0,False,True
b011170,0.0,False,True
b011171,0.0,False,True
b011172,0.0,False,True
b011173,0.0,False,True
b011174,0.0,False,True
b011175,0.0,False,True
b011176,0.0,False,True
b011177,0.0,False,True
b011178,0.0,False,True
b011179,0.0,False,True
b011180,0.0,False,True
b011181,0.0,False,True
b011182,0.0,False,True
b011183,0.0,False,True
b011184,0.0,False,True
b011185,0.0,False,True
b011186,0.0,False,True
b011187,0.0,False,True
b011188,0.0,False,True
b011189,0.0,False,True
b011190,0.0,False,True
b011191,0.0,False,True
b011192,0.0,False,True
b011193,0.0,False,True
b011194,0.0,False,True
b011195,0.0,False,True
b011196,0.0,False,True
b011197,0.0,False,True
b011198,0.0,False,True
b011199,0.0,False,True
b011200,0.0,False,True
b011201,0.0,False,True
b011202,0.0,False,True
b011203,0.6936982274055481,True,True
b011204,0.0,False,True
b011205,0.0,False,True
b011206,0.0,False,True
b011207,0.0,False,True
b011208,0.0,False,True
b011209,0.0,False,True
b011210,0.0,False,True
b011211,0.0,False,True
b011212,0.0,False,True
b011213,0.0,False,True
b011214,0.0,False,True
b011215,0.0,False,True
b011216,0.0,False,True
b011217,0.0,False,True
b011218,0.0,False,True
b011219,0.0,False,True
b011220,0.0,False,True
b011221,0.0,False,True
b011222,0.0,False,True
b011223,0.0,False,True
b011224,0.0,False,True
b011225,0.0,False,True
b011226,0.0,False,True
b011227,0.0,False,True
b011228,0.0,False,True
b011229,0.0,False,True
b011230,0.0,False,True
b011231,0.0,False,True
b011232,0.0,False,True
b011233,0.0,False,True
b011234,0.0,False,True
b011235,0.0,False,True
b011236,0.0,False,True
b011237,0.0,False,True
b011238,0.0,False,True
b011239,0.0,False,True
b011240,0.24199557304382324,True,True
b011241,0.0,False,True
b011242,0.0,False,True
b011243,0.0,False,True
b011244,0.0,False,True
b011245,0.0,False,True
b011246,0.0,False,True
b011247,0.0,False,True
b011248,0.0,False,True
b011249,0.0,False,True
b011250,0.0,False,True
b011251,0.0,False,True
b011252,0.0,False,True
b011253,0.0,False,True
b011254,0.0,False,True
b011255,0.0,False,True
b011256,0.0,False,True
b011257,0.0,False,True
b011258,0.0,False,True
b011259,0.0,False,True
b011260,0.0,False,True
b011261,0.0,False,True
b011262,0.0,False,True
b011263,0.0,False,True
b011264,0.0,False,True
b011265,0.0,False,True
b011266,0.0,False,True
b011267,0.0,False,True
b011268,0.0,False,True
b011269,0.0,False,True
b011270,0.0,False,True
b011271,0.0,False,True
b011272,0.0,False,True
b011273,0.0,False,True
b011274,0.0,False,True
b011275,0.0,False,True
b011276,0.0,False,True
b011277,0.0,False,True
b011278,0.0,False,True
b011279,0.0,False,True
b011280,0.0,False,True
b011281,0.0,False,True
b011282,0.0,False,True
b011283,0.0,False,True
b011284,0.0,False,True
b011285,0.0,False,True
b011286,0.0,False,True
b011287,0.0,False,True
b011288,0.0,False,True
b011289,0.0,False,True
b011290,0.0,False,True
b011291,0.0,False,True
b011292,0.0,False,True
b011293,0.0,False,True
b011294,0.0,False,True
b011295,0.0,False,True
b011296,0.0,False,True
b011297,0.0,False,True
b011298,0.0,False,True
b011299,0.0,False,True
b011300,0.0,False,True
b011301,0.0,False,True
b011302,0.0,False,True
b011303,0.0,False,True
b011304,0.0,False,True
b011305,0.0,False,True
b011306,0.0,False,True
b011307,0.0,False,True
b011308,0.0,False,True
b011309,0.0,False,True
b011310,0.0,False,True
b011311,0.0,False,True
b011312,0.0,False,True
b011313,0.0,False,True
b011314,0.0,False,True
b011315,0.0,False,True
b011316,0.0,False,True
b011317,0.0,False,True
b011318,0.0,False,True
b011319,0.0,False,True
b011320,0.0,False,True
b011321,0.0,False,True
b011322,0.0,False,True
b011323,0.0,False,True
b011324,0.0,False,True
b011325,0.0,False,True
b011326,0.0,False,True
b011327,0.0,False,True
b011328,0.0,False,True
b011329,0.0,False,True
b011330,0.0,False,True
b011331,0.0,False,True
b011332,0.0,False,True
b011333,0.0,False,True
b011334,0.0,False,True
b011335,0.0,False,True
b011336,0.0,False,True
b011337,0.0,False,True
b011338,0.0,False,True
b011339,0.0,False,True
b011340,0.0,False,True
b011341,0.0,False,True
b011342,0.0,False,True
b011343,0.17542341351509094,True,True
b011344,0.0,False,True
b011345,0.0,False,True
b011346,0.0,False,True
b011347,0.0,False,True
b011348,0.0,False,True
b011349,0.0,False,True
b011350,0.0,False,True
b011351,0.0,False,True
b011352,0.0,False,True
b011353,0.0,False,True
b011354,0.0,False,True
b011355,0.0,False,True
b011356,0.0,False,True
b011357,0.0,False,True
b011358,0.0,False,True
b011359,0.0,False,True
b011360,0.0,False,True
b011361,0.0,False,True
b011362,0.0,False,True
b011363,0.0,False,True
b011364,0.0,False,True
b011365,0.0,False,True
b011366,0.0,False,True
b011367,0.0,False,True
b011368,0.0,False,True
b011369,0.0,False,True
b011370,0.0,False,True
b011371,0.0,False,True
b011372,0.0,False,True
b011373,0.0,False,True
b011374,0.0,False,True
b011375,0.0,False,True
b011376,0.0,False,True
b011377,0.0,False,True
b011378,0.0,False,True
b011379,0.0,False,True
b011380,0.0,False,True
b011381,0.0,False,True
b011382,0.0,False,True
b011383,0.0,False,True
b011384,0.0,False,True
b011385,0.0,False,True
b011386,0.0,False,True
b011387,0.0,False,True
b011388,0.0,False,True
b011389,0.103612519800663,True,True
b011390,0.0,False,True
b011391,0.0,False,True
b011392,0.0,False,True
b011393,0.0,False,True
b011394,0.0,False,True
b011395,0.0,False,True
b011396,0.0,False,True
b011397,0.0,False,True
b011398,0.0,False,True
b011399,0.0,False,True
b011400,0.0,False,True
b011401,0.0,False,True
b011402,0.0,False,True
b011403,0.0,False,True
b011404,0.0,False,True
b011405,0.0,False,True
b011406,0.0,False,True
b011407,0.0,False,True
b011408,0.0,False,True
b011409,0.0,False,True
b011410,0.0,False,True
b011411,0.0,False,True
b011412,0.0,False,True
b011413,0.0,False,True
b011414,0.0,False,True
b011415,0.0,False,True
b011416,0.0,False,True
b011417,0.0,False,True
b011418,0.0,False,True
b011419,0.0,False,True
b011420,0.0,False,True
b011421,0.0,False,True
b011422,0.0,False,True
b011423,0.0,False,True
b011424,0.0,False,True
b011425,0.0,False,True
b011426,0.0,False,True
b011427,0.0,False,True
b011428,0.0,False,True
b011429,0.0,False,True
b011430,0.0,False,True
b011431,0.0,False,True
b011432,0.0,False,True
b011433,0.0,False,True
b011434,0.0,False,True
b011435,0.0,False,True
b011436,0.0,False,True
b011437,0.0,False,True
b011438,0.0,False,True
b011439,0.0,False,True
b011440,0.0,False,True
b011441,0.0,False,True
b011442,0.0,False,True
b011443,0.0,False,True
b011444,0.0,False,True
b011445,0.0,False,True
b011446,0.0,False,True
b011447,0.0,False,True
b011448,0.0,False,True
b011449,0.0,False,True
b011450,0.0,False,True
b011451,0.0,False,True
b011452,0.0,False,True
b011453,0.0,False,True
b011454,0.0,False,True
b011455,0.0,False,True
b011456,0.0,False,True
b011457,0.0,False,True
b011458,0.0,False,True
b011459,0.0,False,True
b011460,0.0,False,True
b011461,0.0,False,True
b011462,0.0,False,True
b011463,0.0,False,True
b011464,0.0,False,True
b011465,0.0,False,True
b011466,0.0,False,True
b011467,0.0,False,True
b011468,0.0,False,True
b011469,0.0,False,True
b011470,0.0,False,True
b011471,0.0,False,True
b011472,0.0,False,True
b011473,0.0,False,True
b011474,0.0,False,True
b011475,0.0,False,True
b011476,0.0,False,True
b011477,0.0,False,True
b011478,0.0,False,True
b011479,0.0,False,True
b011480,0.0,False,True
b011481,0.0,False,True
b011482,0.0,False,True
b011483,0.0,False,True
b011484,0.0,False,True
b011485,0.0,False,True
b011486,0.0,False,True
b011487,0.0,False,True
b011488,0.0,False,True
b011489,0.0,False,True
b011490,0.0,False,True
b011491,0.0,False,True
b011492,0.0,False,True
b011493,0.0,False,True
b011494,0.0,False,True
b011495,0.0,False,True
b011496,0.0,False,True
b011497,0.0,False,True
b011498,0.0,False,True
b011499,0.0,False,True
b011500,0.0,False,True
b011501,0.0,False,True
b011502,0.0,False,True
b011503,0.0,False,True
b011504,0.0,False,True
b011505,0.0,False,True
b011506,0.0,False,True
b011507,0.0,False,True
b011508,0.0,False,True
b011509,0.0,False,True
b011510,0.0,False,True
b011511,0.0,False,True
b011512,0.0,False,True
b011513,0.0,False,True
b011514,0.0,False,True
b011515,0.0,False,True
b011516,0.0,False,True
b011517,0.0,False,True
b011518,0.0,False,True
b011519,0.0,False,True
b011520,0.0,False,True
b011521,0.0,False,True
b011522,0.0,False,True
b011523,0.0,False,True
b011524,0.0,False,True
b011525,0.0,False,True
b011526,0.0,False,True
b011527,0.0,False,True
b011528,0.0,False,True
b011529,0.0,False,True
b011530,0.0,False,True
b011531,0.0,False,True
b011532,0.0,False,True
b011533,0.0,False,True
b011534,0.0,False,True
b011535,0.0,False,True
b011536,0.0,False,True
b011537,0.0,False,True
b011538,0.0,False,True
b011539,0.0,False,True
b011540,0.0,False,True
b011541,0.0,False,True
b011542,0.0,False,True
b011543,0.0,False,True
b011544,0.0,False,True
b011545,0.0,False,True
b011546,0.0,False,True
b011547,0.0,False,True
b011548,0.0,False,True
b011549,0.0,False,True
b011550,0.0,False,True
b011551,0.0,False,True
b011552,0.0,False,True
b011553,0.0,False,True
b011554,0.0,False,True
b011555,0.0,False,True
b011556,0.0,False,True
b011557,0.0,False,True
b011558,0.0,False,True
b011559,0.0,False,True
b011560,0.0,False,True
b011561,0.0,False,True
b011562,0.0,False,True
b011563,0.0,False,True
b011564,0.0,False,True
b011565,0.0,False,True
b011566,0.0,False,True
b011567,0.0,False,True
b011568,0.0,False,True
b011569,0.0,False,True
b011570,0.0,False,True
b011571,0.0,False,True
b011572,0.0,False,True
b011573,0.0,False,True
b011574,0.0,False,True
b011575,0.0,False,True
b011576,0.0,False,True
b011577,0.0,False,True
b011578,0.0,False,True
b011579,0.0,False,True
b011580,0.0,False,True
b011581,0.0,False,True
b011582,0.0,False,True
b011583,0.0,False,True
b011584,0.0,False,True
b011585,0.0,False,True
b011586,0.0,False,True
b011587,0.0,False,True
b011588,0.0,False,True
b011589,0.0,False,True
b011590,0.2641918361186981,True,True
b011591,0.0,False,True
b011592,0.0,False,True
b011593,0.0,False,True
b011594,0.0,False,True
b011595,0.0,False,True
b011596,0.0,False,True
b011597,0.0,False,True
b011598,0.0,False,True
b011599,0.0,False,True
b011600,0.0,False,True
b011601,0.0,False,True
b011602,0.0,False,True
b011603,0.0,False,True
b011604,0.0,False,True
b011605,0.0,False,True
b011606,0.0,False,True
b011607,0.0,False,True
b011608,0.0,False,True
b011609,0.0,False,True
b011610,0.0,False,True
b011611,0.0,False,True
b011612,0.0,False,True
b011613,0.0,False,True
b011614,0.0,False,True
b011615,0.0,False,True
b011616,0.0,False,True
b011617,0.0,False,True
b011618,0.0,False,True
b011619,0.0,False,True
b011620,0.0,False,True
b011621,0.0,False,True
b011622,0.0,False,True
b011623,0.0,False,True
b011624,0.0,False,True
b011625,0.0,False,True
b011626,0.0,False,True
b011627,0.0,False,True
b011628,0.0,False,True
b011629,0.0,False,True
b011630,0.0,False,True
b011631,0.0,False,True
b011632,0.0,False,True
b011633,0.0,False,True
b011634,0.0,False,True
b011635,0.0,False,True
b011636,0.0,False,True
b011637,0.0,False,True
b011638,0.0,False,True
b011639,0.0,False,True
b011640,0.0,False,True
b011641,0.0,False,True
b011642,0.0,False,True
b011643,0.0,False,True
b011644,0.0,False,True
b011645,0.0,False,True
b011646,0.0,False,True
b011647,0.0,False,True
b011648,0.0,False,True
b011649,0.0,False,True
b011650,0.0,False,True
b011651,0.0,False,True
b011652,0.0,False,True
b011653,0.0,False,True
b011654,0.0,False,True
b011655,0.0,False,True
b011656,0.15441106259822845,True,True
b011657,0.0,False,True
b011658,0.2168506681919098,True,True
b011659,0.0,False,True
b011660,0.0,False,True
b011661,0.0,False,True
b011662,0.0,False,True
b011663,0.0,False,True
b011664,0.0,False,True
b011665,0.0,False,True
b011666,0.0,False,True
b011667,0.0,False,True
b011668,0.0,False,True
b011669,0.0,False,True
b011670,0.0,False,True
b011671,0.0,False,True
b011672,0.0,False,True
b011673,0.0,False,True
b011674,0.0,False,True
b011675,0.0,False,True
b011676,0.0,False,True
b011677,0.0,False,True
b011678,0.0,False,True
b011679,0.0,False,True
b011680,0.0,False,True
b011681,0.0,False,True
b011682,0.0,False,True
b011683,0.0,False,True
b011684,0.0,False,True
b011685,0.0,False,True
b011686,0.0,False,True
b011687,0.0,False,True
b011688,0.0,False,True
b011689,0.0,False,True
b011690,0.0,False,True
b011691,0.0,False,True
b011692,0.0,False,True
b011693,0.0,False,True
b011694,0.0,False,True
b011695,0.0,False,True
b011696,0.0,False,True
b011697,0.0,False,True
b011698,0.0,False,True
b011699,0.0,False,True
b011700,0.0,False,True
b011701,0.0,False,True
b011702,0.0,False,True
b011703,0.0,False,True
b011704,0.0,False,True
b011705,0.510287880897522,True,True
b011706,0.0,False,True
b011707,0.0,False,True
b011708,0.0,False,True
b011709,0.0,False,True
b011710,0.0,False,True
b011711,0.0,False,True
b011712,0.0,False,True
b011713,0.0,False,True
b011714,0.0,False,True
b011715,0.0,False,True
b011716,0.0,False,True
b011717,0.0,False,True
b011718,0.0,False,True
b011719,0.0,False,True
b011720,0.0,False,True
b011721,0.0,False,True
b011722,0.0,False,True
b011723,0.0,False,True
b011724,0.0,False,True
b011725,0.0,False,True
b011726,0.0,False,True
b011727,0.0,False,True
b011728,0.0,False,True
b011729,0.0,False,True
b011730,0.0,False,True
b011731,0.0,False,True
b011732,0.0,False,True
b011733,0.0,False,True
b011734,0.0,False,True
b011735,0.0,False,True
b011736,0.0,False,True
b011737,0.0,False,True
b011738,0.0,False,True
b011739,0.0,False,True
b011740,0.0,False,True
b011741,0.0,False,True
b011742,0.0,False,True
b011743,0.0,False,True
b011744,0.0,False,True
b011745,0.0,False,True
b011746,0.0,False,True
b011747,0.0,False,True
b011748,0.0,False,True
b011749,0.0,False,True
b011750,0.0,False,True
b011751,0.0,False,True
b011752,0.0,False,True
b011753,0.0,False,True
b011754,0.0,False,True
b011755,0.0,False,True
b011756,0.0,False,True
b011757,0.0,False,True
b011758,0.0,False,True
b011759,0.0,False,True
b011760,0.0,False,True
b011761,0.0,False,True
b011762,0.0,False,True
b011763,0.0,False,True
b011764,0.0,False,True
b011765,0.0,False,True
b011766,0.0,False,True
b011767,0.0,False,True
b011768,0.0,False,True
b011769,0.0,False,True
b011770,0.0,False,True
b011771,0.0,False,True
b011772,0.0,False,True
b011773,0.0,False,True
b011774,0.0,False,True
b011775,0.0,False,True
b011776,0.0,False,True
b011777,0.0,False,True
b011778,0.0,False,True
b011779,0.0,False,True
b011780,0.0,False,True
b011781,0.0,False,True
b011782,0.0,False,True
b011783,0.0,False,True
b011784,0.0,False,True
b011785,0.0,False,True
b011786,0.0,False,True
b011787,0.0,False,True
b011788,0.0,False,True
b011789,0.0,False,True
b011790,0.0,False,True
b011791,0.0,False,True
b011792,0.0,False,True
b011793,0.0,False,True
b011794,0.0,False,True
b011795,0.0,False,True
b011796,0.0,False,True
b011797,0.0,False,True
b011798,0.0,False,True
b011799,0.0,False,True
b011800,0.0,False,True
b011801,0.0,False,True
b011802,0.0,False,True
b011803,0.0,False,True
b011804,0.0,False,True
b011805,0.0,False,True
b011806,0.0,False,True
b011807,0.10785466432571411,True,True
b011808,0.0,False,True
b011809,0.0,False,True
b011810,0.0,False,True
b011811,0.0,False,True
b011812,0.0,False,True
b011813,0.0,False,True
b011814,0.0,False,True
b011815,0.0,False,True
b011816,0.0,False,True
b011817,0.0,False,True
b011818,0.0,False,True
b011819,0.0,False,True
b011820,0.0,False,True
b011821,0.0,False,True
b011822,0.0,False,True
b011823,0.0,False,True
b011824,0.0,False,True
b011825,0.1320907026529312,True,True
b011826,0.0,False,True
b011827,0.0,False,True
b011828,0.0,False,True
b011829,0.0,False,True
b011830,0.0,False,True
b011831,0.0,False,True
b011832,0.0,False,True
b011833,0.0,False,True
b011834,0.0,False,True
b011835,0.0,False,True
b011836,0.0,False,True
b011837,0.0,False,True
b011838,0.0,False,True
b011839,0.0,False,True
b011840,0.0,False,True
b011841,0.0,False,True
b011842,0.0,False,True
b011843,0.0,False,True
b011844,0.0,False,True
b011845,0.0,False,True
b011846,0.0,False,True
b011847,0.0,False,True
b011848,0.0,False,True
b011849,0.0,False,True
b011850,0.0,False,True
b011851,0.0,False,True
b011852,0.0,False,True
b011853,0.0,False,True
b011854,0.0,False,True
b011855,0.0,False,True
b011856,0.0,False,True
b011857,0.0,False,True
b011858,0.0,False,True
b011859,0.0,False,True
b011860,0.0,False,True
b011861,0.0,False,True
b011862,0.0,False,True
b011863,0.0,False,True
b011864,0.0,False,True
b011865,0.0,False,True
b011866,0.0,False,True
b011867,0.0,False,True
b011868,0.0,False,True
b011869,0.0,False,True
b011870,0.0,False,True
b011871,0.0,False,True
b011872,0.0,False,True
b011873,0.0,False,True
b011874,0.0,False,True
b011875,0.0,False,True
b011876,0.0,False,True
b011877,0.0,False,True
b011878,0.0,False,True
b011879,0.0,False,True
b011880,0.0,False,True
b011881,0.0,False,True
b011882,0.0,False,True
b011883,0.0,False,True
b011884,0.0,False,True
b011885,0.0,False,True
b011886,0.0,False,True
b011887,0.0,False,True
b011888,0.0,False,True
b011889,0.0,False,True
b011890,0.0,False,True
b011891,0.0,False,True
b011892,0.0,False,True
b011893,0.0,False,True
b011894,0.0,False,True
b011895,0.0,False,True
b011896,0.0,False,True
b011897,0.0,False,True
b011898,0.0,False,True
b011899,0.0,False,True
b011900,0.0,False,True
b011901,0.0,False,True
b011902,0.0,False,True
b011903,0.0,False,True
b011904,0.0,False,True
b011905,0.0,False,True
b011906,0.0,False,True
b011907,0.0,False,True
b011908,0.0,False,True
b011909,0.0,False,True
b011910,0.0,False,True
b011911,0.0,False,True
b011912,0.0,False,True
b011913,0.11121633648872375,True,True
b011914,0.0,False,True
b011915,0.0,False,True
b011916,0.0,False,True
b011917,0.0,False,True
b011918,0.0,False,True
b011919,0.0,False,True
b011920,0.0,False,True
b011921,0.0,False,True
b011922,0.0,False,True
b011923,0.0,False,True
b011924,0.0,False,True
b011925,0.0,False,True
b011926,0.0,False,True
b011927,0.0,False,True
b011928,0.0,False,True
b011929,0.0,False,True
b011930,0.0,False,True
b011931,0.0,False,True
b011932,0.0,False,True
b011933,0.0,False,True
b011934,0.0,False,True
b011935,0.0,False,True
b011936,0.0,False,True
b011937,0.0,False,True
b011938,0.0,False,True
b011939,0.0,False,True
b011940,0.0,False,True
b011941,0.0,False,True
b011942,0.0,False,True
b011943,0.0,False,True
b011944,0.0,False,True
b011945,0.0,False,True
b011946,0.0,False,True
b011947,0.0,False,True
b011948,0.0,False,True
b011949,0.0,False,True
b011950,0.0,False,True
b011951,0.0,False,True
b011952,0.0,False,True
b011953,0.0,False,True
b011954,0.0,False,True
b011955,0.0,False,True
b011956,0.0,False,True
b011957,0.0,False,True
b011958,0.0,False,True
b011959,0.0,False,True
b011960,0.0,False,True
b011961,0.0,False,True
b011962,0.0,False,True
b011963,0.0,False,True
b011964,0.0,False,True
b011965,0.0,False,True
b011966,0.0,False,True
b011967,0.0,False,True
b011968,0.0,False,True
b011969,0.0,False,True
b011970,0.0,False,True
b011971,0.0,False,True
b011972,0.0,False,True
b011973,0.0,False,True
b011974,0.0,False,True
b011975,0.0,False,True
b011976,0.0,False,True
b011977,0.4727809429168701,True,True
b011978,0.0,False,True
b011979,0.0,False,True
b011980,0.0,False,True
b011981,0.0,False,True
b011982,0.0,False,True
b011983,0.0,False,True
b011984,0.0,False,True
b011985,0.0,False,True
b011986,0.0,False,True
b011987,0.0,False,True
b011988,0.0,False,True
b011989,0.0,False,True
b011990,0.0,False,True
b011991,0.0,False,True
b011992,0.0,False,True
b011993,0.0,False,True
b011994,0.0,False,True
b011995,0.0,False,True
b011996,0.0,False,True
b011997,0.0,False,True
b011998,0.0,False,True
b011999,0.0,False,True
b012000,0.0,False,True
b012001,0.0,False,True
b012002,0.0,False,True
b012003,0.0,False,True
b012004,0.0,False,True
b012005,0.0,False,True
b012006,0.0,False,True
b012007,0.0,False,True
b012008,0.0,False,True
b012009,0.0,False,True
b012010,0.0,False,True
b012011,0.0,False,True
b012012,0.0,False,True
b012013,0.0,False,True
b012014,0.0,False,True
b012015,0.0,False,True
b012016,0.0,False,True
b012017,0.0,False,True
b012018,0.0,False,True
b012019,0.0,False,True
b012020,0.0,False,True
b012021,0.0,False,True
b012022,0.0,False,True
b012023,0.0,False,True
b012024,0.0,False,True
b012025,0.0,False,True
b012026,0.0,False,True
b012027,0.0,False,True
b012028,0.0,False,True
b012029,0.0,False,True
b012030,0.0,False,True
b012031,0.0,False,True
b012032,0.0,False,True
b012033,0.0,False,True
b012034,0.0,False,True
b012035,0.0,False,True
b012036,0.0,False,True
b012037,0.0,False,True
b012038,0.0,False,True
b012039,0.0,False,True
b012040,0.0,False,True
b012041,0.0,False,True
b012042,0.0,False,True
b012043,0.0,False,True
b012044,0.0,False,True
b012045,0.0,False,True
b012046,0.0,False,True
b012047,0.0,False,True
b012048,0.0,False,True
b012049,0.0,False,True
b012050,0.0,False,True
b012051,0.0,False,True
b012052,0.0,False,True
b012053,0.0,False,True
b012054,0.0,False,True
b012055,0.0,False,True
b012056,0.0,False,True
b012057,0.0,False,True
b012058,0.0,False,True
b012059,0.0,False,True
b012060,0.0,False,True
b012061,0.0,False,True
b012062,0.0,False,True
b012063,0.0,False,True
b012064,0.0,False,True
b012065,0.0,False,True
b012066,0.0,False,True
b012067,0.0,False,True
b012068,0.0,False,True
b012069,0.0,False,True
b012070,0.0,False,True
b012071,0.0,False,True
b012072,0.0,False,True
b012073,0.0,False,True
b012074,0.0,False,True
b012075,0.0,False,True
b012076,0.0,False,True
b012077,0.0,False,True
b012078,0.0,False,True
b012079,0.0,False,True
b012080,0.0,False,True
b012081,0.0,False,True
b012082,0.0,False,True
b012083,0.0,False,True
b012084,0.0,False,True
b012085,0.0,False,True
b012086,0.0,False,True
b012087,0.0,False,True
b012088,0.0,False,True
b012089,0.0,False,True
b012090,0.0,False,True
b012091,0.0,False,True
b012092,0.0,False,True
b012093,0.0,False,True
b012094,0.0,False,True
b012095,0.0,False,True
b012096,0.0,False,True
b012097,0.0,False,True
b012098,0.0,False,True
b012099,0.0,False,True
b012100,0.0,False,True
b012101,0.0,False,True
b012102,0.0,False,True
b012103,0.0,False,True
b012104,0.0,False,True
b012105,0.0,False,True
b012106,0.0,False,True
b012107,0.0,False,True
b012108,0.0,False,True
b012109,0.0,False,True
b012110,0.0,False,True
b012111,0.0,False,True
b012112,0.0,False,True
b012113,0.0,False,True
b012114,0.0,False,True
b012115,0.0,False,True
b012116,0.0,False,True
b012117,0.0,False,True
b012118,0.0,False,True
b012119,0.0,False,True
b012120,0.0,False,True
b012121,0.0,False,True
b012122,0.0,False,True
b012123,0.0,False,True
b012124,0.0,False,True
b012125,0.0,False,True
b012126,0.0,False,True
b012127,0.0,False,True
b012128,0.0,False,True
b012129,0.0,False,True
b012130,0.0,False,True
b012131,0.0,False,True
b012132,0.0,False,True
b012133,0.0,False,True
b012134,0.0,False,True
b012135,0.0,False,True
b012136,0.0,False,True
b012137,0.0,False,True
b012138,0.0,False,True
b012139,0.0,False,True
b012140,0.0,False,True
b012141,0.0,False,True
b012142,0.0,False,True
b012143,0.0,False,True
b012144,0.0,False,True
b012145,0.0,False,True
b012146,0.0,False,True
b012147,0.0,False,True
b012148,0.0,False,True
b012149,0.0,False,True
b012150,0.0,False,True
b012151,0.0,False,True
b012152,0.0,False,True
b012153,0.0,False,True
b012154,0.0,False,True
b012155,0.0,False,True
b012156,0.0,False,True
b012157,0.0,False,True
b012158,0.0,False,True
b012159,0.0,False,True
b012160,0.0,False,True
b012161,0.0,False,True
b012162,0.0,False,True
b012163,0.0,False,True
b012164,0.0,False,True
b012165,0.0,False,True
b012166,0.34058842062950134,True,True
b012167,0.0,False,True
b012168,0.0,False,True
b012169,0.0,False,True
b012170,0.0,False,True
b012171,0.0,False,True
b012172,0.0,False,True
b012173,0.0,False,True
b012174,0.0,False,True
b012175,0.0,False,True
b012176,0.0,False,True
b012177,0.0,False,True
b012178,0.0,False,True
b012179,0.0,False,True
b012180,0.2950597107410431,True,True
b012181,0.0,False,True
b012182,0.0,False,True
b012183,0.14107206463813782,True,True
b012184,0.0,False,True
b012185,0.27636387944221497,True,True
b012186,0.0,False,True
b012187,0.0,False,True
b012188,0.0,False,True
b012189,0.0,False,True
b012190,0.0,False,True
b012191,0.0,False,True
b012192,0.0,False,True
b012193,0.0,False,True
b012194,0.0,False,True
b012195,0.0,False,True
b012196,0.0,False,True
b012197,0.0,False,True
b012198,0.0,False,True
b012199,0.0,False,True
b012200,0.0,False,True
b012201,0.0,False,True
b012202,0.0,False,True
b012203,0.0,False,True
b012204,0.0,False,True
b012205,0.0,False,True
b012206,0.0,False,True
b012207,0.0,False,True
b012208,0.0,False,True
b012209,0.0,False,True
b012210,0.0,False,True
b012211,0.0,False,True
b012212,0.0,False,True
b012213,0.10785337537527084,True,True
b012214,0.0,False,True
b012215,0.0,False,True
b012216,0.0,False,True
b012217,0.0,False,True
b012218,0.0,False,True
b012219,0.0,False,True
b012220,0.0,False,True
b012221,0.0,False,True
b012222,0.0,False,True
b012223,0.0,False,True
b012224,0.0,False,True
b012225,0.0,False,True
b012226,0.0,False,True
b012227,0.0,False,True
b012228,0.0,False,True
b012229,0.0,False,True
b012230,0.0,False,True
b012231,0.0,False,True
b012232,0.0,False,True
b012233,0.0,False,True
b012234,0.0,False,True
b012235,0.0,False,True
b012236,0.0,False,True
b012237,0.0,False,True
b012238,0.0,False,True
b012239,0.0,False,True
b012240,0.0,False,True
b012241,0.0,False,True
b012242,0.0,False,True
b012243,0.0,False,True
b012244,0.0,False,True
b012245,0.0,False,True
b012246,0.0,False,True
b012247,0.0,False,True
b012248,0.0,False,True
b012249,0.0,False,True
b012250,0.6029767990112305,True,True
b012251,0.0,False,True
b012252,0.0,False,True
b012253,0.0,False,True
b012254,0.0,False,True
b012255,0.0,False,True
b012256,0.0,False,True
b012257,0.0,False,True
b012258,0.0,False,True
b012259,0.0,False,True
b012260,0.0,False,True
b012261,0.0,False,True
b012262,0.0,False,True
b012263,0.0,False,True
b012264,0.0,False,True
b012265,0.0,False,True
b012266,0.0,False,True
b012267,0.0,False,True
b012268,0.0,False,True
b012269,0.0,False,True
b012270,0.0,False,True
b012271,0.0,False,True
b012272,0.0,False,True
b012273,0.0,False,True
b012274,0.0,False,True
b012275,0.0,False,True
b012276,0.0,False,True
b012277,0.0,False,True
b012278,0.0,False,True
b012279,0.0,False,True
b012280,0.0,False,True
b012281,0.0,False,True
b012282,0.0,False,True
b012283,0.0,False,True
b012284,0.0,False,True
b012285,0.10025511682033539,True,True
b012286,0.0,False,True
b012287,0.0,False,True
b012288,0.0,False,True
b012289,0.0,False,True
b012290,0.0,False,True
b012291,0.0,False,True
b012292,0.0,False,True
b012293,0.0,False,True
b012294,0.0,False,True
b012295,0.0,False,True
b012296,0.0,False,True
b012297,0.0,False,True
b012298,0.0,False,True
b012299,0.0,False,True
b012300,0.0,False,True
b012301,0.0,False,True
b012302,0.0,False,True
b012303,0.0,False,True
b012304,0.0,False,True
b012305,0.0,False,True
b012306,0.0,False,True
b012307,0.0,False,True
b012308,0.0,False,True
b012309,0.0,False,True
b012310,0.0,False,True
b012311,0.0,False,True
b012312,0.0,False,True
b012313,0.0,False,True
b012314,0.0,False,True
b012315,0.0,False,True
b012316,0.0,False,True
b012317,0.0,False,True
b012318,0.0,False,True
b012319,0.0,False,True
b012320,0.0,False,True
b012321,0.0,False,True
b012322,0.0,False,True
b012323,0.0,False,True
b012324,0.0,False,True
b012325,0.0,False,True
b012326,0.0,False,True
b012327,0.0,False,True
b012328,0.0,False,True
b012329,0.0,False,True
b012330,0.0,False,True
b012331,0.0,False,True
b012332,0.0,False,True
b012333,0.0,False,True
b012334,0.0,False,True
b012335,0.0,False,True
b012336,0.0,False,True
b012337,0.0,False,True
b012338,0.0,False,True
b012339,0.0,False,True
b012340,0.0,False,True
b012341,0.0,False,True
b012342,0.0,False,True
b012343,0.0,False,True
b012344,0.0,False,True
b012345,0.0,False,True
b012346,0.0,False,True
b012347,0.0,False,True
b012348,0.0,False,True
b012349,0.0,False,True
b012350,0.0,False,True
b012351,0.0,False,True
b012352,0.0,False,True
b012353,0.0,False,True
b012354,0.0,False,True
b012355,0.0,False,True
b012356,0.0,False,True
b012357,0.0,False,True
b012358,0.0,False,True
b012359,0.0,False,True
b012360,0.0,False,True
b012361,0.0,False,True
b012362,0.0,False,True
b012363,0.0,False,True
b012364,0.0,False,True
b012365,0.0,False,True
b012366,0.0,False,True
b012367,0.0,False,True
b012368,0.0,False,True
b012369,0.0,False,True
b012370,0.0,False,True
b012371,0.0,False,True
b012372,0.0,False,True
b012373,0.0,False,True
b012374,0.0,False,True
b012375,0.0,False,True
b012376,0.0,False,True
b012377,0.0,False,True
b012378,0.0,False,True
b012379,0.0,False,True
b012380,0.0,False,True
b012381,0.0,False,True
b012382,0.0,False,True
b012383,0.0,False,True
b012384,0.0,False,True
b012385,0.0,False,True
b012386,0.0,False,True
b012387,0.0,False,True
b012388,0.0,False,True
b012389,0.0,False,True
b012390,0.0,False,True
b012391,0.0,False,True
b012392,0.0,False,True
b012393,0.0,False,True
b012394,0.0,False,True
b012395,0.0,False,True
b012396,0.0,False,True
b012397,0.0,False,True
b012398,0.0,False,True
b012399,0.0,False,True
b012400,0.0,False,True
b012401,0.0,False,True
b012402,0.0,False,True
b012403,0.0,False,True
b012404,0.0,False,True
b012405,0.0,False,True
b012406,0.0,False,True
b012407,0.0,False,True
b012408,0.0,False,True
b012409,0.0,False,True
b012410,0.0,False,True
b012411,0.0,False,True
b012412,0.0,False,True
b012413,0.0,False,True
b012414,0.0,False,True
b012415,0.0,False,True
b012416,0.0,False,True
b012417,0.0,False,True
b012418,0.0,False,True
b012419,0.0,False,True
b012420,0.0,False,True
b012421,0.0,False,True
b012422,0.0,False,True
b012423,0.0,False,True
b012424,0.0,False,True
b012425,0.0,False,True
b012426,0.0,False,True
b012427,0.0,False,True
b012428,0.0,False,True
b012429,0.0,False,True
b012430,0.0,False,True
b012431,0.0,False,True
b012432,0.0,False,True
b012433,0.0,False,True
b012434,0.0,False,True
b012435,0.0,False,True
b012436,0.0,False,True
b012437,0.0,False,True
b012438,0.0,False,True
b012439,0.0,False,True
b012440,0.0,False,True
b012441,0.0,False,True
b012442,0.0,False,True
b012443,0.0,False,True
b012444,0.0,False,True
b012445,0.0,False,True
b012446,0.0,False,True
b012447,0.0,False,True
b012448,0.0,False,True
b012449,0.0,False,True
b012450,0.0,False,True
b012451,0.0,False,True
b012452,0.0,False,True
b012453,0.0,False,True
b012454,0.0,False,True
b012455,0.0,False,True
b012456,0.0,False,True
b012457,0.0,False,True
b012458,0.0,False,True
b012459,0.48685353994369507,True,True
b012460,0.0,False,True
b012461,0.0,False,True
b012462,0.0,False,True
b012463,0.0,False,True
b012464,0.0,False,True
b012465,0.0,False,True
b012466,0.0,False,True
b012467,0.0,False,True
b012468,0.0,False,True
b012469,0.0,False,True
b012470,0.0,False,True
b012471,0.0,False,True
b012472,0.0,False,True
b012473,0.0,False,True
b012474,0.11751434206962585,True,True
b012475,0.0,False,True
b012476,0.0,False,True
b012477,0.0,False,True
b012478,0.0,False,True
b012479,0.0,False,True
b012480,0.0,False,True
b012481,0.0,False,True
b012482,0.0,False,True
b012483,0.0,False,True
b012484,0.0,False,True
b012485,0.17776571214199066,True,True
b012486,0.0,False,True
b012487,0.0,False,True
b012488,0.0,False,True
b012489,0.0,False,True
b012490,0.0,False,True
b012491,0.0,False,True
b012492,0.0,False,True
b012493,0.0,False,True
b012494,0.0,False,True
b012495,0.0,False,True
b012496,0.0,False,True
b012497,0.0,False,True
b012498,0.0,False,True
b012499,0.0,False,True
b012500,0.0,False,True
b012501,0.0,False,True
b012502,0.0,False,True
b012503,0.0,False,True
b012504,0.0,False,True
b012505,0.0,False,True
b012506,0.0,False,True
b012507,0.0,False,True
b012508,0.0,False,True
b012509,0.0,False,True
b012510,0.0,False,True
b012511,0.0,False,True
b012512,0.0,False,True
b012513,0.0,False,True
b012514,0.0,False,True
b012515,0.0,False,True
b012516,0.0,False,True
b012517,0.0,False,True
b012518,0.0,False,True
b012519,0.0,False,True
b012520,0.0,False,True
b012521,0.0,False,True
b012522,0.0,False,True
b012523,0.0,False,True
b012524,0.0,False,True
b012525,0.0,False,True
b012526,0.0,False,True
b012527,0.0,False,True
b012528,0.0,False,True
b012529,0.0,False,True
b012530,0.0,False,True
b012531,0.0,False,True
b012532,0.0,False,True
b012533,0.0,False,True
b012534,0.0,False,True
b012535,0.16840437054634094,True,True
b012536,0.0,False,True
b012537,0.0,False,True
b012538,0.18372996151447296,True,True
b012539,0.0,False,True
b012540,0.4380721151828766,True,True
b012541,0.0,False,True
b012542,0.0,False,True
b012543,0.0,False,True
b012544,0.0,False,True
b012545,0.0,False,True
b012546,0.0,False,True
b012547,0.0,False,True
b012548,0.0,False,True
b012549,0.0,False,True
b012550,0.0,False,True
b012551,0.0,False,True
b012552,0.0,False,True
b012553,0.0,False,True
b012554,0.0,False,True
b012555,0.0,False,True
b012556,0.0,False,True
b012557,0.0,False,True
b012558,0.0,False,True
b012559,0.0,False,True
b012560,0.0,False,True
b012561,0.0,False,True
b012562,0.0,False,True
b012563,0.0,False,True
b012564,0.0,False,True
b012565,0.0,False,True
b012566,0.0,False,True
b012567,0.0,False,True
b012568,0.0,False,True
b012569,0.0,False,True
b012570,0.0,False,True
b012571,0.0,False,True
b012572,0.0,False,True
b012573,0.0,False,True
b012574,0.0,False,True
b012575,0.0,False,True
b012576,0.0,False,True
b012577,0.0,False,True
b012578,0.0,False,True
b012579,0.0,False,True
b012580,0.0,False,True
b012581,0.0,False,True
b012582,0.0,False,True
b012583,0.0,False,True
b012584,0.0,False,True
b012585,0.0,False,True
b012586,0.0,False,True
b012587,0.0,False,True
b012588,0.0,False,True
b012589,0.0,False,True
b012590,0.0,False,True
b012591,0.0,False,True
b012592,0.0,False,True
b012593,0.0,False,True
b012594,0.0,False,True
b012595,0.0,False,True
b012596,0.0,False,True
b012597,0.0,False,True
b012598,0.0,False,True
b012599,0.0,False,True
b012600,0.0,False,True
b012601,0.0,False,True
b012602,0.0,False,True
b012603,0.0,False,True
b012604,0.0,False,True
b012605,0.0,False,True
b012606,0.0,False,True
b012607,0.0,False,True
b012608,0.0,False,True
b012609,0.0,False,True
b012610,0.0,False,True
b012611,0.0,False,True
b012612,0.0,False,True
b012613,0.0,False,True
b012614,0.0,False,True
b012615,0.0,False,True
b012616,0.0,False,True
b012617,0.0,False,True
b012618,0.0,False,True
b012619,0.0,False,True
b012620,0.0,False,True
b012621,0.0,False,True
b012622,0.0,False,True
b012623,0.0,False,True
b012624,0.0,False,True
b012625,0.0,False,True
b012626,0.0,False,True
b012627,0.0,False,True
b012628,0.0,False,True
b012629,0.0,False,True
b012630,0.0,False,True
b012631,0.0,False,True
b012632,0.0,False,True
b012633,0.0,False,True
b012634,0.0,False,True
b012635,0.0,False,True
b012636,0.0,False,True
b012637,0.0,False,True
b012638,0.0,False,True
b012639,0.0,False,True
b012640,0.0,False,True
b012641,0.0,False,True
b012642,0.0,False,True
b012643,0.0,False,True
b012644,0.0,False,True
b012645,0.0,False,True
b012646,0.0,False,True
b012647,0.0,False,True
b012648,0.0,False,True
b012649,0.0,False,True
b012650,0.0,False,True
b012651,0.0,False,True
b012652,0.0,False,True
b012653,0.0,False,True
b012654,0.0,False,True
b012655,0.0,False,True
b012656,0.0,False,True
b012657,0.13879351317882538,True,True
b012658,0.0,False,True
b012659,0.0,False,True
b012660,0.0,False,True
b012661,0.0,False,True
b012662,0.0,False,True
b012663,0.0,False,True
b012664,0.0,False,True
b012665,0.0,False,True
b012666,0.0,False,True
b012667,0.0,False,True
b012668,0.0,False,True
b012669,0.0,False,True
b012670,0.0,False,True
b012671,0.0,False,True
b012672,0.0,False,True
b012673,0.0,False,True
b012674,0.0,False,True
b012675,0.0,False,True
b012676,0.0,False,True
b012677,0.0,False,True
b012678,0.24347896873950958,True,True
b012679,0.0,False,True
b012680,0.0,False,True
b012681,0.0,False,True
b012682,0.0,False,True
b012683,0.0,False,True
b012684,0.0,False,True
b012685,0.0,False,True
b012686,0.0,False,True
b012687,0.0,False,True
b012688,0.0,False,True
b012689,0.0,False,True
b012690,0.0,False,True
b012691,0.0,False,True
b012692,0.0,False,True
b012693,0.0,False,True
b012694,0.0,False,True
b012695,0.0,False,True
b012696,0.0,False,True
b012697,0.0,False,True
b012698,0.0,False,True
b012699,0.0,False,True
b012700,0.0,False,True
b012701,0.0,False,True
b012702,0.0,False,True
b012703,0.0,False,True
b012704,0.0,False,True
b012705,0.0,False,True
b012706,0.0,False,True
b012707,0.0,False,True
b012708,0.0,False,True
b012709,0.0,False,True
b012710,0.0,False,True
b012711,0.0,False,True
b012712,0.0,False,True
b012713,0.0,False,True
b012714,0.0,False,True
b012715,0.0,False,True
b012716,0.0,False,True
b012717,0.0,False,True
b012718,0.0,False,True
b012719,0.0,False,True
b012720,0.0,False,True
b012721,0.0,False,True
b012722,0.0,False,True
b012723,0.0,False,True
b012724,0.0,False,True
b012725,0.0,False,True
b012726,0.0,False,True
b012727,0.0,False,True
b012728,0.0,False,True
b012729,0.0,False,True
b012730,0.0,False,True
b012731,0.0,False,True
b012732,0.0,False,True
b012733,0.0,False,True
b012734,0.0,False,True
b012735,0.0,False,True
b012736,0.0,False,True
b012737,0.0,False,True
b012738,0.0,False,True
b012739,0.0,False,True
b012740,0.0,False,True
b012741,0.0,False,True
b012742,0.0,False,True
b012743,0.0,False,True
b012744,0.0,False,True
b012745,0.0,False,True
b012746,0.0,False,True
b012747,0.0,False,True
b012748,0.0,False,True
b012749,0.0,False,True
b012750,0.0,False,True
b012751,0.0,False,True
b012752,0.0,False,True
b012753,0.0,False,True
b012754,0.0,False,True
b012755,0.0,False,True
b012756,0.0,False,True
b012757,0.0,False,True
b012758,0.0,False,True
b012759,0.0,False,True
b012760,0.0,False,True
b012761,0.0,False,True
b012762,0.0,False,True
b012763,0.0,False,True
b012764,0.0,False,True
b012765,0.0,False,True
b012766,0.0,False,True
b012767,0.0,False,True
b012768,0.0,False,True
b012769,0.0,False,True
b012770,0.0,False,True
b012771,0.0,False,True
b012772,0.0,False,True
b012773,0.0,False,True
b012774,0.0,False,True
b012775,0.0,False,True
b012776,0.0,False,True
b012777,0.0,False,True
b012778,0.0,False,True
b012779,0.0,False,True
b012780,0.0,False,True
b012781,0.0,False,True
b012782,0.0,False,True
b012783,0.0,False,True
b012784,0.0,False,True
b012785,0.0,False,True
b012786,0.0,False,True
b012787,0.0,False,True
b012788,0.0,False,True
b012789,0.0,False,True
b012790,0.0,False,True
b012791,0.0,False,True
b012792,0.0,False,True
b012793,0.0,False,True
b012794,0.0,False,True
b012795,0.0,False,True
b012796,0.0,False,True
b012797,0.0,False,True
b012798,0.0,False,True
b012799,0.0,False,True
b012800,0.0,False,True
b012801,0.0,False,True
b012802,0.0,False,True
b012803,0.0,False,True
b012804,0.0,False,True
b012805,0.0,False,True
b012806,0.0,False,True
b012807,0.0,False,True
b012808,0.0,False,True
b012809,0.0,False,True
b012810,0.0,False,True
b012811,0.0,False,True
b012812,0.0,False,True
b012813,0.0,False,True
b012814,0.0,False,True
b012815,0.0,False,True
b012816,0.0,False,True
b012817,0.0,False,True
b012818,0.0,False,True
b012819,0.0,False,True
b012820,0.0,False,True
b012821,0.0,False,True
b012822,0.0,False,True
b012823,0.0,False,True
b012824,0.0,False,True
b012825,0.0,False,True
b012826,0.0,False,True
b012827,0.0,False,True
b012828,0.0,False,True
b012829,0.0,False,True
b012830,0.0,False,True
b012831,0.0,False,True
b012832,0.0,False,True
b012833,0.0,False,True
b012834,0.0,False,True
b012835,0.0,False,True
b012836,0.0,False,True
b012837,0.0,False,True
b012838,0.0,False,True
b012839,0.0,False,True
b012840,0.0,False,True
b012841,0.0,False,True
b012842,0.0,False,True
b012843,0.0,False,True
b012844,0.0,False,True
b012845,0.0,False,True
b012846,0.0,False,True
b012847,0.0,False,True
b012848,0.0,False,True
b012849,0.0,False,True
b012850,0.0,False,True
b012851,0.0,False,True
b012852,0.11297105997800827,True,True
b012853,0.0,False,True
b012854,0.0,False,True
b012855,0.0,False,True
b012856,0.0,False,True
b012857,0.0,False,True
b012858,0.0,False,True
b012859,0.0,False,True
b012860,0.0,False,True
b012861,0.0,False,True
b012862,0.0,False,True
b012863,0.0,False,True
b012864,0.0,False,True
b012865,0.0,False,True
b012866,0.0,False,True
b012867,0.0,False,True
b012868,0.0,False,True
b012869,0.0,False,True
b012870,0.0,False,True
b012871,0.0,False,True
b012872,0.0,False,True
b012873,0.0,False,True
b012874,0.0,False,True
b012875,0.0,False,True
b012876,0.0,False,True
b012877,0.0,False,True
b012878,0.0,False,True
b012879,0.0,False,True
b012880,0.0,False,True
b012881,0.0,False,True
b012882,0.0,False,True
b012883,0.0,False,True
b012884,0.0,False,True
b012885,0.0,False,True
b012886,0.0,False,True
b012887,0.0,False,True
b012888,0.0,False,True
b012889,0.0,False,True
b012890,0.0,False,True
b012891,0.0,False,True
b012892,0.0,False,True
b012893,0.0,False,True
b012894,0.0,False,True
b012895,0.0,False,True
b012896,0.0,False,True
b012897,0.0,False,True
b012898,0.0,False,True
b012899,0.0,False,True
b012900,0.0,False,True
b012901,0.0,False,True
b012902,0.0,False,True
b012903,0.0,False,True
b012904,0.0,False,True
b012905,0.0,False,True
b012906,0.0,False,True
b012907,0.0,False,True
b012908,0.0,False,True
b012909,0.28594771027565,True,True
b012910,0.0,False,True
b012911,0.0,False,True
b012912,0.0,False,True
b012913,0.0,False,True
b012914,0.0,False,True
b012915,0.0,False,True
b012916,0.2501543462276459,True,True
b012917,0.0,False,True
b012918,0.0,False,True
b012919,0.0,False,True
b012920,0.0,False,True
b012921,0.0,False,True
b012922,0.0,False,True
b012923,0.0,False,True
b012924,0.0,False,True
b012925,0.0,False,True
b012926,0.0,False,True
b012927,0.0,False,True
b012928,0.0,False,True
b012929,0.0,False,True
b012930,0.0,False,True
b012931,0.0,False,True
b012932,0.0,False,True
b012933,0.0,False,True
b012934,0.0,False,True
b012935,0.0,False,True
b012936,0.0,False,True
b012937,0.0,False,True
b012938,0.0,False,True
b012939,0.0,False,True
b012940,0.0,False,True
b012941,0.0,False,True
b012942,0.0,False,True
b012943,0.0,False,True
b012944,0.0,False,True
b012945,0.0,False,True
b012946,0.0,False,True
b012947,0.0,False,True
b012948,0.0,False,True
b012949,0.0,False,True
b012950,0.0,False,True
b012951,0.0,False,True
b012952,0.49365997314453125,True,True
b012953,0.0,False,True
b012954,0.0,False,True
b012955,0.0,False,True
b012956,0.0,False,True
b012957,0.0,False,True
b012958,0.0,False,True
b012959,0.0,False,True
b012960,0.0,False,True
b012961,0.0,False,True
b012962,0.0,False,True
b012963,0.0,False,True
b012964,0.0,False,True
b012965,0.0,False,True
b012966,0.0,False,True
b012967,0.0,False,True
b012968,0.0,False,True
b012969,0.0,False,True
b012970,0.0,False,True
b012971,0.0,False,True
b012972,0.0,False,True
b012973,0.0,False,True
b012974,0.0,False,True
b012975,0.0,False,True
b012976,0.0,False,True
b012977,0.0,False,True
b012978,0.0,False,True
b012979,0.0,False,True
b012980,0.0,False,True
b012981,0.0,False,True
b012982,0.0,False,True
b012983,0.0,False,True
b012984,0.0,False,True
b012985,0.0,False,True
b012986,0.0,False,True
b012987,0.0,False,True
b012988,0.0,False,True
b012989,0.0,False,True
b012990,0.0,False,True
b012991,0.0,False,True
b012992,0.0,False,True
b012993,0.0,False,True
b012994,0.0,False,True
b012995,0.0,False,True
b012996,0.0,False,True
b012997,0.0,False,True
b012998,0.0,False,True
b012999,0.0,False,True
b013000,0.0,False,True
b013001,0.0,False,True
b013002,0.0,False,True
b013003,0.0,False,True
b013004,0.0,False,True
b013005,0.0,False,True
b013006,0.0,False,True
b013007,0.0,False,True
b013008,0.0,False,True
b013009,0.0,False,True
b013010,0.0,False,True
b013011,0.0,False,True
b013012,0.0,False,True
b013013,0.0,False,True
b013014,0.0,False,True
b013015,0.0,False,True
b013016,0.0,False,True
b013017,0.0,False,True
b013018,0.0,False,True
b013019,0.0,False,True
b013020,0.0,False,True
b013021,0.0,False,True
b013022,0.0,False,True
b013023,0.0,False,True
b013024,0.0,False,True
b013025,0.0,False,True
b013026,0.0,False,True
b013027,0.0,False,True
b013028,0.0,False,True
b013029,0.0,False,True
b013030,0.0,False,True
b013031,0.0,False,True
b013032,0.0,False,True
b013033,0.0,False,True
b013034,0.0,False,True
b013035,0.0,False,True
b013036,0.0,False,True
b013037,0.0,False,True
b013038,0.0,False,True
b013039,0.0,False,True
b013040,0.0,False,True
b013041,0.0,False,True
b013042,0.0,False,True
b013043,0.0,False,True
b013044,0.0,False,True
b013045,0.0,False,True
b013046,0.0,False,True
b013047,0.0,False,True
b013048,0.0,False,True
b013049,0.0,False,True
b013050,0.0,False,True
b013051,0.0,False,True
b013052,0.0,False,True
b013053,0.0,False,True
b013054,0.0,False,True
b013055,0.0,False,True
b013056,0.0,False,True
b013057,0.0,False,True
b013058,0.0,False,True
b013059,0.0,False,True
b013060,0.0,False,True
b013061,0.0,False,True
b013062,0.0,False,True
b013063,0.0,False,True
b013064,0.0,False,True
b013065,0.0,False,True
b013066,0.0,False,True
b013067,0.0,False,True
b013068,0.0,False,True
b013069,0.0,False,True
b013070,0.0,False,True
b013071,0.0,False,True
b013072,0.0,False,True
b013073,0.0,False,True
b013074,0.0,False,True
b013075,0.0,False,True
b013076,0.0,False,True
b013077,0.0,False,True
b013078,0.0,False,True
b013079,0.0,False,True
b013080,0.0,False,True
b013081,0.0,False,True
b013082,0.0,False,True
b013083,0.0,False,True
b013084,0.0,False,True
b013085,0.0,False,True
b013086,0.0,False,True
b013087,0.0,False,True
b013088,0.0,False,True
b013089,0.0,False,True
b013090,0.0,False,True
b013091,0.0,False,True
b013092,0.0,False,True
b013093,0.0,False,True
b013094,0.0,False,True
b013095,0.0,False,True
b013096,0.0,False,True
b013097,0.0,False,True
b013098,0.0,False,True
b013099,0.0,False,True
b013100,0.0,False,True
b013101,0.0,False,True
b013102,0.0,False,True
b013103,0.0,False,True
b013104,0.0,False,True
b013105,0.0,False,True
b013106,0.0,False,True
b013107,0.0,False,True
b013108,0.0,False,True
b013109,0.0,False,True
b013110,0.0,False,True
b013111,0.0,False,True
b013112,0.0,False,True
b013113,0.0,False,True
b013114,0.0,False,True
b013115,0.0,False,True
b013116,0.0,False,True
b013117,0.0,False,True
b013118,0.0,False,True
b013119,0.0,False,True
b013120,0.0,False,True
b013121,0.0,False,True
b013122,0.0,False,True
b013123,0.0,False,True
b013124,0.0,False,True
b013125,0.0,False,True
b013126,0.0,False,True
b013127,0.0,False,True
b013128,0.0,False,True
b013129,0.0,False,True
b013130,0.0,False,True
b013131,0.0,False,True
b013132,0.0,False,True
b013133,0.0,False,True
b013134,0.0,False,True
b013135,0.0,False,True
b013136,0.0,False,True
b013137,0.0,False,True
b013138,0.0,False,True
b013139,0.0,False,True
b013140,0.0,False,True
b013141,0.0,False,True
b013142,0.0,False,True
b013143,0.0,False,True
b013144,0.0,False,True
b013145,0.0,False,True
b013146,0.0,False,True
b013147,0.11338769644498825,True,True
b013148,0.0,False,True
b013149,0.0,False,True
b013150,0.0,False,True
b013151,0.0,False,True
b013152,0.0,False,True
b013153,0.0,False,True
b013154,0.0,False,True
b013155,0.0,False,True
b013156,0.0,False,True
b013157,0.0,False,True
b013158,0.0,False,True
b013159,0.0,False,True
b013160,0.0,False,True
b013161,0.0,False,True
b013162,0.0,False,True
b013163,0.0,False,True
b013164,0.0,False,True
b013165,0.0,False,True
b013166,0.0,False,True
b013167,0.0,False,True
b013168,0.0,False,True
b013169,0.0,False,True
b013170,0.0,False,True
b013171,0.0,False,True
b013172,0.0,False,True
b013173,0.0,False,True
b013174,0.0,False,True
b013175,0.0,False,True
b013176,0.0,False,True
b013177,0.0,False,True
b013178,0.0,False,True
b013179,0.0,False,True
b013180,0.0,False,True
b013181,0.0,False,True
b013182,0.0,False,True
b013183,0.0,False,True
b013184,0.0,False,True
b013185,0.0,False,True
b013186,0.0,False,True
b013187,0.0,False,True
b013188,0.0,False,True
b013189,0.0,False,True
b013190,0.0,False,True
b013191,0.0,False,True
b013192,0.0,False,True
b013193,0.0,False,True
b013194,0.0,False,True
b013195,0.0,False,True
b013196,0.0,False,True
b013197,0.0,False,True
b013198,0.0,False,True
b013199,0.0,False,True
b013200,0.0,False,True
b013201,0.0,False,True
b013202,0.0,False,True
b013203,0.0,False,True
b013204,0.0,False,True
b013205,0.0,False,True
b013206,0.11006796360015869,True,True
b013207,0.0,False,True
b013208,0.0,False,True
b013209,0.0,False,True
b013210,0.0,False,True
b013211,0.0,False,True
b013212,0.0,False,True
b013213,0.0,False,True
b013214,0.0,False,True
b013215,0.0,False,True
b013216,0.871519148349762,True,True
b013217,0.0,False,True
b013218,0.0,False,True
b013219,0.0,False,True
b013220,0.0,False,True
b013221,0.0,False,True
b013222,0.0,False,True
b013223,0.0,False,True
b013224,0.0,False,True
b013225,0.0,False,True
b013226,0.0,False,True
b013227,0.0,False,True
b013228,0.0,False,True
b013229,0.0,False,True
b013230,0.0,False,True
b013231,0.0,False,True
b013232,0.0,False,True
b013233,0.0,False,True
b013234,0.0,False,True
b013235,0.0,False,True
b013236,0.0,False,True
b013237,0.0,False,True
b013238,0.0,False,True
b013239,0.0,False,True
b013240,0.0,False,True
b013241,0.0,False,True
b013242,0.0,False,True
b013243,0.0,False,True
b013244,0.0,False,True
b013245,0.0,False,True
b013246,0.0,False,True
b013247,0.0,False,True
b013248,0.0,False,True
b013249,0.0,False,True
b013250,0.6775028705596924,True,True
b013251,0.0,False,True
b013252,0.0,False,True
b013253,0.5186069011688232,True,True
b013254,0.0,False,True
b013255,0.0,False,True
b013256,0.0,False,True
b013257,0.0,False,True
b013258,0.0,False,True
b013259,0.0,False,True
b013260,0.0,False,True
b013261,0.0,False,True
b013262,0.0,False,True
b013263,0.0,False,True
b013264,0.0,False,True
b013265,0.0,False,True
b013266,0.0,False,True
b013267,0.0,False,True
b013268,0.0,False,True
b013269,0.0,False,True
b013270,0.0,False,True
b013271,0.0,False,True
b013272,0.0,False,True
b013273,0.0,False,True
b013274,0.0,False,True
b013275,0.0,False,True
b013276,0.0,False,True
b013277,0.0,False,True
b013278,0.0,False,True
b013279,0.0,False,True
b013280,0.0,False,True
b013281,0.0,False,True
b013282,0.0,False,True
b013283,0.0,False,True
b013284,0.0,False,True
b013285,0.0,False,True
b013286,0.0,False,True
b013287,0.0,False,True
b013288,0.0,False,True
b013289,0.0,False,True
b013290,0.0,False,True
b013291,0.0,False,True
b013292,0.0,False,True
b013293,0.0,False,True
b013294,0.0,False,True
b013295,0.0,False,True
b013296,0.0,False,True
b013297,0.0,False,True
b013298,0.0,False,True
b013299,0.0,False,True
b013300,0.0,False,True
b013301,0.0,False,True
b013302,0.0,False,True
b013303,0.0,False,True
b013304,0.0,False,True
b013305,0.0,False,True
b013306,0.20217648148536682,True,True
b013307,0.15610550343990326,True,True
b013308,0.0,False,True
b013309,0.0,False,True
b013310,0.0,False,True
b013311,0.0,False,True
b013312,0.0,False,True
b013313,0.0,False,True
b013314,0.0,False,True
b013315,0.0,False,True
b013316,0.0,False,True
b013317,0.0,False,True
b013318,0.0,False,True
b013319,0.0,False,True
b013320,0.0,False,True
b013321,0.0,False,True
b013322,0.0,False,True
b013323,0.0,False,True
b013324,0.0,False,True
b013325,0.0,False,True
b013326,0.0,False,True
b013327,0.0,False,True
b013328,0.0,False,True
b013329,0.0,False,True
b013330,0.0,False,True
b013331,0.0,False,True
b013332,0.0,False,True
b013333,0.0,False,True
b013334,0.0,False,True
b013335,0.0,False,True
b013336,0.0,False,True
b013337,0.0,False,True
b013338,0.0,False,True
b013339,0.0,False,True
b013340,0.0,False,True
b013341,0.0,False,True
b013342,0.0,False,True
b013343,0.0,False,True
b013344,0.0,False,True
b013345,0.0,False,True
b013346,0.0,False,True
b013347,0.0,False,True
b013348,0.0,False,True
b013349,0.0,False,True
b013350,0.0,False,True
b013351,0.0,False,True
b013352,0.0,False,True
b013353,0.0,False,True
b013354,0.15980708599090576,True,True
b013355,0.0,False,True
b013356,0.0,False,True
b013357,0.0,False,True
b013358,0.0,False,True
b013359,0.0,False,True
b013360,0.0,False,True
b013361,0.0,False,True
b013362,0.0,False,True
b013363,0.0,False,True
b013364,0.0,False,True
b013365,0.0,False,True
b013366,0.0,False,True
b013367,0.0,False,True
b013368,0.0,False,True
b013369,0.0,False,True
b013370,0.0,False,True
b013371,0.0,False,True
b013372,0.0,False,True
b013373,0.0,False,True
b013374,0.0,False,True
b013375,0.0,False,True
b013376,0.0,False,True
b013377,0.0,False,True
b013378,0.0,False,True
b013379,0.0,False,True
b013380,0.0,False,True
b013381,0.0,False,True
b013382,0.0,False,True
b013383,0.0,False,True
b013384,0.0,False,True
b013385,0.0,False,True
b013386,0.0,False,True
b013387,0.0,False,True
b013388,0.0,False,True
b013389,0.0,False,True
b013390,0.0,False,True
b013391,0.0,False,True
b013392,0.0,False,True
b013393,0.0,False,True
b013394,0.0,False,True
b013395,0.0,False,True
b013396,0.0,False,True
b013397,0.0,False,True
b013398,0.0,False,True
b013399,0.0,False,True
b013400,0.0,False,True
b013401,0.0,False,True
b013402,0.0,False,True
b013403,0.0,False,True
b013404,0.0,False,True
b013405,0.0,False,True
b013406,0.11585415154695511,True,True
b013407,0.0,False,True
b013408,0.0,False,True
b013409,0.0,False,True
b013410,0.0,False,True
b013411,0.0,False,True
b013412,0.0,False,True
b013413,0.0,False,True
b013414,0.0,False,True
b013415,0.0,False,True
b013416,0.0,False,True
b013417,0.0,False,True
b013418,0.0,False,True
b013419,0.0,False,True
b013420,0.0,False,True
b013421,0.0,False,True
b013422,0.0,False,True
b013423,0.0,False,True
b013424,0.0,False,True
b013425,0.0,False,True
b013426,0.0,False,True
b013427,0.0,False,True
b013428,0.0,False,True
b013429,0.0,False,True
b013430,0.0,False,True
b013431,0.0,False,True
b013432,0.0,False,True
b013433,0.0,False,True
b013434,0.0,False,True
b013435,0.0,False,True
b013436,0.0,False,True
b013437,0.0,False,True
b013438,0.0,False,True
b013439,0.0,False,True
b013440,0.0,False,True
b013441,0.0,False,True
b013442,0.0,False,True
b013443,0.0,False,True
b013444,0.0,False,True
b013445,0.0,False,True
b013446,0.0,False,True
b013447,0.0,False,True
b013448,0.0,False,True
b013449,0.0,False,True
b013450,0.0,False,True
b013451,0.0,False,True
b013452,0.0,False,True
b013453,0.0,False,True
b013454,0.0,False,True
b013455,0.0,False,True
b013456,0.0,False,True
b013457,0.0,False,True
b013458,0.0,False,True
b013459,0.0,False,True
b013460,0.0,False,True
b013461,0.0,False,True
b013462,0.0,False,True
b013463,0.0,False,True
b013464,0.0,False,True
b013465,0.0,False,True
b013466,0.0,False,True
b013467,0.0,False,True
b013468,0.0,False,True
b013469,0.0,False,True
b013470,0.0,False,True
b013471,0.0,False,True
b013472,0.0,False,True
b013473,0.0,False,True
b013474,0.0,False,True
b013475,0.0,False,True
b013476,0.0,False,True
b013477,0.0,False,True
b013478,0.0,False,True
b013479,0.0,False,True
b013480,0.0,False,True
b013481,0.0,False,True
b013482,0.0,False,True
b013483,0.0,False,True
b013484,0.0,False,True
b013485,0.0,False,True
b013486,0.0,False,True
b013487,0.0,False,True
b013488,0.0,False,True
b013489,0.0,False,True
b013490,0.0,False,True
b013491,0.0,False,True
b013492,0.0,False,True
b013493,0.0,False,True
b013494,0.0,False,True
b013495,0.0,False,True
b013496,0.0,False,True
b013497,0.0,False,True
b013498,0.0,False,True
b013499,0.0,False,True
b013500,0.0,False,True
b013501,0.0,False,True
b013502,0.0,False,True
b013503,0.1777431219816208,True,True
b013504,0.0,False,True
b013505,0.0,False,True
b013506,0.0,False,True
b013507,0.0,False,True
b013508,0.0,False,True
b013509,0.0,False,True
b013510,0.0,False,True
b013511,0.0,False,True
b013512,0.0,False,True
b013513,0.0,False,True
b013514,0.0,False,True
b013515,0.0,False,True
b013516,0.0,False,True
b013517,0.0,False,True
b013518,0.0,False,True
b013519,0.0,False,True
b013520,0.0,False,True
b013521,0.0,False,True
b013522,0.0,False,True
b013523,0.0,False,True
b013524,0.0,False,True
b013525,0.0,False,True
b013526,0.0,False,True
b013527,0.0,False,True
b013528,0.0,False,True
b013529,0.0,False,True
b013530,0.0,False,True
b013531,0.0,False,True
b013532,0.0,False,True
b013533,0.0,False,True
b013534,0.0,False,True
b013535,0.0,False,True
b013536,0.0,False,True
b013537,0.0,False,True
b013538,0.0,False,True
b013539,0.0,False,True
b013540,0.0,False,True
b013541,0.0,False,True
b013542,0.0,False,True
b013543,0.0,False,True
b013544,0.0,False,True
b013545,0.0,False,True
b013546,0.0,False,True
b013547,0.0,False,True
b013548,0.0,False,True
b013549,0.16436748206615448,True,True
b013550,0.0,False,True
b013551,0.0,False,True
b013552,0.0,False,True
b013553,0.0,False,True
b013554,0.5481111407279968,True,True
b013555,0.0,False,True
b013556,0.0,False,True
b013557,0.0,False,True
b013558,0.0,False,True
b013559,0.0,False,True
b013560,0.0,False,True
b013561,0.0,False,True
b013562,0.0,False,True
b013563,0.0,False,True
b013564,0.0,False,True
b013565,0.0,False,True
b013566,0.0,False,True
b013567,0.0,False,True
b013568,0.0,False,True
b013569,0.0,False,True
b013570,0.0,False,True
b013571,0.13398073613643646,True,True
b013572,0.0,False,True
b013573,0.0,False,True
b013574,0.0,False,True
b013575,0.0,False,True
b013576,0.0,False,True
b013577,0.0,False,True
b013578,0.0,False,True
b013579,0.0,False,True
b013580,0.0,False,True
b013581,0.0,False,True
b013582,0.0,False,True
b013583,0.4614526927471161,True,True
b013584,0.0,False,True
b013585,0.0,False,True
b013586,0.0,False,True
b013587,0.0,False,True
b013588,0.0,False,True
b013589,0.0,False,True
b013590,0.0,False,True
b013591,0.0,False,True
b013592,0.0,False,True
b013593,0.0,False,True
b013594,0.0,False,True
b013595,0.0,False,True
b013596,0.0,False,True
b013597,0.0,False,True
b013598,0.0,False,True
b013599,0.0,False,True
b013600,0.0,False,True
b013601,0.0,False,True
b013602,0.0,False,True
b013603,0.0,False,True
b013604,0.0,False,True
b013605,0.0,False,True
b013606,0.0,False,True
b013607,0.0,False,True
b013608,0.0,False,True
b013609,0.0,False,True
b013610,0.0,False,True
b013611,0.0,False,True
b013612,0.0,False,True
b013613,0.0,False,True
b013614,0.0,False,True
b013615,0.5354273915290833,True,True
b013616,0.0,False,True
b013617,0.0,False,True
b013618,0.0,False,True
b013619,0.0,False,True
b013620,0.0,False,True
b013621,0.0,False,True
b013622,0.0,False,True
b013623,0.0,False,True
b013624,0.0,False,True
b013625,0.0,False,True
b013626,0.0,False,True
b013627,0.0,False,True
b013628,0.0,False,True
b013629,0.0,False,True
b013630,0.0,False,True
b013631,0.0,False,True
b013632,0.0,False,True
b013633,0.0,False,True
b013634,0.0,False,True
b013635,0.0,False,True
b013636,0.0,False,True
b013637,0.0,False,True
b013638,0.0,False,True
b013639,0.0,False,True
b013640,0.0,False,True
b013641,0.0,False,True
b013642,0.0,False,True
b013643,0.0,False,True
b013644,0.0,False,True
b013645,0.0,False,True
b013646,0.0,False,True
b013647,0.0,False,True
b013648,0.0,False,True
b013649,0.0,False,True
b013650,0.0,False,True
b013651,0.0,False,True
b013652,0.0,False,True
b013653,0.0,False,True
b013654,0.0,False,True
b013655,0.0,False,True
b013656,0.0,False,True
b013657,0.0,False,True
b013658,0.0,False,True
b013659,0.0,False,True
b013660,0.0,False,True
b013661,0.0,False,True
b013662,0.0,False,True
b013663,0.0,False,True
b013664,0.0,False,True
b013665,0.0,False,True
b013666,0.0,False,True
b013667,0.0,False,True
b013668,0.0,False,True
b013669,0.0,False,True
b013670,0.0,False,True
b013671,0.0,False,True
b013672,0.0,False,True
b013673,0.0,False,True
b013674,0.0,False,True
b013675,0.0,False,True
b013676,0.0,False,True
b013677,0.0,False,True
b013678,0.0,False,True
b013679,0.0,False,True
b013680,0.0,False,True
b013681,0.0,False,True
b013682,0.0,False,True
b013683,0.0,False,True
b013684,0.0,False,True
b013685,0.10281024873256683,True,True
b013686,0.0,False,True
b013687,0.0,False,True
b013688,0.0,False,True
b013689,0.0,False,True
b013690,0.0,False,True
b013691,0.0,False,True
b013692,0.0,False,True
b013693,0.0,False,True
b013694,0.0,False,True
b013695,0.0,False,True
b013696,0.0,False,True
b013697,0.0,False,True
b013698,0.0,False,True
b013699,0.0,False,True
b013700,0.0,False,True
b013701,0.0,False,True
b013702,0.0,False,True
b013703,0.0,False,True
b013704,0.0,False,True
b013705,0.0,False,True
b013706,0.0,False,True
b013707,0.0,False,True
b013708,0.0,False,True
b013709,0.0,False,True
b013710,0.0,False,True
b013711,0.0,False,True
b013712,0.0,False,True
b013713,0.0,False,True
b013714,0.0,False,True
b013715,0.0,False,True
b013716,0.0,False,True
b013717,0.0,False,True
b013718,0.0,False,True
b013719,0.0,False,True
b013720,0.0,False,True
b013721,0.0,False,True
b013722,0.0,False,True
b013723,0.0,False,True
b013724,0.0,False,True
b013725,0.0,False,True
b013726,0.0,False,True
b013727,0.0,False,True
b013728,0.0,False,True
b013729,0.0,False,True
b013730,0.0,False,True
b013731,0.0,False,True
b013732,0.0,False,True
b013733,0.0,False,True
b013734,0.0,False,True
b013735,0.0,False,True
b013736,0.0,False,True
b013737,0.0,False,True
b013738,0.0,False,True
b013739,0.0,False,True
b013740,0.0,False,True
b013741,0.0,False,True
b013742,0.0,False,True
b013743,0.0,False,True
b013744,0.0,False,True
b013745,0.0,False,True
b013746,0.0,False,True
b013747,0.0,False,True
b013748,0.0,False,True
b013749,0.0,False,True
b013750,0.0,False,True
b013751,0.0,False,True
b013752,0.0,False,True
b013753,0.0,False,True
b013754,0.0,False,True
b013755,0.0,False,True
b013756,0.0,False,True
b013757,0.0,False,True
b013758,0.0,False,True
b013759,0.0,False,True
b013760,0.0,False,True
b013761,0.0,False,True
b013762,0.0,False,True
b013763,0.0,False,True
b013764,0.0,False,True
b013765,0.0,False,True
b013766,0.0,False,True
b013767,0.0,False,True
b013768,0.0,False,True
b013769,0.0,False,True
b013770,0.0,False,True
b013771,0.0,False,True
b013772,0.0,False,True
b013773,0.0,False,True
b013774,0.0,False,True
b013775,0.0,False,True
b013776,0.0,False,True
b013777,0.0,False,True
b013778,0.0,False,True
b013779,0.0,False,True
b013780,0.0,False,True
b013781,0.4978523552417755,True,True
b013782,0.0,False,True
b013783,0.0,False,True
b013784,0.0,False,True
b013785,0.0,False,True
b013786,0.0,False,True
b013787,0.0,False,True
b013788,0.0,False,True
b013789,0.0,False,True
b013790,0.0,False,True
b013791,0.0,False,True
b013792,0.0,False,True
b013793,0.0,False,True
b013794,0.0,False,True
b013795,0.0,False,True
b013796,0.0,False,True
b013797,0.0,False,True
b013798,0.0,False,True
b013799,0.0,False,True
b013800,0.0,False,True
b013801,0.0,False,True
b013802,0.0,False,True
b013803,0.0,False,True
b013804,0.0,False,True
b013805,0.0,False,True
b013806,0.0,False,True
b013807,0.0,False,True
b013808,0.0,False,True
b013809,0.0,False,True
b013810,0.0,False,True
b013811,0.0,False,True
b013812,0.0,False,True
b013813,0.0,False,True
b013814,0.0,False,True
b013815,0.0,False,True
b013816,0.0,False,True
b013817,0.0,False,True
b013818,0.0,False,True
b013819,0.0,False,True
b013820,0.0,False,True
b013821,0.0,False,True
b013822,0.0,False,True
b013823,0.0,False,True
b013824,0.0,False,True
b013825,0.0,False,True
b013826,0.0,False,True
b013827,0.0,False,True
b013828,0.0,False,True
b013829,0.0,False,True
b013830,0.0,False,True
b013831,0.0,False,True
b013832,0.0,False,True
b013833,0.0,False,True
b013834,0.0,False,True
b013835,0.0,False,True
b013836,0.0,False,True
b013837,0.0,False,True
b013838,0.0,False,True
b013839,0.0,False,True
b013840,0.0,False,True
b013841,0.0,False,True
b013842,0.0,False,True
b013843,0.0,False,True
b013844,0.0,False,True
b013845,0.0,False,True
b013846,0.0,False,True
b013847,0.0,False,True
b013848,0.0,False,True
b013849,0.0,False,True
b013850,0.0,False,True
b013851,0.0,False,True
b013852,0.0,False,True
b013853,0.0,False,True
b013854,0.0,False,True
b013855,0.0,False,True
b013856,0.0,False,True
b013857,0.0,False,True
b013858,0.0,False,True
b013859,0.0,False,True
b013860,0.0,False,True
b013861,0.0,False,True
b013862,0.0,False,True
b013863,0.0,False,True
b013864,0.0,False,True
b013865,0.0,False,True
b013866,0.0,False,True
b013867,0.0,False,True
b013868,0.0,False,True
b013869,0.0,False,True
b013870,0.0,False,True
b013871,0.0,False,True
b013872,0.0,False,True
b013873,0.0,False,True
b013874,0.0,False,True
b013875,0.0,False,True
b013876,0.0,False,True
b013877,0.0,False,True
b013878,0.0,False,True
b013879,0.0,False,True
b013880,0.0,False,True
b013881,0.0,False,True
b013882,0.0,False,True
b013883,0.0,False,True
b013884,0.0,False,True
b013885,0.0,False,True
b013886,0.0,False,True
b013887,0.0,False,True
b013888,0.0,False,True
b013889,0.0,False,True
b013890,0.0,False,True
b013891,0.0,False,True
b013892,0.0,False,True
b013893,0.0,False,True
b013894,0.0,False,True
b013895,0.0,False,True
b013896,0.0,False,True
b013897,0.0,False,True
b013898,0.0,False,True
b013899,0.0,False,True
b013900,0.0,False,True
b013901,0.0,False,True
b013902,0.0,False,True
b013903,0.0,False,True
b013904,0.0,False,True
b013905,0.0,False,True
b013906,0.0,False,True
b013907,0.0,False,True
b013908,0.0,False,True
b013909,0.0,False,True
b013910,0.0,False,True
b013911,0.0,False,True
b013912,0.0,False,True
b013913,0.0,False,True
b013914,0.0,False,True
b013915,0.0,False,True
b013916,0.0,False,True
b013917,0.0,False,True
b013918,0.0,False,True
b013919,0.0,False,True
b013920,0.0,False,True
b013921,0.0,False,True
b013922,0.0,False,True
b013923,0.0,False,True
b013924,0.0,False,True
b013925,0.0,False,True
b013926,0.0,False,True
b013927,0.0,False,True
b013928,0.0,False,True
b013929,0.0,False,True
b013930,0.344927042722702,True,True
b013931,0.0,False,True
b013932,0.0,False,True
b013933,0.0,False,True
b013934,0.0,False,True
b013935,0.0,False,True
b013936,0.0,False,True
b013937,0.0,False,True
b013938,0.0,False,True
b013939,0.0,False,True
b013940,0.0,False,True
b013941,0.0,False,True
b013942,0.0,False,True
b013943,0.0,False,True
b013944,0.0,False,True
b013945,0.0,False,True
b013946,0.0,False,True
b013947,0.0,False,True
b013948,0.0,False,True
b013949,0.0,False,True
b013950,0.0,False,True
b013951,0.0,False,True
b013952,0.0,False,True
b013953,0.0,False,True
b013954,0.0,False,True
b013955,0.0,False,True
b013956,0.0,False,True
b013957,0.0,False,True
b013958,0.0,False,True
b013959,0.0,False,True
b013960,0.0,False,True
b013961,0.0,False,True
b013962,0.0,False,True
b013963,0.0,False,True
b013964,0.0,False,True
b013965,0.0,False,True
b013966,0.0,False,True
b013967,0.0,False,True
b013968,0.0,False,True
b013969,0.0,False,True
b013970,0.0,False,True
b013971,0.0,False,True
b013972,0.0,False,True
b013973,0.0,False,True
b013974,0.0,False,True
b013975,0.0,False,True
b013976,0.0,False,True
b013977,0.0,False,True
b013978,0.11127717792987823,True,True
b013979,0.0,False,True
b013980,0.0,False,True
b013981,0.0,False,True
b013982,0.0,False,True
b013983,0.0,False,True
b013984,0.0,False,True
b013985,0.0,False,True
b013986,0.0,False,True
b013987,0.0,False,True
b013988,0.0,False,True
b013989,0.0,False,True
b013990,0.2194095253944397,True,True
b013991,0.0,False,True
b013992,0.0,False,True
b013993,0.0,False,True
b013994,0.0,False,True
b013995,0.0,False,True
b013996,0.0,False,True
b013997,0.0,False,True
b013998,0.0,False,True
b013999,0.0,False,True
b014000,0.0,False,True
b014001,0.0,False,True
b014002,0.0,False,True
b014003,0.0,False,True
b014004,0.0,False,True
b014005,0.0,False,True
b014006,0.0,False,True
b014007,0.0,False,True
b014008,0.0,False,True
b014009,0.0,False,True
b014010,0.0,False,True
b014011,0.0,False,True
b014012,0.0,False,True
b014013,0.40014901757240295,True,True
b014014,0.0,False,True
b014015,0.0,False,True
b014016,0.0,False,True
b014017,0.0,False,True
b014018,0.0,False,True
b014019,0.0,False,True
b014020,0.0,False,True
b014021,0.0,False,True
b014022,0.0,False,True
b014023,0.0,False,True
b014024,0.0,False,True
b014025,0.0,False,True
b014026,0.0,False,True
b014027,0.0,False,True
b014028,0.0,False,True
b014029,0.0,False,True
b014030,0.0,False,True
b014031,0.0,False,True
b014032,0.0,False,True
b014033,0.0,False,True
b014034,0.0,False,True
b014035,0.0,False,True
b014036,0.0,False,True
b014037,0.0,False,True
b014038,0.0,False,True
b014039,0.0,False,True
b014040,0.0,False,True
b014041,0.0,False,True
b014042,0.0,False,True
b014043,0.0,False,True
b014044,0.0,False,True
b014045,0.0,False,True
b014046,0.0,False,True
b014047,0.0,False,True
b014048,0.0,False,True
b014049,0.0,False,True
b014050,0.0,False,True
b014051,0.0,False,True
b014052,0.0,False,True
b014053,0.0,False,True
b014054,0.0,False,True
b014055,0.0,False,True
b014056,0.0,False,True
b014057,0.0,False,True
b014058,0.0,False,True
b014059,0.0,False,True
b014060,0.0,False,True
b014061,0.0,False,True
b014062,0.0,False,True
b014063,0.0,False,True
b014064,0.0,False,True
b014065,0.0,False,True
b014066,0.0,False,True
b014067,0.0,False,True
b014068,0.0,False,True
b014069,0.0,False,True
b014070,0.0,False,True
b014071,0.0,False,True
b014072,0.0,False,True
b014073,0.0,False,True
b014074,0.0,False,True
b014075,0.0,False,True
b014076,0.0,False,True
b014077,0.0,False,True
b014078,0.0,False,True
b014079,0.0,False,True
b014080,0.0,False,True
b014081,0.0,False,True
b014082,0.0,False,True
b014083,0.0,False,True
b014084,0.0,False,True
b014085,0.0,False,True
b014086,0.0,False,True
b014087,0.0,False,True
b014088,0.0,False,True
b014089,0.0,False,True
b014090,0.0,False,True
b014091,0.0,False,True
b014092,0.0,False,True
b014093,0.0,False,True
b014094,0.0,False,True
b014095,0.0,False,True
b014096,0.0,False,True
b014097,0.0,False,True
b014098,0.0,False,True
b014099,0.0,False,True
b014100,0.0,False,True
b014101,0.0,False,True
b014102,0.11954556405544281,True,True
b014103,0.0,False,True
b014104,0.0,False,True
b014105,0.5009077787399292,True,True
b014106,0.0,False,True
b014107,0.0,False,True
b014108,0.0,False,True
b014109,0.0,False,True
b014110,0.0,False,True
b014111,0.0,False,True
b014112,0.0,False,True
b014113,0.0,False,True
b014114,0.0,False,True
b014115,0.0,False,True
b014116,0.0,False,True
b014117,0.0,False,True
b014118,0.0,False,True
b014119,0.0,False,True
b014120,0.0,False,True
b014121,0.0,False,True
b014122,0.0,False,True
b014123,0.0,False,True
b014124,0.0,False,True
b014125,0.0,False,True
b014126,0.0,False,True
b014127,0.0,False,True
b014128,0.0,False,True
b014129,0.0,False,True
b014130,0.0,False,True
b014131,0.0,False,True
b014132,0.0,False,True
b014133,0.0,False,True
b014134,0.0,False,True
b014135,0.0,False,True
b014136,0.0,False,True
b014137,0.0,False,True
b014138,0.0,False,True
b014139,0.0,False,True
b014140,0.0,False,True
b014141,0.0,False,True
b014142,0.0,False,True
b014143,0.0,False,True
b014144,0.0,False,True
b014145,0.0,False,True
b014146,0.0,False,True
b014147,0.0,False,True
b014148,0.0,False,True
b014149,0.0,False,True
b014150,0.0,False,True
b014151,0.0,False,True
b014152,0.0,False,True
b014153,0.0,False,True
b014154,0.0,False,True
b014155,0.0,False,True
b014156,0.0,False,True
b014157,0.0,False,True
b014158,0.1727856695652008,True,True
b014159,0.0,False,True
b014160,0.0,False,True
b014161,0.0,False,True
b014162,0.0,False,True
b014163,0.0,False,True
b014164,0.0,False,True
b014165,0.0,False,True
b014166,0.0,False,True
b014167,0.0,False,True
b014168,0.0,False,True
b014169,0.0,False,True
b014170,0.0,False,True
b014171,0.0,False,True
b014172,0.0,False,True
b014173,0.0,False,True
b014174,0.0,False,True
b014175,0.0,False,True
b014176,0.0,False,True
b014177,0.0,False,True
b014178,0.0,False,True
b014179,0.0,False,True
b014180,0.0,False,True
b014181,0.0,False,True
b014182,0.0,False,True
b014183,0.0,False,True
b014184,0.0,False,True
b014185,0.0,False,True
b014186,0.0,False,True
b014187,0.0,False,True
b014188,0.0,False,True
b014189,0.0,False,True
b014190,0.0,False,True
b014191,0.0,False,True
b014192,0.0,False,True
b014193,0.0,False,True
b014194,0.0,False,True
b014195,0.0,False,True
b014196,0.0,False,True
b014197,0.0,False,True
b014198,0.0,False,True
b014199,0.0,False,True
b014200,0.0,False,True
b014201,0.0,False,True
b014202,0.0,False,True
b014203,0.0,False,True
b014204,0.0,False,True
b014205,0.0,False,True
b014206,0.0,False,True
b014207,0.0,False,True
b014208,0.0,False,True
b014209,0.0,False,True
b014210,0.0,False,True
b014211,0.0,False,True
b014212,0.0,False,True
b014213,0.0,False,True
b014214,0.0,False,True
b014215,0.0,False,True
b014216,0.0,False,True
b014217,0.0,False,True
b014218,0.0,False,True
b014219,0.0,False,True
b014220,0.0,False,True
b014221,0.0,False,True
b014222,0.0,False,True
b014223,0.0,False,True
b014224,0.0,False,True
b014225,0.0,False,True
b014226,0.2145836353302002,True,True
b014227,0.0,False,True
b014228,0.0,False,True
b014229,0.0,False,True
b014230,0.0,False,True
b014231,0.0,False,True
b014232,0.0,False,True
b014233,0.0,False,True
b014234,0.0,False,True
b014235,0.0,False,True
b014236,0.0,False,True
b014237,0.0,False,True
b014238,0.0,False,True
b014239,0.0,False,True
b014240,0.0,False,True
b014241,0.0,False,True
b014242,0.0,False,True
b014243,0.0,False,True
b014244,0.0,False,True
b014245,0.0,False,True
b014246,0.0,False,True
b014247,0.0,False,True
b014248,0.0,False,True
b014249,0.1070776879787445,True,True
b014250,0.0,False,True
b014251,0.0,False,True
b014252,0.0,False,True
b014253,0.0,False,True
b014254,0.0,False,True
b014255,0.0,False,True
b014256,0.0,False,True
b014257,0.0,False,True
b014258,0.0,False,True
b014259,0.0,False,True
b014260,0.0,False,True
b014261,0.0,False,True
b014262,0.0,False,True
b014263,0.0,False,True
b014264,0.0,False,True
b014265,0.0,False,True
b014266,0.0,False,True
b014267,0.0,False,True
b014268,0.0,False,True
b014269,0.0,False,True
b014270,0.0,False,True
b014271,0.0,False,True
b014272,0.0,False,True
b014273,0.3022802472114563,True,True
b014274,0.0,False,True
b014275,0.0,False,True
b014276,0.0,False,True
b014277,0.0,False,True
b014278,0.0,False,True
b014279,0.0,False,True
b014280,0.0,False,True
b014281,0.0,False,True
b014282,0.0,False,True
b014283,0.0,False,True
b014284,0.0,False,True
b014285,0.0,False,True
b014286,0.0,False,True
b014287,0.0,False,True
b014288,0.0,False,True
b014289,0.0,False,True
b014290,0.0,False,True
b014291,0.0,False,True
b014292,0.0,False,True
b014293,0.0,False,True
b014294,0.0,False,True
b014295,0.0,False,True
b014296,0.0,False,True
b014297,0.0,False,True
b014298,0.0,False,True
b014299,0.0,False,True
b014300,0.0,False,True
b014301,0.0,False,True
b014302,0.0,False,True
b014303,0.0,False,True
b014304,0.0,False,True
b014305,0.5574973225593567,True,True
b014306,0.0,False,True
b014307,0.0,False,True
b014308,0.0,False,True
b014309,0.0,False,True
b014310,0.0,False,True
b014311,0.0,False,True
b014312,0.0,False,True
b014313,0.10806339979171753,True,True
b014314,0.40496328473091125,True,True
b014315,0.0,False,True
b014316,0.0,False,True
b014317,0.0,False,True
b014318,0.0,False,True
b014319,0.0,False,True
b014320,0.0,False,True
b014321,0.0,False,True
b014322,0.0,False,True
b014323,0.0,False,True
b014324,0.0,False,True
b014325,0.0,False,True
b014326,0.0,False,True
b014327,0.0,False,True
b014328,0.0,False,True
b014329,0.0,False,True
b014330,0.0,False,True
b014331,0.0,False,True
b014332,0.0,False,True
b014333,0.0,False,True
b014334,0.0,False,True
b014335,0.0,False,True
b014336,0.0,False,True
b014337,0.0,False,True
b014338,0.0,False,True
b014339,0.0,False,True
b014340,0.0,False,True
b014341,0.0,False,True
b014342,0.0,False,True
b014343,0.0,False,True
b014344,0.0,False,True
b014345,0.0,False,True
b014346,0.0,False,True
b014347,0.0,False,True
b014348,0.0,False,True
b014349,0.0,False,True
b014350,0.0,False,True
b014351,0.0,False,True
b014352,0.0,False,True
b014353,0.0,False,True
b014354,0.0,False,True
b014355,0.0,False,True
b014356,0.0,False,True
b014357,0.0,False,True
b014358,0.0,False,True
b014359,0.0,False,True
b014360,0.0,False,True
b014361,0.0,False,True
b014362,0.0,False,True
b014363,0.0,False,True
b014364,0.0,False,True
b014365,0.0,False,True
b014366,0.0,False,True
b014367,0.0,False,True
b014368,0.0,False,True
b014369,0.0,False,True
b014370,0.0,False,True
b014371,0.0,False,True
b014372,0.0,False,True
b014373,0.0,False,True
b014374,0.0,False,True
b014375,0.0,False,True
b014376,0.0,False,True
b014377,0.0,False,True
b014378,0.0,False,True
b014379,0.0,False,True
b014380,0.0,False,True
b014381,0.0,False,True
b014382,0.0,False,True
b014383,0.0,False,True
b014384,0.0,False,True
b014385,0.0,False,True
b014386,0.0,False,True
b014387,0.0,False,True
b014388,0.0,False,True
b014389,0.0,False,True
b014390,0.0,False,True
b014391,0.0,False,True
b014392,0.0,False,True
b014393,0.0,False,True
b014394,0.0,False,True
b014395,0.0,False,True
b014396,0.0,False,True
b014397,0.0,False,True
b014398,0.0,False,True
b014399,0.0,False,True
b014400,0.0,False,True
b014401,0.0,False,True
b014402,0.0,False,True
b014403,0.0,False,True
b014404,0.0,False,True
b014405,0.0,False,True
b014406,0.0,False,True
b014407,0.0,False,True
b014408,0.0,False,True
b014409,0.0,False,True
b014410,0.0,False,True
b014411,0.0,False,True
b014412,0.0,False,True
b014413,0.0,False,True
b014414,0.0,False,True
b014415,0.0,False,True
b014416,0.0,False,True
b014417,0.0,False,True
b014418,0.0,False,True
b014419,0.0,False,True
b014420,0.0,False,True
b014421,0.0,False,True
b014422,0.0,False,True
b014423,0.0,False,True
b014424,0.0,False,True
b014425,0.0,False,True
b014426,0.0,False,True
b014427,0.0,False,True
b014428,0.0,False,True
b014429,0.0,False,True
b014430,0.0,False,True
b014431,0.0,False,True
b014432,0.0,False,True
b014433,0.0,False,True
b014434,0.0,False,True
b014435,0.0,False,True
b014436,0.0,False,True
b014437,0.0,False,True
b014438,0.0,False,True
b014439,0.0,False,True
b014440,0.0,False,True
b014441,0.0,False,True
b014442,0.0,False,True
b014443,0.0,False,True
b014444,0.0,False,True
b014445,0.0,False,True
b014446,0.0,False,True
b014447,0.0,False,True
b014448,0.0,False,True
b014449,0.0,False,True
b014450,0.0,False,True
b014451,0.0,False,True
b014452,0.0,False,True
b014453,0.11916129291057587,True,True
b014454,0.0,False,True
b014455,0.0,False,True
b014456,0.0,False,True
b014457,0.0,False,True
b014458,0.0,False,True
b014459,0.0,False,True
b014460,0.0,False,True
b014461,0.0,False,True
b014462,0.0,False,True
b014463,0.0,False,True
b014464,0.10855936259031296,True,True
b014465,0.36795148253440857,True,True
b014466,0.0,False,True
b014467,0.0,False,True
b014468,0.0,False,True
b014469,0.0,False,True
b014470,0.0,False,True
b014471,0.0,False,True
b014472,0.0,False,True
b014473,0.0,False,True
b014474,0.0,False,True
b014475,0.0,False,True
b014476,0.0,False,True
b014477,0.0,False,True
b014478,0.0,False,True
b014479,0.0,False,True
b014480,0.0,False,True
b014481,0.22260911762714386,True,True
b014482,0.0,False,True
b014483,0.0,False,True
b014484,0.0,False,True
b014485,0.0,False,True
b014486,0.0,False,True
b014487,0.0,False,True
b014488,0.0,False,True
b014489,0.0,False,True
b014490,0.0,False,True
b014491,0.0,False,True
b014492,0.0,False,True
b014493,0.0,False,True
b014494,0.0,False,True
b014495,0.0,False,True
b014496,0.0,False,True
b014497,0.0,False,True
b014498,0.0,False,True
b014499,0.0,False,True
b014500,0.0,False,True
b014501,0.0,False,True
b014502,0.0,False,True
b014503,0.0,False,True
b014504,0.0,False,True
b014505,0.0,False,True
b014506,0.0,False,True
b014507,0.0,False,True
b014508,0.0,False,True
b014509,0.0,False,True
b014510,0.0,False,True
b014511,0.0,False,True
b014512,0.0,False,True
b014513,0.0,False,True
b014514,0.0,False,True
b014515,0.0,False,True
b014516,0.0,False,True
b014517,0.0,False,True
b014518,0.0,False,True
b014519,0.0,False,True
b014520,0.0,False,True
b014521,0.0,False,True
b014522,0.0,False,True
b014523,0.0,False,True
b014524,0.0,False,True
b014525,0.0,False,True
b014526,0.0,False,True
b014527,0.0,False,True
b014528,0.0,False,True
b014529,0.0,False,True
b014530,0.0,False,True
b014531,0.0,False,True
b014532,0.0,False,True
b014533,0.0,False,True
b014534,0.0,False,True
b014535,0.0,False,True
b014536,0.0,False,True
b014537,0.0,False,True
b014538,0.0,False,True
b014539,0.0,False,True
b014540,0.0,False,True
b014541,0.0,False,True
b014542,0.0,False,True
b014543,0.0,False,True
b014544,0.0,False,True
b014545,0.0,False,True
b014546,0.0,False,True
b014547,0.0,False,True
b014548,0.0,False,True
b014549,0.0,False,True
b014550,0.0,False,True
b014551,0.0,False,True
b014552,0.0,False,True
b014553,0.0,False,True
b014554,0.0,False,True
b014555,0.0,False,True
b014556,0.1609353870153427,True,True
b014557,0.0,False,True
b014558,0.0,False,True
b014559,0.0,False,True
b014560,0.0,False,True
b014561,0.0,False,True
b014562,0.0,False,True
b014563,0.0,False,True
b014564,0.0,False,True
b014565,0.0,False,True
b014566,0.0,False,True
b014567,0.0,False,True
b014568,0.0,False,True
b014569,0.0,False,True
b014570,0.0,False,True
b014571,0.0,False,True
b014572,0.0,False,True
b014573,0.0,False,True
b014574,0.0,False,True
b014575,0.0,False,True
b014576,0.0,False,True
b014577,0.0,False,True
b014578,0.0,False,True
b014579,0.0,False,True
b014580,0.0,False,True
b014581,0.0,False,True
b014582,0.0,False,True
b014583,0.0,False,True
b014584,0.0,False,True
b014585,0.0,False,True
b014586,0.0,False,True
b014587,0.0,False,True
b014588,0.0,False,True
b014589,0.0,False,True
b014590,0.0,False,True
b014591,0.0,False,True
b014592,0.0,False,True
b014593,0.0,False,True
b014594,0.0,False,True
b014595,0.0,False,True
b014596,0.0,False,True
b014597,0.0,False,True
b014598,0.0,False,True
b014599,0.0,False,True
b014600,0.0,False,True
b014601,0.0,False,True
b014602,0.0,False,True
b014603,0.0,False,True
b014604,0.0,False,True
b014605,0.0,False,True
b014606,0.0,False,True
b014607,0.0,False,True
b014608,0.0,False,True
b014609,0.0,False,True
b014610,0.0,False,True
b014611,0.0,False,True
b014612,0.0,False,True
b014613,0.0,False,True
b014614,0.0,False,True
b014615,0.0,False,True
b014616,0.0,False,True
b014617,0.0,False,True
b014618,0.0,False,True
b014619,0.0,False,True
b014620,0.0,False,True
b014621,0.0,False,True
b014622,0.0,False,True
b014623,0.0,False,True
b014624,0.0,False,True
b014625,0.0,False,True
b014626,0.0,False,True
b014627,0.0,False,True
b014628,0.0,False,True
b014629,0.0,False,True
b014630,0.0,False,True
b014631,0.0,False,True
b014632,0.0,False,True
b014633,0.0,False,True
b014634,0.0,False,True
b014635,0.0,False,True
b014636,0.0,False,True
b014637,0.0,False,True
b014638,0.0,False,True
b014639,0.0,False,True
b014640,0.0,False,True
b014641,0.0,False,True
b014642,0.1854134500026703,True,True
b014643,0.0,False,True
b014644,0.0,False,True
b014645,0.0,False,True
b014646,0.0,False,True
b014647,0.0,False,True
b014648,0.0,False,True
b014649,0.0,False,True
b014650,0.0,False,True
b014651,0.0,False,True
b014652,0.0,False,True
b014653,0.0,False,True
b014654,0.0,False,True
b014655,0.0,False,True
b014656,0.0,False,True
b014657,0.0,False,True
b014658,0.0,False,True
b014659,0.0,False,True
b014660,0.0,False,True
b014661,0.0,False,True
b014662,0.0,False,True
b014663,0.0,False,True
b014664,0.0,False,True
b014665,0.0,False,True
b014666,0.0,False,True
b014667,0.0,False,True
b014668,0.0,False,True
b014669,0.0,False,True
b014670,0.0,False,True
b014671,0.0,False,True
b014672,0.0,False,True
b014673,0.0,False,True
b014674,0.0,False,True
b014675,0.0,False,True
b014676,0.0,False,True
b014677,0.0,False,True
b014678,0.0,False,True
b014679,0.0,False,True
b014680,0.0,False,True
b014681,0.0,False,True
b014682,0.1453864425420761,True,True
b014683,0.0,False,True
b014684,0.0,False,True
b014685,0.0,False,True
b014686,0.0,False,True
b014687,0.0,False,True
b014688,0.16952568292617798,True,True
b014689,0.0,False,True
b014690,0.0,False,True
b014691,0.0,False,True
b014692,0.0,False,True
b014693,0.0,False,True
b014694,0.0,False,True
b014695,0.0,False,True
b014696,0.0,False,True
b014697,0.0,False,True
b014698,0.0,False,True
b014699,0.0,False,True
b014700,0.0,False,True
b014701,0.0,False,True
b014702,0.0,False,True
b014703,0.0,False,True
b014704,0.0,False,True
b014705,0.0,False,True
b014706,0.0,False,True
b014707,0.0,False,True
b014708,0.0,False,True
b014709,0.0,False,True
b014710,0.0,False,True
b014711,0.0,False,True
b014712,0.0,False,True
b014713,0.0,False,True
b014714,0.0,False,True
b014715,0.0,False,True
b014716,0.0,False,True
b014717,0.0,False,True
b014718,0.0,False,True
b014719,0.0,False,True
b014720,0.0,False,True
b014721,0.3129256069660187,True,True
b014722,0.0,False,True
b014723,0.0,False,True
b014724,0.11968780308961868,True,True
b014725,0.0,False,True
b014726,0.0,False,True
b014727,0.0,False,True
b014728,0.0,False,True
b014729,0.0,False,True
b014730,0.0,False,True
b014731,0.0,False,True
b014732,0.0,False,True
b014733,0.0,False,True
b014734,0.0,False,True
b014735,0.0,False,True
b014736,0.0,False,True
b014737,0.0,False,True
b014738,0.0,False,True
b014739,0.0,False,True
b014740,0.0,False,True
b014741,0.0,False,True
b014742,0.0,False,True
b014743,0.0,False,True
b014744,0.0,False,True
b014745,0.0,False,True
b014746,0.0,False,True
b014747,0.0,False,True
b014748,0.0,False,True
b014749,0.0,False,True
b014750,0.0,False,True
b014751,0.0,False,True
b014752,0.0,False,True
b014753,0.0,False,True
b014754,0.0,False,True
b014755,0.0,False,True
b014756,0.0,False,True
b014757,0.0,False,True
b014758,0.0,False,True
b014759,0.0,False,True
b014760,0.0,False,True
b014761,0.0,False,True
b014762,0.0,False,True
b014763,0.24657489359378815,True,True
b014764,0.0,False,True
b014765,0.0,False,True
b014766,0.0,False,True
b014767,0.0,False,True
b014768,0.0,False,True
b014769,0.0,False,True
b014770,0.0,False,True
b014771,0.0,False,True
b014772,0.0,False,True
b014773,0.0,False,True
b014774,0.0,False,True
b014775,0.0,False,True
b014776,0.0,False,True
b014777,0.0,False,True
b014778,0.0,False,True
b014779,0.0,False,True
b014780,0.0,False,True
b014781,0.0,False,True
b014782,0.0,False,True
b014783,0.0,False,True
b014784,0.0,False,True
b014785,0.0,False,True
b014786,0.0,False,True
b014787,0.0,False,True
b014788,0.0,False,True
b014789,0.0,False,True
b014790,0.0,False,True
b014791,0.0,False,True
b014792,0.0,False,True
b014793,0.0,False,True
b014794,0.0,False,True
b014795,0.0,False,True
b014796,0.0,False,True
b014797,0.0,False,True
b014798,0.0,False,True
b014799,0.0,False,True
b014800,0.0,False,True
b014801,0.0,False,True
b014802,0.0,False,True
b014803,0.0,False,True
b014804,0.0,False,True
b014805,0.0,False,True
b014806,0.0,False,True
b014807,0.0,False,True
b014808,0.0,False,True
b014809,0.0,False,True
b014810,0.0,False,True
b014811,0.0,False,True
b014812,0.0,False,True
b014813,0.0,False,True
b014814,0.0,False,True
b014815,0.0,False,True
b014816,0.0,False,True
b014817,0.0,False,True
b014818,0.5867267847061157,True,True
b014819,0.0,False,True
b014820,0.0,False,True
b014821,0.0,False,True
b014822,0.0,False,True
b014823,0.0,False,True
b014824,0.0,False,True
b014825,0.0,False,True
b014826,0.0,False,True
b014827,0.0,False,True
b014828,0.0,False,True
b014829,0.0,False,True
b014830,0.0,False,True
b014831,0.0,False,True
b014832,0.0,False,True
b014833,0.0,False,True
b014834,0.0,False,True
b014835,0.0,False,True
b014836,0.0,False,True
b014837,0.0,False,True
b014838,0.0,False,True
b014839,0.0,False,True
b014840,0.0,False,True
b014841,0.0,False,True
b014842,0.0,False,True
b014843,0.0,False,True
b014844,0.0,False,True
b014845,0.0,False,True
b014846,0.0,False,True
b014847,0.0,False,True
b014848,0.0,False,True
b014849,0.0,False,True
b014850,0.0,False,True
b014851,0.0,False,True
b014852,0.0,False,True
b014853,0.0,False,True
b014854,0.0,False,True
b014855,0.0,False,True
b014856,0.0,False,True
b014857,0.0,False,True
b014858,0.0,False,True
b014859,0.0,False,True
b014860,0.0,False,True
b014861,0.0,False,True
b014862,0.0,False,True
b014863,0.0,False,True
b014864,0.0,False,True
b014865,0.0,False,True
b014866,0.0,False,True
b014867,0.0,False,True
b014868,0.0,False,True
b014869,0.0,False,True
b014870,0.0,False,True
b014871,0.0,False,True
b014872,0.0,False,True
b014873,0.0,False,True
b014874,0.0,False,True
b014875,0.0,False,True
b014876,0.0,False,True
b014877,0.0,False,True
b014878,0.0,False,True
b014879,0.0,False,True
b014880,0.0,False,True
b014881,0.0,False,True
b014882,0.0,False,True
b014883,0.0,False,True
b014884,0.0,False,True
b014885,0.0,False,True
b014886,0.0,False,True
b014887,0.0,False,True
b014888,0.0,False,True
b014889,0.0,False,True
b014890,0.0,False,True
b014891,0.0,False,True
b014892,0.0,False,True
b014893,0.0,False,True
b014894,0.0,False,True
b014895,0.0,False,True
b014896,0.0,False,True
b014897,0.0,False,True
b014898,0.0,False,True
b014899,0.0,False,True
b014900,0.0,False,True
b014901,0.0,False,True
b014902,0.0,False,True
b014903,0.0,False,True
b014904,0.0,False,True
b014905,0.0,False,True
b014906,0.0,False,True
b014907,0.0,False,True
b014908,0.0,False,True
b014909,0.0,False,True
b014910,0.0,False,True
b014911,0.0,False,True
b014912,0.0,False,True
b014913,0.0,False,True
b014914,0.0,False,True
b014915,0.0,False,True
b014916,0.0,False,True
b014917,0.0,False,True
b014918,0.0,False,True
b014919,0.0,False,True
b014920,0.0,False,True
b014921,0.0,False,True
b014922,0.0,False,True
b014923,0.0,False,True
b014924,0.0,False,True
b014925,0.0,False,True
b014926,0.0,False,True
b014927,0.0,False,True
b014928,0.0,False,True
b014929,0.0,False,True
b014930,0.0,False,True
b014931,0.0,False,True
b014932,0.0,False,True
b014933,0.0,False,True
b014934,0.0,False,True
b014935,0.0,False,True
b014936,0.0,False,True
b014937,0.0,False,True
b014938,0.0,False,True
b014939,0.0,False,True
b014940,0.0,False,True
b014941,0.0,False,True
b014942,0.0,False,True
b014943,0.0,False,True
b014944,0.0,False,True
b014945,0.0,False,True
b014946,0.0,False,True
b014947,0.0,False,True
b014948,0.0,False,True
b014949,0.0,False,True
b014950,0.0,False,True
b014951,0.0,False,True
b014952,0.0,False,True
b014953,0.0,False,True
b014954,0.0,False,True
b014955,0.0,False,True
b014956,0.0,False,True
b014957,0.0,False,True
b014958,0.0,False,True
b014959,0.0,False,True
b014960,0.0,False,True
b014961,0.0,False,True
b014962,0.0,False,True
b014963,0.0,False,True
b014964,0.0,False,True
b014965,0.0,False,True
b014966,0.0,False,True
b014967,0.0,False,True
b014968,0.0,False,True
b014969,0.0,False,True
b014970,0.0,False,True
b014971,0.0,False,True
b014972,0.0,False,True
b014973,0.0,False,True
b014974,0.0,False,True
b014975,0.0,False,True
b014976,0.0,False,True
b014977,0.0,False,True
b014978,0.0,False,True
b014979,0.0,False,True
b014980,0.0,False,True
b014981,0.0,False,True
b014982,0.0,False,True
b014983,0.0,False,True
b014984,0.0,False,True
b014985,0.0,False,True
b014986,0.0,False,True
b014987,0.0,False,True
b014988,0.0,False,True
b014989,0.0,False,True
b014990,0.0,False,True
b014991,0.0,False,True
b014992,0.0,False,True
b014993,0.0,False,True
b014994,0.0,False,True
b014995,0.0,False,True
b014996,0.0,False,True
b014997,0.0,False,True
b014998,0.0,False,True
b014999,0.0,False,True
b015000,0.0,False,True
b015001,0.0,False,True
b015002,0.0,False,True
b015003,0.0,False,True
b015004,0.0,False,True
b015005,0.0,False,True
b015006,0.0,False,True
b015007,0.0,False,True
b015008,0.0,False,True
b015009,0.0,False,True
b015010,0.0,False,True
b015011,0.0,False,True
b015012,0.0,False,True
b015013,0.0,False,True
b015014,0.0,False,True
b015015,0.0,False,True
b015016,0.0,False,True
b015017,0.0,False,True
b015018,0.0,False,True
b015019,0.0,False,True
b015020,0.0,False,True
b015021,0.0,False,True
b015022,0.0,False,True
b015023,0.0,False,True
b015024,0.0,False,True
b015025,0.0,False,True
b015026,0.0,False,True
b015027,0.0,False,True
b015028,0.0,False,True
b015029,0.0,False,True
b015030,0.0,False,True
b015031,0.0,False,True
b015032,0.0,False,True
b015033,0.0,False,True
b015034,0.0,False,True
b015035,0.0,False,True
b015036,0.0,False,True
b015037,0.0,False,True
b015038,0.0,False,True
b015039,0.0,False,True
b015040,0.0,False,True
b015041,0.0,False,True
b015042,0.0,False,True
b015043,0.24011379480361938,True,True
b015044,0.0,False,True
b015045,0.0,False,True
b015046,0.0,False,True
b015047,0.0,False,True
b015048,0.0,False,True
b015049,0.0,False,True
b015050,0.0,False,True
b015051,0.0,False,True
b015052,0.0,False,True
b015053,0.2884473204612732,True,True
b015054,0.0,False,True
b015055,0.0,False,True
b015056,0.0,False,True
b015057,0.0,False,True
b015058,0.0,False,True
b015059,0.0,False,True
b015060,0.0,False,True
b015061,0.0,False,True
b015062,0.0,False,True
b015063,0.0,False,True
b015064,0.0,False,True
b015065,0.0,False,True
b015066,0.0,False,True
b015067,0.0,False,True
b015068,0.0,False,True
b015069,0.1722254753112793,True,True
b015070,0.0,False,True
b015071,0.0,False,True
b015072,0.10773579776287079,True,True
b015073,0.0,False,True
b015074,0.0,False,True
b015075,0.0,False,True
b015076,0.0,False,True
b015077,0.0,False,True
b015078,0.0,False,True
b015079,0.0,False,True
b015080,0.2842642664909363,True,True
b015081,0.0,False,True
b015082,0.0,False,True
b015083,0.0,False,True
b015084,0.0,False,True
b015085,0.0,False,True
b015086,0.0,False,True
b015087,0.0,False,True
b015088,0.0,False,True
b015089,0.0,False,True
b015090,0.0,False,True
b015091,0.0,False,True
b015092,0.0,False,True
b015093,0.0,False,True
b015094,0.0,False,True
b015095,0.0,False,True
b015096,0.0,False,True
b015097,0.0,False,True
b015098,0.0,False,True
b015099,0.0,False,True
b015100,0.0,False,True
b015101,0.0,False,True
b015102,0.0,False,True
b015103,0.0,False,True
b015104,0.0,False,True
b015105,0.0,False,True
b015106,0.0,False,True
b015107,0.0,False,True
b015108,0.0,False,True
b015109,0.0,False,True
b015110,0.0,False,True
b015111,0.0,False,True
b015112,0.0,False,True
b015113,0.0,False,True
b015114,0.0,False,True
b015115,0.0,False,True
b015116,0.0,False,True
b015117,0.0,False,True
b015118,0.0,False,True
b015119,0.0,False,True
b015120,0.0,False,True
b015121,0.0,False,True
b015122,0.0,False,True
b015123,0.0,False,True
b015124,0.0,False,True
b015125,0.0,False,True
b015126,0.0,False,True
b015127,0.0,False,True
b015128,0.0,False,True
b015129,0.0,False,True
b015130,0.0,False,True
b015131,0.0,False,True
b015132,0.0,False,True
b015133,0.0,False,True
b015134,0.0,False,True
b015135,0.0,False,True
b015136,0.0,False,True
b015137,0.0,False,True
b015138,0.0,False,True
b015139,0.0,False,True
b015140,0.0,False,True
b015141,0.0,False,True
b015142,0.0,False,True
b015143,0.0,False,True
b015144,0.0,False,True
b015145,0.0,False,True
b015146,0.0,False,True
b015147,0.0,False,True
b015148,0.0,False,True
b015149,0.0,False,True
b015150,0.0,False,True
b015151,0.0,False,True
b015152,0.0,False,True
b015153,0.0,False,True
b015154,0.0,False,True
b015155,0.0,False,True
b015156,0.0,False,True
b015157,0.0,False,True
b015158,0.0,False,True
b015159,0.20472079515457153,True,True
b015160,0.0,False,True
b015161,0.0,False,True
b015162,0.0,False,True
b015163,0.0,False,True
b015164,0.0,False,True
b015165,0.0,False,True
b015166,0.0,False,True
b015167,0.0,False,True
b015168,0.0,False,True
b015169,0.0,False,True
b015170,0.0,False,True
b015171,0.0,False,True
b015172,0.0,False,True
b015173,0.0,False,True
b015174,0.0,False,True
b015175,0.0,False,True
b015176,0.0,False,True
b015177,0.0,False,True
b015178,0.0,False,True
b015179,0.0,False,True
b015180,0.0,False,True
b015181,0.0,False,True
b015182,0.0,False,True
b015183,0.0,False,True
b015184,0.0,False,True
b015185,0.0,False,True
b015186,0.0,False,True
b015187,0.0,False,True
b015188,0.0,False,True
b015189,0.0,False,True
b015190,0.0,False,True
b015191,0.0,False,True
b015192,0.0,False,True
b015193,0.0,False,True
b015194,0.0,False,True
b015195,0.0,False,True
b015196,0.0,False,True
b015197,0.0,False,True
b015198,0.0,False,True
b015199,0.0,False,True
b015200,0.0,False,True
b015201,0.0,False,True
b015202,0.0,False,True
b015203,0.0,False,True
b015204,0.0,False,True
b015205,0.0,False,True
b015206,0.0,False,True
b015207,0.0,False,True
b015208,0.0,False,True
b015209,0.0,False,True
b015210,0.0,False,True
b015211,0.0,False,True
b015212,0.0,False,True
b015213,0.0,False,True
b015214,0.0,False,True
b015215,0.5071154832839966,True,True
b015216,0.0,False,True
b015217,0.0,False,True
b015218,0.0,False,True
b015219,0.0,False,True
b015220,0.0,False,True
b015221,0.0,False,True
b015222,0.0,False,True
b015223,0.0,False,True
b015224,0.0,False,True
b015225,0.0,False,True
b015226,0.0,False,True
b015227,0.0,False,True
b015228,0.0,False,True
b015229,0.0,False,True
b015230,0.0,False,True
b015231,0.0,False,True
b015232,0.0,False,True
b015233,0.0,False,True
b015234,0.0,False,True
b015235,0.0,False,True
b015236,0.0,False,True
b015237,0.0,False,True
b015238,0.0,False,True
b015239,0.0,False,True
b015240,0.0,False,True
b015241,0.0,False,True
b015242,0.0,False,True
b015243,0.11610585451126099,True,True
b015244,0.0,False,True
b015245,0.0,False,True
b015246,0.0,False,True
b015247,0.0,False,True
b015248,0.0,False,True
b015249,0.0,False,True
b015250,0.0,False,True
b015251,0.0,False,True
b015252,0.0,False,True
b015253,0.0,False,True
b015254,0.0,False,True
b015255,0.0,False,True
b015256,0.0,False,True
b015257,0.0,False,True
b015258,0.0,False,True
b015259,0.0,False,True
b015260,0.0,False,True
b015261,0.0,False,True
b015262,0.0,False,True
b015263,0.0,False,True
b015264,0.0,False,True
b015265,0.0,False,True
b015266,0.0,False,True
b015267,0.0,False,True
b015268,0.0,False,True
b015269,0.0,False,True
b015270,0.0,False,True
b015271,0.0,False,True
b015272,0.0,False,True
b015273,0.0,False,True
b015274,0.0,False,True
b015275,0.0,False,True
b015276,0.0,False,True
b015277,0.0,False,True
b015278,0.0,False,True
b015279,0.0,False,True
b015280,0.0,False,True
b015281,0.0,False,True
b015282,0.0,False,True
b015283,0.0,False,True
b015284,0.0,False,True
b015285,0.0,False,True
b015286,0.0,False,True
b015287,0.0,False,True
b015288,0.0,False,True
b015289,0.0,False,True
b015290,0.0,False,True
b015291,0.0,False,True
b015292,0.0,False,True
b015293,0.0,False,True
b015294,0.0,False,True
b015295,0.0,False,True
b015296,0.0,False,True
b015297,0.0,False,True
b015298,0.0,False,True
b015299,0.0,False,True
b015300,0.0,False,True
b015301,0.0,False,True
b015302,0.0,False,True
b015303,0.0,False,True
b015304,0.0,False,True
b015305,0.0,False,True
b015306,0.0,False,True
b015307,0.0,False,True
b015308,0.0,False,True
b015309,0.0,False,True
b015310,0.0,False,True
b015311,0.0,False,True
b015312,0.0,False,True
b015313,0.0,False,True
b015314,0.18246015906333923,True,True
b015315,0.0,False,True
b015316,0.0,False,True
b015317,0.0,False,True
b015318,0.0,False,True
b015319,0.0,False,True
b015320,0.0,False,True
b015321,0.0,False,True
b015322,0.0,False,True
b015323,0.0,False,True
b015324,0.13932448625564575,True,True
b015325,0.0,False,True
b015326,0.0,False,True
b015327,0.0,False,True
b015328,0.0,False,True
b015329,0.0,False,True
b015330,0.0,False,True
b015331,0.0,False,True
b015332,0.0,False,True
b015333,0.0,False,True
b015334,0.0,False,True
b015335,0.0,False,True
b015336,0.0,False,True
b015337,0.0,False,True
b015338,0.0,False,True
b015339,0.0,False,True
b015340,0.0,False,True
b015341,0.0,False,True
b015342,0.0,False,True
b015343,0.0,False,True
b015344,0.0,False,True
b015345,0.0,False,True
b015346,0.0,False,True
b015347,0.0,False,True
b015348,0.0,False,True
b015349,0.0,False,True
b015350,0.0,False,True
b015351,0.0,False,True
b015352,0.0,False,True
b015353,0.581488311290741,True,True
b015354,0.0,False,True
b015355,0.0,False,True
b015356,0.0,False,True
b015357,0.0,False,True
b015358,0.0,False,True
b015359,0.3729808032512665,True,True
b015360,0.0,False,True
b015361,0.0,False,True
b015362,0.0,False,True
b015363,0.0,False,True
b015364,0.0,False,True
b015365,0.0,False,True
b015366,0.0,False,True
b015367,0.0,False,True
b015368,0.0,False,True
b015369,0.0,False,True
b015370,0.0,False,True
b015371,0.0,False,True
b015372,0.0,False,True
b015373,0.0,False,True
b015374,0.0,False,True
b015375,0.0,False,True
b015376,0.6332045197486877,True,True
b015377,0.0,False,True
b015378,0.0,False,True
b015379,0.0,False,True
b015380,0.0,False,True
b015381,0.0,False,True
b015382,0.0,False,True
b015383,0.0,False,True
b015384,0.0,False,True
b015385,0.0,False,True
b015386,0.0,False,True
b015387,0.0,False,True
b015388,0.0,False,True
b015389,0.0,False,True
b015390,0.0,False,True
b015391,0.0,False,True
b015392,0.0,False,True
b015393,0.0,False,True
b015394,0.0,False,True
b015395,0.0,False,True
b015396,0.0,False,True
b015397,0.0,False,True
b015398,0.0,False,True
b015399,0.0,False,True
b015400,0.0,False,True
b015401,0.0,False,True
b015402,0.0,False,True
b015403,0.0,False,True
b015404,0.0,False,True
b015405,0.0,False,True
b015406,0.0,False,True
b015407,0.0,False,True
b015408,0.0,False,True
b015409,0.0,False,True
b015410,0.0,False,True
b015411,0.0,False,True
b015412,0.0,False,True
b015413,0.0,False,True
b015414,0.0,False,True
b015415,0.0,False,True
b015416,0.0,False,True
b015417,0.0,False,True
b015418,0.0,False,True
b015419,0.0,False,True
b015420,0.0,False,True
b015421,0.0,False,True
b015422,0.0,False,True
b015423,0.0,False,True
b015424,0.0,False,True
b015425,0.0,False,True
b015426,0.0,False,True
b015427,0.0,False,True
b015428,0.0,False,True
b015429,0.0,False,True
b015430,0.0,False,True
b015431,0.0,False,True
b015432,0.0,False,True
b015433,0.0,False,True
b015434,0.0,False,True
b015435,0.0,False,True
b015436,0.0,False,True
b015437,0.0,False,True
b015438,0.0,False,True
b015439,0.0,False,True
b015440,0.0,False,True
b015441,0.0,False,True
b015442,0.0,False,True
b015443,0.0,False,True
b015444,0.0,False,True
b015445,0.0,False,True
b015446,0.0,False,True
b015447,0.0,False,True
b015448,0.0,False,True
b015449,0.0,False,True
b015450,0.0,False,True
b015451,0.0,False,True
b015452,0.0,False,True
b015453,0.0,False,True
b015454,0.0,False,True
b015455,0.0,False,True
b015456,0.0,False,True
b015457,0.0,False,True
b015458,0.0,False,True
b015459,0.0,False,True
b015460,0.0,False,True
b015461,0.0,False,True
b015462,0.0,False,True
b015463,0.0,False,True
b015464,0.0,False,True
b015465,0.0,False,True
b015466,0.0,False,True
b015467,0.0,False,True
b015468,0.0,False,True
b015469,0.0,False,True
b015470,0.0,False,True
b015471,0.0,False,True
b015472,0.0,False,True
b015473,0.0,False,True
b015474,0.0,False,True
b015475,0.4910958707332611,True,True
b015476,0.0,False,True
b015477,0.0,False,True
b015478,0.0,False,True
b015479,0.0,False,True
b015480,0.0,False,True
b015481,0.0,False,True
b015482,0.0,False,True
b015483,0.0,False,True
b015484,0.0,False,True
b015485,0.0,False,True
b015486,0.0,False,True
b015487,0.0,False,True
b015488,0.0,False,True
b015489,0.0,False,True
b015490,0.0,False,True
b015491,0.0,False,True
b015492,0.0,False,True
b015493,0.0,False,True
b015494,0.0,False,True
b015495,0.0,False,True
b015496,0.0,False,True
b015497,0.0,False,True
b015498,0.0,False,True
b015499,0.0,False,True
b015500,0.0,False,True
b015501,0.0,False,True
b015502,0.0,False,True
b015503,0.0,False,True
b015504,0.0,False,True
b015505,0.0,False,True
b015506,0.0,False,True
b015507,0.0,False,True
b015508,0.0,False,True
b015509,0.0,False,True
b015510,0.0,False,True
b015511,0.0,False,True
b015512,0.0,False,True
b015513,0.0,False,True
b015514,0.0,False,True
b015515,0.0,False,True
b015516,0.0,False,True
b015517,0.0,False,True
b015518,0.0,False,True
b015519,0.0,False,True
b015520,0.0,False,True
b015521,0.0,False,True
b015522,0.0,False,True
b015523,0.0,False,True
b015524,0.0,False,True
b015525,0.0,False,True
b015526,0.0,False,True
b015527,0.0,False,True
b015528,0.0,False,True
b015529,0.0,False,True
b015530,0.0,False,True
b015531,0.11498545110225677,True,True
b015532,0.0,False,True
b015533,0.0,False,True
b015534,0.0,False,True
b015535,0.0,False,True
b015536,0.0,False,True
b015537,0.0,False,True
b015538,0.0,False,True
b015539,0.0,False,True
b015540,0.0,False,True
b015541,0.0,False,True
b015542,0.0,False,True
b015543,0.0,False,True
b015544,0.0,False,True
b015545,0.0,False,True
b015546,0.6467491388320923,True,True
b015547,0.0,False,True
b015548,0.0,False,True
b015549,0.0,False,True
b015550,0.0,False,True
b015551,0.0,False,True
b015552,0.0,False,True
b015553,0.0,False,True
b015554,0.0,False,True
b015555,0.0,False,True
b015556,0.0,False,True
b015557,0.0,False,True
b015558,0.0,False,True
b015559,0.0,False,True
b015560,0.0,False,True
b015561,0.0,False,True
b015562,0.0,False,True
b015563,0.0,False,True
b015564,0.0,False,True
b015565,0.0,False,True
b015566,0.0,False,True
b015567,0.0,False,True
b015568,0.0,False,True
b015569,0.0,False,True
b015570,0.0,False,True
b015571,0.0,False,True
b015572,0.0,False,True
b015573,0.0,False,True
b015574,0.0,False,True
b015575,0.0,False,True
b015576,0.0,False,True
b015577,0.0,False,True
b015578,0.0,False,True
b015579,0.0,False,True
b015580,0.0,False,True
b015581,0.0,False,True
b015582,0.0,False,True
b015583,0.0,False,True
b015584,0.0,False,True
b015585,0.0,False,True
b015586,0.0,False,True
b015587,0.0,False,True
b015588,0.0,False,True
b015589,0.0,False,True
b015590,0.0,False,True
b015591,0.0,False,True
b015592,0.0,False,True
b015593,0.0,False,True
b015594,0.0,False,True
b015595,0.0,False,True
b015596,0.0,False,True
b015597,0.0,False,True
b015598,0.0,False,True
b015599,0.0,False,True
b015600,0.0,False,True
b015601,0.0,False,True
b015602,0.0,False,True
b015603,0.0,False,True
b015604,0.0,False,True
b015605,0.0,False,True
b015606,0.0,False,True
b015607,0.0,False,True
b015608,0.810187041759491,True,True
b015609,0.0,False,True
b015610,0.0,False,True
b015611,0.0,False,True
b015612,0.0,False,True
b015613,0.0,False,True
b015614,0.0,False,True
b015615,0.0,False,True
b015616,0.0,False,True
b015617,0.0,False,True
b015618,0.0,False,True
b015619,0.20833083987236023,True,True
b015620,0.0,False,True
b015621,0.0,False,True
b015622,0.0,False,True
b015623,0.0,False,True
b015624,0.0,False,True
b015625,0.0,False,True
b015626,0.0,False,True
b015627,0.0,False,True
b015628,0.0,False,True
b015629,0.0,False,True
b015630,0.0,False,True
b015631,0.0,False,True
b015632,0.0,False,True
b015633,0.0,False,True
b015634,0.0,False,True
b015635,0.0,False,True
b015636,0.0,False,True
b015637,0.0,False,True
b015638,0.0,False,True
b015639,0.0,False,True
b015640,0.0,False,True
b015641,0.0,False,True
b015642,0.0,False,True
b015643,0.0,False,True
b015644,0.0,False,True
b015645,0.0,False,True
b015646,0.0,False,True
b015647,0.0,False,True
b015648,0.0,False,True
b015649,0.0,False,True
b015650,0.0,False,True
b015651,0.0,False,True
b015652,0.0,False,True
b015653,0.0,False,True
b015654,0.0,False,True
b015655,0.0,False,True
b015656,0.0,False,True
b015657,0.0,False,True
b015658,0.0,False,True
b015659,0.0,False,True
b015660,0.0,False,True
b015661,0.0,False,True
b015662,0.0,False,True
b015663,0.0,False,True
b015664,0.0,False,True
b015665,0.0,False,True
b015666,0.0,False,True
b015667,0.0,False,True
b015668,0.0,False,True
b015669,0.0,False,True
b015670,0.0,False,True
b015671,0.0,False,True
b015672,0.0,False,True
b015673,0.0,False,True
b015674,0.0,False,True
b015675,0.0,False,True
b015676,0.0,False,True
b015677,0.0,False,True
b015678,0.0,False,True
b015679,0.0,False,True
b015680,0.0,False,True
b015681,0.0,False,True
b015682,0.0,False,True
b015683,0.0,False,True
b015684,0.0,False,True
b015685,0.0,False,True
b015686,0.0,False,True
b015687,0.0,False,True
b015688,0.0,False,True
b015689,0.0,False,True
b015690,0.0,False,True
b015691,0.0,False,True
b015692,0.0,False,True
b015693,0.0,False,True
b015694,0.0,False,True
b015695,0.0,False,True
b015696,0.0,False,True
b015697,0.0,False,True
b015698,0.0,False,True
b015699,0.0,False,True
b015700,0.0,False,True
b015701,0.0,False,True
b015702,0.0,False,True
b015703,0.0,False,True
b015704,0.0,False,True
b015705,0.0,False,True
b015706,0.0,False,True
b015707,0.0,False,True
b015708,0.0,False,True
b015709,0.0,False,True
b015710,0.0,False,True
b015711,0.0,False,True
b015712,0.0,False,True
b015713,0.0,False,True
b015714,0.0,False,True
b015715,0.0,False,True
b015716,0.0,False,True
b015717,0.0,False,True
b015718,0.0,False,True
b015719,0.0,False,True
b015720,0.0,False,True
b015721,0.0,False,True
b015722,0.0,False,True
b015723,0.0,False,True
b015724,0.0,False,True
b015725,0.0,False,True
b015726,0.0,False,True
b015727,0.0,False,True
b015728,0.0,False,True
b015729,0.0,False,True
b015730,0.0,False,True
b015731,0.0,False,True
b015732,0.0,False,True
b015733,0.0,False,True
b015734,0.0,False,True
b015735,0.0,False,True
b015736,0.0,False,True
b015737,0.0,False,True
b015738,0.0,False,True
b015739,0.0,False,True
b015740,0.0,False,True
b015741,0.0,False,True
b015742,0.0,False,True
b015743,0.0,False,True
b015744,0.0,False,True
b015745,0.0,False,True
b015746,0.0,False,True
b015747,0.0,False,True
b015748,0.0,False,True
b015749,0.0,False,True
b015750,0.0,False,True
b015751,0.0,False,True
b015752,0.0,False,True
b015753,0.0,False,True
b015754,0.0,False,True
b015755,0.0,False,True
b015756,0.0,False,True
b015757,0.0,False,True
b015758,0.0,False,True
b015759,0.0,False,True
b015760,0.0,False,True
b015761,0.0,False,True
b015762,0.0,False,True
b015763,0.0,False,True
b015764,0.0,False,True
b015765,0.0,False,True
b015766,0.0,False,True
b015767,0.0,False,True
b015768,0.0,False,True
b015769,0.0,False,True
b015770,0.0,False,True
b015771,0.0,False,True
b015772,0.0,False,True
b015773,0.0,False,True
b015774,0.0,False,True
b015775,0.0,False,True
b015776,0.0,False,True
b015777,0.0,False,True
b015778,0.0,False,True
b015779,0.0,False,True
b015780,0.14204023778438568,True,True
b015781,0.0,False,True
b015782,0.0,False,True
b015783,0.0,False,True
b015784,0.0,False,True
b015785,0.0,False,True
b015786,0.0,False,True
b015787,0.0,False,True
b015788,0.0,False,True
b015789,0.0,False,True
b015790,0.0,False,True
b015791,0.0,False,True
b015792,0.0,False,True
b015793,0.0,False,True
b015794,0.0,False,True
b015795,0.0,False,True
b015796,0.0,False,True
b015797,0.0,False,True
b015798,0.0,False,True
b015799,0.0,False,True
b015800,0.0,False,True
b015801,0.0,False,True
b015802,0.0,False,True
b015803,0.0,False,True
b015804,0.0,False,True
b015805,0.0,False,True
b015806,0.0,False,True
b015807,0.0,False,True
b015808,0.0,False,True
b015809,0.0,False,True
b015810,0.0,False,True
b015811,0.0,False,True
b015812,0.0,False,True
b015813,0.0,False,True
b015814,0.0,False,True
b015815,0.0,False,True
b015816,0.0,False,True
b015817,0.0,False,True
b015818,0.0,False,True
b015819,0.0,False,True
b015820,0.0,False,True
b015821,0.0,False,True
b015822,0.0,False,True
b015823,0.0,False,True
b015824,0.0,False,True
b015825,0.0,False,True
b015826,0.0,False,True
b015827,0.0,False,True
b015828,0.0,False,True
b015829,0.0,False,True
b015830,0.0,False,True
b015831,0.0,False,True
b015832,0.0,False,True
b015833,0.0,False,True
b015834,0.0,False,True
b015835,0.0,False,True
b015836,0.0,False,True
b015837,0.0,False,True
b015838,0.0,False,True
b015839,0.0,False,True
b015840,0.0,False,True
b015841,0.0,False,True
b015842,0.0,False,True
b015843,0.0,False,True
b015844,0.0,False,True
b015845,0.0,False,True
b015846,0.0,False,True
b015847,0.0,False,True
b015848,0.0,False,True
b015849,0.0,False,True
b015850,0.0,False,True
b015851,0.0,False,True
b015852,0.0,False,True
b015853,0.11945513635873795,True,True
b015854,0.0,False,True
b015855,0.0,False,True
b015856,0.0,False,True
b015857,0.0,False,True
b015858,0.0,False,True
b015859,0.0,False,True
b015860,0.0,False,True
b015861,0.0,False,True
b015862,0.0,False,True
b015863,0.0,False,True
b015864,0.0,False,True
b015865,0.0,False,True
b015866,0.0,False,True
b015867,0.0,False,True
b015868,0.0,False,True
b015869,0.0,False,True
b015870,0.0,False,True
b015871,0.0,False,True
b015872,0.0,False,True
b015873,0.0,False,True
b015874,0.0,False,True
b015875,0.0,False,True
b015876,0.0,False,True
b015877,0.0,False,True
b015878,0.0,False,True
b015879,0.0,False,True
b015880,0.0,False,True
b015881,0.0,False,True
b015882,0.0,False,True
b015883,0.24346596002578735,True,True
b015884,0.0,False,True
b015885,0.0,False,True
b015886,0.0,False,True
b015887,0.0,False,True
b015888,0.0,False,True
b015889,0.0,False,True
b015890,0.0,False,True
b015891,0.0,False,True
b015892,0.0,False,True
b015893,0.0,False,True
b015894,0.0,False,True
b015895,0.0,False,True
b015896,0.0,False,True
b015897,0.0,False,True
b015898,0.5824873447418213,True,True
b015899,0.0,False,True
b015900,0.0,False,True
b015901,0.0,False,True
b015902,0.0,False,True
b015903,0.0,False,True
b015904,0.0,False,True
b015905,0.0,False,True
b015906,0.0,False,True
b015907,0.30306342244148254,True,True
b015908,0.0,False,True
b015909,0.0,False,True
b015910,0.0,False,True
b015911,0.0,False,True
b015912,0.0,False,True
b015913,0.0,False,True
b015914,0.0,False,True
b015915,0.0,False,True
b015916,0.0,False,True
b015917,0.0,False,True
b015918,0.0,False,True
b015919,0.0,False,True
b015920,0.0,False,True
b015921,0.0,False,True
b015922,0.0,False,True
b015923,0.0,False,True
b015924,0.0,False,True
b015925,0.0,False,True
b015926,0.0,False,True
b015927,0.0,False,True
b015928,0.0,False,True
b015929,0.0,False,True
b015930,0.14494866132736206,True,True
b015931,0.0,False,True
b015932,0.0,False,True
b015933,0.0,False,True
b015934,0.0,False,True
b015935,0.0,False,True
b015936,0.0,False,True
b015937,0.0,False,True
b015938,0.0,False,True
b015939,0.0,False,True
b015940,0.0,False,True
b015941,0.2769741415977478,True,True
b015942,0.0,False,True
b015943,0.0,False,True
b015944,0.0,False,True
b015945,0.0,False,True
b015946,0.0,False,True
b015947,0.0,False,True
b015948,0.0,False,True
b015949,0.0,False,True
b015950,0.0,False,True
b015951,0.0,False,True
b015952,0.0,False,True
b015953,0.0,False,True
b015954,0.0,False,True
b015955,0.0,False,True
b015956,0.0,False,True
b015957,0.0,False,True
b015958,0.0,False,True
b015959,0.0,False,True
b015960,0.0,False,True
b015961,0.0,False,True
b015962,0.0,False,True
b015963,0.0,False,True
b015964,0.0,False,True
b015965,0.0,False,True
b015966,0.0,False,True
b015967,0.0,False,True
b015968,0.0,False,True
b015969,0.0,False,True
b015970,0.0,False,True
b015971,0.0,False,True
b015972,0.0,False,True
b015973,0.0,False,True
b015974,0.0,False,True
b015975,0.0,False,True
b015976,0.26709672808647156,True,True
b015977,0.0,False,True
b015978,0.0,False,True
b015979,0.0,False,True
b015980,0.0,False,True
b015981,0.0,False,True
b015982,0.0,False,True
b015983,0.7404897809028625,True,True
b015984,0.0,False,True
b015985,0.0,False,True
b015986,0.0,False,True
b015987,0.0,False,True
b015988,0.0,False,True
b015989,0.0,False,True
b015990,0.0,False,True
b015991,0.0,False,True
b015992,0.0,False,True
b015993,0.0,False,True
b015994,0.0,False,True
b015995,0.0,False,True
b015996,0.0,False,True
b015997,0.0,False,True
b015998,0.0,False,True
b015999,0.0,False,True
b016000,0.0,False,True
b016001,0.0,False,True
b016002,0.0,False,True
b016003,0.0,False,True
b016004,0.0,False,True
b016005,0.0,False,True
b016006,0.0,False,True
b016007,0.0,False,True
b016008,0.0,False,True
b016009,0.0,False,True
b016010,0.0,False,True
b016011,0.0,False,True
b016012,0.0,False,True
b016013,0.0,False,True
b016014,0.0,False,True
b016015,0.0,False,True
b016016,0.0,False,True
b016017,0.0,False,True
b016018,0.0,False,True
b016019,0.0,False,True
b016020,0.0,False,True
b016021,0.0,False,True
b016022,0.0,False,True
b016023,0.0,False,True
b016024,0.0,False,True
b016025,0.0,False,True
b016026,0.0,False,True
b016027,0.0,False,True
b016028,0.0,False,True
b016029,0.0,False,True
b016030,0.0,False,True
b016031,0.0,False,True
b016032,0.0,False,True
b016033,0.0,False,True
b016034,0.0,False,True
b016035,0.0,False,True
b016036,0.0,False,True
b016037,0.0,False,True
b016038,0.0,False,True
b016039,0.0,False,True
b016040,0.0,False,True
b016041,0.0,False,True
b016042,0.0,False,True
b016043,0.0,False,True
b016044,0.0,False,True
b016045,0.11263205111026764,True,True
b016046,0.0,False,True
b016047,0.0,False,True
b016048,0.0,False,True
b016049,0.0,False,True
b016050,0.0,False,True
b016051,0.0,False,True
b016052,0.0,False,True
b016053,0.0,False,True
b016054,0.0,False,True
b016055,0.0,False,True
b016056,0.0,False,True
b016057,0.0,False,True
b016058,0.0,False,True
b016059,0.0,False,True
b016060,0.0,False,True
b016061,0.0,False,True
b016062,0.0,False,True
b016063,0.0,False,True
b016064,0.0,False,True
b016065,0.0,False,True
b016066,0.0,False,True
b016067,0.0,False,True
b016068,0.0,False,True
b016069,0.0,False,True
b016070,0.0,False,True
b016071,0.0,False,True
b016072,0.0,False,True
b016073,0.0,False,True
b016074,0.0,False,True
b016075,0.0,False,True
b016076,0.0,False,True
b016077,0.0,False,True
b016078,0.0,False,True
b016079,0.0,False,True
b016080,0.0,False,True
b016081,0.0,False,True
b016082,0.0,False,True
b016083,0.0,False,True
b016084,0.0,False,True
b016085,0.2985140383243561,True,True
b016086,0.0,False,True
b016087,0.1265830248594284,True,True
b016088,0.0,False,True
b016089,0.0,False,True
b016090,0.0,False,True
b016091,0.0,False,True
b016092,0.0,False,True
b016093,0.0,False,True
b016094,0.0,False,True
b016095,0.0,False,True
b016096,0.0,False,True
b016097,0.0,False,True
b016098,0.0,False,True
b016099,0.0,False,True
b016100,0.0,False,True
b016101,0.0,False,True
b016102,0.0,False,True
b016103,0.0,False,True
b016104,0.0,False,True
b016105,0.0,False,True
b016106,0.0,False,True
b016107,0.0,False,True
b016108,0.0,False,True
b016109,0.0,False,True
b016110,0.0,False,True
b016111,0.0,False,True
b016112,0.0,False,True
b016113,0.0,False,True
b016114,0.0,False,True
b016115,0.0,False,True
b016116,0.0,False,True
b016117,0.0,False,True
b016118,0.0,False,True
b016119,0.0,False,True
b016120,0.0,False,True
b016121,0.0,False,True
b016122,0.0,False,True
b016123,0.0,False,True
b016124,0.0,False,True
b016125,0.0,False,True
b016126,0.0,False,True
b016127,0.0,False,True
b016128,0.0,False,True
b016129,0.0,False,True
b016130,0.0,False,True
b016131,0.0,False,True
b016132,0.0,False,True
b016133,0.0,False,True
b016134,0.0,False,True
b016135,0.0,False,True
b016136,0.0,False,True
b016137,0.0,False,True
b016138,0.0,False,True
b016139,0.12402267754077911,True,True
b016140,0.0,False,True
b016141,0.13199205696582794,True,True
b016142,0.0,False,True
b016143,0.0,False,True
b016144,0.0,False,True
b016145,0.0,False,True
b016146,0.0,False,True
b016147,0.0,False,True
b016148,0.0,False,True
b016149,0.0,False,True
b016150,0.0,False,True
b016151,0.0,False,True
b016152,0.0,False,True
b016153,0.0,False,True
b016154,0.0,False,True
b016155,0.0,False,True
b016156,0.0,False,True
b016157,0.0,False,True
b016158,0.0,False,True
b016159,0.0,False,True
b016160,0.0,False,True
b016161,0.0,False,True
b016162,0.0,False,True
b016163,0.0,False,True
b016164,0.0,False,True
b016165,0.0,False,True
b016166,0.0,False,True
b016167,0.0,False,True
b016168,0.0,False,True
b016169,0.0,False,True
b016170,0.1984967589378357,True,True
b016171,0.0,False,True
b016172,0.0,False,True
b016173,0.0,False,True
b016174,0.0,False,True
b016175,0.0,False,True
b016176,0.0,False,True
b016177,0.0,False,True
b016178,0.0,False,True
b016179,0.0,False,True
b016180,0.0,False,True
b016181,0.0,False,True
b016182,0.656652569770813,True,True
b016183,0.0,False,True
b016184,0.0,False,True
b016185,0.0,False,True
b016186,0.0,False,True
b016187,0.0,False,True
b016188,0.0,False,True
b016189,0.0,False,True
b016190,0.0,False,True
b016191,0.0,False,True
b016192,0.0,False,True
b016193,0.0,False,True
b016194,0.0,False,True
b016195,0.0,False,True
b016196,0.0,False,True
b016197,0.0,False,True
b016198,0.0,False,True
b016199,0.0,False,True
b016200,0.0,False,True
b016201,0.17330481112003326,True,True
b016202,0.0,False,True
b016203,0.0,False,True
b016204,0.0,False,True
b016205,0.0,False,True
b016206,0.20755936205387115,True,True
b016207,0.0,False,True
b016208,0.0,False,True
b016209,0.0,False,True
b016210,0.0,False,True
b016211,0.0,False,True
b016212,0.0,False,True
b016213,0.0,False,True
b016214,0.0,False,True
b016215,0.0,False,True
b016216,0.0,False,True
b016217,0.0,False,True
b016218,0.0,False,True
b016219,0.0,False,True
b016220,0.0,False,True
b016221,0.0,False,True
b016222,0.0,False,True
b016223,0.0,False,True
b016224,0.0,False,True
b016225,0.0,False,True
b016226,0.0,False,True
b016227,0.0,False,True
b016228,0.0,False,True
b016229,0.0,False,True
b016230,0.0,False,True
b016231,0.0,False,True
b016232,0.0,False,True
b016233,0.0,False,True
b016234,0.0,False,True
b016235,0.0,False,True
b016236,0.0,False,True
b016237,0.0,False,True
b016238,0.0,False,True
b016239,0.0,False,True
b016240,0.0,False,True
b016241,0.0,False,True
b016242,0.0,False,True
b016243,0.0,False,True
b016244,0.0,False,True
b016245,0.0,False,True
b016246,0.0,False,True
b016247,0.0,False,True
b016248,0.0,False,True
b016249,0.0,False,True
b016250,0.1115034744143486,True,True
b016251,0.0,False,True
b016252,0.0,False,True
b016253,0.0,False,True
b016254,0.0,False,True
b016255,0.0,False,True
b016256,0.0,False,True
b016257,0.0,False,True
b016258,0.0,False,True
b016259,0.0,False,True
b016260,0.0,False,True
b016261,0.0,False,True
b016262,0.0,False,True
b016263,0.0,False,True
b016264,0.0,False,True
b016265,0.0,False,True
b016266,0.0,False,True
b016267,0.0,False,True
b016268,0.0,False,True
b016269,0.0,False,True
b016270,0.0,False,True
b016271,0.0,False,True
b016272,0.0,False,True
b016273,0.0,False,True
b016274,0.0,False,True
b016275,0.0,False,True
b016276,0.0,False,True
b016277,0.0,False,True
b016278,0.0,False,True
b016279,0.0,False,True
b016280,0.0,False,True
b016281,0.0,False,True
b016282,0.0,False,True
b016283,0.3030566871166229,True,True
b016284,0.0,False,True
b016285,0.0,False,True
b016286,0.0,False,True
b016287,0.0,False,True
b016288,0.0,False,True
b016289,0.0,False,True
b016290,0.0,False,True
b016291,0.0,False,True
b016292,0.0,False,True
b016293,0.0,False,True
b016294,0.0,False,True
b016295,0.0,False,True
b016296,0.0,False,True
b016297,0.0,False,True
b016298,0.0,False,True
b016299,0.0,False,True
b016300,0.0,False,True
b016301,0.0,False,True
b016302,0.0,False,True
b016303,0.0,False,True
b016304,0.0,False,True
b016305,0.0,False,True
b016306,0.0,False,True
b016307,0.0,False,True
b016308,0.0,False,True
b016309,0.0,False,True
b016310,0.0,False,True
b016311,0.0,False,True
b016312,0.0,False,True
b016313,0.0,False,True
b016314,0.0,False,True
b016315,0.0,False,True
b016316,0.0,False,True
b016317,0.0,False,True
b016318,0.0,False,True
b016319,0.0,False,True
b016320,0.0,False,True
b016321,0.0,False,True
b016322,0.0,False,True
b016323,0.0,False,True
b016324,0.0,False,True
b016325,0.0,False,True
b016326,0.0,False,True
b016327,0.0,False,True
b016328,0.0,False,True
b016329,0.0,False,True
b016330,0.0,False,True
b016331,0.0,False,True
b016332,0.5906133055686951,True,True
b016333,0.0,False,True
b016334,0.0,False,True
b016335,0.0,False,True
b016336,0.0,False,True
b016337,0.0,False,True
b016338,0.0,False,True
b016339,0.0,False,True
b016340,0.0,False,True
b016341,0.0,False,True
b016342,0.0,False,True
b016343,0.0,False,True
b016344,0.0,False,True
b016345,0.0,False,True
b016346,0.0,False,True
b016347,0.0,False,True
b016348,0.0,False,True
b016349,0.0,False,True
b016350,0.0,False,True
b016351,0.0,False,True
b016352,0.0,False,True
b016353,0.0,False,True
b016354,0.0,False,True
b016355,0.0,False,True
b016356,0.0,False,True
b016357,0.0,False,True
b016358,0.0,False,True
b016359,0.0,False,True
b016360,0.0,False,True
b016361,0.0,False,True
b016362,0.0,False,True
b016363,0.0,False,True
b016364,0.0,False,True
b016365,0.0,False,True
b016366,0.0,False,True
b016367,0.0,False,True
b016368,0.0,False,True
b016369,0.0,False,True
b016370,0.0,False,True
b016371,0.0,False,True
b016372,0.0,False,True
b016373,0.0,False,True
b016374,0.0,False,True
b016375,0.0,False,True
b016376,0.0,False,True
b016377,0.0,False,True
b016378,0.0,False,True
b016379,0.0,False,True
b016380,0.0,False,True
b016381,0.0,False,True
b016382,0.0,False,True
b016383,0.0,False,True
b016384,0.0,False,True
b016385,0.0,False,True
b016386,0.0,False,True
b016387,0.46864014863967896,True,True
b016388,0.0,False,True
b016389,0.0,False,True
b016390,0.0,False,True
b016391,0.0,False,True
b016392,0.0,False,True
b016393,0.0,False,True
b016394,0.0,False,True
b016395,0.0,False,True
b016396,0.0,False,True
b016397,0.0,False,True
b016398,0.0,False,True
b016399,0.0,False,True
b016400,0.0,False,True
b016401,0.0,False,True
b016402,0.0,False,True
b016403,0.0,False,True
b016404,0.0,False,True
b016405,0.0,False,True
b016406,0.0,False,True
b016407,0.0,False,True
b016408,0.0,False,True
b016409,0.0,False,True
b016410,0.0,False,True
b016411,0.0,False,True
b016412,0.0,False,True
b016413,0.0,False,True
b016414,0.0,False,True
b016415,0.0,False,True
b016416,0.0,False,True
b016417,0.0,False,True
b016418,0.0,False,True
b016419,0.0,False,True
b016420,0.0,False,True
b016421,0.0,False,True
b016422,0.0,False,True
b016423,0.0,False,True
b016424,0.0,False,True
b016425,0.0,False,True
b016426,0.0,False,True
b016427,0.0,False,True
b016428,0.0,False,True
b016429,0.0,False,True
b016430,0.0,False,True
b016431,0.0,False,True
b016432,0.0,False,True
b016433,0.0,False,True
b016434,0.0,False,True
b016435,0.0,False,True
b016436,0.0,False,True
b016437,0.27697300910949707,True,True
b016438,0.0,False,True
b016439,0.0,False,True
b016440,0.0,False,True
b016441,0.0,False,True
b016442,0.0,False,True
b016443,0.0,False,True
b016444,0.0,False,True
b016445,0.0,False,True
b016446,0.0,False,True
b016447,0.1093977689743042,True,True
b016448,0.0,False,True
b016449,0.0,False,True
b016450,0.0,False,True
b016451,0.0,False,True
b016452,0.0,False,True
b016453,0.0,False,True
b016454,0.0,False,True
b016455,0.0,False,True
b016456,0.0,False,True
b016457,0.0,False,True
b016458,0.0,False,True
b016459,0.0,False,True
b016460,0.0,False,True
b016461,0.0,False,True
b016462,0.0,False,True
b016463,0.0,False,True
b016464,0.0,False,True
b016465,0.0,False,True
b016466,0.0,False,True
b016467,0.0,False,True
b016468,0.0,False,True
b016469,0.0,False,True
b016470,0.0,False,True
b016471,0.0,False,True
b016472,0.0,False,True
b016473,0.0,False,True
b016474,0.0,False,True
b016475,0.0,False,True
b016476,0.0,False,True
b016477,0.0,False,True
b016478,0.0,False,True
b016479,0.0,False,True
b016480,0.0,False,True
b016481,0.0,False,True
b016482,0.0,False,True
b016483,0.0,False,True
b016484,0.0,False,True
b016485,0.0,False,True
b016486,0.0,False,True
b016487,0.0,False,True
b016488,0.0,False,True
b016489,0.0,False,True
b016490,0.0,False,True
b016491,0.0,False,True
b016492,0.0,False,True
b016493,0.0,False,True
b016494,0.0,False,True
b016495,0.0,False,True
b016496,0.0,False,True
b016497,0.0,False,True
b016498,0.0,False,True
b016499,0.0,False,True
b016500,0.0,False,True
b016501,0.0,False,True
b016502,0.0,False,True
b016503,0.0,False,True
b016504,0.0,False,True
b016505,0.0,False,True
b016506,0.0,False,True
b016507,0.0,False,True
b016508,0.0,False,True
b016509,0.0,False,True
b016510,0.0,False,True
b016511,0.0,False,True
b016512,0.0,False,True
b016513,0.1761588603258133,True,True
b016514,0.0,False,True
b016515,0.0,False,True
b016516,0.0,False,True
b016517,0.0,False,True
b016518,0.0,False,True
b016519,0.0,False,True
b016520,0.0,False,True
b016521,0.14249791204929352,True,True
b016522,0.0,False,True
b016523,0.11241677403450012,True,True
b016524,0.0,False,True
b016525,0.0,False,True
b016526,0.0,False,True
b016527,0.0,False,True
b016528,0.0,False,True
b016529,0.30394744873046875,True,True
b016530,0.0,False,True
b016531,0.0,False,True
b016532,0.0,False,True
b016533,0.0,False,True
b016534,0.0,False,True
b016535,0.0,False,True
b016536,0.7424465417861938,True,True
b016537,0.0,False,True
b016538,0.0,False,True
b016539,0.0,False,True
b016540,0.0,False,True
b016541,0.0,False,True
b016542,0.0,False,True
b016543,0.0,False,True
b016544,0.0,False,True
b016545,0.0,False,True
b016546,0.0,False,True
b016547,0.0,False,True
b016548,0.0,False,True
b016549,0.0,False,True
b016550,0.0,False,True
b016551,0.0,False,True
b016552,0.0,False,True
b016553,0.0,False,True
b016554,0.0,False,True
b016555,0.0,False,True
b016556,0.0,False,True
b016557,0.0,False,True
b016558,0.0,False,True
b016559,0.0,False,True
b016560,0.0,False,True
b016561,0.0,False,True
b016562,0.0,False,True
b016563,0.0,False,True
b016564,0.0,False,True
b016565,0.0,False,True
b016566,0.0,False,True
b016567,0.0,False,True
b016568,0.0,False,True
b016569,0.0,False,True
b016570,0.0,False,True
b016571,0.0,False,True
b016572,0.0,False,True
b016573,0.0,False,True
b016574,0.0,False,True
b016575,0.0,False,True
b016576,0.0,False,True
b016577,0.0,False,True
b016578,0.0,False,True
b016579,0.0,False,True
b016580,0.0,False,True
b016581,0.0,False,True
b016582,0.0,False,True
b016583,0.0,False,True
b016584,0.0,False,True
b016585,0.0,False,True
b016586,0.0,False,True
b016587,0.0,False,True
b016588,0.0,False,True
b016589,0.0,False,True
b016590,0.0,False,True
b016591,0.0,False,True
b016592,0.0,False,True
b016593,0.0,False,True
b016594,0.0,False,True
b016595,0.3794006109237671,True,True
b016596,0.0,False,True
b016597,0.0,False,True
b016598,0.0,False,True
b016599,0.0,False,True
b016600,0.0,False,True
b016601,0.49152860045433044,True,True
b016602,0.0,False,True
b016603,0.0,False,True
b016604,0.0,False,True
b016605,0.0,False,True
b016606,0.0,False,True
b016607,0.0,False,True
b016608,0.0,False,True
b016609,0.0,False,True
b016610,0.2014397531747818,True,True
b016611,0.0,False,True
b016612,0.0,False,True
b016613,0.0,False,True
b016614,0.0,False,True
b016615,0.0,False,True
b016616,0.0,False,True
b016617,0.0,False,True
b016618,0.0,False,True
b016619,0.0,False,True
b016620,0.0,False,True
b016621,0.0,False,True
b016622,0.0,False,True
b016623,0.0,False,True
b016624,0.0,False,True
b016625,0.0,False,True
b016626,0.0,False,True
b016627,0.0,False,True
b016628,0.0,False,True
b016629,0.0,False,True
b016630,0.0,False,True
b016631,0.0,False,True
b016632,0.0,False,True
b016633,0.0,False,True
b016634,0.0,False,True
b016635,0.0,False,True
b016636,0.0,False,True
b016637,0.0,False,True
b016638,0.0,False,True
b016639,0.0,False,True
b016640,0.0,False,True
b016641,0.0,False,True
b016642,0.0,False,True
b016643,0.0,False,True
b016644,0.0,False,True
b016645,0.0,False,True
b016646,0.0,False,True
b016647,0.0,False,True
b016648,0.0,False,True
b016649,0.0,False,True
b016650,0.0,False,True
b016651,0.0,False,True
b016652,0.0,False,True
b016653,0.0,False,True
b016654,0.0,False,True
b016655,0.0,False,True
b016656,0.0,False,True
b016657,0.0,False,True
b016658,0.0,False,True
b016659,0.0,False,True
b016660,0.11426763236522675,True,True
b016661,0.0,False,True
b016662,0.0,False,True
b016663,0.0,False,True
b016664,0.4796963930130005,True,True
b016665,0.0,False,True
b016666,0.0,False,True
b016667,0.0,False,True
b016668,0.0,False,True
b016669,0.0,False,True
b016670,0.0,False,True
b016671,0.0,False,True
b016672,0.16977320611476898,True,True
b016673,0.0,False,True
b016674,0.0,False,True
b016675,0.0,False,True
b016676,0.0,False,True
b016677,0.0,False,True
b016678,0.0,False,True
b016679,0.0,False,True
b016680,0.0,False,True
b016681,0.0,False,True
b016682,0.0,False,True
b016683,0.0,False,True
b016684,0.0,False,True
b016685,0.0,False,True
b016686,0.0,False,True
b016687,0.0,False,True
b016688,0.0,False,True
b016689,0.0,False,True
b016690,0.0,False,True
b016691,0.0,False,True
b016692,0.0,False,True
b016693,0.0,False,True
b016694,0.0,False,True
b016695,0.0,False,True
b016696,0.0,False,True
b016697,0.0,False,True
b016698,0.0,False,True
b016699,0.0,False,True
b016700,0.0,False,True
b016701,0.0,False,True
b016702,0.28612980246543884,True,True
b016703,0.0,False,True
b016704,0.0,False,True
b016705,0.0,False,True
b016706,0.0,False,True
b016707,0.0,False,True
b016708,0.0,False,True
b016709,0.0,False,True
b016710,0.0,False,True
b016711,0.0,False,True
b016712,0.0,False,True
b016713,0.0,False,True
b016714,0.0,False,True
b016715,0.0,False,True
b016716,0.0,False,True
b016717,0.0,False,True
b016718,0.0,False,True
b016719,0.0,False,True
b016720,0.0,False,True
b016721,0.0,False,True
b016722,0.0,False,True
b016723,0.0,False,True
b016724,0.0,False,True
b016725,0.0,False,True
b016726,0.0,False,True
b016727,0.0,False,True
b016728,0.0,False,True
b016729,0.0,False,True
b016730,0.0,False,True
b016731,0.0,False,True
b016732,0.0,False,True
b016733,0.0,False,True
b016734,0.0,False,True
b016735,0.0,False,True
b016736,0.0,False,True
b016737,0.0,False,True
b016738,0.0,False,True
b016739,0.0,False,True
b016740,0.0,False,True
b016741,0.0,False,True
b016742,0.0,False,True
b016743,0.0,False,True
b016744,0.0,False,True
b016745,0.0,False,True
b016746,0.0,False,True
b016747,0.0,False,True
b016748,0.0,False,True
b016749,0.10314980894327164,True,True
b016750,0.0,False,True
b016751,0.0,False,True
b016752,0.0,False,True
b016753,0.0,False,True
b016754,0.0,False,True
b016755,0.0,False,True
b016756,0.0,False,True
b016757,0.0,False,True
b016758,0.0,False,True
b016759,0.0,False,True
b016760,0.0,False,True
b016761,0.0,False,True
b016762,0.0,False,True
b016763,0.0,False,True
b016764,0.0,False,True
b016765,0.0,False,True
b016766,0.0,False,True
b016767,0.0,False,True
b016768,0.0,False,True
b016769,0.0,False,True
b016770,0.0,False,True
b016771,0.0,False,True
b016772,0.307083398103714,True,True
b016773,0.0,False,True
b016774,0.0,False,True
b016775,0.0,False,True
b016776,0.0,False,True
b016777,0.0,False,True
b016778,0.0,False,True
b016779,0.0,False,True
b016780,0.0,False,True
b016781,0.0,False,True
b016782,0.0,False,True
b016783,0.0,False,True
b016784,0.0,False,True
b016785,0.0,False,True
b016786,0.0,False,True
b016787,0.0,False,True
b016788,0.0,False,True
b016789,0.0,False,True
b016790,0.0,False,True
b016791,0.0,False,True
b016792,0.0,False,True
b016793,0.0,False,True
b016794,0.0,False,True
b016795,0.1410599946975708,True,True
b016796,0.0,False,True
b016797,0.0,False,True
b016798,0.0,False,True
b016799,0.0,False,True
b016800,0.0,False,True
b016801,0.0,False,True
b016802,0.0,False,True
b016803,0.0,False,True
b016804,0.0,False,True
b016805,0.0,False,True
b016806,0.0,False,True
b016807,0.0,False,True
b016808,0.0,False,True
b016809,0.0,False,True
b016810,0.0,False,True
b016811,0.0,False,True
b016812,0.0,False,True
b016813,0.0,False,True
b016814,0.0,False,True
b016815,0.0,False,True
b016816,0.0,False,True
b016817,0.0,False,True
b016818,0.0,False,True
b016819,0.0,False,True
b016820,0.0,False,True
b016821,0.0,False,True
b016822,0.0,False,True
b016823,0.0,False,True
b016824,0.0,False,True
b016825,0.0,False,True
b016826,0.0,False,True
b016827,0.0,False,True
b016828,0.0,False,True
b016829,0.0,False,True
b016830,0.0,False,True
b016831,0.0,False,True
b016832,0.0,False,True
b016833,0.0,False,True
b016834,0.0,False,True
b016835,0.0,False,True
b016836,0.0,False,True
b016837,0.0,False,True
b016838,0.0,False,True
b016839,0.0,False,True
b016840,0.0,False,True
b016841,0.0,False,True
b016842,0.0,False,True
b016843,0.6292695999145508,True,True
b016844,0.0,False,True
b016845,0.0,False,True
b016846,0.0,False,True
b016847,0.0,False,True
b016848,0.0,False,True
b016849,0.0,False,True
b016850,0.0,False,True
b016851,0.0,False,True
b016852,0.0,False,True
b016853,0.0,False,True
b016854,0.0,False,True
b016855,0.0,False,True
b016856,0.0,False,True
b016857,0.0,False,True
b016858,0.0,False,True
b016859,0.0,False,True
b016860,0.0,False,True
b016861,0.0,False,True
b016862,0.0,False,True
b016863,0.0,False,True
b016864,0.0,False,True
b016865,0.0,False,True
b016866,0.0,False,True
b016867,0.0,False,True
b016868,0.0,False,True
b016869,0.0,False,True
b016870,0.0,False,True
b016871,0.0,False,True
b016872,0.0,False,True
b016873,0.0,False,True
b016874,0.0,False,True
b016875,0.0,False,True
b016876,0.0,False,True
b016877,0.18554246425628662,True,True
b016878,0.0,False,True
b016879,0.0,False,True
b016880,0.0,False,True
b016881,0.0,False,True
b016882,0.0,False,True
b016883,0.0,False,True
b016884,0.0,False,True
b016885,0.0,False,True
b016886,0.0,False,True
b016887,0.0,False,True
b016888,0.0,False,True
b016889,0.0,False,True
b016890,0.0,False,True
b016891,0.0,False,True
b016892,0.0,False,True
b016893,0.0,False,True
b016894,0.0,False,True
b016895,0.0,False,True
b016896,0.0,False,True
b016897,0.0,False,True
b016898,0.0,False,True
b016899,0.0,False,True
b016900,0.0,False,True
b016901,0.0,False,True
b016902,0.0,False,True
b016903,0.0,False,True
b016904,0.0,False,True
b016905,0.0,False,True
b016906,0.0,False,True
b016907,0.0,False,True
b016908,0.0,False,True
b016909,0.0,False,True
b016910,0.0,False,True
b016911,0.0,False,True
b016912,0.0,False,True
b016913,0.0,False,True
b016914,0.0,False,True
b016915,0.0,False,True
b016916,0.0,False,True
b016917,0.0,False,True
b016918,0.7179433107376099,True,True
b016919,0.0,False,True
b016920,0.0,False,True
b016921,0.0,False,True
b016922,0.0,False,True
b016923,0.0,False,True
b016924,0.0,False,True
b016925,0.0,False,True
b016926,0.0,False,True
b016927,0.0,False,True
b016928,0.0,False,True
b016929,0.0,False,True
b016930,0.0,False,True
b016931,0.24094006419181824,True,True
b016932,0.0,False,True
b016933,0.0,False,True
b016934,0.0,False,True
b016935,0.0,False,True
b016936,0.0,False,True
b016937,0.0,False,True
b016938,0.0,False,True
b016939,0.0,False,True
b016940,0.0,False,True
b016941,0.0,False,True
b016942,0.0,False,True
b016943,0.0,False,True
b016944,0.0,False,True
b016945,0.3140275180339813,True,True
b016946,0.0,False,True
b016947,0.0,False,True
b016948,0.0,False,True
b016949,0.0,False,True
b016950,0.0,False,True
b016951,0.0,False,True
b016952,0.0,False,True
b016953,0.0,False,True
b016954,0.0,False,True
b016955,0.0,False,True
b016956,0.0,False,True
b016957,0.0,False,True
b016958,0.0,False,True
b016959,0.0,False,True
b016960,0.0,False,True
b016961,0.0,False,True
b016962,0.0,False,True
b016963,0.9260934591293335,True,True
b016964,0.0,False,True
b016965,0.16998684406280518,True,True
b016966,0.0,False,True
b016967,0.0,False,True
b016968,0.0,False,True
b016969,0.0,False,True
b016970,0.0,False,True
b016971,0.0,False,True
b016972,0.0,False,True
b016973,0.0,False,True
b016974,0.0,False,True
b016975,0.0,False,True
b016976,0.0,False,True
b016977,0.0,False,True
b016978,0.0,False,True
b016979,0.0,False,True
b016980,0.0,False,True
b016981,0.0,False,True
b016982,0.0,False,True
b016983,0.0,False,True
b016984,0.0,False,True
b016985,0.0,False,True
b016986,0.0,False,True
b016987,0.0,False,True
b016988,0.0,False,True
b016989,0.0,False,True
b016990,0.0,False,True
b016991,0.0,False,True
b016992,0.0,False,True
b016993,0.0,False,True
b016994,0.31564295291900635,True,True
b016995,0.0,False,True
b016996,0.0,False,True
b016997,0.0,False,True
b016998,0.0,False,True
b016999,0.0,False,True
b017000,0.0,False,True
b017001,0.0,False,True
b017002,0.0,False,True
b017003,0.0,False,True
b017004,0.13699598610401154,True,True
b017005,0.0,False,True
b017006,0.0,False,True
b017007,0.0,False,True
b017008,0.0,False,True
b017009,0.0,False,True
b017010,0.0,False,True
b017011,0.0,False,True
b017012,0.3561842739582062,True,True
b017013,0.0,False,True
b017014,0.5454370379447937,True,True
b017015,0.0,False,True
b017016,0.0,False,True
b017017,0.0,False,True
b017018,0.0,False,True
b017019,0.0,False,True
b017020,0.20715713500976562,True,True
b017021,0.0,False,True
b017022,0.0,False,True
b017023,0.0,False,True
b017024,0.2657364308834076,True,True
b017025,0.0,False,True
b017026,0.0,False,True
b017027,0.0,False,True
b017028,0.0,False,True
b017029,0.0,False,True
b017030,0.0,False,True
b017031,0.0,False,True
b017032,0.0,False,True
b017033,0.0,False,True
b017034,0.0,False,True
b017035,0.0,False,True
b017036,0.0,False,True
b017037,0.0,False,True
b017038,0.0,False,True
b017039,0.0,False,True
b017040,0.0,False,True
b017041,0.0,False,True
b017042,0.0,False,True
b017043,0.0,False,True
b017044,0.1442798525094986,True,True
b017045,0.0,False,True
b017046,0.0,False,True
b017047,0.0,False,True
b017048,0.0,False,True
b017049,0.0,False,True
b017050,0.0,False,True
b017051,0.0,False,True
b017052,0.0,False,True
b017053,0.0,False,True
b017054,0.0,False,True
b017055,0.0,False,True
b017056,0.0,False,True
b017057,0.0,False,True
b017058,0.0,False,True
b017059,0.0,False,True
b017060,0.0,False,True
b017061,0.0,False,True
b017062,0.0,False,True
b017063,0.0,False,True
b017064,0.0,False,True
b017065,0.0,False,True
b017066,0.0,False,True
b017067,0.0,False,True
b017068,0.0,False,True
b017069,0.0,False,True
b017070,0.0,False,True
b017071,0.0,False,True
b017072,0.0,False,True
b017073,0.0,False,True
b017074,0.0,False,True
b017075,0.1787518858909607,True,True
b017076,0.0,False,True
b017077,0.23080460727214813,True,True
b017078,0.0,False,True
b017079,0.0,False,True
b017080,0.0,False,True
b017081,0.0,False,True
b017082,0.0,False,True
b017083,0.0,False,True
b017084,0.0,False,True
b017085,0.0,False,True
b017086,0.0,False,True
b017087,0.0,False,True
b017088,0.0,False,True
b017089,0.0,False,True
b017090,0.0,False,True
b017091,0.0,False,True
b017092,0.0,False,True
b017093,0.0,False,True
b017094,0.0,False,True
b017095,0.0,False,True
b017096,0.0,False,True
b017097,0.0,False,True
b017098,0.0,False,True
b017099,0.0,False,True
b017100,0.0,False,True
b017101,0.0,False,True
b017102,0.0,False,True
b017103,0.0,False,True
b017104,0.0,False,True
b017105,0.0,False,True
b017106,0.0,False,True
b017107,0.0,False,True
b017108,0.0,False,True
b017109,0.0,False,True
b017110,0.0,False,True
b017111,0.0,False,True
b017112,0.0,False,True
b017113,0.0,False,True
b017114,0.0,False,True
b017115,0.0,False,True
b017116,0.0,False,True
b017117,0.0,False,True
b017118,0.0,False,True
b017119,0.0,False,True
b017120,0.0,False,True
b017121,0.2581726312637329,True,True
b017122,0.0,False,True
b017123,0.0,False,True
b017124,0.0,False,True
b017125,0.0,False,True
b017126,0.0,False,True
b017127,0.0,False,True
b017128,0.0,False,True
b017129,0.0,False,True
b017130,0.0,False,True
b017131,0.0,False,True
b017132,0.0,False,True
b017133,0.0,False,True
b017134,0.0,False,True
b017135,0.0,False,True
b017136,0.0,False,True
b017137,0.0,False,True
b017138,0.0,False,True
b017139,0.0,False,True
b017140,0.0,False,True
b017141,0.0,False,True
b017142,0.0,False,True
b017143,0.5900176763534546,True,True
b017144,0.24657639861106873,True,True
b017145,0.0,False,True
b017146,0.12576574087142944,True,True
b017147,0.0,False,True
b017148,0.0,False,True
b017149,0.0,False,True
b017150,0.0,False,True
b017151,0.0,False,True
b017152,0.0,False,True
b017153,0.10086452215909958,True,True
b017154,0.0,False,True
b017155,0.0,False,True
b017156,0.0,False,True
b017157,0.0,False,True
b017158,0.0,False,True
b017159,0.0,False,True
b017160,0.0,False,True
b017161,0.0,False,True
b017162,0.0,False,True
b017163,0.0,False,True
b017164,0.0,False,True
b017165,0.0,False,True
b017166,0.0,False,True
b017167,0.0,False,True
b017168,0.0,False,True
b017169,0.0,False,True
b017170,0.0,False,True
b017171,0.0,False,True
b017172,0.0,False,True
b017173,0.0,False,True
b017174,0.0,False,True
b017175,0.0,False,True
b017176,0.0,False,True
b017177,0.0,False,True
b017178,0.0,False,True
b017179,0.0,False,True
b017180,0.0,False,True
b017181,0.0,False,True
b017182,0.0,False,True
b017183,0.0,False,True
b017184,0.0,False,True
b017185,0.0,False,True
b017186,0.0,False,True
b017187,0.0,False,True
b017188,0.0,False,True
b017189,0.0,False,True
b017190,0.0,False,True
b017191,0.0,False,True
b017192,0.0,False,True
b017193,0.0,False,True
b017194,0.0,False,True
b017195,0.0,False,True
b017196,0.0,False,True
b017197,0.0,False,True
b017198,0.0,False,True
b017199,0.0,False,True
b017200,0.0,False,True
b017201,0.0,False,True
b017202,0.0,False,True
b017203,0.0,False,True
b017204,0.0,False,True
b017205,0.0,False,True
b017206,0.11001395434141159,True,True
b017207,0.0,False,True
b017208,0.0,False,True
b017209,0.0,False,True
b017210,0.0,False,True
b017211,0.0,False,True
b017212,0.0,False,True
b017213,0.0,False,True
b017214,0.0,False,True
b017215,0.18704402446746826,True,True
b017216,0.0,False,True
b017217,0.0,False,True
b017218,0.0,False,True
b017219,0.0,False,True
b017220,0.0,False,True
b017221,0.0,False,True
b017222,0.0,False,True
b017223,0.0,False,True
b017224,0.0,False,True
b017225,0.0,False,True
b017226,0.0,False,True
b017227,0.0,False,True
b017228,0.0,False,True
b017229,0.0,False,True
b017230,0.0,False,True
b017231,0.0,False,True
b017232,0.0,False,True
b017233,0.0,False,True
b017234,0.0,False,True
b017235,0.0,False,True
b017236,0.0,False,True
b017237,0.0,False,True
b017238,0.0,False,True
b017239,0.0,False,True
b017240,0.0,False,True
b017241,0.0,False,True
b017242,0.0,False,True
b017243,0.10880903154611588,True,True
b017244,0.0,False,True
b017245,0.0,False,True
b017246,0.0,False,True
b017247,0.0,False,True
b017248,0.0,False,True
b017249,0.134272962808609,True,True
b017250,0.0,False,True
b017251,0.0,False,True
b017252,0.4131380319595337,True,True
b017253,0.0,False,True
b017254,0.0,False,True
b017255,0.0,False,True
b017256,0.0,False,True
b017257,0.0,False,True
b017258,0.0,False,True
b017259,0.0,False,True
b017260,0.3526003956794739,True,True
b017261,0.0,False,True
b017262,0.271436482667923,True,True
b017263,0.0,False,True
b017264,0.0,False,True
b017265,0.0,False,True
b017266,0.0,False,True
b017267,0.0,False,True
b017268,0.0,False,True
b017269,0.0,False,True
b017270,0.0,False,True
b017271,0.0,False,True
b017272,0.0,False,True
b017273,0.0,False,True
b017274,0.0,False,True
b017275,0.0,False,True
b017276,0.0,False,True
b017277,0.0,False,True
b017278,0.0,False,True
b017279,0.0,False,True
b017280,0.0,False,True
b017281,0.0,False,True
b017282,0.0,False,True
b017283,0.0,False,True
b017284,0.0,False,True
b017285,0.0,False,True
b017286,0.0,False,True
b017287,0.0,False,True
b017288,0.0,False,True
b017289,0.5618850588798523,True,True
b017290,0.0,False,True
b017291,0.0,False,True
b017292,0.0,False,True
b017293,0.0,False,True
b017294,0.0,False,True
b017295,0.0,False,True
b017296,0.0,False,True
b017297,0.0,False,True
b017298,0.5859704613685608,True,True
b017299,0.0,False,True
b017300,0.0,False,True
b017301,0.0,False,True
b017302,0.0,False,True
b017303,0.0,False,True
b017304,0.0,False,True
b017305,0.0,False,True
b017306,0.0,False,True
b017307,0.0,False,True
b017308,0.0,False,True
b017309,0.0,False,True
b017310,0.0,False,True
b017311,0.0,False,True
b017312,0.0,False,True
b017313,0.0,False,True
b017314,0.0,False,True
b017315,0.0,False,True
b017316,0.0,False,True
b017317,0.0,False,True
b017318,0.0,False,True
b017319,0.0,False,True
b017320,0.0,False,True
b017321,0.0,False,True
b017322,0.0,False,True
b017323,0.0,False,True
b017324,0.0,False,True
b017325,0.0,False,True
b017326,0.0,False,True
b017327,0.0,False,True
b017328,0.0,False,True
b017329,0.0,False,True
b017330,0.0,False,True
b017331,0.0,False,True
b017332,0.0,False,True
b017333,0.0,False,True
b017334,0.0,False,True
b017335,0.0,False,True
b017336,0.0,False,True
b017337,0.0,False,True
b017338,0.0,False,True
b017339,0.0,False,True
b017340,0.0,False,True
b017341,0.0,False,True
b017342,0.0,False,True
b017343,0.0,False,True
b017344,0.0,False,True
b017345,0.0,False,True
b017346,0.0,False,True
b017347,0.0,False,True
b017348,0.0,False,True
b017349,0.0,False,True
b017350,0.0,False,True
b017351,0.0,False,True
b017352,0.0,False,True
b017353,0.0,False,True
b017354,0.0,False,True
b017355,0.0,False,True
b017356,0.0,False,True
b017357,0.0,False,True
b017358,0.0,False,True
b017359,0.0,False,True
b017360,0.0,False,True
b017361,0.0,False,True
b017362,0.0,False,True
b017363,0.0,False,True
b017364,0.0,False,True
b017365,0.0,False,True
b017366,0.0,False,True
b017367,0.0,False,True
b017368,0.0,False,True
b017369,0.0,False,True
b017370,0.0,False,True
b017371,0.0,False,True
b017372,0.0,False,True
b017373,0.0,False,True
b017374,0.0,False,True
b017375,0.0,False,True
b017376,0.0,False,True
b017377,0.0,False,True
b017378,0.0,False,True
b017379,0.0,False,True
b017380,0.0,False,True
b017381,0.0,False,True
b017382,0.0,False,True
b017383,0.0,False,True
b017384,0.0,False,True
b017385,0.0,False,True
b017386,0.0,False,True
b017387,0.0,False,True
b017388,0.0,False,True
b017389,0.0,False,True
b017390,0.22013354301452637,True,True
b017391,0.0,False,True
b017392,0.0,False,True
b017393,0.0,False,True
b017394,0.0,False,True
b017395,0.0,False,True
b017396,0.0,False,True
b017397,0.0,False,True
b017398,0.0,False,True
b017399,0.0,False,True
b017400,0.0,False,True
b017401,0.0,False,True
b017402,0.15180815756320953,True,True
b017403,0.0,False,True
b017404,0.0,False,True
b017405,0.0,False,True
b017406,0.0,False,True
b017407,0.0,False,True
b017408,0.0,False,True
b017409,0.0,False,True
b017410,0.0,False,True
b017411,0.0,False,True
b017412,0.0,False,True
b017413,0.0,False,True
b017414,0.0,False,True
b017415,0.0,False,True
b017416,0.0,False,True
b017417,0.0,False,True
b017418,0.0,False,True
b017419,0.0,False,True
b017420,0.0,False,True
b017421,0.0,False,True
b017422,0.0,False,True
b017423,0.0,False,True
b017424,0.0,False,True
b017425,0.0,False,True
b017426,0.0,False,True
b017427,0.0,False,True
b017428,0.0,False,True
b017429,0.0,False,True
b017430,0.0,False,True
b017431,0.0,False,True
b017432,0.0,False,True
b017433,0.0,False,True
b017434,0.0,False,True
b017435,0.0,False,True
b017436,0.0,False,True
b017437,0.0,False,True
b017438,0.0,False,True
b017439,0.0,False,True
b017440,0.0,False,True
b017441,0.0,False,True
b017442,0.0,False,True
b017443,0.0,False,True
b017444,0.0,False,True
b017445,0.0,False,True
b017446,0.0,False,True
b017447,0.0,False,True
b017448,0.0,False,True
b017449,0.0,False,True
b017450,0.0,False,True
b017451,0.0,False,True
b017452,0.0,False,True
b017453,0.0,False,True
b017454,0.0,False,True
b017455,0.0,False,True
b017456,0.0,False,True
b017457,0.0,False,True
b017458,0.0,False,True
b017459,0.0,False,True
b017460,0.0,False,True
b017461,0.0,False,True
b017462,0.0,False,True
b017463,0.0,False,True
b017464,0.0,False,True
b017465,0.0,False,True
b017466,0.24291472136974335,True,True
b017467,0.0,False,True
b017468,0.0,False,True
b017469,0.0,False,True
b017470,0.0,False,True
b017471,0.0,False,True
b017472,0.0,False,True
b017473,0.0,False,True
b017474,0.0,False,True
b017475,0.0,False,True
b017476,0.0,False,True
b017477,0.0,False,True
b017478,0.0,False,True
b017479,0.0,False,True
b017480,0.0,False,True
b017481,0.0,False,True
b017482,0.0,False,True
b017483,0.0,False,True
b017484,0.0,False,True
b017485,0.0,False,True
b017486,0.1943831890821457,True,True
b017487,0.0,False,True
b017488,0.0,False,True
b017489,0.0,False,True
b017490,0.0,False,True
b017491,0.0,False,True
b017492,0.0,False,True
b017493,0.0,False,True
b017494,0.20145532488822937,True,True
b017495,0.0,False,True
b017496,0.0,False,True
b017497,0.0,False,True
b017498,0.0,False,True
b017499,0.0,False,True
b017500,0.0,False,True
b017501,0.0,False,True
b017502,0.0,False,True
b017503,0.0,False,True
b017504,0.0,False,True
b017505,0.0,False,True
b017506,0.0,False,True
b017507,0.0,False,True
b017508,0.0,False,True
b017509,0.0,False,True
b017510,0.0,False,True
b017511,0.0,False,True
b017512,0.0,False,True
b017513,0.0,False,True
b017514,0.0,False,True
b017515,0.0,False,True
b017516,0.0,False,True
b017517,0.0,False,True
b017518,0.0,False,True
b017519,0.0,False,True
b017520,0.0,False,True
b017521,0.0,False,True
b017522,0.0,False,True
b017523,0.0,False,True
b017524,0.0,False,True
b017525,0.0,False,True
b017526,0.0,False,True
b017527,0.0,False,True
b017528,0.0,False,True
b017529,0.0,False,True
b017530,0.0,False,True
b017531,0.0,False,True
b017532,0.0,False,True
b017533,0.0,False,True
b017534,0.0,False,True
b017535,0.0,False,True
b017536,0.0,False,True
b017537,0.0,False,True
b017538,0.0,False,True
b017539,0.0,False,True
b017540,0.0,False,True
b017541,0.0,False,True
b017542,0.0,False,True
b017543,0.0,False,True
b017544,0.0,False,True
b017545,0.0,False,True
b017546,0.0,False,True
b017547,0.0,False,True
b017548,0.0,False,True
b017549,0.0,False,True
b017550,0.0,False,True
b017551,0.0,False,True
b017552,0.0,False,True
b017553,0.0,False,True
b017554,0.0,False,True
b017555,0.0,False,True
b017556,0.0,False,True
b017557,0.0,False,True
b017558,0.0,False,True
b017559,0.0,False,True
b017560,0.0,False,True
b017561,0.0,False,True
b017562,0.0,False,True
b017563,0.0,False,True
b017564,0.0,False,True
b017565,0.0,False,True
b017566,0.0,False,True
b017567,0.0,False,True
b017568,0.0,False,True
b017569,0.0,False,True
b017570,0.0,False,True
b017571,0.0,False,True
b017572,0.0,False,True
b017573,0.0,False,True
b017574,0.0,False,True
b017575,0.0,False,True
b017576,0.0,False,True
b017577,0.0,False,True
b017578,0.0,False,True
b017579,0.0,False,True
b017580,0.0,False,True
b017581,0.0,False,True
b017582,0.0,False,True
b017583,0.0,False,True
b017584,0.0,False,True
b017585,0.0,False,True
b017586,0.0,False,True
b017587,0.0,False,True
b017588,0.0,False,True
b017589,0.0,False,True
b017590,0.0,False,True
b017591,0.0,False,True
b017592,0.0,False,True
b017593,0.0,False,True
b017594,0.0,False,True
b017595,0.0,False,True
b017596,0.0,False,True
b017597,0.0,False,True
b017598,0.0,False,True
b017599,0.0,False,True
b017600,0.0,False,True
b017601,0.0,False,True
b017602,0.0,False,True
b017603,0.0,False,True
b017604,0.0,False,True
b017605,0.0,False,True
b017606,0.0,False,True
b017607,0.0,False,True
b017608,0.0,False,True
b017609,0.0,False,True
b017610,0.0,False,True
b017611,0.0,False,True
b017612,0.0,False,True
b017613,0.0,False,True
b017614,0.0,False,True
b017615,0.0,False,True
b017616,0.0,False,True
b017617,0.0,False,True
b017618,0.12983956933021545,True,True
b017619,0.0,False,True
b017620,0.0,False,True
b017621,0.0,False,True
b017622,0.0,False,True
b017623,0.0,False,True
b017624,0.0,False,True
b017625,0.0,False,True
b017626,0.0,False,True
b017627,0.0,False,True
b017628,0.0,False,True
b017629,0.0,False,True
b017630,0.0,False,True
b017631,0.0,False,True
b017632,0.0,False,True
b017633,0.0,False,True
b017634,0.0,False,True
b017635,0.0,False,True
b017636,0.0,False,True
b017637,0.0,False,True
b017638,0.0,False,True
b017639,0.0,False,True
b017640,0.0,False,True
b017641,0.0,False,True
b017642,0.0,False,True
b017643,0.0,False,True
b017644,0.0,False,True
b017645,0.0,False,True
b017646,0.0,False,True
b017647,0.0,False,True
b017648,0.0,False,True
b017649,0.0,False,True
b017650,0.0,False,True
b017651,0.0,False,True
b017652,0.0,False,True
b017653,0.0,False,True
b017654,0.0,False,True
b017655,0.0,False,True
b017656,0.0,False,True
b017657,0.0,False,True
b017658,0.0,False,True
b017659,0.0,False,True
b017660,0.0,False,True
b017661,0.0,False,True
b017662,0.0,False,True
b017663,0.0,False,True
b017664,0.0,False,True
b017665,0.0,False,True
b017666,0.0,False,True
b017667,0.1037973016500473,True,True
b017668,0.0,False,True
b017669,0.0,False,True
b017670,0.0,False,True
b017671,0.0,False,True
b017672,0.0,False,True
b017673,0.0,False,True
b017674,0.0,False,True
b017675,0.0,False,True
b017676,0.0,False,True
b017677,0.0,False,True
b017678,0.2242286652326584,True,True
b017679,0.0,False,True
b017680,0.0,False,True
b017681,0.0,False,True
b017682,0.0,False,True
b017683,0.0,False,True
b017684,0.0,False,True
b017685,0.0,False,True
b017686,0.0,False,True
b017687,0.0,False,True
b017688,0.0,False,True
b017689,0.0,False,True
b017690,0.0,False,True
b017691,0.0,False,True
b017692,0.0,False,True
b017693,0.0,False,True
b017694,0.0,False,True
b017695,0.0,False,True
b017696,0.0,False,True
b017697,0.0,False,True
b017698,0.0,False,True
b017699,0.0,False,True
b017700,0.0,False,True
b017701,0.0,False,True
b017702,0.0,False,True
b017703,0.0,False,True
b017704,0.0,False,True
b017705,0.0,False,True
b017706,0.0,False,True
b017707,0.0,False,True
b017708,0.0,False,True
b017709,0.0,False,True
b017710,0.0,False,True
b017711,0.0,False,True
b017712,0.0,False,True
b017713,0.0,False,True
b017714,0.0,False,True
b017715,0.0,False,True
b017716,0.0,False,True
b017717,0.0,False,True
b017718,0.0,False,True
b017719,0.0,False,True
b017720,0.0,False,True
b017721,0.0,False,True
b017722,0.0,False,True
b017723,0.0,False,True
b017724,0.0,False,True
b017725,0.0,False,True
b017726,0.0,False,True
b017727,0.0,False,True
b017728,0.0,False,True
b017729,0.0,False,True
b017730,0.0,False,True
b017731,0.0,False,True
b017732,0.0,False,True
b017733,0.0,False,True
b017734,0.0,False,True
b017735,0.0,False,True
b017736,0.0,False,True
b017737,0.41424494981765747,True,True
b017738,0.0,False,True
b017739,0.0,False,True
b017740,0.0,False,True
b017741,0.0,False,True
b017742,0.0,False,True
b017743,0.0,False,True
b017744,0.0,False,True
b017745,0.0,False,True
b017746,0.0,False,True
b017747,0.0,False,True
b017748,0.0,False,True
b017749,0.0,False,True
b017750,0.40294355154037476,True,True
b017751,0.0,False,True
b017752,0.0,False,True
b017753,0.0,False,True
b017754,0.0,False,True
b017755,0.0,False,True
b017756,0.0,False,True
b017757,0.0,False,True
b017758,0.0,False,True
b017759,0.0,False,True
b017760,0.0,False,True
b017761,0.0,False,True
b017762,0.0,False,True
b017763,0.0,False,True
b017764,0.0,False,True
b017765,0.0,False,True
b017766,0.0,False,True
b017767,0.0,False,True
b017768,0.0,False,True
b017769,0.0,False,True
b017770,0.11748305708169937,True,True
b017771,0.0,False,True
b017772,0.0,False,True
b017773,0.0,False,True
b017774,0.0,False,True
b017775,0.0,False,True
b017776,0.0,False,True
b017777,0.12927353382110596,True,True
b017778,0.0,False,True
b017779,0.0,False,True
b017780,0.0,False,True
b017781,0.0,False,True
b017782,0.0,False,True
b017783,0.0,False,True
b017784,0.0,False,True
b017785,0.0,False,True
b017786,0.0,False,True
b017787,0.0,False,True
b017788,0.0,False,True
b017789,0.0,False,True
b017790,0.0,False,True
b017791,0.0,False,True
b017792,0.0,False,True
b017793,0.0,False,True
b017794,0.0,False,True
b017795,0.0,False,True
b017796,0.0,False,True
b017797,0.0,False,True
b017798,0.0,False,True
b017799,0.0,False,True
b017800,0.0,False,True
b017801,0.0,False,True
b017802,0.0,False,True
b017803,0.0,False,True
b017804,0.0,False,True
b017805,0.0,False,True
b017806,0.0,False,True
b017807,0.0,False,True
b017808,0.0,False,True
b017809,0.0,False,True
b017810,0.0,False,True
b017811,0.0,False,True
b017812,0.0,False,True
b017813,0.0,False,True
b017814,0.0,False,True
b017815,0.0,False,True
b017816,0.0,False,True
b017817,0.0,False,True
b017818,0.0,False,True
b017819,0.0,False,True
b017820,0.0,False,True
b017821,0.0,False,True
b017822,0.0,False,True
b017823,0.0,False,True
b017824,0.0,False,True
b017825,0.0,False,True
b017826,0.0,False,True
b017827,0.0,False,True
b017828,0.0,False,True
b017829,0.0,False,True
b017830,0.0,False,True
b017831,0.0,False,True
b017832,0.0,False,True
b017833,0.0,False,True
b017834,0.0,False,True
b017835,0.0,False,True
b017836,0.0,False,True
b017837,0.0,False,True
b017838,0.0,False,True
b017839,0.3273449242115021,True,True
b017840,0.0,False,True
b017841,0.0,False,True
b017842,0.0,False,True
b017843,0.0,False,True
b017844,0.0,False,True
b017845,0.0,False,True
b017846,0.0,False,True
b017847,0.0,False,True
b017848,0.0,False,True
b017849,0.0,False,True
b017850,0.0,False,True
b017851,0.0,False,True
b017852,0.0,False,True
b017853,0.0,False,True
b017854,0.0,False,True
b017855,0.0,False,True
b017856,0.0,False,True
b017857,0.0,False,True
b017858,0.0,False,True
b017859,0.0,False,True
b017860,0.0,False,True
b017861,0.0,False,True
b017862,0.0,False,True
b017863,0.0,False,True
b017864,0.0,False,True
b017865,0.0,False,True
b017866,0.0,False,True
b017867,0.0,False,True
b017868,0.0,False,True
b017869,0.0,False,True
b017870,0.0,False,True
b017871,0.0,False,True
b017872,0.0,False,True
b017873,0.0,False,True
b017874,0.0,False,True
b017875,0.0,False,True
b017876,0.0,False,True
b017877,0.0,False,True
b017878,0.0,False,True
b017879,0.15688954293727875,True,True
b017880,0.0,False,True
b017881,0.0,False,True
b017882,0.0,False,True
b017883,0.0,False,True
b017884,0.2270585149526596,True,True
b017885,0.0,False,True
b017886,0.0,False,True
b017887,0.0,False,True
b017888,0.0,False,True
b017889,0.0,False,True
b017890,0.0,False,True
b017891,0.0,False,True
b017892,0.0,False,True
b017893,0.5149915814399719,True,True
b017894,0.0,False,True
b017895,0.0,False,True
b017896,0.0,False,True
b017897,0.10515540093183517,True,True
b017898,0.0,False,True
b017899,0.0,False,True
b017900,0.0,False,True
b017901,0.14257436990737915,True,True
b017902,0.0,False,True
b017903,0.0,False,True
b017904,0.0,False,True
b017905,0.0,False,True
b017906,0.0,False,True
b017907,0.8269594311714172,True,True
b017908,0.0,False,True
b017909,0.0,False,True
b017910,0.0,False,True
b017911,0.0,False,True
b017912,0.0,False,True
b017913,0.0,False,True
b017914,0.0,False,True
b017915,0.0,False,True
b017916,0.0,False,True
b017917,0.0,False,True
b017918,0.0,False,True
b017919,0.0,False,True
b017920,0.0,False,True
b017921,0.0,False,True
b017922,0.0,False,True
b017923,0.0,False,True
b017924,0.0,False,True
b017925,0.0,False,True
b017926,0.0,False,True
b017927,0.0,False,True
b017928,0.0,False,True
b017929,0.0,False,True
b017930,0.0,False,True
b017931,0.0,False,True
b017932,0.0,False,True
b017933,0.0,False,True
b017934,0.0,False,True
b017935,0.0,False,True
b017936,0.0,False,True
b017937,0.0,False,True
b017938,0.0,False,True
b017939,0.0,False,True
b017940,0.0,False,True
b017941,0.0,False,True
b017942,0.0,False,True
b017943,0.0,False,True
b017944,0.0,False,True
b017945,0.0,False,True
b017946,0.0,False,True
b017947,0.0,False,True
b017948,0.13500864803791046,True,True
b017949,0.0,False,True
b017950,0.0,False,True
b017951,0.0,False,True
b017952,0.0,False,True
b017953,0.0,False,True
b017954,0.0,False,True
b017955,0.0,False,True
b017956,0.0,False,True
b017957,0.0,False,True
b017958,0.0,False,True
b017959,0.0,False,True
b017960,0.0,False,True
b017961,0.0,False,True
b017962,0.0,False,True
b017963,0.0,False,True
b017964,0.0,False,True
b017965,0.0,False,True
b017966,0.0,False,True
b017967,0.0,False,True
b017968,0.0,False,True
b017969,0.0,False,True
b017970,0.0,False,True
b017971,0.0,False,True
b017972,0.0,False,True
b017973,0.0,False,True
b017974,0.0,False,True
b017975,0.0,False,True
b017976,0.0,False,True
b017977,0.0,False,True
b017978,0.0,False,True
b017979,0.0,False,True
b017980,0.0,False,True
b017981,0.0,False,True
b017982,0.0,False,True
b017983,0.0,False,True
b017984,0.0,False,True
b017985,0.0,False,True
b017986,0.181316077709198,True,True
b017987,0.0,False,True
b017988,0.0,False,True
b017989,0.0,False,True
b017990,0.0,False,True
b017991,0.0,False,True
b017992,0.0,False,True
b017993,0.0,False,True
b017994,0.0,False,True
b017995,0.0,False,True
b017996,0.0,False,True
b017997,0.0,False,True
b017998,0.0,False,True
b017999,0.0,False,True
b018000,0.0,False,True
b018001,0.0,False,True
b018002,0.0,False,True
b018003,0.0,False,True
b018004,0.0,False,True
b018005,0.0,False,True
b018006,0.0,False,True
b018007,0.0,False,True
b018008,0.0,False,True
b018009,0.0,False,True
b018010,0.0,False,True
b018011,0.0,False,True
b018012,0.0,False,True
b018013,0.0,False,True
b018014,0.0,False,True
b018015,0.0,False,True
b018016,0.0,False,True
b018017,0.0,False,True
b018018,0.0,False,True
b018019,0.0,False,True
b018020,0.0,False,True
b018021,0.0,False,True
b018022,0.0,False,True
b018023,0.0,False,True
b018024,0.0,False,True
b018025,0.0,False,True
b018026,0.0,False,True
b018027,0.0,False,True
b018028,0.0,False,True
b018029,0.0,False,True
b018030,0.0,False,True
b018031,0.0,False,True
b018032,0.0,False,True
b018033,0.0,False,True
b018034,0.0,False,True
b018035,0.0,False,True
b018036,0.0,False,True
b018037,0.0,False,True
b018038,0.0,False,True
b018039,0.0,False,True
b018040,0.0,False,True
b018041,0.0,False,True
b018042,0.0,False,True
b018043,0.0,False,True
b018044,0.0,False,True
b018045,0.0,False,True
b018046,0.0,False,True
b018047,0.0,False,True
b018048,0.0,False,True
b018049,0.0,False,True
b018050,0.0,False,True
b018051,0.0,False,True
b018052,0.0,False,True
b018053,0.0,False,True
b018054,0.0,False,True
b018055,0.0,False,True
b018056,0.0,False,True
b018057,0.0,False,True
b018058,0.0,False,True
b018059,0.0,False,True
b018060,0.0,False,True
b018061,0.0,False,True
b018062,0.0,False,True
b018063,0.12182620912790298,True,True
b018064,0.0,False,True
b018065,0.0,False,True
b018066,0.0,False,True
b018067,0.0,False,True
b018068,0.0,False,True
b018069,0.0,False,True
b018070,0.0,False,True
b018071,0.0,False,True
b018072,0.0,False,True
b018073,0.37597882747650146,True,True
b018074,0.0,False,True
b018075,0.0,False,True
b018076,0.0,False,True
b018077,0.0,False,True
b018078,0.0,False,True
b018079,0.0,False,True
b018080,0.622321605682373,True,True
b018081,0.0,False,True
b018082,0.0,False,True
b018083,0.0,False,True
b018084,0.0,False,True
b018085,0.0,False,True
b018086,0.0,False,True
b018087,0.0,False,True
b018088,0.0,False,True
b018089,0.0,False,True
b018090,0.0,False,True
b018091,0.0,False,True
b018092,0.0,False,True
b018093,0.0,False,True
b018094,0.0,False,True
b018095,0.0,False,True
b018096,0.0,False,True
b018097,0.0,False,True
b018098,0.0,False,True
b018099,0.0,False,True
b018100,0.0,False,True
b018101,0.0,False,True
b018102,0.0,False,True
b018103,0.0,False,True
b018104,0.0,False,True
b018105,0.0,False,True
b018106,0.0,False,True
b018107,0.0,False,True
b018108,0.0,False,True
b018109,0.0,False,True
b018110,0.0,False,True
b018111,0.0,False,True
b018112,0.0,False,True
b018113,0.0,False,True
b018114,0.0,False,True
b018115,0.0,False,True
b018116,0.0,False,True
b018117,0.0,False,True
b018118,0.0,False,True
b018119,0.0,False,True
b018120,0.0,False,True
b018121,0.0,False,True
b018122,0.0,False,True
b018123,0.0,False,True
b018124,0.0,False,True
b018125,0.0,False,True
b018126,0.0,False,True
b018127,0.0,False,True
b018128,0.0,False,True
b018129,0.0,False,True
b018130,0.0,False,True
b018131,0.0,False,True
b018132,0.14941756427288055,True,True
b018133,0.0,False,True
b018134,0.0,False,True
b018135,0.0,False,True
b018136,0.0,False,True
b018137,0.0,False,True
b018138,0.0,False,True
b018139,0.0,False,True
b018140,0.0,False,True
b018141,0.0,False,True
b018142,0.0,False,True
b018143,0.0,False,True
b018144,0.0,False,True
b018145,0.17231938242912292,True,True
b018146,0.0,False,True
b018147,0.0,False,True
b018148,0.0,False,True
b018149,0.0,False,True
b018150,0.0,False,True
b018151,0.0,False,True
b018152,0.0,False,True
b018153,0.0,False,True
b018154,0.0,False,True
b018155,0.0,False,True
b018156,0.0,False,True
b018157,0.0,False,True
b018158,0.0,False,True
b018159,0.0,False,True
b018160,0.0,False,True
b018161,0.0,False,True
b018162,0.0,False,True
b018163,0.0,False,True
b018164,0.0,False,True
b018165,0.0,False,True
b018166,0.0,False,True
b018167,0.0,False,True
b018168,0.0,False,True
b018169,0.0,False,True
b018170,0.0,False,True
b018171,0.0,False,True
b018172,0.0,False,True
b018173,0.0,False,True
b018174,0.2476350963115692,True,True
b018175,0.0,False,True
b018176,0.0,False,True
b018177,0.0,False,True
b018178,0.0,False,True
b018179,0.0,False,True
b018180,0.4722612202167511,True,True
b018181,0.0,False,True
b018182,0.0,False,True
b018183,0.0,False,True
b018184,0.0,False,True
b018185,0.0,False,True
b018186,0.0,False,True
b018187,0.0,False,True
b018188,0.0,False,True
b018189,0.0,False,True
b018190,0.0,False,True
b018191,0.0,False,True
b018192,0.0,False,True
b018193,0.0,False,True
b018194,0.0,False,True
b018195,0.0,False,True
b018196,0.0,False,True
b018197,0.0,False,True
b018198,0.0,False,True
b018199,0.0,False,True
b018200,0.0,False,True
b018201,0.0,False,True
b018202,0.0,False,True
b018203,0.0,False,True
b018204,0.0,False,True
b018205,0.0,False,True
b018206,0.0,False,True
b018207,0.0,False,True
b018208,0.0,False,True
b018209,0.0,False,True
b018210,0.0,False,True
b018211,0.0,False,True
b018212,0.0,False,True
b018213,0.0,False,True
b018214,0.0,False,True
b018215,0.0,False,True
b018216,0.0,False,True
b018217,0.0,False,True
b018218,0.0,False,True
b018219,0.0,False,True
b018220,0.0,False,True
b018221,0.0,False,True
b018222,0.0,False,True
b018223,0.0,False,True
b018224,0.0,False,True
b018225,0.0,False,True
b018226,0.0,False,True
b018227,0.0,False,True
b018228,0.0,False,True
b018229,0.0,False,True
b018230,0.0,False,True
b018231,0.0,False,True
b018232,0.0,False,True
b018233,0.0,False,True
b018234,0.0,False,True
b018235,0.0,False,True
b018236,0.0,False,True
b018237,0.0,False,True
b018238,0.0,False,True
b018239,0.0,False,True
b018240,0.0,False,True
b018241,0.0,False,True
b018242,0.48653513193130493,True,True
b018243,0.0,False,True
b018244,0.0,False,True
b018245,0.0,False,True
b018246,0.0,False,True
b018247,0.0,False,True
b018248,0.7719501852989197,True,True
b018249,0.0,False,True
b018250,0.0,False,True
b018251,0.0,False,True
b018252,0.0,False,True
b018253,0.0,False,True
b018254,0.0,False,True
b018255,0.0,False,True
b018256,0.0,False,True
b018257,0.0,False,True
b018258,0.0,False,True
b018259,0.0,False,True
b018260,0.0,False,True
b018261,0.0,False,True
b018262,0.0,False,True
b018263,0.0,False,True
b018264,0.0,False,True
b018265,0.0,False,True
b018266,0.0,False,True
b018267,0.0,False,True
b018268,0.0,False,True
b018269,0.0,False,True
b018270,0.0,False,True
b018271,0.0,False,True
b018272,0.0,False,True
b018273,0.0,False,True
b018274,0.227499321103096,True,True
b018275,0.0,False,True
b018276,0.0,False,True
b018277,0.0,False,True
b018278,0.0,False,True
b018279,0.0,False,True
b018280,0.0,False,True
b018281,0.0,False,True
b018282,0.0,False,True
b018283,0.0,False,True
b018284,0.0,False,True
b018285,0.0,False,True
b018286,0.0,False,True
b018287,0.0,False,True
b018288,0.0,False,True
b018289,0.0,False,True
b018290,0.0,False,True
b018291,0.0,False,True
b018292,0.0,False,True
b018293,0.0,False,True
b018294,0.0,False,True
b018295,0.0,False,True
b018296,0.0,False,True
b018297,0.0,False,True
b018298,0.0,False,True
b018299,0.0,False,True
b018300,0.0,False,True
b018301,0.0,False,True
b018302,0.0,False,True
b018303,0.14204281568527222,True,True
b018304,0.0,False,True
b018305,0.0,False,True
b018306,0.0,False,True
b018307,0.0,False,True
b018308,0.0,False,True
b018309,0.0,False,True
b018310,0.0,False,True
b018311,0.47889354825019836,True,True
b018312,0.0,False,True
b018313,0.0,False,True
b018314,0.0,False,True
b018315,0.0,False,True
b018316,0.0,False,True
b018317,0.0,False,True
b018318,0.0,False,True
b018319,0.0,False,True
b018320,0.0,False,True
b018321,0.0,False,True
b018322,0.0,False,True
b018323,0.0,False,True
b018324,0.0,False,True
b018325,0.0,False,True
b018326,0.0,False,True
b018327,0.0,False,True
b018328,0.0,False,True
b018329,0.0,False,True
b018330,0.0,False,True
b018331,0.0,False,True
b018332,0.0,False,True
b018333,0.0,False,True
b018334,0.0,False,True
b018335,0.0,False,True
b018336,0.0,False,True
b018337,0.1729184091091156,True,True
b018338,0.0,False,True
b018339,0.0,False,True
b018340,0.0,False,True
b018341,0.0,False,True
b018342,0.0,False,True
b018343,0.0,False,True
b018344,0.0,False,True
b018345,0.0,False,True
b018346,0.2590106725692749,True,True
b018347,0.0,False,True
b018348,0.0,False,True
b018349,0.0,False,True
b018350,0.0,False,True
b018351,0.0,False,True
b018352,0.0,False,True
b018353,0.0,False,True
b018354,0.0,False,True
b018355,0.0,False,True
b018356,0.0,False,True
b018357,0.0,False,True
b018358,0.0,False,True
b018359,0.0,False,True
b018360,0.0,False,True
b018361,0.0,False,True
b018362,0.0,False,True
b018363,0.0,False,True
b018364,0.0,False,True
b018365,0.0,False,True
b018366,0.0,False,True
b018367,0.0,False,True
b018368,0.0,False,True
b018369,0.0,False,True
b018370,0.0,False,True
b018371,0.18302246928215027,True,True
b018372,0.0,False,True
b018373,0.0,False,True
b018374,0.0,False,True
b018375,0.0,False,True
b018376,0.0,False,True
b018377,0.0,False,True
b018378,0.0,False,True
b018379,0.0,False,True
b018380,0.0,False,True
b018381,0.0,False,True
b018382,0.0,False,True
b018383,0.0,False,True
b018384,0.0,False,True
b018385,0.0,False,True
b018386,0.0,False,True
b018387,0.0,False,True
b018388,0.0,False,True
b018389,0.0,False,True
b018390,0.0,False,True
b018391,0.0,False,True
b018392,0.0,False,True
b018393,0.0,False,True
b018394,0.0,False,True
b018395,0.0,False,True
b018396,0.0,False,True
b018397,0.0,False,True
b018398,0.0,False,True
b018399,0.0,False,True
b018400,0.0,False,True
b018401,0.0,False,True
b018402,0.0,False,True
b018403,0.0,False,True
b018404,0.0,False,True
b018405,0.14628171920776367,True,True
b018406,0.0,False,True
b018407,0.0,False,True
b018408,0.0,False,True
b018409,0.0,False,True
b018410,0.0,False,True
b018411,0.0,False,True
b018412,0.0,False,True
b018413,0.0,False,True
b018414,0.0,False,True
b018415,0.0,False,True
b018416,0.0,False,True
b018417,0.0,False,True
b018418,0.0,False,True
b018419,0.0,False,True
b018420,0.0,False,True
b018421,0.0,False,True
b018422,0.0,False,True
b018423,0.0,False,True
b018424,0.0,False,True
b018425,0.0,False,True
b018426,0.0,False,True
b018427,0.0,False,True
b018428,0.0,False,True
b018429,0.0,False,True
b018430,0.0,False,True
b018431,0.0,False,True
b018432,0.0,False,True
b018433,0.0,False,True
b018434,0.0,False,True
b018435,0.0,False,True
b018436,0.0,False,True
b018437,0.0,False,True
b018438,0.0,False,True
b018439,0.0,False,True
b018440,0.0,False,True
b018441,0.0,False,True
b018442,0.0,False,True
b018443,0.0,False,True
b018444,0.0,False,True
b018445,0.0,False,True
b018446,0.0,False,True
b018447,0.0,False,True
b018448,0.0,False,True
b018449,0.0,False,True
b018450,0.0,False,True
b018451,0.0,False,True
b018452,0.0,False,True
b018453,0.0,False,True
b018454,0.0,False,True
b018455,0.0,False,True
b018456,0.0,False,True
b018457,0.0,False,True
b018458,0.0,False,True
b018459,0.0,False,True
b018460,0.0,False,True
b018461,0.0,False,True
b018462,0.0,False,True
b018463,0.0,False,True
b018464,0.0,False,True
b018465,0.0,False,True
b018466,0.0,False,True
b018467,0.0,False,True
b018468,0.0,False,True
b018469,0.0,False,True
b018470,0.0,False,True
b018471,0.0,False,True
b018472,0.0,False,True
b018473,0.0,False,True
b018474,0.0,False,True
b018475,0.0,False,True
b018476,0.0,False,True
b018477,0.0,False,True
b018478,0.0,False,True
b018479,0.0,False,True
b018480,0.0,False,True
b018481,0.0,False,True
b018482,0.0,False,True
b018483,0.0,False,True
b018484,0.0,False,True
b018485,0.0,False,True
b018486,0.0,False,True
b018487,0.0,False,True
b018488,0.0,False,True
b018489,0.0,False,True
b018490,0.0,False,True
b018491,0.0,False,True
b018492,0.0,False,True
b018493,0.0,False,True
b018494,0.0,False,True
b018495,0.0,False,True
b018496,0.8127482533454895,True,True
b018497,0.0,False,True
b018498,0.0,False,True
b018499,0.0,False,True
b018500,0.0,False,True
b018501,0.0,False,True
b018502,0.0,False,True
b018503,0.0,False,True
b018504,0.0,False,True
b018505,0.0,False,True
b018506,0.0,False,True
b018507,0.0,False,True
b018508,0.0,False,True
b018509,0.0,False,True
b018510,0.0,False,True
b018511,0.0,False,True
b018512,0.0,False,True
b018513,0.0,False,True
b018514,0.0,False,True
b018515,0.0,False,True
b018516,0.0,False,True
b018517,0.0,False,True
b018518,0.0,False,True
b018519,0.0,False,True
b018520,0.0,False,True
b018521,0.0,False,True
b018522,0.0,False,True
b018523,0.0,False,True
b018524,0.0,False,True
b018525,0.0,False,True
b018526,0.0,False,True
b018527,0.0,False,True
b018528,0.0,False,True
b018529,0.0,False,True
b018530,0.0,False,True
b018531,0.0,False,True
b018532,0.0,False,True
b018533,0.0,False,True
b018534,0.0,False,True
b018535,0.0,False,True
b018536,0.0,False,True
b018537,0.0,False,True
b018538,0.0,False,True
b018539,0.0,False,True
b018540,0.0,False,True
b018541,0.0,False,True
b018542,0.0,False,True
b018543,0.0,False,True
b018544,0.0,False,True
b018545,0.0,False,True
b018546,0.0,False,True
b018547,0.0,False,True
b018548,0.0,False,True
b018549,0.0,False,True
b018550,0.0,False,True
b018551,0.0,False,True
b018552,0.0,False,True
b018553,0.0,False,True
b018554,0.0,False,True
b018555,0.0,False,True
b018556,0.0,False,True
b018557,0.0,False,True
b018558,0.0,False,True
b018559,0.0,False,True
b018560,0.0,False,True
b018561,0.0,False,True
b018562,0.0,False,True
b018563,0.0,False,True
b018564,0.0,False,True
b018565,0.0,False,True
b018566,0.0,False,True
b018567,0.0,False,True
b018568,0.0,False,True
b018569,0.0,False,True
b018570,0.0,False,True
b018571,0.0,False,True
b018572,0.0,False,True
b018573,0.0,False,True
b018574,0.0,False,True
b018575,0.0,False,True
b018576,0.0,False,True
b018577,0.0,False,True
b018578,0.0,False,True
b018579,0.0,False,True
b018580,0.0,False,True
b018581,0.0,False,True
b018582,0.0,False,True
b018583,0.0,False,True
b018584,0.0,False,True
b018585,0.0,False,True
b018586,0.0,False,True
b018587,0.0,False,True
b018588,0.0,False,True
b018589,0.0,False,True
b018590,0.0,False,True
b018591,0.0,False,True
b018592,0.0,False,True
b018593,0.0,False,True
b018594,0.0,False,True
b018595,0.0,False,True
b018596,0.0,False,True
b018597,0.0,False,True
b018598,0.0,False,True
b018599,0.0,False,True
b018600,0.0,False,True
b018601,0.0,False,True
b018602,0.0,False,True
b018603,0.0,False,True
b018604,0.0,False,True
b018605,0.0,False,True
b018606,0.0,False,True
b018607,0.0,False,True
b018608,0.1209215447306633,True,True
b018609,0.0,False,True
b018610,0.0,False,True
b018611,0.0,False,True
b018612,0.0,False,True
b018613,0.0,False,True
b018614,0.0,False,True
b018615,0.0,False,True
b018616,0.0,False,True
b018617,0.0,False,True
b018618,0.0,False,True
b018619,0.0,False,True
b018620,0.0,False,True
b018621,0.164510115981102,True,True
b018622,0.0,False,True
b018623,0.0,False,True
b018624,0.0,False,True
b018625,0.0,False,True
b018626,0.0,False,True
b018627,0.0,False,True
b018628,0.0,False,True
b018629,0.0,False,True
b018630,0.0,False,True
b018631,0.0,False,True
b018632,0.0,False,True
b018633,0.0,False,True
b018634,0.0,False,True
b018635,0.0,False,True
b018636,0.0,False,True
b018637,0.0,False,True
b018638,0.0,False,True
b018639,0.0,False,True
b018640,0.0,False,True
b018641,0.0,False,True
b018642,0.0,False,True
b018643,0.0,False,True
b018644,0.0,False,True
b018645,0.0,False,True
b018646,0.2685711681842804,True,True
b018647,0.0,False,True
b018648,0.0,False,True
b018649,0.0,False,True
b018650,0.0,False,True
b018651,0.0,False,True
b018652,0.0,False,True
b018653,0.0,False,True
b018654,0.0,False,True
b018655,0.0,False,True
b018656,0.0,False,True
b018657,0.0,False,True
b018658,0.0,False,True
b018659,0.0,False,True
b018660,0.0,False,True
b018661,0.0,False,True
b018662,0.0,False,True
b018663,0.0,False,True
b018664,0.0,False,True
b018665,0.0,False,True
b018666,0.0,False,True
b018667,0.0,False,True
b018668,0.0,False,True
b018669,0.0,False,True
b018670,0.0,False,True
b018671,0.0,False,True
b018672,0.0,False,True
b018673,0.0,False,True
b018674,0.0,False,True
b018675,0.0,False,True
b018676,0.0,False,True
b018677,0.0,False,True
b018678,0.0,False,True
b018679,0.0,False,True
b018680,0.0,False,True
b018681,0.0,False,True
b018682,0.0,False,True
b018683,0.0,False,True
b018684,0.0,False,True
b018685,0.0,False,True
b018686,0.0,False,True
b018687,0.0,False,True
b018688,0.0,False,True
b018689,0.0,False,True
b018690,0.0,False,True
b018691,0.0,False,True
b018692,0.0,False,True
b018693,0.0,False,True
b018694,0.0,False,True
b018695,0.0,False,True
b018696,0.0,False,True
b018697,0.0,False,True
b018698,0.0,False,True
b018699,0.0,False,True
b018700,0.0,False,True
b018701,0.0,False,True
b018702,0.0,False,True
b018703,0.0,False,True
b018704,0.0,False,True
b018705,0.0,False,True
b018706,0.0,False,True
b018707,0.0,False,True
b018708,0.0,False,True
b018709,0.0,False,True
b018710,0.0,False,True
b018711,0.0,False,True
b018712,0.0,False,True
b018713,0.0,False,True
b018714,0.0,False,True
b018715,0.0,False,True
b018716,0.0,False,True
b018717,0.0,False,True
b018718,0.0,False,True
b018719,0.0,False,True
b018720,0.0,False,True
b018721,0.0,False,True
b018722,0.0,False,True
b018723,0.0,False,True
b018724,0.0,False,True
b018725,0.0,False,True
b018726,0.0,False,True
b018727,0.1989099383354187,True,True
b018728,0.0,False,True
b018729,0.0,False,True
b018730,0.0,False,True
b018731,0.0,False,True
b018732,0.0,False,True
b018733,0.0,False,True
b018734,0.0,False,True
b018735,0.0,False,True
b018736,0.0,False,True
b018737,0.0,False,True
b018738,0.0,False,True
b018739,0.0,False,True
b018740,0.0,False,True
b018741,0.0,False,True
b018742,0.0,False,True
b018743,0.0,False,True
b018744,0.0,False,True
b018745,0.0,False,True
b018746,0.0,False,True
b018747,0.0,False,True
b018748,0.0,False,True
b018749,0.0,False,True
b018750,0.0,False,True
b018751,0.0,False,True
b018752,0.0,False,True
b018753,0.0,False,True
b018754,0.0,False,True
b018755,0.0,False,True
b018756,0.0,False,True
b018757,0.0,False,True
b018758,0.0,False,True
b018759,0.0,False,True
b018760,0.12767371535301208,True,True
b018761,0.0,False,True
b018762,0.0,False,True
b018763,0.0,False,True
b018764,0.0,False,True
b018765,0.0,False,True
b018766,0.0,False,True
b018767,0.0,False,True
b018768,0.17805816233158112,True,True
b018769,0.0,False,True
b018770,0.0,False,True
b018771,0.0,False,True
b018772,0.0,False,True
b018773,0.0,False,True
b018774,0.0,False,True
b018775,0.0,False,True
b018776,0.0,False,True
b018777,0.0,False,True
b018778,0.0,False,True
b018779,0.0,False,True
b018780,0.0,False,True
b018781,0.0,False,True
b018782,0.0,False,True
b018783,0.0,False,True
b018784,0.0,False,True
b018785,0.0,False,True
b018786,0.0,False,True
b018787,0.0,False,True
b018788,0.0,False,True
b018789,0.7290613651275635,True,True
b018790,0.0,False,True
b018791,0.0,False,True
b018792,0.0,False,True
b018793,0.0,False,True
b018794,0.0,False,True
b018795,0.0,False,True
b018796,0.0,False,True
b018797,0.0,False,True
b018798,0.0,False,True
b018799,0.0,False,True
b018800,0.0,False,True
b018801,0.0,False,True
b018802,0.0,False,True
b018803,0.0,False,True
b018804,0.0,False,True
b018805,0.0,False,True
b018806,0.0,False,True
b018807,0.0,False,True
b018808,0.0,False,True
b018809,0.0,False,True
b018810,0.0,False,True
b018811,0.0,False,True
b018812,0.0,False,True
b018813,0.0,False,True
b018814,0.0,False,True
b018815,0.0,False,True
b018816,0.0,False,True
b018817,0.0,False,True
b018818,0.0,False,True
b018819,0.0,False,True
b018820,0.0,False,True
b018821,0.0,False,True
b018822,0.0,False,True
b018823,0.0,False,True
b018824,0.0,False,True
b018825,0.0,False,True
b018826,0.0,False,True
b018827,0.0,False,True
b018828,0.0,False,True
b018829,0.0,False,True
b018830,0.0,False,True
b018831,0.0,False,True
b018832,0.0,False,True
b018833,0.0,False,True
b018834,0.0,False,True
b018835,0.0,False,True
b018836,0.0,False,True
b018837,0.0,False,True
b018838,0.0,False,True
b018839,0.0,False,True
b018840,0.0,False,True
b018841,0.0,False,True
b018842,0.0,False,True
b018843,0.0,False,True
b018844,0.0,False,True
b018845,0.0,False,True
b018846,0.0,False,True
b018847,0.0,False,True
b018848,0.0,False,True
b018849,0.0,False,True
b018850,0.0,False,True
b018851,0.0,False,True
b018852,0.0,False,True
b018853,0.0,False,True
b018854,0.0,False,True
b018855,0.0,False,True
b018856,0.0,False,True
b018857,0.0,False,True
b018858,0.0,False,True
b018859,0.0,False,True
b018860,0.0,False,True
b018861,0.0,False,True
b018862,0.0,False,True
b018863,0.12241651117801666,True,True
b018864,0.0,False,True
b018865,0.0,False,True
b018866,0.0,False,True
b018867,0.0,False,True
b018868,0.0,False,True
b018869,0.0,False,True
b018870,0.0,False,True
b018871,0.0,False,True
b018872,0.0,False,True
b018873,0.0,False,True
b018874,0.0,False,True
b018875,0.0,False,True
b018876,0.0,False,True
b018877,0.0,False,True
b018878,0.0,False,True
b018879,0.0,False,True
b018880,0.0,False,True
b018881,0.0,False,True
b018882,0.0,False,True
b018883,0.0,False,True
b018884,0.0,False,True
b018885,0.0,False,True
b018886,0.0,False,True
b018887,0.0,False,True
b018888,0.0,False,True
b018889,0.0,False,True
b018890,0.0,False,True
b018891,0.0,False,True
b018892,0.0,False,True
b018893,0.0,False,True
b018894,0.0,False,True
b018895,0.0,False,True
b018896,0.0,False,True
b018897,0.0,False,True
b018898,0.0,False,True
b018899,0.0,False,True
b018900,0.0,False,True
b018901,0.0,False,True
b018902,0.0,False,True
b018903,0.0,False,True
b018904,0.0,False,True
b018905,0.0,False,True
b018906,0.0,False,True
b018907,0.0,False,True
b018908,0.0,False,True
b018909,0.0,False,True
b018910,0.0,False,True
b018911,0.0,False,True
b018912,0.0,False,True
b018913,0.0,False,True
b018914,0.0,False,True
b018915,0.0,False,True
b018916,0.0,False,True
b018917,0.0,False,True
b018918,0.0,False,True
b018919,0.0,False,True
b018920,0.31759127974510193,True,True
b018921,0.0,False,True
b018922,0.0,False,True
b018923,0.0,False,True
b018924,0.0,False,True
b018925,0.0,False,True
b018926,0.0,False,True
b018927,0.0,False,True
b018928,0.0,False,True
b018929,0.0,False,True
b018930,0.0,False,True
b018931,0.0,False,True
b018932,0.0,False,True
b018933,0.0,False,True
b018934,0.0,False,True
b018935,0.0,False,True
b018936,0.0,False,True
b018937,0.0,False,True
b018938,0.0,False,True
b018939,0.0,False,True
b018940,0.0,False,True
b018941,0.0,False,True
b018942,0.0,False,True
b018943,0.0,False,True
b018944,0.0,False,True
b018945,0.0,False,True
b018946,0.0,False,True
b018947,0.0,False,True
b018948,0.0,False,True
b018949,0.0,False,True
b018950,0.0,False,True
b018951,0.0,False,True
b018952,0.0,False,True
b018953,0.0,False,True
b018954,0.0,False,True
b018955,0.0,False,True
b018956,0.0,False,True
b018957,0.0,False,True
b018958,0.0,False,True
b018959,0.0,False,True
b018960,0.0,False,True
b018961,0.0,False,True
b018962,0.0,False,True
b018963,0.0,False,True
b018964,0.0,False,True
b018965,0.0,False,True
b018966,0.0,False,True
b018967,0.0,False,True
b018968,0.0,False,True
b018969,0.0,False,True
b018970,0.0,False,True
b018971,0.0,False,True
b018972,0.0,False,True
b018973,0.0,False,True
b018974,0.0,False,True
b018975,0.0,False,True
b018976,0.0,False,True
b018977,0.0,False,True
b018978,0.0,False,True
b018979,0.0,False,True
b018980,0.0,False,True
b018981,0.0,False,True
b018982,0.0,False,True
b018983,0.0,False,True
b018984,0.0,False,True
b018985,0.13866440951824188,True,True
b018986,0.0,False,True
b018987,0.0,False,True
b018988,0.0,False,True
b018989,0.0,False,True
b018990,0.0,False,True
b018991,0.0,False,True
b018992,0.0,False,True
b018993,0.0,False,True
b018994,0.0,False,True
b018995,0.0,False,True
b018996,0.0,False,True
b018997,0.0,False,True
b018998,0.0,False,True
b018999,0.0,False,True
b019000,0.0,False,True
b019001,0.0,False,True
b019002,0.0,False,True
b019003,0.0,False,True
b019004,0.0,False,True
b019005,0.0,False,True
b019006,0.0,False,True
b019007,0.0,False,True
b019008,0.0,False,True
b019009,0.0,False,True
b019010,0.0,False,True
b019011,0.0,False,True
b019012,0.0,False,True
b019013,0.0,False,True
b019014,0.0,False,True
b019015,0.0,False,True
b019016,0.0,False,True
b019017,0.0,False,True
b019018,0.0,False,True
b019019,0.0,False,True
b019020,0.0,False,True
b019021,0.0,False,True
b019022,0.0,False,True
b019023,0.0,False,True
b019024,0.0,False,True
b019025,0.0,False,True
b019026,0.0,False,True
b019027,0.0,False,True
b019028,0.0,False,True
b019029,0.0,False,True
b019030,0.0,False,True
b019031,0.0,False,True
b019032,0.0,False,True
b019033,0.0,False,True
b019034,0.0,False,True
b019035,0.0,False,True
b019036,0.0,False,True
b019037,0.0,False,True
b019038,0.0,False,True
b019039,0.0,False,True
b019040,0.0,False,True
b019041,0.1843028962612152,True,True
b019042,0.0,False,True
b019043,0.0,False,True
b019044,0.0,False,True
b019045,0.0,False,True
b019046,0.0,False,True
b019047,0.0,False,True
b019048,0.0,False,True
b019049,0.0,False,True
b019050,0.0,False,True
b019051,0.0,False,True
b019052,0.0,False,True
b019053,0.0,False,True
b019054,0.14096468687057495,True,True
b019055,0.0,False,True
b019056,0.10033557564020157,True,True
b019057,0.0,False,True
b019058,0.0,False,True
b019059,0.0,False,True
b019060,0.0,False,True
b019061,0.0,False,True
b019062,0.0,False,True
b019063,0.0,False,True
b019064,0.0,False,True
b019065,0.0,False,True
b019066,0.0,False,True
b019067,0.0,False,True
b019068,0.0,False,True
b019069,0.0,False,True
b019070,0.0,False,True
b019071,0.0,False,True
b019072,0.0,False,True
b019073,0.0,False,True
b019074,0.0,False,True
b019075,0.0,False,True
b019076,0.0,False,True
b019077,0.0,False,True
b019078,0.0,False,True
b019079,0.0,False,True
b019080,0.0,False,True
b019081,0.0,False,True
b019082,0.0,False,True
b019083,0.0,False,True
b019084,0.0,False,True
b019085,0.0,False,True
b019086,0.0,False,True
b019087,0.0,False,True
b019088,0.0,False,True
b019089,0.0,False,True
b019090,0.0,False,True
b019091,0.0,False,True
b019092,0.0,False,True
b019093,0.0,False,True
b019094,0.0,False,True
b019095,0.0,False,True
b019096,0.0,False,True
b019097,0.0,False,True
b019098,0.0,False,True
b019099,0.0,False,True
b019100,0.0,False,True
b019101,0.0,False,True
b019102,0.0,False,True
b019103,0.0,False,True
b019104,0.0,False,True
b019105,0.0,False,True
b019106,0.0,False,True
b019107,0.0,False,True
b019108,0.0,False,True
b019109,0.0,False,True
b019110,0.0,False,True
b019111,0.0,False,True
b019112,0.0,False,True
b019113,0.0,False,True
b019114,0.0,False,True
b019115,0.0,False,True
b019116,0.0,False,True
b019117,0.0,False,True
b019118,0.0,False,True
b019119,0.0,False,True
b019120,0.10789447277784348,True,True
b019121,0.0,False,True
b019122,0.0,False,True
b019123,0.0,False,True
b019124,0.0,False,True
b019125,0.0,False,True
b019126,0.0,False,True
b019127,0.0,False,True
b019128,0.38073205947875977,True,True
b019129,0.0,False,True
b019130,0.0,False,True
b019131,0.0,False,True
b019132,0.0,False,True
b019133,0.0,False,True
b019134,0.0,False,True
b019135,0.0,False,True
b019136,0.0,False,True
b019137,0.0,False,True
b019138,0.0,False,True
b019139,0.0,False,True
b019140,0.0,False,True
b019141,0.0,False,True
b019142,0.0,False,True
b019143,0.0,False,True
b019144,0.0,False,True
b019145,0.0,False,True
b019146,0.0,False,True
b019147,0.0,False,True
b019148,0.0,False,True
b019149,0.0,False,True
b019150,0.0,False,True
b019151,0.0,False,True
b019152,0.0,False,True
b019153,0.0,False,True
b019154,0.0,False,True
b019155,0.0,False,True
b019156,0.5048756003379822,True,True
b019157,0.0,False,True
b019158,0.0,False,True
b019159,0.0,False,True
b019160,0.0,False,True
b019161,0.0,False,True
b019162,0.0,False,True
b019163,0.0,False,True
b019164,0.0,False,True
b019165,0.0,False,True
b019166,0.0,False,True
b019167,0.0,False,True
b019168,0.0,False,True
b019169,0.0,False,True
b019170,0.0,False,True
b019171,0.0,False,True
b019172,0.0,False,True
b019173,0.0,False,True
b019174,0.0,False,True
b019175,0.0,False,True
b019176,0.0,False,True
b019177,0.0,False,True
b019178,0.0,False,True
b019179,0.0,False,True
b019180,0.0,False,True
b019181,0.0,False,True
b019182,0.0,False,True
b019183,0.0,False,True
b019184,0.0,False,True
b019185,0.0,False,True
b019186,0.0,False,True
b019187,0.0,False,True
b019188,0.0,False,True
b019189,0.34881591796875,True,True
b019190,0.0,False,True
b019191,0.0,False,True
b019192,0.0,False,True
b019193,0.0,False,True
b019194,0.0,False,True
b019195,0.0,False,True
b019196,0.0,False,True
b019197,0.0,False,True
b019198,0.0,False,True
b019199,0.0,False,True
b019200,0.0,False,True
b019201,0.0,False,True
b019202,0.0,False,True
b019203,0.0,False,True
b019204,0.0,False,True
b019205,0.5169805288314819,True,True
b019206,0.0,False,True
b019207,0.0,False,True
b019208,0.0,False,True
b019209,0.0,False,True
b019210,0.0,False,True
b019211,0.0,False,True
b019212,0.0,False,True
b019213,0.0,False,True
b019214,0.0,False,True
b019215,0.0,False,True
b019216,0.0,False,True
b019217,0.0,False,True
b019218,0.0,False,True
b019219,0.0,False,True
b019220,0.0,False,True
b019221,0.0,False,True
b019222,0.0,False,True
b019223,0.0,False,True
b019224,0.0,False,True
b019225,0.0,False,True
b019226,0.0,False,True
b019227,0.0,False,True
b019228,0.0,False,True
b019229,0.0,False,True
b019230,0.0,False,True
b019231,0.0,False,True
b019232,0.0,False,True
b019233,0.0,False,True
b019234,0.0,False,True
b019235,0.0,False,True
b019236,0.0,False,True
b019237,0.0,False,True
b019238,0.0,False,True
b019239,0.0,False,True
b019240,0.0,False,True
b019241,0.0,False,True
b019242,0.0,False,True
b019243,0.0,False,True
b019244,0.0,False,True
b019245,0.0,False,True
b019246,0.0,False,True
b019247,0.0,False,True
b019248,0.0,False,True
b019249,0.0,False,True
b019250,0.0,False,True
b019251,0.0,False,True
b019252,0.0,False,True
b019253,0.0,False,True
b019254,0.0,False,True
b019255,0.0,False,True
b019256,0.0,False,True
b019257,0.0,False,True
b019258,0.0,False,True
b019259,0.0,False,True
b019260,0.0,False,True
b019261,0.0,False,True
b019262,0.0,False,True
b019263,0.0,False,True
b019264,0.0,False,True
b019265,0.0,False,True
b019266,0.0,False,True
b019267,0.0,False,True
b019268,0.0,False,True
b019269,0.0,False,True
b019270,0.0,False,True
b019271,0.0,False,True
b019272,0.0,False,True
b019273,0.0,False,True
b019274,0.0,False,True
b019275,0.0,False,True
b019276,0.0,False,True
b019277,0.0,False,True
b019278,0.0,False,True
b019279,0.0,False,True
b019280,0.0,False,True
b019281,0.0,False,True
b019282,0.0,False,True
b019283,0.22959493100643158,True,True
b019284,0.0,False,True
b019285,0.0,False,True
b019286,0.0,False,True
b019287,0.0,False,True
b019288,0.0,False,True
b019289,0.0,False,True
b019290,0.0,False,True
b019291,0.0,False,True
b019292,0.0,False,True
b019293,0.290110319852829,True,True
b019294,0.0,False,True
b019295,0.0,False,True
b019296,0.0,False,True
b019297,0.0,False,True
b019298,0.0,False,True
b019299,0.0,False,True
b019300,0.0,False,True
b019301,0.19901032745838165,True,True
b019302,0.0,False,True
b019303,0.0,False,True
b019304,0.0,False,True
b019305,0.0,False,True
b019306,0.0,False,True
b019307,0.0,False,True
b019308,0.0,False,True
b019309,0.0,False,True
b019310,0.0,False,True
b019311,0.0,False,True
b019312,0.0,False,True
b019313,0.0,False,True
b019314,0.0,False,True
b019315,0.12440412491559982,True,True
b019316,0.0,False,True
b019317,0.0,False,True
b019318,0.0,False,True
b019319,0.0,False,True
b019320,0.0,False,True
b019321,0.0,False,True
b019322,0.0,False,True
b019323,0.0,False,True
b019324,0.0,False,True
b019325,0.0,False,True
b019326,0.0,False,True
b019327,0.0,False,True
b019328,0.0,False,True
b019329,0.0,False,True
b019330,0.0,False,True
b019331,0.0,False,True
b019332,0.0,False,True
b019333,0.0,False,True
b019334,0.22985953092575073,True,True
b019335,0.0,False,True
b019336,0.0,False,True
b019337,0.0,False,True
b019338,0.0,False,True
b019339,0.0,False,True
b019340,0.0,False,True
b019341,0.0,False,True
b019342,0.0,False,True
b019343,0.3850480616092682,True,True
b019344,0.0,False,True
b019345,0.0,False,True
b019346,0.0,False,True
b019347,0.0,False,True
b019348,0.0,False,True
b019349,0.0,False,True
b019350,0.0,False,True
b019351,0.0,False,True
b019352,0.0,False,True
b019353,0.0,False,True
b019354,0.0,False,True
b019355,0.0,False,True
b019356,0.0,False,True
b019357,0.0,False,True
b019358,0.0,False,True
b019359,0.0,False,True
b019360,0.0,False,True
b019361,0.0,False,True
b019362,0.0,False,True
b019363,0.0,False,True
b019364,0.0,False,True
b019365,0.0,False,True
b019366,0.0,False,True
b019367,0.0,False,True
b019368,0.0,False,True
b019369,0.0,False,True
b019370,0.0,False,True
b019371,0.0,False,True
b019372,0.0,False,True
b019373,0.0,False,True
b019374,0.0,False,True
b019375,0.0,False,True
b019376,0.0,False,True
b019377,0.0,False,True
b019378,0.0,False,True
b019379,0.0,False,True
b019380,0.0,False,True
b019381,0.0,False,True
b019382,0.0,False,True
b019383,0.0,False,True
b019384,0.0,False,True
b019385,0.0,False,True
b019386,0.0,False,True
b019387,0.0,False,True
b019388,0.0,False,True
b019389,0.0,False,True
b019390,0.0,False,True
b019391,0.0,False,True
b019392,0.0,False,True
b019393,0.0,False,True
b019394,0.15351881086826324,True,True
b019395,0.0,False,True
b019396,0.0,False,True
b019397,0.0,False,True
b019398,0.0,False,True
b019399,0.0,False,True
b019400,0.0,False,True
b019401,0.0,False,True
b019402,0.0,False,True
b019403,0.0,False,True
b019404,0.0,False,True
b019405,0.0,False,True
b019406,0.0,False,True
b019407,0.0,False,True
b019408,0.0,False,True
b019409,0.0,False,True
b019410,0.0,False,True
b019411,0.0,False,True
b019412,0.0,False,True
b019413,0.0,False,True
b019414,0.0,False,True
b019415,0.0,False,True
b019416,0.0,False,True
b019417,0.0,False,True
b019418,0.0,False,True
b019419,0.0,False,True
b019420,0.0,False,True
b019421,0.0,False,True
b019422,0.0,False,True
b019423,0.0,False,True
b019424,0.0,False,True
b019425,0.0,False,True
b019426,0.0,False,True
b019427,0.0,False,True
b019428,0.0,False,True
b019429,0.0,False,True
b019430,0.0,False,True
b019431,0.0,False,True
b019432,0.0,False,True
b019433,0.0,False,True
b019434,0.0,False,True
b019435,0.0,False,True
b019436,0.0,False,True
b019437,0.0,False,True
b019438,0.0,False,True
b019439,0.0,False,True
b019440,0.0,False,True
b019441,0.0,False,True
b019442,0.0,False,True
b019443,0.0,False,True
b019444,0.0,False,True
b019445,0.0,False,True
b019446,0.0,False,True
b019447,0.0,False,True
b019448,0.0,False,True
b019449,0.0,False,True
b019450,0.0,False,True
b019451,0.0,False,True
b019452,0.0,False,True
b019453,0.11371038854122162,True,True
b019454,0.0,False,True
b019455,0.0,False,True
b019456,0.0,False,True
b019457,0.0,False,True
b019458,0.0,False,True
b019459,0.0,False,True
b019460,0.0,False,True
b019461,0.0,False,True
b019462,0.0,False,True
b019463,0.0,False,True
b019464,0.0,False,True
b019465,0.0,False,True
b019466,0.0,False,True
b019467,0.0,False,True
b019468,0.0,False,True
b019469,0.0,False,True
b019470,0.0,False,True
b019471,0.0,False,True
b019472,0.0,False,True
b019473,0.0,False,True
b019474,0.0,False,True
b019475,0.0,False,True
b019476,0.0,False,True
b019477,0.0,False,True
b019478,0.0,False,True
b019479,0.0,False,True
b019480,0.0,False,True
b019481,0.0,False,True
b019482,0.0,False,True
b019483,0.0,False,True
b019484,0.0,False,True
b019485,0.0,False,True
b019486,0.0,False,True
b019487,0.0,False,True
b019488,0.0,False,True
b019489,0.0,False,True
b019490,0.0,False,True
b019491,0.0,False,True
b019492,0.0,False,True
b019493,0.4452100992202759,True,True
b019494,0.0,False,True
b019495,0.0,False,True
b019496,0.0,False,True
b019497,0.0,False,True
b019498,0.0,False,True
b019499,0.0,False,True
b019500,0.0,False,True
b019501,0.0,False,True
b019502,0.0,False,True
b019503,0.0,False,True
b019504,0.0,False,True
b019505,0.0,False,True
b019506,0.1189127042889595,True,True
b019507,0.0,False,True
b019508,0.0,False,True
b019509,0.0,False,True
b019510,0.0,False,True
b019511,0.0,False,True
b019512,0.0,False,True
b019513,0.0,False,True
b019514,0.0,False,True
b019515,0.0,False,True
b019516,0.0,False,True
b019517,0.0,False,True
b019518,0.0,False,True
b019519,0.0,False,True
b019520,0.0,False,True
b019521,0.0,False,True
b019522,0.0,False,True
b019523,0.0,False,True
b019524,0.0,False,True
b019525,0.0,False,True
b019526,0.0,False,True
b019527,0.0,False,True
b019528,0.0,False,True
b019529,0.0,False,True
b019530,0.0,False,True
b019531,0.0,False,True
b019532,0.0,False,True
b019533,0.0,False,True
b019534,0.0,False,True
b019535,0.0,False,True
b019536,0.0,False,True
b019537,0.0,False,True
b019538,0.0,False,True
b019539,0.0,False,True
b019540,0.0,False,True
b019541,0.0,False,True
b019542,0.0,False,True
b019543,0.0,False,True
b019544,0.0,False,True
b019545,0.0,False,True
b019546,0.0,False,True
b019547,0.0,False,True
b019548,0.0,False,True
b019549,0.0,False,True
b019550,0.0,False,True
b019551,0.0,False,True
b019552,0.0,False,True
b019553,0.0,False,True
b019554,0.0,False,True
b019555,0.0,False,True
b019556,0.0,False,True
b019557,0.0,False,True
b019558,0.0,False,True
b019559,0.0,False,True
b019560,0.0,False,True
b019561,0.0,False,True
b019562,0.0,False,True
b019563,0.0,False,True
b019564,0.0,False,True
b019565,0.0,False,True
b019566,0.0,False,True
b019567,0.0,False,True
b019568,0.0,False,True
b019569,0.0,False,True
b019570,0.0,False,True
b019571,0.0,False,True
b019572,0.0,False,True
b019573,0.0,False,True
b019574,0.0,False,True
b019575,0.0,False,True
b019576,0.0,False,True
b019577,0.0,False,True
b019578,0.0,False,True
b019579,0.0,False,True
b019580,0.0,False,True
b019581,0.0,False,True
b019582,0.0,False,True
b019583,0.0,False,True
b019584,0.0,False,True
b019585,0.0,False,True
b019586,0.0,False,True
b019587,0.0,False,True
b019588,0.12075432389974594,True,True
b019589,0.0,False,True
b019590,0.0,False,True
b019591,0.0,False,True
b019592,0.0,False,True
b019593,0.0,False,True
b019594,0.0,False,True
b019595,0.628404974937439,True,True
b019596,0.0,False,True
b019597,0.0,False,True
b019598,0.0,False,True
b019599,0.0,False,True
b019600,0.0,False,True
b019601,0.0,False,True
b019602,0.0,False,True
b019603,0.0,False,True
b019604,0.0,False,True
b019605,0.0,False,True
b019606,0.0,False,True
b019607,0.0,False,True
b019608,0.0,False,True
b019609,0.0,False,True
b019610,0.0,False,True
b019611,0.0,False,True
b019612,0.0,False,True
b019613,0.0,False,True
b019614,0.0,False,True
b019615,0.0,False,True
b019616,0.0,False,True
b019617,0.0,False,True
b019618,0.0,False,True
b019619,0.0,False,True
b019620,0.0,False,True
b019621,0.10267321765422821,True,True
b019622,0.0,False,True
b019623,0.0,False,True
b019624,0.0,False,True
b019625,0.0,False,True
b019626,0.0,False,True
b019627,0.0,False,True
b019628,0.0,False,True
b019629,0.0,False,True
b019630,0.0,False,True
b019631,0.0,False,True
b019632,0.0,False,True
b019633,0.0,False,True
b019634,0.0,False,True
b019635,0.0,False,True
b019636,0.25042393803596497,True,True
b019637,0.0,False,True
b019638,0.0,False,True
b019639,0.0,False,True
b019640,0.0,False,True
b019641,0.0,False,True
b019642,0.4030107855796814,True,True
b019643,0.0,False,True
b019644,0.0,False,True
b019645,0.0,False,True
b019646,0.0,False,True
b019647,0.0,False,True
b019648,0.0,False,True
b019649,0.0,False,True
b019650,0.0,False,True
b019651,0.0,False,True
b019652,0.0,False,True
b019653,0.0,False,True
b019654,0.0,False,True
b019655,0.0,False,True
b019656,0.0,False,True
b019657,0.0,False,True
b019658,0.0,False,True
b019659,0.0,False,True
b019660,0.0,False,True
b019661,0.0,False,True
b019662,0.0,False,True
b019663,0.0,False,True
b019664,0.0,False,True
b019665,0.0,False,True
b019666,0.0,False,True
b019667,0.0,False,True
b019668,0.0,False,True
b019669,0.0,False,True
b019670,0.0,False,True
b019671,0.0,False,True
b019672,0.0,False,True
b019673,0.0,False,True
b019674,0.0,False,True
b019675,0.0,False,True
b019676,0.0,False,True
b019677,0.0,False,True
b019678,0.0,False,True
b019679,0.0,False,True
b019680,0.0,False,True
b019681,0.0,False,True
b019682,0.0,False,True
b019683,0.0,False,True
b019684,0.0,False,True
b019685,0.0,False,True
b019686,0.0,False,True
b019687,0.0,False,True
b019688,0.0,False,True
b019689,0.0,False,True
b019690,0.0,False,True
b019691,0.0,False,True
b019692,0.0,False,True
b019693,0.0,False,True
b019694,0.0,False,True
b019695,0.0,False,True
b019696,0.0,False,True
b019697,0.0,False,True
b019698,0.0,False,True
b019699,0.0,False,True
b019700,0.0,False,True
b019701,0.0,False,True
b019702,0.0,False,True
b019703,0.0,False,True
b019704,0.0,False,True
b019705,0.19172139465808868,True,True
b019706,0.0,False,True
b019707,0.0,False,True
b019708,0.0,False,True
b019709,0.0,False,True
b019710,0.0,False,True
b019711,0.0,False,True
b019712,0.0,False,True
b019713,0.0,False,True
b019714,0.0,False,True
b019715,0.17459377646446228,True,True
b019716,0.0,False,True
b019717,0.0,False,True
b019718,0.0,False,True
b019719,0.0,False,True
b019720,0.0,False,True
b019721,0.0,False,True
b019722,0.0,False,True
b019723,0.0,False,True
b019724,0.0,False,True
b019725,0.11083752661943436,True,True
b019726,0.0,False,True
b019727,0.0,False,True
b019728,0.0,False,True
b019729,0.0,False,True
b019730,0.0,False,True
b019731,0.0,False,True
b019732,0.0,False,True
b019733,0.0,False,True
b019734,0.0,False,True
b019735,0.0,False,True
b019736,0.0,False,True
b019737,0.0,False,True
b019738,0.0,False,True
b019739,0.0,False,True
b019740,0.0,False,True
b019741,0.0,False,True
b019742,0.0,False,True
b019743,0.10439532995223999,True,True
b019744,0.0,False,True
b019745,0.0,False,True
b019746,0.0,False,True
b019747,0.0,False,True
b019748,0.0,False,True
b019749,0.0,False,True
b019750,0.0,False,True
b019751,0.0,False,True
b019752,0.0,False,True
b019753,0.0,False,True
b019754,0.0,False,True
b019755,0.0,False,True
b019756,0.0,False,True
b019757,0.0,False,True
b019758,0.0,False,True
b019759,0.0,False,True
b019760,0.0,False,True
b019761,0.0,False,True
b019762,0.0,False,True
b019763,0.0,False,True
b019764,0.0,False,True
b019765,0.0,False,True
b019766,0.0,False,True
b019767,0.0,False,True
b019768,0.0,False,True
b019769,0.0,False,True
b019770,0.0,False,True
b019771,0.0,False,True
b019772,0.0,False,True
b019773,0.0,False,True
b019774,0.0,False,True
b019775,0.0,False,True
b019776,0.0,False,True
b019777,0.0,False,True
b019778,0.0,False,True
b019779,0.0,False,True
b019780,0.0,False,True
b019781,0.0,False,True
b019782,0.0,False,True
b019783,0.0,False,True
b019784,0.0,False,True
b019785,0.0,False,True
b019786,0.0,False,True
b019787,0.0,False,True
b019788,0.0,False,True
b019789,0.0,False,True
b019790,0.0,False,True
b019791,0.0,False,True
b019792,0.0,False,True
b019793,0.0,False,True
b019794,0.0,False,True
b019795,0.0,False,True
b019796,0.0,False,True
b019797,0.0,False,True
b019798,0.0,False,True
b019799,0.0,False,True
b019800,0.0,False,True
b019801,0.11852254718542099,True,True
b019802,0.0,False,True
b019803,0.0,False,True
b019804,0.0,False,True
b019805,0.0,False,True
b019806,0.0,False,True
b019807,0.0,False,True
b019808,0.0,False,True
b019809,0.0,False,True
b019810,0.0,False,True
b019811,0.0,False,True
b019812,0.0,False,True
b019813,0.0,False,True
b019814,0.0,False,True
b019815,0.0,False,True
b019816,0.0,False,True
b019817,0.0,False,True
b019818,0.0,False,True
b019819,0.0,False,True
b019820,0.0,False,True
b019821,0.0,False,True
b019822,0.0,False,True
b019823,0.0,False,True
b019824,0.0,False,True
b019825,0.0,False,True
b019826,0.0,False,True
b019827,0.0,False,True
b019828,0.0,False,True
b019829,0.11048087477684021,True,True
b019830,0.0,False,True
b019831,0.0,False,True
b019832,0.0,False,True
b019833,0.0,False,True
b019834,0.0,False,True
b019835,0.0,False,True
b019836,0.0,False,True
b019837,0.0,False,True
b019838,0.4200614094734192,True,True
b019839,0.0,False,True
b019840,0.0,False,True
b019841,0.0,False,True
b019842,0.0,False,True
b019843,0.0,False,True
b019844,0.0,False,True
b019845,0.0,False,True
b019846,0.38950061798095703,True,True
b019847,0.0,False,True
b019848,0.0,False,True
b019849,0.0,False,True
b019850,0.0,False,True
b019851,0.0,False,True
b019852,0.0,False,True
b019853,0.3802531361579895,True,True
b019854,0.0,False,True
b019855,0.0,False,True
b019856,0.0,False,True
b019857,0.0,False,True
b019858,0.0,False,True
b019859,0.0,False,True
b019860,0.0,False,True
b019861,0.0,False,True
b019862,0.0,False,True
b019863,0.0,False,True
b019864,0.0,False,True
b019865,0.0,False,True
b019866,0.0,False,True
b019867,0.0,False,True
b019868,0.0,False,True
b019869,0.0,False,True
b019870,0.0,False,True
b019871,0.0,False,True
b019872,0.0,False,True
b019873,0.0,False,True
b019874,0.0,False,True
b019875,0.0,False,True
b019876,0.0,False,True
b019877,0.0,False,True
b019878,0.0,False,True
b019879,0.0,False,True
b019880,0.0,False,True
b019881,0.0,False,True
b019882,0.0,False,True
b019883,0.0,False,True
b019884,0.0,False,True
b019885,0.0,False,True
b019886,0.0,False,True
b019887,0.0,False,True
b019888,0.0,False,True
b019889,0.0,False,True
b019890,0.0,False,True
b019891,0.0,False,True
b019892,0.0,False,True
b019893,0.0,False,True
b019894,0.0,False,True
b019895,0.0,False,True
b019896,0.0,False,True
b019897,0.0,False,True
b019898,0.0,False,True
b019899,0.0,False,True
b019900,0.0,False,True
b019901,0.0,False,True
b019902,0.0,False,True
b019903,0.0,False,True
b019904,0.0,False,True
b019905,0.0,False,True
b019906,0.0,False,True
b019907,0.0,False,True
b019908,0.0,False,True
b019909,0.0,False,True
b019910,0.0,False,True
b019911,0.0,False,True
b019912,0.0,False,True
b019913,0.0,False,True
b019914,0.0,False,True
b019915,0.0,False,True
b019916,0.0,False,True
b019917,0.0,False,True
b019918,0.0,False,True
b019919,0.0,False,True
b019920,0.21374981105327606,True,True
b019921,0.15964673459529877,True,True
b019922,0.0,False,True
b019923,0.0,False,True
b019924,0.0,False,True
b019925,0.0,False,True
b019926,0.0,False,True
b019927,0.11298197507858276,True,True
b019928,0.0,False,True
b019929,0.0,False,True
b019930,0.342986524105072,True,True
b019931,0.0,False,True
b019932,0.0,False,True
b019933,0.0,False,True
b019934,0.0,False,True
b019935,0.0,False,True
b019936,0.0,False,True
b019937,0.0,False,True
b019938,0.0,False,True
b019939,0.0,False,True
b019940,0.0,False,True
b019941,0.0,False,True
b019942,0.0,False,True
b019943,0.0,False,True
b019944,0.0,False,True
b019945,0.0,False,True
b019946,0.0,False,True
b019947,0.0,False,True
b019948,0.0,False,True
b019949,0.0,False,True
b019950,0.0,False,True
b019951,0.0,False,True
b019952,0.0,False,True
b019953,0.0,False,True
b019954,0.0,False,True
b019955,0.0,False,True
b019956,0.0,False,True
b019957,0.0,False,True
b019958,0.0,False,True
b019959,0.0,False,True
b019960,0.0,False,True
b019961,0.0,False,True
b019962,0.0,False,True
b019963,0.0,False,True
b019964,0.0,False,True
b019965,0.0,False,True
b019966,0.0,False,True
b019967,0.0,False,True
b019968,0.0,False,True
b019969,0.0,False,True
b019970,0.0,False,True
b019971,0.0,False,True
b019972,0.0,False,True
b019973,0.0,False,True
b019974,0.0,False,True
b019975,0.0,False,True
b019976,0.0,False,True
b019977,0.0,False,True
b019978,0.0,False,True
b019979,0.0,False,True
b019980,0.0,False,True
b019981,0.0,False,True
b019982,0.0,False,True
b019983,0.0,False,True
b019984,0.0,False,True
b019985,0.0,False,True
b019986,0.0,False,True
b019987,0.0,False,True
b019988,0.0,False,True
b019989,0.0,False,True
b019990,0.0,False,True
b019991,0.0,False,True
b019992,0.0,False,True
b019993,0.0,False,True
b019994,0.0,False,True
b019995,0.0,False,True
b019996,0.0,False,True
b019997,0.0,False,True
b019998,0.0,False,True
b019999,0.0,False,True
b020000,0.0,False,True
b020001,0.0,False,True
b020002,0.0,False,True
b020003,0.0,False,True
b020004,0.0,False,True
b020005,0.0,False,True
b020006,0.0,False,True
b020007,0.0,False,True
b020008,0.0,False,True
b020009,0.0,False,True
b020010,0.0,False,True
b020011,0.0,False,True
b020012,0.20990461111068726,True,True
b020013,0.0,False,True
b020014,0.0,False,True
b020015,0.0,False,True
b020016,0.0,False,True
b020017,0.12348403036594391,True,True
b020018,0.0,False,True
b020019,0.0,False,True
b020020,0.0,False,True
b020021,0.0,False,True
b020022,0.0,False,True
b020023,0.0,False,True
b020024,0.0,False,True
b020025,0.10961995273828506,True,True
b020026,0.0,False,True
b020027,0.0,False,True
b020028,0.11707023531198502,True,True
b020029,0.0,False,True
b020030,0.0,False,True
b020031,0.513435959815979,True,True
b020032,0.0,False,True
b020033,0.0,False,True
b020034,0.0,False,True
b020035,0.0,False,True
b020036,0.0,False,True
b020037,0.0,False,True
b020038,0.0,False,True
b020039,0.0,False,True
b020040,0.0,False,True
b020041,0.0,False,True
b020042,0.0,False,True
b020043,0.0,False,True
b020044,0.0,False,True
b020045,0.0,False,True
b020046,0.0,False,True
b020047,0.0,False,True
b020048,0.0,False,True
b020049,0.0,False,True
b020050,0.0,False,True
b020051,0.0,False,True
b020052,0.0,False,True
b020053,0.0,False,True
b020054,0.0,False,True
b020055,0.0,False,True
b020056,0.0,False,True
b020057,0.0,False,True
b020058,0.0,False,True
b020059,0.0,False,True
b020060,0.0,False,True
b020061,0.0,False,True
b020062,0.0,False,True
b020063,0.0,False,True
b020064,0.0,False,True
b020065,0.0,False,True
b020066,0.0,False,True
b020067,0.0,False,True
b020068,0.0,False,True
b020069,0.0,False,True
b020070,0.0,False,True
b020071,0.0,False,True
b020072,0.0,False,True
b020073,0.0,False,True
b020074,0.0,False,True
b020075,0.0,False,True
b020076,0.0,False,True
b020077,0.0,False,True
b020078,0.0,False,True
b020079,0.0,False,True
b020080,0.0,False,True
b020081,0.0,False,True
b020082,0.0,False,True
b020083,0.0,False,True
b020084,0.0,False,True
b020085,0.0,False,True
b020086,0.0,False,True
b020087,0.0,False,True
b020088,0.0,False,True
b020089,0.0,False,True
b020090,0.0,False,True
b020091,0.0,False,True
b020092,0.0,False,True
b020093,0.0,False,True
b020094,0.0,False,True
b020095,0.0,False,True
b020096,0.0,False,True
b020097,0.0,False,True
b020098,0.0,False,True
b020099,0.0,False,True
b020100,0.0,False,True
b020101,0.0,False,True
b020102,0.0,False,True
b020103,0.0,False,True
b020104,0.0,False,True
b020105,0.0,False,True
b020106,0.0,False,True
b020107,0.0,False,True
b020108,0.0,False,True
b020109,0.0,False,True
b020110,0.11579333245754242,True,True
b020111,0.3258243203163147,True,True
b020112,0.0,False,True
b020113,0.0,False,True
b020114,0.0,False,True
b020115,0.0,False,True
b020116,0.0,False,True
b020117,0.1183868870139122,True,True
b020118,0.0,False,True
b020119,0.0,False,True
b020120,0.0,False,True
b020121,0.0,False,True
b020122,0.0,False,True
b020123,0.0,False,True
b020124,0.0,False,True
b020125,0.0,False,True
b020126,0.16609254479408264,True,True
b020127,0.0,False,True
b020128,0.0,False,True
b020129,0.0,False,True
b020130,0.0,False,True
b020131,0.0,False,True
b020132,0.0,False,True
b020133,0.0,False,True
b020134,0.0,False,True
b020135,0.0,False,True
b020136,0.0,False,True
b020137,0.0,False,True
b020138,0.0,False,True
b020139,0.0,False,True
b020140,0.0,False,True
b020141,0.0,False,True
b020142,0.0,False,True
b020143,0.0,False,True
b020144,0.0,False,True
b020145,0.0,False,True
b020146,0.0,False,True
b020147,0.0,False,True
b020148,0.0,False,True
b020149,0.0,False,True
b020150,0.0,False,True
b020151,0.0,False,True
b020152,0.0,False,True
b020153,0.3811505138874054,True,True
b020154,0.0,False,True
b020155,0.0,False,True
b020156,0.0,False,True
b020157,0.0,False,True
b020158,0.0,False,True
b020159,0.12783931195735931,True,True
b020160,0.0,False,True
b020161,0.0,False,True
b020162,0.0,False,True
b020163,0.0,False,True
b020164,0.0,False,True
b020165,0.0,False,True
b020166,0.0,False,True
b020167,0.0,False,True
b020168,0.0,False,True
b020169,0.0,False,True
b020170,0.0,False,True
b020171,0.0,False,True
b020172,0.0,False,True
b020173,0.0,False,True
b020174,0.0,False,True
b020175,0.0,False,True
b020176,0.0,False,True
b020177,0.0,False,True
b020178,0.0,False,True
b020179,0.0,False,True
b020180,0.0,False,True
b020181,0.0,False,True
b020182,0.0,False,True
b020183,0.0,False,True
b020184,0.0,False,True
b020185,0.0,False,True
b020186,0.0,False,True
b020187,0.0,False,True
b020188,0.0,False,True
b020189,0.0,False,True
b020190,0.0,False,True
b020191,0.0,False,True
b020192,0.0,False,True
b020193,0.0,False,True
b020194,0.0,False,True
b020195,0.0,False,True
b020196,0.0,False,True
b020197,0.0,False,True
b020198,0.0,False,True
b020199,0.0,False,True
b020200,0.0,False,True
b020201,0.0,False,True
b020202,0.0,False,True
b020203,0.0,False,True
b020204,0.0,False,True
b020205,0.0,False,True
b020206,0.0,False,True
b020207,0.0,False,True
b020208,0.0,False,True
b020209,0.0,False,True
b020210,0.0,False,True
b020211,0.0,False,True
b020212,0.0,False,True
b020213,0.5006983280181885,True,True
b020214,0.0,False,True
b020215,0.0,False,True
b020216,0.0,False,True
b020217,0.0,False,True
b020218,0.0,False,True
b020219,0.0,False,True
b020220,0.0,False,True
b020221,0.0,False,True
b020222,0.0,False,True
b020223,0.0,False,True
b020224,0.0,False,True
b020225,0.0,False,True
b020226,0.0,False,True
b020227,0.0,False,True
b020228,0.0,False,True
b020229,0.0,False,True
b020230,0.0,False,True
b020231,0.0,False,True
b020232,0.0,False,True
b020233,0.0,False,True
b020234,0.0,False,True
b020235,0.14822162687778473,True,True
b020236,0.0,False,True
b020237,0.0,False,True
b020238,0.0,False,True
b020239,0.0,False,True
b020240,0.0,False,True
b020241,0.0,False,True
b020242,0.0,False,True
b020243,0.0,False,True
b020244,0.0,False,True
b020245,0.0,False,True
b020246,0.0,False,True
b020247,0.0,False,True
b020248,0.0,False,True
b020249,0.0,False,True
b020250,0.13425259292125702,True,True
b020251,0.0,False,True
b020252,0.0,False,True
b020253,0.0,False,True
b020254,0.0,False,True
b020255,0.0,False,True
b020256,0.0,False,True
b020257,0.0,False,True
b020258,0.0,False,True
b020259,0.0,False,True
b020260,0.0,False,True
b020261,0.0,False,True
b020262,0.0,False,True
b020263,0.0,False,True
b020264,0.0,False,True
b020265,0.47508519887924194,True,True
b020266,0.0,False,True
b020267,0.0,False,True
b020268,0.0,False,True
b020269,0.1112172082066536,True,True
b020270,0.0,False,True
b020271,0.0,False,True
b020272,0.0,False,True
b020273,0.0,False,True
b020274,0.0,False,True
b020275,0.0,False,True
b020276,0.13982464373111725,True,True
b020277,0.0,False,True
b020278,0.0,False,True
b020279,0.0,False,True
b020280,0.0,False,True
b020281,0.0,False,True
b020282,0.0,False,True
b020283,0.39183446764945984,True,True
b020284,0.0,False,True
b020285,0.0,False,True
b020286,0.0,False,True
b020287,0.0,False,True
b020288,0.0,False,True
b020289,0.0,False,True
b020290,0.0,False,True
b020291,0.0,False,True
b020292,0.0,False,True
b020293,0.0,False,True
b020294,0.0,False,True
b020295,0.0,False,True
b020296,0.0,False,True
b020297,0.0,False,True
b020298,0.0,False,True
b020299,0.0,False,True
b020300,0.0,False,True
b020301,0.0,False,True
b020302,0.0,False,True
b020303,0.0,False,True
b020304,0.0,False,True
b020305,0.0,False,True
b020306,0.0,False,True
b020307,0.0,False,True
b020308,0.0,False,True
b020309,0.0,False,True
b020310,0.0,False,True
b020311,0.0,False,True
b020312,0.0,False,True
b020313,0.0,False,True
b020314,0.0,False,True
b020315,0.0,False,True
b020316,0.0,False,True
b020317,0.0,False,True
b020318,0.0,False,True
b020319,0.6234976649284363,True,True
b020320,0.1770292967557907,True,True
b020321,0.0,False,True
b020322,0.0,False,True
b020323,0.0,False,True
b020324,0.0,False,True
b020325,0.0,False,True
b020326,0.0,False,True
b020327,0.0,False,True
b020328,0.0,False,True
b020329,0.0,False,True
b020330,0.0,False,True
b020331,0.0,False,True
b020332,0.0,False,True
b020333,0.0,False,True
b020334,0.0,False,True
b020335,0.0,False,True
b020336,0.0,False,True
b020337,0.0,False,True
b020338,0.0,False,True
b020339,0.0,False,True
b020340,0.0,False,True
b020341,0.0,False,True
b020342,0.0,False,True
b020343,0.0,False,True
b020344,0.0,False,True
b020345,0.0,False,True
b020346,0.0,False,True
b020347,0.0,False,True
b020348,0.0,False,True
b020349,0.0,False,True
b020350,0.0,False,True
b020351,0.0,False,True
b020352,0.0,False,True
b020353,0.0,False,True
b020354,0.0,False,True
b020355,0.1496414840221405,True,True
b020356,0.0,False,True
b020357,0.0,False,True
b020358,0.0,False,True
b020359,0.0,False,True
b020360,0.0,False,True
b020361,0.0,False,True
b020362,0.0,False,True
b020363,0.0,False,True
b020364,0.14352452754974365,True,True
b020365,0.0,False,True
b020366,0.0,False,True
b020367,0.0,False,True
b020368,0.0,False,True
b020369,0.0,False,True
b020370,0.0,False,True
b020371,0.0,False,True
b020372,0.0,False,True
b020373,0.40944597125053406,True,True
b020374,0.0,False,True
b020375,0.2278386801481247,True,True
b020376,0.0,False,True
b020377,0.0,False,True
b020378,0.0,False,True
b020379,0.0,False,True
b020380,0.0,False,True
b020381,0.0,False,True
b020382,0.0,False,True
b020383,0.0,False,True
b020384,0.0,False,True
b020385,0.0,False,True
b020386,0.0,False,True
b020387,0.0,False,True
b020388,0.0,False,True
b020389,0.0,False,True
b020390,0.768865168094635,True,True
b020391,0.0,False,True
b020392,0.0,False,True
b020393,0.0,False,True
b020394,0.0,False,True
b020395,0.0,False,True
b020396,0.0,False,True
b020397,0.0,False,True
b020398,0.0,False,True
b020399,0.2150152027606964,True,True
b020400,0.0,False,True
b020401,0.0,False,True
b020402,0.0,False,True
b020403,0.0,False,True
b020404,0.0,False,True
b020405,0.7895635962486267,True,True
b020406,0.0,False,True
b020407,0.0,False,True
b020408,0.0,False,True
b020409,0.0,False,True
b020410,0.0,False,True
b020411,0.0,False,True
b020412,0.0,False,True
b020413,0.0,False,True
b020414,0.0,False,True
b020415,0.0,False,True
b020416,0.0,False,True
b020417,0.0,False,True
b020418,0.0,False,True
b020419,0.0,False,True
b020420,0.0,False,True
b020421,0.0,False,True
b020422,0.0,False,True
b020423,0.0,False,True
b020424,0.0,False,True
b020425,0.0,False,True
b020426,0.0,False,True
b020427,0.0,False,True
b020428,0.0,False,True
b020429,0.0,False,True
b020430,0.18144968152046204,True,True
b020431,0.0,False,True
b020432,0.0,False,True
b020433,0.0,False,True
b020434,0.0,False,True
b020435,0.0,False,True
b020436,0.0,False,True
b020437,0.0,False,True
b020438,0.0,False,True
b020439,0.0,False,True
b020440,0.0,False,True
b020441,0.0,False,True
b020442,0.0,False,True
b020443,0.0,False,True
b020444,0.0,False,True
b020445,0.0,False,True
b020446,0.23989686369895935,True,True
b020447,0.0,False,True
b020448,0.0,False,True
b020449,0.0,False,True
b020450,0.0,False,True
b020451,0.0,False,True
b020452,0.0,False,True
b020453,0.0,False,True
b020454,0.0,False,True
b020455,0.0,False,True
b020456,0.0,False,True
b020457,0.0,False,True
b020458,0.0,False,True
b020459,0.0,False,True
b020460,0.0,False,True
b020461,0.0,False,True
b020462,0.0,False,True
b020463,0.0,False,True
b020464,0.0,False,True
b020465,0.0,False,True
b020466,0.0,False,True
b020467,0.0,False,True
b020468,0.0,False,True
b020469,0.0,False,True
b020470,0.0,False,True
b020471,0.0,False,True
b020472,0.0,False,True
b020473,0.0,False,True
b020474,0.0,False,True
b020475,0.0,False,True
b020476,0.0,False,True
b020477,0.0,False,True
b020478,0.0,False,True
b020479,0.0,False,True
b020480,0.0,False,True
b020481,0.0,False,True
b020482,0.0,False,True
b020483,0.0,False,True
b020484,0.0,False,True
b020485,0.0,False,True
b020486,0.21220101416110992,True,True
b020487,0.0,False,True
b020488,0.0,False,True
b020489,0.0,False,True
b020490,0.0,False,True
b020491,0.0,False,True
b020492,0.1493753343820572,True,True
b020493,0.2629111409187317,True,True
b020494,0.0,False,True
b020495,0.0,False,True
b020496,0.0,False,True
b020497,0.0,False,True
b020498,0.0,False,True
b020499,0.0,False,True
b020500,0.0,False,True
b020501,0.0,False,True
b020502,0.0,False,True
b020503,0.0,False,True
b020504,0.0,False,True
b020505,0.0,False,True
b020506,0.0,False,True
b020507,0.0,False,True
b020508,0.0,False,True
b020509,0.0,False,True
b020510,0.0,False,True
b020511,0.0,False,True
b020512,0.0,False,True
b020513,0.0,False,True
b020514,0.0,False,True
b020515,0.7535086274147034,True,True
b020516,0.0,False,True
b020517,0.0,False,True
b020518,0.0,False,True
b020519,0.0,False,True
b020520,0.0,False,True
b020521,0.0,False,True
b020522,0.0,False,True
b020523,0.6690628528594971,True,True
b020524,0.0,False,True
b020525,0.0,False,True
b020526,0.0,False,True
b020527,0.0,False,True
b020528,0.0,False,True
b020529,0.0,False,True
b020530,0.0,False,True
b020531,0.0,False,True
b020532,0.0,False,True
b020533,0.17205531895160675,True,True
b020534,0.0,False,True
b020535,0.13207422196865082,True,True
b020536,0.0,False,True
b020537,0.0,False,True
b020538,0.0,False,True
b020539,0.0,False,True
b020540,0.0,False,True
b020541,0.0,False,True
b020542,0.0,False,True
b020543,0.0,False,True
b020544,0.0,False,True
b020545,0.0,False,True
b020546,0.0,False,True
b020547,0.0,False,True
b020548,0.0,False,True
b020549,0.0,False,True
b020550,0.0,False,True
b020551,0.0,False,True
b020552,0.0,False,True
b020553,0.0,False,True
b020554,0.0,False,True
b020555,0.24709807336330414,True,True
b020556,0.0,False,True
b020557,0.0,False,True
b020558,0.0,False,True
b020559,0.0,False,True
b020560,0.15948276221752167,True,True
b020561,0.0,False,True
b020562,0.24935394525527954,True,True
b020563,0.0,False,True
b020564,0.0,False,True
b020565,0.0,False,True
b020566,0.23004630208015442,True,True
b020567,0.0,False,True
b020568,0.0,False,True
b020569,0.0,False,True
b020570,0.0,False,True
b020571,0.0,False,True
b020572,0.0,False,True
b020573,0.0,False,True
b020574,0.0,False,True
b020575,0.0,False,True
b020576,0.0,False,True
b020577,0.0,False,True
b020578,0.0,False,True
b020579,0.0,False,True
b020580,0.0,False,True
b020581,0.0,False,True
b020582,0.0,False,True
b020583,0.0,False,True
b020584,0.0,False,True
b020585,0.0,False,True
b020586,0.0,False,True
b020587,0.0,False,True
b020588,0.0,False,True
b020589,0.0,False,True
b020590,0.0,False,True
b020591,0.0,False,True
b020592,0.0,False,True
b020593,0.5691855549812317,True,True
b020594,0.0,False,True
b020595,0.0,False,True
b020596,0.0,False,True
b020597,0.4127212166786194,True,True
b020598,0.0,False,True
b020599,0.0,False,True
b020600,0.0,False,True
b020601,0.0,False,True
b020602,0.0,False,True
b020603,0.0,False,True
b020604,0.0,False,True
b020605,0.0,False,True
b020606,0.0,False,True
b020607,0.0,False,True
b020608,0.0,False,True
b020609,0.0,False,True
b020610,0.0,False,True
b020611,0.0,False,True
b020612,0.0,False,True
b020613,0.0,False,True
b020614,0.0,False,True
b020615,0.0,False,True
b020616,0.0,False,True
b020617,0.0,False,True
b020618,0.0,False,True
b020619,0.0,False,True
b020620,0.0,False,True
b020621,0.0,False,True
b020622,0.0,False,True
b020623,0.0,False,True
b020624,0.0,False,True
b020625,0.0,False,True
b020626,0.0,False,True
b020627,0.0,False,True
b020628,0.0,False,True
b020629,0.0,False,True
b020630,0.0,False,True
b020631,0.0,False,True
b020632,0.0,False,True
b020633,0.0,False,True
b020634,0.0,False,True
b020635,0.0,False,True
b020636,0.0,False,True
b020637,0.0,False,True
b020638,0.0,False,True
b020639,0.0,False,True
b020640,0.0,False,True
b020641,0.0,False,True
b020642,0.0,False,True
b020643,0.0,False,True
b020644,0.0,False,True
b020645,0.0,False,True
b020646,0.0,False,True
b020647,0.0,False,True
b020648,0.11304095387458801,True,True
b020649,0.0,False,True
b020650,0.10238641500473022,True,True
b020651,0.0,False,True
b020652,0.0,False,True
b020653,0.0,False,True
b020654,0.0,False,True
b020655,0.0,False,True
b020656,0.0,False,True
b020657,0.0,False,True
b020658,0.0,False,True
b020659,0.0,False,True
b020660,0.0,False,True
b020661,0.0,False,True
b020662,0.0,False,True
b020663,0.0,False,True
b020664,0.0,False,True
b020665,0.0,False,True
b020666,0.0,False,True
b020667,0.0,False,True
b020668,0.0,False,True
b020669,0.0,False,True
b020670,0.0,False,True
b020671,0.0,False,True
b020672,0.0,False,True
b020673,0.0,False,True
b020674,0.11943815648555756,True,True
b020675,0.0,False,True
b020676,0.0,False,True
b020677,0.0,False,True
b020678,0.0,False,True
b020679,0.0,False,True
b020680,0.0,False,True
b020681,0.0,False,True
b020682,0.0,False,True
b020683,0.0,False,True
b020684,0.0,False,True
b020685,0.0,False,True
b020686,0.0,False,True
b020687,0.0,False,True
b020688,0.0,False,True
b020689,0.0,False,True
b020690,0.0,False,True
b020691,0.0,False,True
b020692,0.0,False,True
b020693,0.0,False,True
b020694,0.0,False,True
b020695,0.0,False,True
b020696,0.0,False,True
b020697,0.0,False,True
b020698,0.0,False,True
b020699,0.6408259868621826,True,True
b020700,0.0,False,True
b020701,0.0,False,True
b020702,0.0,False,True
b020703,0.0,False,True
b020704,0.0,False,True
b020705,0.0,False,True
b020706,0.0,False,True
b020707,0.0,False,True
b020708,0.0,False,True
b020709,0.0,False,True
b020710,0.0,False,True
b020711,0.0,False,True
b020712,0.0,False,True
b020713,0.0,False,True
b020714,0.0,False,True
b020715,0.0,False,True
b020716,0.0,False,True
b020717,0.0,False,True
b020718,0.0,False,True
b020719,0.0,False,True
b020720,0.0,False,True
b020721,0.0,False,True
b020722,0.0,False,True
b020723,0.0,False,True
b020724,0.0,False,True
b020725,0.0,False,True
b020726,0.0,False,True
b020727,0.0,False,True
b020728,0.0,False,True
b020729,0.0,False,True
b020730,0.0,False,True
b020731,0.0,False,True
b020732,0.0,False,True
b020733,0.0,False,True
b020734,0.0,False,True
b020735,0.0,False,True
b020736,0.0,False,True
b020737,0.0,False,True
b020738,0.0,False,True
b020739,0.0,False,True
b020740,0.0,False,True
b020741,0.0,False,True
b020742,0.0,False,True
b020743,0.0,False,True
b020744,0.0,False,True
b020745,0.0,False,True
b020746,0.0,False,True
b020747,0.0,False,True
b020748,0.0,False,True
b020749,0.0,False,True
b020750,0.0,False,True
b020751,0.0,False,True
b020752,0.0,False,True
b020753,0.0,False,True
b020754,0.0,False,True
b020755,0.0,False,True
b020756,0.0,False,True
b020757,0.0,False,True
b020758,0.0,False,True
b020759,0.0,False,True
b020760,0.0,False,True
b020761,0.0,False,True
b020762,0.0,False,True
b020763,0.0,False,True
b020764,0.0,False,True
b020765,0.0,False,True
b020766,0.0,False,True
b020767,0.0,False,True
b020768,0.17459119856357574,True,True
b020769,0.0,False,True
b020770,0.0,False,True
b020771,0.0,False,True
b020772,0.0,False,True
b020773,0.0,False,True
b020774,0.0,False,True
b020775,0.36276283860206604,True,True
b020776,0.0,False,True
b020777,0.0,False,True
b020778,0.0,False,True
b020779,0.0,False,True
b020780,0.0,False,True
b020781,0.0,False,True
b020782,0.0,False,True
b020783,0.0,False,True
b020784,0.0,False,True
b020785,0.0,False,True
b020786,0.0,False,True
b020787,0.0,False,True
b020788,0.0,False,True
b020789,0.0,False,True
b020790,0.0,False,True
b020791,0.0,False,True
b020792,0.0,False,True
b020793,0.0,False,True
b020794,0.0,False,True
b020795,0.0,False,True
b020796,0.0,False,True
b020797,0.0,False,True
b020798,0.0,False,True
b020799,0.45144328474998474,True,True
b020800,0.0,False,True
b020801,0.0,False,True
b020802,0.0,False,True
b020803,0.0,False,True
b020804,0.0,False,True
b020805,0.0,False,True
b020806,0.0,False,True
b020807,0.0,False,True
b020808,0.33989694714546204,True,True
b020809,0.0,False,True
b020810,0.0,False,True
b020811,0.0,False,True
b020812,0.0,False,True
b020813,0.0,False,True
b020814,0.0,False,True
b020815,0.0,False,True
b020816,0.18977032601833344,True,True
b020817,0.0,False,True
b020818,0.0,False,True
b020819,0.0,False,True
b020820,0.0,False,True
b020821,0.0,False,True
b020822,0.0,False,True
b020823,0.0,False,True
b020824,0.0,False,True
b020825,0.0,False,True
b020826,0.0,False,True
b020827,0.310678631067276,True,True
b020828,0.0,False,True
b020829,0.0,False,True
b020830,0.0,False,True
b020831,0.0,False,True
b020832,0.0,False,True
b020833,0.0,False,True
b020834,0.0,False,True
b020835,0.0,False,True
b020836,0.0,False,True
b020837,0.186162531375885,True,True
b020838,0.0,False,True
b020839,0.0,False,True
b020840,0.0,False,True
b020841,0.0,False,True
b020842,0.0,False,True
b020843,0.0,False,True
b020844,0.0,False,True
b020845,0.0,False,True
b020846,0.0,False,True
b020847,0.0,False,True
b020848,0.0,False,True
b020849,0.0,False,True
b020850,0.0,False,True
b020851,0.0,False,True
b020852,0.0,False,True
b020853,0.14495737850666046,True,True
b020854,0.0,False,True
b020855,0.0,False,True
b020856,0.0,False,True
b020857,0.0,False,True
b020858,0.0,False,True
b020859,0.0,False,True
b020860,0.0,False,True
b020861,0.0,False,True
b020862,0.0,False,True
b020863,0.0,False,True
b020864,0.0,False,True
b020865,0.0,False,True
b020866,0.1494797170162201,True,True
b020867,0.0,False,True
b020868,0.0,False,True
b020869,0.0,False,True
b020870,0.0,False,True
b020871,0.0,False,True
b020872,0.0,False,True
b020873,0.0,False,True
b020874,0.0,False,True
b020875,0.0,False,True
b020876,0.0,False,True
b020877,0.0,False,True
b020878,0.0,False,True
b020879,0.0,False,True
b020880,0.0,False,True
b020881,0.0,False,True
b020882,0.0,False,True
b020883,0.0,False,True
b020884,0.0,False,True
b020885,0.0,False,True
b020886,0.0,False,True
b020887,0.0,False,True
b020888,0.0,False,True
b020889,0.0,False,True
b020890,0.0,False,True
b020891,0.0,False,True
b020892,0.0,False,True
b020893,0.18336252868175507,True,True
b020894,0.0,False,True
b020895,0.0,False,True
b020896,0.0,False,True
b020897,0.0,False,True
b020898,0.0,False,True
b020899,0.0,False,True
b020900,0.0,False,True
b020901,0.0,False,True
b020902,0.0,False,True
b020903,0.0,False,True
b020904,0.16435889899730682,True,True
b020905,0.0,False,True
b020906,0.0,False,True
b020907,0.0,False,True
b020908,0.0,False,True
b020909,0.0,False,True
b020910,0.15745288133621216,True,True
b020911,0.0,False,True
b020912,0.0,False,True
b020913,0.0,False,True
b020914,0.0,False,True
b020915,0.0,False,True
b020916,0.0,False,True
b020917,0.0,False,True
b020918,0.0,False,True
b020919,0.0,False,True
b020920,0.0,False,True
b020921,0.0,False,True
b020922,0.0,False,True
b020923,0.0,False,True
b020924,0.0,False,True
b020925,0.0,False,True
b020926,0.0,False,True
b020927,0.0,False,True
b020928,0.0,False,True
b020929,0.0,False,True
b020930,0.0,False,True
b020931,0.0,False,True
b020932,0.0,False,True
b020933,0.0,False,True
b020934,0.0,False,True
b020935,0.0,False,True
b020936,0.0,False,True
b020937,0.0,False,True
b020938,0.0,False,True
b020939,0.0,False,True
b020940,0.0,False,True
b020941,0.0,False,True
b020942,0.0,False,True
b020943,0.0,False,True
b020944,0.0,False,True
b020945,0.0,False,True
b020946,0.0,False,True
b020947,0.0,False,True
b020948,0.0,False,True
b020949,0.0,False,True
b020950,0.0,False,True
b020951,0.0,False,True
b020952,0.0,False,True
b020953,0.0,False,True
b020954,0.0,False,True
b020955,0.0,False,True
b020956,0.0,False,True
b020957,0.0,False,True
b020958,0.0,False,True
b020959,0.0,False,True
b020960,0.0,False,True
b020961,0.0,False,True
b020962,0.0,False,True
b020963,0.0,False,True
b020964,0.0,False,True
b020965,0.0,False,True
b020966,0.0,False,True
b020967,0.0,False,True
b020968,0.0,False,True
b020969,0.0,False,True
b020970,0.0,False,True
b020971,0.0,False,True
b020972,0.0,False,True
b020973,0.0,False,True
b020974,0.0,False,True
b020975,0.0,False,True
b020976,0.0,False,True
b020977,0.0,False,True
b020978,0.0,False,True
b020979,0.0,False,True
b020980,0.0,False,True
b020981,0.0,False,True
b020982,0.0,False,True
b020983,0.0,False,True
b020984,0.0,False,True
b020985,0.18966013193130493,True,True
b020986,0.0,False,True
b020987,0.0,False,True
b020988,0.0,False,True
b020989,0.0,False,True
b020990,0.0,False,True
b020991,0.0,False,True
b020992,0.0,False,True
b020993,0.0,False,True
b020994,0.0,False,True
b020995,0.0,False,True
b020996,0.12876586616039276,True,True
b020997,0.0,False,True
b020998,0.0,False,True
b020999,0.0,False,True
b021000,0.2814061939716339,True,True
b021001,0.0,False,True
b021002,0.0,False,True
b021003,0.0,False,True
b021004,0.0,False,True
b021005,0.0,False,True
b021006,0.0,False,True
b021007,0.0,False,True
b021008,0.0,False,True
b021009,0.0,False,True
b021010,0.0,False,True
b021011,0.0,False,True
b021012,0.0,False,True
b021013,0.0,False,True
b021014,0.15262413024902344,True,True
b021015,0.0,False,True
b021016,0.0,False,True
b021017,0.0,False,True
b021018,0.0,False,True
b021019,0.0,False,True
b021020,0.0,False,True
b021021,0.0,False,True
b021022,0.0,False,True
b021023,0.0,False,True
b021024,0.0,False,True
b021025,0.0,False,True
b021026,0.0,False,True
b021027,0.0,False,True
b021028,0.0,False,True
b021029,0.0,False,True
b021030,0.0,False,True
b021031,0.0,False,True
b021032,0.0,False,True
b021033,0.0,False,True
b021034,0.0,False,True
b021035,0.0,False,True
b021036,0.0,False,True
b021037,0.0,False,True
b021038,0.0,False,True
b021039,0.0,False,True
b021040,0.0,False,True
b021041,0.0,False,True
b021042,0.0,False,True
b021043,0.0,False,True
b021044,0.0,False,True
b021045,0.0,False,True
b021046,0.0,False,True
b021047,0.0,False,True
b021048,0.0,False,True
b021049,0.0,False,True
b021050,0.0,False,True
b021051,0.0,False,True
b021052,0.0,False,True
b021053,0.0,False,True
b021054,0.0,False,True
b021055,0.0,False,True
b021056,0.0,False,True
b021057,0.0,False,True
b021058,0.0,False,True
b021059,0.0,False,True
b021060,0.0,False,True
b021061,0.0,False,True
b021062,0.0,False,True
b021063,0.0,False,True
b021064,0.0,False,True
b021065,0.0,False,True
b021066,0.0,False,True
b021067,0.0,False,True
b021068,0.0,False,True
b021069,0.0,False,True
b021070,0.0,False,True
b021071,0.0,False,True
b021072,0.0,False,True
b021073,0.0,False,True
b021074,0.0,False,True
b021075,0.0,False,True
b021076,0.27587905526161194,True,True
b021077,0.0,False,True
b021078,0.0,False,True
b021079,0.0,False,True
b021080,0.0,False,True
b021081,0.0,False,True
b021082,0.0,False,True
b021083,0.0,False,True
b021084,0.0,False,True
b021085,0.0,False,True
b021086,0.0,False,True
b021087,0.0,False,True
b021088,0.0,False,True
b021089,0.0,False,True
b021090,0.0,False,True
b021091,0.0,False,True
b021092,0.0,False,True
b021093,0.0,False,True
b021094,0.18095119297504425,True,True
b021095,0.0,False,True
b021096,0.0,False,True
b021097,0.0,False,True
b021098,0.0,False,True
b021099,0.0,False,True
b021100,0.0,False,True
b021101,0.0,False,True
b021102,0.0,False,True
b021103,0.0,False,True
b021104,0.3876957595348358,True,True
b021105,0.0,False,True
b021106,0.0,False,True
b021107,0.0,False,True
b021108,0.0,False,True
b021109,0.0,False,True
b021110,0.0,False,True
b021111,0.0,False,True
b021112,0.0,False,True
b021113,0.0,False,True
b021114,0.0,False,True
b021115,0.0,False,True
b021116,0.0,False,True
b021117,0.0,False,True
b021118,0.0,False,True
b021119,0.0,False,True
b021120,0.0,False,True
b021121,0.0,False,True
b021122,0.0,False,True
b021123,0.0,False,True
b021124,0.0,False,True
b021125,0.0,False,True
b021126,0.0,False,True
b021127,0.0,False,True
b021128,0.0,False,True
b021129,0.0,False,True
b021130,0.0,False,True
b021131,0.0,False,True
b021132,0.0,False,True
b021133,0.47158384323120117,True,True
b021134,0.0,False,True
b021135,0.0,False,True
b021136,0.0,False,True
b021137,0.0,False,True
b021138,0.0,False,True
b021139,0.0,False,True
b021140,0.0,False,True
b021141,0.0,False,True
b021142,0.539084255695343,True,True
b021143,0.0,False,True
b021144,0.0,False,True
b021145,0.0,False,True
b021146,0.0,False,True
b021147,0.0,False,True
b021148,0.0,False,True
b021149,0.0,False,True
b021150,0.0,False,True
b021151,0.0,False,True
b021152,0.0,False,True
b021153,0.1363256275653839,True,True
b021154,0.0,False,True
b021155,0.0,False,True
b021156,0.0,False,True
b021157,0.0,False,True
b021158,0.0,False,True
b021159,0.0,False,True
b021160,0.0,False,True
b021161,0.0,False,True
b021162,0.0,False,True
b021163,0.0,False,True
b021164,0.0,False,True
b021165,0.0,False,True
b021166,0.0,False,True
b021167,0.0,False,True
b021168,0.0,False,True
b021169,0.0,False,True
b021170,0.0,False,True
b021171,0.11758071184158325,True,True
b021172,0.0,False,True
b021173,0.0,False,True
b021174,0.26935985684394836,True,True
b021175,0.0,False,True
b021176,0.24201978743076324,True,True
b021177,0.0,False,True
b021178,0.0,False,True
b021179,0.18078528344631195,True,True
b021180,0.0,False,True
b021181,0.0,False,True
b021182,0.0,False,True
b021183,0.0,False,True
b021184,0.0,False,True
b021185,0.0,False,True
b021186,0.0,False,True
b021187,0.0,False,True
b021188,0.0,False,True
b021189,0.0,False,True
b021190,0.0,False,True
b021191,0.0,False,True
b021192,0.0,False,True
b021193,0.0,False,True
b021194,0.0,False,True
b021195,0.0,False,True
b021196,0.0,False,True
b021197,0.0,False,True
b021198,0.0,False,True
b021199,0.0,False,True
b021200,0.0,False,True
b021201,0.0,False,True
b021202,0.0,False,True
b021203,0.0,False,True
b021204,0.0,False,True
b021205,0.0,False,True
b021206,0.3282132148742676,True,True
b021207,0.0,False,True
b021208,0.0,False,True
b021209,0.0,False,True
b021210,0.0,False,True
b021211,0.0,False,True
b021212,0.0,False,True
b021213,0.0,False,True
b021214,0.0,False,True
b021215,0.0,False,True
b021216,0.0,False,True
b021217,0.0,False,True
b021218,0.0,False,True
b021219,0.0,False,True
b021220,0.1992652714252472,True,True
b021221,0.0,False,True
b021222,0.0,False,True
b021223,0.0,False,True
b021224,0.0,False,True
b021225,0.0,False,True
b021226,0.0,False,True
b021227,0.0,False,True
b021228,0.40164461731910706,True,True
b021229,0.0,False,True
b021230,0.0,False,True
b021231,0.0,False,True
b021232,0.0,False,True
b021233,0.0,False,True
b021234,0.0,False,True
b021235,0.0,False,True
b021236,0.0,False,True
b021237,0.0,False,True
b021238,0.0,False,True
b021239,0.0,False,True
b021240,0.0,False,True
b021241,0.0,False,True
b021242,0.0,False,True
b021243,0.0,False,True
b021244,0.0,False,True
b021245,0.0,False,True
b021246,0.0,False,True
b021247,0.0,False,True
b021248,0.0,False,True
b021249,0.0,False,True
b021250,0.0,False,True
b021251,0.0,False,True
b021252,0.0,False,True
b021253,0.0,False,True
b021254,0.0,False,True
b021255,0.0,False,True
b021256,0.0,False,True
b021257,0.0,False,True
b021258,0.0,False,True
b021259,0.0,False,True
b021260,0.0,False,True
b021261,0.0,False,True
b021262,0.0,False,True
b021263,0.0,False,True
b021264,0.0,False,True
b021265,0.0,False,True
b021266,0.0,False,True
b021267,0.0,False,True
b021268,0.0,False,True
b021269,0.0,False,True
b021270,0.0,False,True
b021271,0.0,False,True
b021272,0.0,False,True
b021273,0.0,False,True
b021274,0.0,False,True
b021275,0.0,False,True
b021276,0.34782275557518005,True,True
b021277,0.0,False,True
b021278,0.0,False,True
b021279,0.0,False,True
b021280,0.0,False,True
b021281,0.0,False,True
b021282,0.0,False,True
b021283,0.0,False,True
b021284,0.0,False,True
b021285,0.0,False,True
b021286,0.0,False,True
b021287,0.0,False,True
b021288,0.0,False,True
b021289,0.0,False,True
b021290,0.0,False,True
b021291,0.0,False,True
b021292,0.0,False,True
b021293,0.0,False,True
b021294,0.0,False,True
b021295,0.0,False,True
b021296,0.0,False,True
b021297,0.0,False,True
b021298,0.0,False,True
b021299,0.0,False,True
b021300,0.0,False,True
b021301,0.0,False,True
b021302,0.0,False,True
b021303,0.0,False,True
b021304,0.0,False,True
b021305,0.0,False,True
b021306,0.0,False,True
b021307,0.0,False,True
b021308,0.0,False,True
b021309,0.0,False,True
b021310,0.0,False,True
b021311,0.0,False,True
b021312,0.0,False,True
b021313,0.0,False,True
b021314,0.0,False,True
b021315,0.0,False,True
b021316,0.0,False,True
b021317,0.11429817229509354,True,True
b021318,0.0,False,True
b021319,0.0,False,True
b021320,0.0,False,True
b021321,0.0,False,True
b021322,0.0,False,True
b021323,0.0,False,True
b021324,0.0,False,True
b021325,0.0,False,True
b021326,0.0,False,True
b021327,0.0,False,True
b021328,0.0,False,True
b021329,0.0,False,True
b021330,0.0,False,True
b021331,0.0,False,True
b021332,0.0,False,True
b021333,0.0,False,True
b021334,0.0,False,True
b021335,0.0,False,True
b021336,0.0,False,True
b021337,0.0,False,True
b021338,0.0,False,True
b021339,0.0,False,True
b021340,0.18623065948486328,True,True
b021341,0.0,False,True
b021342,0.0,False,True
b021343,0.0,False,True
b021344,0.0,False,True
b021345,0.0,False,True
b021346,0.0,False,True
b021347,0.0,False,True
b021348,0.0,False,True
b021349,0.0,False,True
b021350,0.0,False,True
b021351,0.0,False,True
b021352,0.0,False,True
b021353,0.0,False,True
b021354,0.0,False,True
b021355,0.0,False,True
b021356,0.0,False,True
b021357,0.0,False,True
b021358,0.0,False,True
b021359,0.0,False,True
b021360,0.0,False,True
b021361,0.0,False,True
b021362,0.0,False,True
b021363,0.0,False,True
b021364,0.0,False,True
b021365,0.0,False,True
b021366,0.0,False,True
b021367,0.0,False,True
b021368,0.0,False,True
b021369,0.0,False,True
b021370,0.0,False,True
b021371,0.0,False,True
b021372,0.0,False,True
b021373,0.0,False,True
b021374,0.0,False,True
b021375,0.0,False,True
b021376,0.0,False,True
b021377,0.0,False,True
b021378,0.0,False,True
b021379,0.0,False,True
b021380,0.0,False,True
b021381,0.0,False,True
b021382,0.0,False,True
b021383,0.0,False,True
b021384,0.0,False,True
b021385,0.0,False,True
b021386,0.0,False,True
b021387,0.0,False,True
b021388,0.0,False,True
b021389,0.0,False,True
b021390,0.0,False,True
b021391,0.0,False,True
b021392,0.0,False,True
b021393,0.0,False,True
b021394,0.0,False,True
b021395,0.0,False,True
b021396,0.0,False,True
b021397,0.0,False,True
b021398,0.0,False,True
b021399,0.0,False,True
b021400,0.0,False,True
b021401,0.0,False,True
b021402,0.0,False,True
b021403,0.0,False,True
b021404,0.0,False,True
b021405,0.0,False,True
b021406,0.0,False,True
b021407,0.0,False,True
b021408,0.0,False,True
b021409,0.0,False,True
b021410,0.0,False,True
b021411,0.0,False,True
b021412,0.0,False,True
b021413,0.0,False,True
b021414,0.0,False,True
b021415,0.0,False,True
b021416,0.0,False,True
b021417,0.0,False,True
b021418,0.0,False,True
b021419,0.0,False,True
b021420,0.0,False,True
b021421,0.0,False,True
b021422,0.4390074908733368,True,True
b021423,0.0,False,True
b021424,0.0,False,True
b021425,0.0,False,True
b021426,0.0,False,True
b021427,0.0,False,True
b021428,0.0,False,True
b021429,0.0,False,True
b021430,0.0,False,True
b021431,0.0,False,True
b021432,0.0,False,True
b021433,0.0,False,True
b021434,0.0,False,True
b021435,0.0,False,True
b021436,0.0,False,True
b021437,0.0,False,True
b021438,0.0,False,True
b021439,0.0,False,True
b021440,0.0,False,True
b021441,0.0,False,True
b021442,0.0,False,True
b021443,0.0,False,True
b021444,0.0,False,True
b021445,0.0,False,True
b021446,0.0,False,True
b021447,0.0,False,True
b021448,0.0,False,True
b021449,0.0,False,True
b021450,0.0,False,True
b021451,0.0,False,True
b021452,0.0,False,True
b021453,0.0,False,True
b021454,0.0,False,True
b021455,0.0,False,True
b021456,0.0,False,True
b021457,0.0,False,True
b021458,0.0,False,True
b021459,0.0,False,True
b021460,0.0,False,True
b021461,0.0,False,True
b021462,0.49987080693244934,True,True
b021463,0.0,False,True
b021464,0.0,False,True
b021465,0.0,False,True
b021466,0.0,False,True
b021467,0.3907201886177063,True,True
b021468,0.2927141487598419,True,True
b021469,0.0,False,True
b021470,0.0,False,True
b021471,0.0,False,True
b021472,0.0,False,True
b021473,0.0,False,True
b021474,0.0,False,True
b021475,0.0,False,True
b021476,0.0,False,True
b021477,0.0,False,True
b021478,0.0,False,True
b021479,0.0,False,True
b021480,0.0,False,True
b021481,0.0,False,True
b021482,0.0,False,True
b021483,0.0,False,True
b021484,0.0,False,True
b021485,0.0,False,True
b021486,0.0,False,True
b021487,0.0,False,True
b021488,0.0,False,True
b021489,0.0,False,True
b021490,0.0,False,True
b021491,0.0,False,True
b021492,0.0,False,True
b021493,0.0,False,True
b021494,0.0,False,True
b021495,0.0,False,True
b021496,0.0,False,True
b021497,0.0,False,True
b021498,0.0,False,True
b021499,0.0,False,True
b021500,0.0,False,True
b021501,0.16796016693115234,True,True
b021502,0.0,False,True
b021503,0.0,False,True
b021504,0.0,False,True
b021505,0.0,False,True
b021506,0.0,False,True
b021507,0.0,False,True
b021508,0.0,False,True
b021509,0.0,False,True
b021510,0.0,False,True
b021511,0.0,False,True
b021512,0.0,False,True
b021513,0.0,False,True
b021514,0.0,False,True
b021515,0.0,False,True
b021516,0.0,False,True
b021517,0.0,False,True
b021518,0.0,False,True
b021519,0.0,False,True
b021520,0.0,False,True
b021521,0.0,False,True
b021522,0.15579897165298462,True,True
b021523,0.0,False,True
b021524,0.0,False,True
b021525,0.0,False,True
b021526,0.0,False,True
b021527,0.0,False,True
b021528,0.0,False,True
b021529,0.0,False,True
b021530,0.0,False,True
b021531,0.0,False,True
b021532,0.0,False,True
b021533,0.0,False,True
b021534,0.0,False,True
b021535,0.0,False,True
b021536,0.0,False,True
b021537,0.0,False,True
b021538,0.0,False,True
b021539,0.10297072678804398,True,True
b021540,0.0,False,True
b021541,0.0,False,True
b021542,0.129007488489151,True,True
b021543,0.0,False,True
b021544,0.0,False,True
b021545,0.0,False,True
b021546,0.0,False,True
b021547,0.0,False,True
b021548,0.0,False,True
b021549,0.15627916157245636,True,True
b021550,0.0,False,True
b021551,0.0,False,True
b021552,0.0,False,True
b021553,0.0,False,True
b021554,0.0,False,True
b021555,0.0,False,True
b021556,0.0,False,True
b021557,0.0,False,True
b021558,0.0,False,True
b021559,0.0,False,True
b021560,0.0,False,True
b021561,0.0,False,True
b021562,0.0,False,True
b021563,0.0,False,True
b021564,0.0,False,True
b021565,0.0,False,True
b021566,0.0,False,True
b021567,0.0,False,True
b021568,0.0,False,True
b021569,0.0,False,True
b021570,0.0,False,True
b021571,0.0,False,True
b021572,0.0,False,True
b021573,0.0,False,True
b021574,0.0,False,True
b021575,0.0,False,True
b021576,0.0,False,True
b021577,0.0,False,True
b021578,0.0,False,True
b021579,0.0,False,True
b021580,0.0,False,True
b021581,0.0,False,True
b021582,0.0,False,True
b021583,0.0,False,True
b021584,0.0,False,True
b021585,0.0,False,True
b021586,0.0,False,True
b021587,0.0,False,True
b021588,0.0,False,True
b021589,0.0,False,True
b021590,0.0,False,True
b021591,0.0,False,True
b021592,0.0,False,True
b021593,0.0,False,True
b021594,0.0,False,True
b021595,0.0,False,True
b021596,0.0,False,True
b021597,0.0,False,True
b021598,0.0,False,True
b021599,0.0,False,True
b021600,0.0,False,True
b021601,0.0,False,True
b021602,0.0,False,True
b021603,0.0,False,True
b021604,0.0,False,True
b021605,0.0,False,True
b021606,0.0,False,True
b021607,0.0,False,True
b021608,0.0,False,True
b021609,0.0,False,True
b021610,0.0,False,True
b021611,0.0,False,True
b021612,0.0,False,True
b021613,0.0,False,True
b021614,0.0,False,True
b021615,0.0,False,True
b021616,0.0,False,True
b021617,0.0,False,True
b021618,0.0,False,True
b021619,0.0,False,True
b021620,0.0,False,True
b021621,0.0,False,True
b021622,0.0,False,True
b021623,0.0,False,True
b021624,0.0,False,True
b021625,0.0,False,True
b021626,0.0,False,True
b021627,0.0,False,True
b021628,0.0,False,True
b021629,0.0,False,True
b021630,0.0,False,True
b021631,0.0,False,True
b021632,0.14081719517707825,True,True
b021633,0.0,False,True
b021634,0.0,False,True
b021635,0.0,False,True
b021636,0.0,False,True
b021637,0.0,False,True
b021638,0.0,False,True
b021639,0.0,False,True
b021640,0.0,False,True
b021641,0.0,False,True
b021642,0.0,False,True
b021643,0.0,False,True
b021644,0.0,False,True
b021645,0.0,False,True
b021646,0.0,False,True
b021647,0.0,False,True
b021648,0.0,False,True
b021649,0.0,False,True
b021650,0.0,False,True
b021651,0.0,False,True
b021652,0.0,False,True
b021653,0.0,False,True
b021654,0.0,False,True
b021655,0.0,False,True
b021656,0.0,False,True
b021657,0.0,False,True
b021658,0.0,False,True
b021659,0.0,False,True
b021660,0.0,False,True
b021661,0.0,False,True
b021662,0.0,False,True
b021663,0.0,False,True
b021664,0.0,False,True
b021665,0.0,False,True
b021666,0.0,False,True
b021667,0.0,False,True
b021668,0.11716749519109726,True,True
b021669,0.0,False,True
b021670,0.0,False,True
b021671,0.0,False,True
b021672,0.0,False,True
b021673,0.0,False,True
b021674,0.0,False,True
b021675,0.0,False,True
b021676,0.0,False,True
b021677,0.0,False,True
b021678,0.0,False,True
b021679,0.0,False,True
b021680,0.0,False,True
b021681,0.0,False,True
b021682,0.0,False,True
b021683,0.0,False,True
b021684,0.0,False,True
b021685,0.0,False,True
b021686,0.0,False,True
b021687,0.0,False,True
b021688,0.0,False,True
b021689,0.0,False,True
b021690,0.0,False,True
b021691,0.0,False,True
b021692,0.0,False,True
b021693,0.0,False,True
b021694,0.0,False,True
b021695,0.0,False,True
b021696,0.0,False,True
b021697,0.0,False,True
b021698,0.0,False,True
b021699,0.0,False,True
b021700,0.0,False,True
b021701,0.0,False,True
b021702,0.0,False,True
b021703,0.0,False,True
b021704,0.0,False,True
b021705,0.0,False,True
b021706,0.0,False,True
b021707,0.0,False,True
b021708,0.0,False,True
b021709,0.0,False,True
b021710,0.0,False,True
b021711,0.0,False,True
b021712,0.0,False,True
b021713,0.0,False,True
b021714,0.0,False,True
b021715,0.0,False,True
b021716,0.0,False,True
b021717,0.0,False,True
b021718,0.0,False,True
b021719,0.0,False,True
b021720,0.0,False,True
b021721,0.0,False,True
b021722,0.0,False,True
b021723,0.0,False,True
b021724,0.0,False,True
b021725,0.0,False,True
b021726,0.0,False,True
b021727,0.0,False,True
b021728,0.0,False,True
b021729,0.0,False,True
b021730,0.0,False,True
b021731,0.0,False,True
b021732,0.0,False,True
b021733,0.0,False,True
b021734,0.0,False,True
b021735,0.0,False,True
b021736,0.0,False,True
b021737,0.0,False,True
b021738,0.0,False,True
b021739,0.0,False,True
b021740,0.0,False,True
b021741,0.0,False,True
b021742,0.0,False,True
b021743,0.0,False,True
b021744,0.0,False,True
b021745,0.0,False,True
b021746,0.0,False,True
b021747,0.0,False,True
b021748,0.0,False,True
b021749,0.0,False,True
b021750,0.0,False,True
b021751,0.0,False,True
b021752,0.0,False,True
b021753,0.0,False,True
b021754,0.0,False,True
b021755,0.0,False,True
b021756,0.0,False,True
b021757,0.0,False,True
b021758,0.0,False,True
b021759,0.0,False,True
b021760,0.0,False,True
b021761,0.0,False,True
b021762,0.0,False,True
b021763,0.0,False,True
b021764,0.0,False,True
b021765,0.0,False,True
b021766,0.0,False,True
b021767,0.0,False,True
b021768,0.0,False,True
b021769,0.0,False,True
b021770,0.0,False,True
b021771,0.0,False,True
b021772,0.0,False,True
b021773,0.0,False,True
b021774,0.0,False,True
b021775,0.0,False,True
b021776,0.0,False,True
b021777,0.0,False,True
b021778,0.0,False,True
b021779,0.0,False,True
b021780,0.0,False,True
b021781,0.0,False,True
b021782,0.0,False,True
b021783,0.0,False,True
b021784,0.0,False,True
b021785,0.0,False,True
b021786,0.0,False,True
b021787,0.0,False,True
b021788,0.0,False,True
b021789,0.0,False,True
b021790,0.0,False,True
b021791,0.0,False,True
b021792,0.0,False,True
b021793,0.0,False,True
b021794,0.0,False,True
b021795,0.0,False,True
b021796,0.0,False,True
b021797,0.0,False,True
b021798,0.0,False,True
b021799,0.0,False,True
b021800,0.0,False,True
b021801,0.0,False,True
b021802,0.0,False,True
b021803,0.0,False,True
b021804,0.0,False,True
b021805,0.0,False,True
b021806,0.0,False,True
b021807,0.0,False,True
b021808,0.0,False,True
b021809,0.0,False,True
b021810,0.0,False,True
b021811,0.0,False,True
b021812,0.0,False,True
b021813,0.0,False,True
b021814,0.0,False,True
b021815,0.0,False,True
b021816,0.0,False,True
b021817,0.0,False,True
b021818,0.0,False,True
b021819,0.0,False,True
b021820,0.0,False,True
b021821,0.0,False,True
b021822,0.0,False,True
b021823,0.0,False,True
b021824,0.0,False,True
b021825,0.11003764718770981,True,True
b021826,0.0,False,True
b021827,0.0,False,True
b021828,0.0,False,True
b021829,0.0,False,True
b021830,0.0,False,True
b021831,0.0,False,True
b021832,0.0,False,True
b021833,0.0,False,True
b021834,0.0,False,True
b021835,0.0,False,True
b021836,0.0,False,True
b021837,0.0,False,True
b021838,0.0,False,True
b021839,0.0,False,True
b021840,0.0,False,True
b021841,0.0,False,True
b021842,0.0,False,True
b021843,0.0,False,True
b021844,0.0,False,True
b021845,0.0,False,True
b021846,0.0,False,True
b021847,0.0,False,True
b021848,0.0,False,True
b021849,0.0,False,True
b021850,0.0,False,True
b021851,0.0,False,True
b021852,0.0,False,True
b021853,0.0,False,True
b021854,0.2166983038187027,True,True
b021855,0.0,False,True
b021856,0.0,False,True
b021857,0.0,False,True
b021858,0.0,False,True
b021859,0.0,False,True
b021860,0.349481463432312,True,True
b021861,0.0,False,True
b021862,0.0,False,True
b021863,0.0,False,True
b021864,0.0,False,True
b021865,0.0,False,True
b021866,0.0,False,True
b021867,0.0,False,True
b021868,0.0,False,True
b021869,0.0,False,True
b021870,0.0,False,True
b021871,0.0,False,True
b021872,0.0,False,True
b021873,0.0,False,True
b021874,0.0,False,True
b021875,0.0,False,True
b021876,0.0,False,True
b021877,0.0,False,True
b021878,0.0,False,True
b021879,0.0,False,True
b021880,0.0,False,True
b021881,0.0,False,True
b021882,0.0,False,True
b021883,0.0,False,True
b021884,0.0,False,True
b021885,0.0,False,True
b021886,0.0,False,True
b021887,0.0,False,True
b021888,0.0,False,True
b021889,0.0,False,True
b021890,0.0,False,True
b021891,0.0,False,True
b021892,0.0,False,True
b021893,0.0,False,True
b021894,0.0,False,True
b021895,0.0,False,True
b021896,0.22208967804908752,True,True
b021897,0.0,False,True
b021898,0.0,False,True
b021899,0.0,False,True
b021900,0.0,False,True
b021901,0.0,False,True
b021902,0.0,False,True
b021903,0.0,False,True
b021904,0.0,False,True
b021905,0.0,False,True
b021906,0.0,False,True
b021907,0.0,False,True
b021908,0.0,False,True
b021909,0.0,False,True
b021910,0.0,False,True
b021911,0.0,False,True
b021912,0.0,False,True
b021913,0.0,False,True
b021914,0.5100307464599609,True,True
b021915,0.0,False,True
b021916,0.17893241345882416,True,True
b021917,0.0,False,True
b021918,0.0,False,True
b021919,0.13391786813735962,True,True
b021920,0.0,False,True
b021921,0.0,False,True
b021922,0.0,False,True
b021923,0.0,False,True
b021924,0.0,False,True
b021925,0.0,False,True
b021926,0.0,False,True
b021927,0.0,False,True
b021928,0.0,False,True
b021929,0.0,False,True
b021930,0.0,False,True
b021931,0.0,False,True
b021932,0.0,False,True
b021933,0.0,False,True
b021934,0.0,False,True
b021935,0.0,False,True
b021936,0.0,False,True
b021937,0.0,False,True
b021938,0.0,False,True
b021939,0.0,False,True
b021940,0.0,False,True
b021941,0.0,False,True
b021942,0.0,False,True
b021943,0.0,False,True
b021944,0.0,False,True
b021945,0.0,False,True
b021946,0.0,False,True
b021947,0.0,False,True
b021948,0.0,False,True
b021949,0.0,False,True
b021950,0.0,False,True
b021951,0.0,False,True
b021952,0.0,False,True
b021953,0.0,False,True
b021954,0.0,False,True
b021955,0.0,False,True
b021956,0.0,False,True
b021957,0.0,False,True
b021958,0.0,False,True
b021959,0.0,False,True
b021960,0.0,False,True
b021961,0.0,False,True
b021962,0.0,False,True
b021963,0.0,False,True
b021964,0.0,False,True
b021965,0.0,False,True
b021966,0.0,False,True
b021967,0.0,False,True
b021968,0.0,False,True
b021969,0.0,False,True
b021970,0.0,False,True
b021971,0.0,False,True
b021972,0.0,False,True
b021973,0.0,False,True
b021974,0.0,False,True
b021975,0.0,False,True
b021976,0.0,False,True
b021977,0.0,False,True
b021978,0.0,False,True
b021979,0.0,False,True
b021980,0.0,False,True
b021981,0.0,False,True
b021982,0.0,False,True
b021983,0.0,False,True
b021984,0.0,False,True
b021985,0.0,False,True
b021986,0.0,False,True
b021987,0.0,False,True
b021988,0.0,False,True
b021989,0.0,False,True
b021990,0.0,False,True
b021991,0.0,False,True
b021992,0.0,False,True
b021993,0.0,False,True
b021994,0.0,False,True
b021995,0.0,False,True
b021996,0.0,False,True
b021997,0.0,False,True
b021998,0.0,False,True
b021999,0.0,False,True
b022000,0.0,False,True
b022001,0.0,False,True
b022002,0.0,False,True
b022003,0.0,False,True
b022004,0.0,False,True
b022005,0.0,False,True
b022006,0.0,False,True
b022007,0.0,False,True
b022008,0.0,False,True
b022009,0.0,False,True
b022010,0.0,False,True
b022011,0.0,False,True
b022012,0.0,False,True
b022013,0.0,False,True
b022014,0.0,False,True
b022015,0.0,False,True
b022016,0.0,False,True
b022017,0.0,False,True
b022018,0.0,False,True
b022019,0.0,False,True
b022020,0.0,False,True
b022021,0.0,False,True
b022022,0.0,False,True
b022023,0.0,False,True
b022024,0.0,False,True
b022025,0.0,False,True
b022026,0.0,False,True
b022027,0.0,False,True
b022028,0.0,False,True
b022029,0.0,False,True
b022030,0.0,False,True
b022031,0.0,False,True
b022032,0.0,False,True
b022033,0.0,False,True
b022034,0.0,False,True
b022035,0.0,False,True
b022036,0.0,False,True
b022037,0.0,False,True
b022038,0.0,False,True
b022039,0.0,False,True
b022040,0.0,False,True
b022041,0.0,False,True
b022042,0.0,False,True
b022043,0.3716900050640106,True,True
b022044,0.0,False,True
b022045,0.0,False,True
b022046,0.0,False,True
b022047,0.0,False,True
b022048,0.0,False,True
b022049,0.0,False,True
b022050,0.0,False,True
b022051,0.0,False,True
b022052,0.0,False,True
b022053,0.0,False,True
b022054,0.0,False,True
b022055,0.0,False,True
b022056,0.0,False,True
b022057,0.0,False,True
b022058,0.0,False,True
b022059,0.0,False,True
b022060,0.0,False,True
b022061,0.0,False,True
b022062,0.0,False,True
b022063,0.0,False,True
b022064,0.0,False,True
b022065,0.0,False,True
b022066,0.0,False,True
b022067,0.0,False,True
b022068,0.0,False,True
b022069,0.0,False,True
b022070,0.0,False,True
b022071,0.0,False,True
b022072,0.0,False,True
b022073,0.0,False,True
b022074,0.0,False,True
b022075,0.0,False,True
b022076,0.0,False,True
b022077,0.0,False,True
b022078,0.0,False,True
b022079,0.0,False,True
b022080,0.0,False,True
b022081,0.0,False,True
b022082,0.0,False,True
b022083,0.0,False,True
b022084,0.0,False,True
b022085,0.0,False,True
b022086,0.0,False,True
b022087,0.0,False,True
b022088,0.0,False,True
b022089,0.0,False,True
b022090,0.0,False,True
b022091,0.0,False,True
b022092,0.0,False,True
b022093,0.0,False,True
b022094,0.0,False,True
b022095,0.0,False,True
b022096,0.0,False,True
b022097,0.117157481610775,True,True
b022098,0.0,False,True
b022099,0.0,False,True
b022100,0.0,False,True
b022101,0.0,False,True
b022102,0.0,False,True
b022103,0.0,False,True
b022104,0.0,False,True
b022105,0.0,False,True
b022106,0.0,False,True
b022107,0.0,False,True
b022108,0.0,False,True
b022109,0.0,False,True
b022110,0.0,False,True
b022111,0.0,False,True
b022112,0.0,False,True
b022113,0.0,False,True
b022114,0.0,False,True
b022115,0.0,False,True
b022116,0.0,False,True
b022117,0.0,False,True
b022118,0.0,False,True
b022119,0.0,False,True
b022120,0.0,False,True
b022121,0.0,False,True
b022122,0.0,False,True
b022123,0.0,False,True
b022124,0.0,False,True
b022125,0.0,False,True
b022126,0.0,False,True
b022127,0.0,False,True
b022128,0.0,False,True
b022129,0.0,False,True
b022130,0.0,False,True
b022131,0.0,False,True
b022132,0.0,False,True
b022133,0.0,False,True
b022134,0.0,False,True
b022135,0.0,False,True
b022136,0.0,False,True
b022137,0.0,False,True
b022138,0.0,False,True
b022139,0.0,False,True
b022140,0.0,False,True
b022141,0.0,False,True
b022142,0.0,False,True
b022143,0.0,False,True
b022144,0.0,False,True
b022145,0.0,False,True
b022146,0.0,False,True
b022147,0.0,False,True
b022148,0.0,False,True
b022149,0.0,False,True
b022150,0.0,False,True
b022151,0.0,False,True
b022152,0.0,False,True
b022153,0.0,False,True
b022154,0.0,False,True
b022155,0.0,False,True
b022156,0.0,False,True
b022157,0.0,False,True
b022158,0.0,False,True
b022159,0.0,False,True
b022160,0.0,False,True
b022161,0.0,False,True
b022162,0.0,False,True
b022163,0.0,False,True
b022164,0.0,False,True
b022165,0.0,False,True
b022166,0.0,False,True
b022167,0.0,False,True
b022168,0.0,False,True
b022169,0.0,False,True
b022170,0.0,False,True
b022171,0.0,False,True
b022172,0.28088346123695374,True,True
b022173,0.0,False,True
b022174,0.0,False,True
b022175,0.0,False,True
b022176,0.0,False,True
b022177,0.0,False,True
b022178,0.0,False,True
b022179,0.0,False,True
b022180,0.0,False,True
b022181,0.0,False,True
b022182,0.0,False,True
b022183,0.0,False,True
b022184,0.0,False,True
b022185,0.0,False,True
b022186,0.0,False,True
b022187,0.0,False,True
b022188,0.0,False,True
b022189,0.3584432899951935,True,True
b022190,0.0,False,True
b022191,0.0,False,True
b022192,0.0,False,True
b022193,0.0,False,True
b022194,0.0,False,True
b022195,0.0,False,True
b022196,0.0,False,True
b022197,0.2419334501028061,True,True
b022198,0.0,False,True
b022199,0.0,False,True
b022200,0.0,False,True
b022201,0.0,False,True
b022202,0.0,False,True
b022203,0.0,False,True
b022204,0.0,False,True
b022205,0.0,False,True
b022206,0.0,False,True
b022207,0.0,False,True
b022208,0.0,False,True
b022209,0.0,False,True
b022210,0.0,False,True
b022211,0.0,False,True
b022212,0.0,False,True
b022213,0.0,False,True
b022214,0.0,False,True
b022215,0.0,False,True
b022216,0.0,False,True
b022217,0.0,False,True
b022218,0.0,False,True
b022219,0.0,False,True
b022220,0.0,False,True
b022221,0.0,False,True
b022222,0.0,False,True
b022223,0.0,False,True
b022224,0.0,False,True
b022225,0.0,False,True
b022226,0.0,False,True
b022227,0.0,False,True
b022228,0.0,False,True
b022229,0.30698955059051514,True,True
b022230,0.0,False,True
b022231,0.0,False,True
b022232,0.0,False,True
b022233,0.0,False,True
b022234,0.0,False,True
b022235,0.0,False,True
b022236,0.0,False,True
b022237,0.0,False,True
b022238,0.0,False,True
b022239,0.0,False,True
b022240,0.0,False,True
b022241,0.0,False,True
b022242,0.0,False,True
b022243,0.0,False,True
b022244,0.0,False,True
b022245,0.0,False,True
b022246,0.0,False,True
b022247,0.0,False,True
b022248,0.0,False,True
b022249,0.0,False,True
b022250,0.0,False,True
b022251,0.0,False,True
b022252,0.0,False,True
b022253,0.0,False,True
b022254,0.0,False,True
b022255,0.0,False,True
b022256,0.0,False,True
b022257,0.0,False,True
b022258,0.0,False,True
b022259,0.0,False,True
b022260,0.0,False,True
b022261,0.0,False,True
b022262,0.0,False,True
b022263,0.0,False,True
b022264,0.0,False,True
b022265,0.0,False,True
b022266,0.0,False,True
b022267,0.0,False,True
b022268,0.0,False,True
b022269,0.0,False,True
b022270,0.0,False,True
b022271,0.0,False,True
b022272,0.0,False,True
b022273,0.0,False,True
b022274,0.0,False,True
b022275,0.0,False,True
b022276,0.0,False,True
b022277,0.0,False,True
b022278,0.0,False,True
b022279,0.0,False,True
b022280,0.0,False,True
b022281,0.0,False,True
b022282,0.0,False,True
b022283,0.0,False,True
b022284,0.0,False,True
b022285,0.0,False,True
b022286,0.0,False,True
b022287,0.0,False,True
b022288,0.0,False,True
b022289,0.0,False,True
b022290,0.0,False,True
b022291,0.0,False,True
b022292,0.0,False,True
b022293,0.0,False,True
b022294,0.0,False,True
b022295,0.0,False,True
b022296,0.0,False,True
b022297,0.0,False,True
b022298,0.0,False,True
b022299,0.0,False,True
b022300,0.0,False,True
b022301,0.0,False,True
b022302,0.0,False,True
b022303,0.0,False,True
b022304,0.0,False,True
b022305,0.0,False,True
b022306,0.0,False,True
b022307,0.0,False,True
b022308,0.0,False,True
b022309,0.0,False,True
b022310,0.0,False,True
b022311,0.0,False,True
b022312,0.0,False,True
b022313,0.0,False,True
b022314,0.0,False,True
b022315,0.0,False,True
b022316,0.0,False,True
b022317,0.0,False,True
b022318,0.0,False,True
b022319,0.0,False,True
b022320,0.0,False,True
b022321,0.0,False,True
b022322,0.0,False,True
b022323,0.0,False,True
b022324,0.0,False,True
b022325,0.0,False,True
b022326,0.0,False,True
b022327,0.0,False,True
b022328,0.0,False,True
b022329,0.0,False,True
b022330,0.0,False,True
b022331,0.0,False,True
b022332,0.0,False,True
b022333,0.0,False,True
b022334,0.0,False,True
b022335,0.0,False,True
b022336,0.0,False,True
b022337,0.0,False,True
b022338,0.0,False,True
b022339,0.0,False,True
b022340,0.0,False,True
b022341,0.0,False,True
b022342,0.0,False,True
b022343,0.0,False,True
b022344,0.0,False,True
b022345,0.24145951867103577,True,True
b022346,0.0,False,True
b022347,0.0,False,True
b022348,0.0,False,True
b022349,0.0,False,True
b022350,0.0,False,True
b022351,0.0,False,True
b022352,0.0,False,True
b022353,0.0,False,True
b022354,0.0,False,True
b022355,0.0,False,True
b022356,0.0,False,True
b022357,0.0,False,True
b022358,0.0,False,True
b022359,0.0,False,True
b022360,0.0,False,True
b022361,0.0,False,True
b022362,0.0,False,True
b022363,0.0,False,True
b022364,0.0,False,True
b022365,0.0,False,True
b022366,0.0,False,True
b022367,0.0,False,True
b022368,0.0,False,True
b022369,0.0,False,True
b022370,0.0,False,True
b022371,0.0,False,True
b022372,0.4817858040332794,True,True
b022373,0.0,False,True
b022374,0.0,False,True
b022375,0.0,False,True
b022376,0.0,False,True
b022377,0.0,False,True
b022378,0.0,False,True
b022379,0.0,False,True
b022380,0.0,False,True
b022381,0.0,False,True
b022382,0.0,False,True
b022383,0.0,False,True
b022384,0.0,False,True
b022385,0.0,False,True
b022386,0.0,False,True
b022387,0.0,False,True
b022388,0.0,False,True
b022389,0.0,False,True
b022390,0.0,False,True
b022391,0.0,False,True
b022392,0.0,False,True
b022393,0.0,False,True
b022394,0.0,False,True
b022395,0.0,False,True
b022396,0.0,False,True
b022397,0.0,False,True
b022398,0.0,False,True
b022399,0.0,False,True
b022400,0.0,False,True
b022401,0.0,False,True
b022402,0.2389484941959381,True,True
b022403,0.0,False,True
b022404,0.0,False,True
b022405,0.0,False,True
b022406,0.0,False,True
b022407,0.0,False,True
b022408,0.0,False,True
b022409,0.0,False,True
b022410,0.0,False,True
b022411,0.0,False,True
b022412,0.0,False,True
b022413,0.0,False,True
b022414,0.1634579747915268,True,True
b022415,0.0,False,True
b022416,0.0,False,True
b022417,0.0,False,True
b022418,0.0,False,True
b022419,0.0,False,True
b022420,0.0,False,True
b022421,0.0,False,True
b022422,0.0,False,True
b022423,0.0,False,True
b022424,0.1376466155052185,True,True
b022425,0.0,False,True
b022426,0.0,False,True
b022427,0.0,False,True
b022428,0.0,False,True
b022429,0.0,False,True
b022430,0.0,False,True
b022431,0.0,False,True
b022432,0.0,False,True
b022433,0.1395372450351715,True,True
b022434,0.0,False,True
b022435,0.0,False,True
b022436,0.0,False,True
b022437,0.44107407331466675,True,True
b022438,0.0,False,True
b022439,0.0,False,True
b022440,0.0,False,True
b022441,0.0,False,True
b022442,0.0,False,True
b022443,0.0,False,True
b022444,0.0,False,True
b022445,0.21719561517238617,True,True
b022446,0.0,False,True
b022447,0.40471434593200684,True,True
b022448,0.0,False,True
b022449,0.0,False,True
b022450,0.0,False,True
b022451,0.2517443597316742,True,True
b022452,0.0,False,True
b022453,0.0,False,True
b022454,0.0,False,True
b022455,0.0,False,True
b022456,0.0,False,True
b022457,0.0,False,True
b022458,0.0,False,True
b022459,0.0,False,True
b022460,0.5262094140052795,True,True
b022461,0.0,False,True
b022462,0.0,False,True
b022463,0.0,False,True
b022464,0.0,False,True
b022465,0.0,False,True
b022466,0.0,False,True
b022467,0.0,False,True
b022468,0.0,False,True
b022469,0.0,False,True
b022470,0.0,False,True
b022471,0.0,False,True
b022472,0.0,False,True
b022473,0.0,False,True
b022474,0.0,False,True
b022475,0.0,False,True
b022476,0.0,False,True
b022477,0.0,False,True
b022478,0.0,False,True
b022479,0.0,False,True
b022480,0.0,False,True
b022481,0.0,False,True
b022482,0.0,False,True
b022483,0.0,False,True
b022484,0.0,False,True
b022485,0.0,False,True
b022486,0.0,False,True
b022487,0.0,False,True
b022488,0.0,False,True
b022489,0.0,False,True
b022490,0.0,False,True
b022491,0.0,False,True
b022492,0.0,False,True
b022493,0.0,False,True
b022494,0.0,False,True
b022495,0.0,False,True
b022496,0.0,False,True
b022497,0.3958074748516083,True,True
b022498,0.0,False,True
b022499,0.0,False,True
b022500,0.0,False,True
b022501,0.0,False,True
b022502,0.0,False,True
b022503,0.0,False,True
b022504,0.0,False,True
b022505,0.0,False,True
b022506,0.0,False,True
b022507,0.0,False,True
b022508,0.0,False,True
b022509,0.0,False,True
b022510,0.0,False,True
b022511,0.0,False,True
b022512,0.0,False,True
b022513,0.0,False,True
b022514,0.0,False,True
b022515,0.0,False,True
b022516,0.0,False,True
b022517,0.0,False,True
b022518,0.0,False,True
b022519,0.0,False,True
b022520,0.0,False,True
b022521,0.0,False,True
b022522,0.0,False,True
b022523,0.0,False,True
b022524,0.0,False,True
b022525,0.0,False,True
b022526,0.0,False,True
b022527,0.0,False,True
b022528,0.0,False,True
b022529,0.0,False,True
b022530,0.0,False,True
b022531,0.0,False,True
b022532,0.0,False,True
b022533,0.0,False,True
b022534,0.0,False,True
b022535,0.0,False,True
b022536,0.0,False,True
b022537,0.0,False,True
b022538,0.0,False,True
b022539,0.0,False,True
b022540,0.0,False,True
b022541,0.0,False,True
b022542,0.0,False,True
b022543,0.0,False,True
b022544,0.0,False,True
b022545,0.0,False,True
b022546,0.0,False,True
b022547,0.0,False,True
b022548,0.0,False,True
b022549,0.0,False,True
b022550,0.0,False,True
b022551,0.0,False,True
b022552,0.0,False,True
b022553,0.0,False,True
b022554,0.0,False,True
b022555,0.0,False,True
b022556,0.0,False,True
b022557,0.0,False,True
b022558,0.0,False,True
b022559,0.0,False,True
b022560,0.0,False,True
b022561,0.0,False,True
b022562,0.0,False,True
b022563,0.0,False,True
b022564,0.0,False,True
b022565,0.0,False,True
b022566,0.0,False,True
b022567,0.0,False,True
b022568,0.0,False,True
b022569,0.0,False,True
b022570,0.0,False,True
b022571,0.0,False,True
b022572,0.0,False,True
b022573,0.0,False,True
b022574,0.0,False,True
b022575,0.0,False,True
b022576,0.0,False,True
b022577,0.0,False,True
b022578,0.0,False,True
b022579,0.0,False,True
b022580,0.0,False,True
b022581,0.0,False,True
b022582,0.0,False,True
b022583,0.0,False,True
b022584,0.0,False,True
b022585,0.0,False,True
b022586,0.0,False,True
b022587,0.0,False,True
b022588,0.0,False,True
b022589,0.0,False,True
b022590,0.0,False,True
b022591,0.0,False,True
b022592,0.0,False,True
b022593,0.0,False,True
b022594,0.0,False,True
b022595,0.3546050488948822,True,True
b022596,0.0,False,True
b022597,0.0,False,True
b022598,0.0,False,True
b022599,0.0,False,True
b022600,0.0,False,True
b022601,0.0,False,True
b022602,0.0,False,True
b022603,0.0,False,True
b022604,0.0,False,True
b022605,0.0,False,True
b022606,0.0,False,True
b022607,0.0,False,True
b022608,0.0,False,True
b022609,0.0,False,True
b022610,0.0,False,True
b022611,0.0,False,True
b022612,0.0,False,True
b022613,0.0,False,True
b022614,0.0,False,True
b022615,0.0,False,True
b022616,0.0,False,True
b022617,0.0,False,True
b022618,0.0,False,True
b022619,0.0,False,True
b022620,0.0,False,True
b022621,0.0,False,True
b022622,0.0,False,True
b022623,0.0,False,True
b022624,0.0,False,True
b022625,0.0,False,True
b022626,0.0,False,True
b022627,0.0,False,True
b022628,0.0,False,True
b022629,0.0,False,True
b022630,0.0,False,True
b022631,0.0,False,True
b022632,0.0,False,True
b022633,0.0,False,True
b022634,0.0,False,True
b022635,0.0,False,True
b022636,0.0,False,True
b022637,0.0,False,True
b022638,0.0,False,True
b022639,0.0,False,True
b022640,0.0,False,True
b022641,0.0,False,True
b022642,0.0,False,True
b022643,0.0,False,True
b022644,0.0,False,True
b022645,0.0,False,True
b022646,0.0,False,True
b022647,0.0,False,True
b022648,0.0,False,True
b022649,0.0,False,True
b022650,0.0,False,True
b022651,0.0,False,True
b022652,0.0,False,True
b022653,0.0,False,True
b022654,0.0,False,True
b022655,0.0,False,True
b022656,0.0,False,True
b022657,0.0,False,True
b022658,0.0,False,True
b022659,0.0,False,True
b022660,0.0,False,True
b022661,0.0,False,True
b022662,0.0,False,True
b022663,0.0,False,True
b022664,0.0,False,True
b022665,0.0,False,True
b022666,0.3771193027496338,True,True
b022667,0.0,False,True
b022668,0.0,False,True
b022669,0.0,False,True
b022670,0.0,False,True
b022671,0.0,False,True
b022672,0.0,False,True
b022673,0.0,False,True
b022674,0.0,False,True
b022675,0.0,False,True
b022676,0.0,False,True
b022677,0.0,False,True
b022678,0.0,False,True
b022679,0.12687267363071442,True,True
b022680,0.0,False,True
b022681,0.0,False,True
b022682,0.0,False,True
b022683,0.0,False,True
b022684,0.0,False,True
b022685,0.0,False,True
b022686,0.0,False,True
b022687,0.0,False,True
b022688,0.0,False,True
b022689,0.0,False,True
b022690,0.0,False,True
b022691,0.0,False,True
b022692,0.0,False,True
b022693,0.0,False,True
b022694,0.0,False,True
b022695,0.0,False,True
b022696,0.0,False,True
b022697,0.0,False,True
b022698,0.10229793936014175,True,True
b022699,0.0,False,True
b022700,0.0,False,True
b022701,0.0,False,True
b022702,0.0,False,True
b022703,0.1329898089170456,True,True
b022704,0.0,False,True
b022705,0.0,False,True
b022706,0.0,False,True
b022707,0.0,False,True
b022708,0.14797407388687134,True,True
b022709,0.0,False,True
b022710,0.0,False,True
b022711,0.0,False,True
b022712,0.14332877099514008,True,True
b022713,0.0,False,True
b022714,0.0,False,True
b022715,0.0,False,True
b022716,0.0,False,True
b022717,0.0,False,True
b022718,0.0,False,True
b022719,0.0,False,True
b022720,0.0,False,True
b022721,0.0,False,True
b022722,0.0,False,True
b022723,0.0,False,True
b022724,0.0,False,True
b022725,0.0,False,True
b022726,0.0,False,True
b022727,0.0,False,True
b022728,0.0,False,True
b022729,0.0,False,True
b022730,0.0,False,True
b022731,0.0,False,True
b022732,0.0,False,True
b022733,0.0,False,True
b022734,0.0,False,True
b022735,0.0,False,True
b022736,0.0,False,True
b022737,0.0,False,True
b022738,0.0,False,True
b022739,0.0,False,True
b022740,0.0,False,True
b022741,0.0,False,True
b022742,0.10141537338495255,True,True
b022743,0.0,False,True
b022744,0.0,False,True
b022745,0.0,False,True
b022746,0.0,False,True
b022747,0.0,False,True
b022748,0.0,False,True
b022749,0.0,False,True
b022750,0.0,False,True
b022751,0.0,False,True
b022752,0.0,False,True
b022753,0.0,False,True
b022754,0.0,False,True
b022755,0.0,False,True
b022756,0.0,False,True
b022757,0.0,False,True
b022758,0.0,False,True
b022759,0.0,False,True
b022760,0.0,False,True
b022761,0.0,False,True
b022762,0.0,False,True
b022763,0.0,False,True
b022764,0.0,False,True
b022765,0.0,False,True
b022766,0.0,False,True
b022767,0.0,False,True
b022768,0.0,False,True
b022769,0.0,False,True
b022770,0.0,False,True
b022771,0.0,False,True
b022772,0.0,False,True
b022773,0.2061653435230255,True,True
b022774,0.0,False,True
b022775,0.0,False,True
b022776,0.0,False,True
b022777,0.0,False,True
b022778,0.0,False,True
b022779,0.0,False,True
b022780,0.0,False,True
b022781,0.0,False,True
b022782,0.0,False,True
b022783,0.45792609453201294,True,True
b022784,0.0,False,True
b022785,0.0,False,True
b022786,0.0,False,True
b022787,0.0,False,True
b022788,0.0,False,True
b022789,0.0,False,True
b022790,0.1313009262084961,True,True
b022791,0.0,False,True
b022792,0.0,False,True
b022793,0.0,False,True
b022794,0.0,False,True
b022795,0.0,False,True
b022796,0.0,False,True
b022797,0.0,False,True
b022798,0.0,False,True
b022799,0.0,False,True
b022800,0.0,False,True
b022801,0.0,False,True
b022802,0.0,False,True
b022803,0.0,False,True
b022804,0.0,False,True
b022805,0.0,False,True
b022806,0.0,False,True
b022807,0.0,False,True
b022808,0.0,False,True
b022809,0.0,False,True
b022810,0.0,False,True
b022811,0.0,False,True
b022812,0.0,False,True
b022813,0.0,False,True
b022814,0.0,False,True
b022815,0.0,False,True
b022816,0.0,False,True
b022817,0.0,False,True
b022818,0.0,False,True
b022819,0.0,False,True
b022820,0.0,False,True
b022821,0.0,False,True
b022822,0.0,False,True
b022823,0.0,False,True
b022824,0.0,False,True
b022825,0.0,False,True
b022826,0.0,False,True
b022827,0.0,False,True
b022828,0.0,False,True
b022829,0.0,False,True
b022830,0.0,False,True
b022831,0.0,False,True
b022832,0.0,False,True
b022833,0.0,False,True
b022834,0.0,False,True
b022835,0.14793410897254944,True,True
b022836,0.0,False,True
b022837,0.0,False,True
b022838,0.0,False,True
b022839,0.0,False,True
b022840,0.0,False,True
b022841,0.0,False,True
b022842,0.0,False,True
b022843,0.0,False,True
b022844,0.0,False,True
b022845,0.3658413589000702,True,True
b022846,0.0,False,True
b022847,0.0,False,True
b022848,0.0,False,True
b022849,0.0,False,True
b022850,0.0,False,True
b022851,0.0,False,True
b022852,0.0,False,True
b022853,0.0,False,True
b022854,0.0,False,True
b022855,0.0,False,True
b022856,0.0,False,True
b022857,0.0,False,True
b022858,0.0,False,True
b022859,0.0,False,True
b022860,0.0,False,True
b022861,0.0,False,True
b022862,0.0,False,True
b022863,0.0,False,True
b022864,0.0,False,True
b022865,0.0,False,True
b022866,0.0,False,True
b022867,0.0,False,True
b022868,0.0,False,True
b022869,0.0,False,True
b022870,0.0,False,True
b022871,0.0,False,True
b022872,0.0,False,True
b022873,0.12115829437971115,True,True
b022874,0.0,False,True
b022875,0.0,False,True
b022876,0.0,False,True
b022877,0.0,False,True
b022878,0.0,False,True
b022879,0.0,False,True
b022880,0.0,False,True
b022881,0.0,False,True
b022882,0.0,False,True
b022883,0.0,False,True
b022884,0.0,False,True
b022885,0.0,False,True
b022886,0.0,False,True
b022887,0.11580724269151688,True,True
b022888,0.0,False,True
b022889,0.23822501301765442,True,True
b022890,0.0,False,True
b022891,0.29145005345344543,True,True
b022892,0.0,False,True
b022893,0.0,False,True
b022894,0.0,False,True
b022895,0.0,False,True
b022896,0.0,False,True
b022897,0.0,False,True
b022898,0.0,False,True
b022899,0.0,False,True
b022900,0.0,False,True
b022901,0.0,False,True
b022902,0.0,False,True
b022903,0.0,False,True
b022904,0.0,False,True
b022905,0.0,False,True
b022906,0.0,False,True
b022907,0.0,False,True
b022908,0.0,False,True
b022909,0.0,False,True
b022910,0.0,False,True
b022911,0.0,False,True
b022912,0.0,False,True
b022913,0.0,False,True
b022914,0.0,False,True
b022915,0.0,False,True
b022916,0.11347080767154694,True,True
b022917,0.0,False,True
b022918,0.0,False,True
b022919,0.0,False,True
b022920,0.0,False,True
b022921,0.0,False,True
b022922,0.0,False,True
b022923,0.0,False,True
b022924,0.0,False,True
b022925,0.0,False,True
b022926,0.0,False,True
b022927,0.0,False,True
b022928,0.0,False,True
b022929,0.0,False,True
b022930,0.0,False,True
b022931,0.0,False,True
b022932,0.0,False,True
b022933,0.0,False,True
b022934,0.0,False,True
b022935,0.0,False,True
b022936,0.0,False,True
b022937,0.0,False,True
b022938,0.0,False,True
b022939,0.0,False,True
b022940,0.0,False,True
b022941,0.0,False,True
b022942,0.0,False,True
b022943,0.0,False,True
b022944,0.0,False,True
b022945,0.0,False,True
b022946,0.0,False,True
b022947,0.0,False,True
b022948,0.0,False,True
b022949,0.0,False,True
b022950,0.0,False,True
b022951,0.0,False,True
b022952,0.474655419588089,True,True
b022953,0.0,False,True
b022954,0.0,False,True
b022955,0.0,False,True
b022956,0.0,False,True
b022957,0.0,False,True
b022958,0.0,False,True
b022959,0.0,False,True
b022960,0.0,False,True
b022961,0.0,False,True
b022962,0.0,False,True
b022963,0.0,False,True
b022964,0.0,False,True
b022965,0.0,False,True
b022966,0.0,False,True
b022967,0.0,False,True
b022968,0.0,False,True
b022969,0.0,False,True
b022970,0.0,False,True
b022971,0.1493234485387802,True,True
b022972,0.0,False,True
b022973,0.0,False,True
b022974,0.0,False,True
b022975,0.0,False,True
b022976,0.0,False,True
b022977,0.0,False,True
b022978,0.0,False,True
b022979,0.0,False,True
b022980,0.0,False,True
b022981,0.0,False,True
b022982,0.0,False,True
b022983,0.0,False,True
b022984,0.0,False,True
b022985,0.0,False,True
b022986,0.0,False,True
b022987,0.0,False,True
b022988,0.0,False,True
b022989,0.0,False,True
b022990,0.0,False,True
b022991,0.0,False,True
b022992,0.0,False,True
b022993,0.0,False,True
b022994,0.0,False,True
b022995,0.0,False,True
b022996,0.0,False,True
b022997,0.0,False,True
b022998,0.0,False,True
b022999,0.0,False,True
b023000,0.43349722027778625,True,True
b023001,0.0,False,True
b023002,0.0,False,True
b023003,0.0,False,True
b023004,0.0,False,True
b023005,0.0,False,True
b023006,0.0,False,True
b023007,0.0,False,True
b023008,0.0,False,True
b023009,0.0,False,True
b023010,0.0,False,True
b023011,0.0,False,True
b023012,0.0,False,True
b023013,0.0,False,True
b023014,0.0,False,True
b023015,0.0,False,True
b023016,0.0,False,True
b023017,0.0,False,True
b023018,0.0,False,True
b023019,0.0,False,True
b023020,0.0,False,True
b023021,0.21665437519550323,True,True
b023022,0.0,False,True
b023023,0.0,False,True
b023024,0.0,False,True
b023025,0.0,False,True
b023026,0.0,False,True
b023027,0.15031903982162476,True,True
b023028,0.0,False,True
b023029,0.0,False,True
b023030,0.1680322140455246,True,True
b023031,0.0,False,True
b023032,0.0,False,True
b023033,0.0,False,True
b023034,0.0,False,True
b023035,0.0,False,True
b023036,0.0,False,True
b023037,0.0,False,True
b023038,0.0,False,True
b023039,0.0,False,True
b023040,0.0,False,True
b023041,0.0,False,True
b023042,0.0,False,True
b023043,0.0,False,True
b023044,0.0,False,True
b023045,0.0,False,True
b023046,0.0,False,True
b023047,0.0,False,True
b023048,0.10555139929056168,True,True
b023049,0.0,False,True
b023050,0.0,False,True
b023051,0.0,False,True
b023052,0.0,False,True
b023053,0.0,False,True
b023054,0.0,False,True
b023055,0.0,False,True
b023056,0.0,False,True
b023057,0.0,False,True
b023058,0.0,False,True
b023059,0.0,False,True
b023060,0.0,False,True
b023061,0.0,False,True
b023062,0.0,False,True
b023063,0.0,False,True
b023064,0.0,False,True
b023065,0.2799172103404999,True,True
b023066,0.0,False,True
b023067,0.0,False,True
b023068,0.0,False,True
b023069,0.0,False,True
b023070,0.0,False,True
b023071,0.0,False,True
b023072,0.0,False,True
b023073,0.0,False,True
b023074,0.0,False,True
b023075,0.0,False,True
b023076,0.0,False,True
b023077,0.0,False,True
b023078,0.0,False,True
b023079,0.0,False,True
b023080,0.0,False,True
b023081,0.0,False,True
b023082,0.1508311629295349,True,True
b023083,0.0,False,True
b023084,0.0,False,True
b023085,0.0,False,True
b023086,0.0,False,True
b023087,0.23816274106502533,True,True
b023088,0.0,False,True
b023089,0.0,False,True
b023090,0.0,False,True
b023091,0.0,False,True
b023092,0.0,False,True
b023093,0.0,False,True
b023094,0.0,False,True
b023095,0.0,False,True
b023096,0.0,False,True
b023097,0.0,False,True
b023098,0.0,False,True
b023099,0.0,False,True
b023100,0.0,False,True
b023101,0.0,False,True
b023102,0.0,False,True
b023103,0.30375218391418457,True,True
b023104,0.0,False,True
b023105,0.0,False,True
b023106,0.0,False,True
b023107,0.0,False,True
b023108,0.0,False,True
b023109,0.0,False,True
b023110,0.0,False,True
b023111,0.0,False,True
b023112,0.0,False,True
b023113,0.0,False,True
b023114,0.0,False,True
b023115,0.0,False,True
b023116,0.0,False,True
b023117,0.0,False,True
b023118,0.0,False,True
b023119,0.0,False,True
b023120,0.12166368961334229,True,True
b023121,0.0,False,True
b023122,0.0,False,True
b023123,0.0,False,True
b023124,0.0,False,True
b023125,0.0,False,True
b023126,0.0,False,True
b023127,0.0,False,True
b023128,0.0,False,True
b023129,0.0,False,True
b023130,0.0,False,True
b023131,0.0,False,True
b023132,0.0,False,True
b023133,0.0,False,True
b023134,0.0,False,True
b023135,0.0,False,True
b023136,0.0,False,True
b023137,0.0,False,True
b023138,0.0,False,True
b023139,0.0,False,True
b023140,0.0,False,True
b023141,0.0,False,True
b023142,0.0,False,True
b023143,0.0,False,True
b023144,0.12645849585533142,True,True
b023145,0.0,False,True
b023146,0.0,False,True
b023147,0.0,False,True
b023148,0.0,False,True
b023149,0.0,False,True
b023150,0.0,False,True
b023151,0.0,False,True
b023152,0.0,False,True
b023153,0.0,False,True
b023154,0.0,False,True
b023155,0.0,False,True
b023156,0.0,False,True
b023157,0.0,False,True
b023158,0.0,False,True
b023159,0.0,False,True
b023160,0.0,False,True
b023161,0.0,False,True
b023162,0.0,False,True
b023163,0.0,False,True
b023164,0.0,False,True
b023165,0.13426361978054047,True,True
b023166,0.0,False,True
b023167,0.0,False,True
b023168,0.0,False,True
b023169,0.0,False,True
b023170,0.0,False,True
b023171,0.0,False,True
b023172,0.0,False,True
b023173,0.0,False,True
b023174,0.0,False,True
b023175,0.0,False,True
b023176,0.0,False,True
b023177,0.0,False,True
b023178,0.0,False,True
b023179,0.0,False,True
b023180,0.0,False,True
b023181,0.0,False,True
b023182,0.0,False,True
b023183,0.0,False,True
b023184,0.0,False,True
b023185,0.0,False,True
b023186,0.0,False,True
b023187,0.0,False,True
b023188,0.0,False,True
b023189,0.0,False,True
b023190,0.0,False,True
b023191,0.0,False,True
b023192,0.0,False,True
b023193,0.0,False,True
b023194,0.0,False,True
b023195,0.0,False,True
b023196,0.0,False,True
b023197,0.0,False,True
b023198,0.0,False,True
b023199,0.0,False,True
b023200,0.0,False,True
b023201,0.1045898050069809,True,True
b023202,0.0,False,True
b023203,0.0,False,True
b023204,0.0,False,True
b023205,0.0,False,True
b023206,0.0,False,True
b023207,0.0,False,True
b023208,0.0,False,True
b023209,0.0,False,True
b023210,0.0,False,True
b023211,0.0,False,True
b023212,0.0,False,True
b023213,0.0,False,True
b023214,0.0,False,True
b023215,0.0,False,True
b023216,0.0,False,True
b023217,0.0,False,True
b023218,0.0,False,True
b023219,0.0,False,True
b023220,0.0,False,True
b023221,0.0,False,True
b023222,0.0,False,True
b023223,0.0,False,True
b023224,0.0,False,True
b023225,0.0,False,True
b023226,0.0,False,True
b023227,0.0,False,True
b023228,0.0,False,True
b023229,0.0,False,True
b023230,0.0,False,True
b023231,0.0,False,True
b023232,0.0,False,True
b023233,0.0,False,True
b023234,0.0,False,True
b023235,0.0,False,True
b023236,0.0,False,True
b023237,0.0,False,True
b023238,0.0,False,True
b023239,0.0,False,True
b023240,0.0,False,True
b023241,0.0,False,True
b023242,0.0,False,True
b023243,0.0,False,True
b023244,0.0,False,True
b023245,0.0,False,True
b023246,0.0,False,True
b023247,0.0,False,True
b023248,0.0,False,True
b023249,0.0,False,True
b023250,0.0,False,True
b023251,0.0,False,True
b023252,0.0,False,True
b023253,0.0,False,True
b023254,0.2918586730957031,True,True
b023255,0.0,False,True
b023256,0.0,False,True
b023257,0.0,False,True
b023258,0.0,False,True
b023259,0.0,False,True
b023260,0.0,False,True
b023261,0.0,False,True
b023262,0.0,False,True
b023263,0.0,False,True
b023264,0.0,False,True
b023265,0.0,False,True
b023266,0.0,False,True
b023267,0.0,False,True
b023268,0.0,False,True
b023269,0.0,False,True
b023270,0.0,False,True
b023271,0.0,False,True
b023272,0.0,False,True
b023273,0.0,False,True
b023274,0.0,False,True
b023275,0.0,False,True
b023276,0.0,False,True
b023277,0.0,False,True
b023278,0.0,False,True
b023279,0.0,False,True
b023280,0.0,False,True
b023281,0.0,False,True
b023282,0.0,False,True
b023283,0.0,False,True
b023284,0.0,False,True
b023285,0.0,False,True
b023286,0.0,False,True
b023287,0.0,False,True
b023288,0.0,False,True
b023289,0.0,False,True
b023290,0.0,False,True
b023291,0.0,False,True
b023292,0.0,False,True
b023293,0.0,False,True
b023294,0.0,False,True
b023295,0.0,False,True
b023296,0.0,False,True
b023297,0.0,False,True
b023298,0.0,False,True
b023299,0.0,False,True
b023300,0.0,False,True
b023301,0.0,False,True
b023302,0.0,False,True
b023303,0.0,False,True
b023304,0.0,False,True
b023305,0.0,False,True
b023306,0.0,False,True
b023307,0.0,False,True
b023308,0.0,False,True
b023309,0.0,False,True
b023310,0.0,False,True
b023311,0.0,False,True
b023312,0.0,False,True
b023313,0.0,False,True
b023314,0.23028939962387085,True,True
b023315,0.0,False,True
b023316,0.0,False,True
b023317,0.0,False,True
b023318,0.0,False,True
b023319,0.0,False,True
b023320,0.0,False,True
b023321,0.0,False,True
b023322,0.0,False,True
b023323,0.0,False,True
b023324,0.0,False,True
b023325,0.0,False,True
b023326,0.0,False,True
b023327,0.0,False,True
b023328,0.3783063292503357,True,True
b023329,0.0,False,True
b023330,0.11711487919092178,True,True
b023331,0.0,False,True
b023332,0.0,False,True
b023333,0.0,False,True
b023334,0.0,False,True
b023335,0.0,False,True
b023336,0.0,False,True
b023337,0.0,False,True
b023338,0.0,False,True
b023339,0.6970140933990479,True,True
b023340,0.10493212193250656,True,True
b023341,0.0,False,True
b023342,0.636338472366333,True,True
b023343,0.0,False,True
b023344,0.0,False,True
b023345,0.0,False,True
b023346,0.0,False,True
b023347,0.0,False,True
b023348,0.0,False,True
b023349,0.0,False,True
b023350,0.0,False,True
b023351,0.0,False,True
b023352,0.0,False,True
b023353,0.0,False,True
b023354,0.0,False,True
b023355,0.0,False,True
b023356,0.0,False,True
b023357,0.0,False,True
b023358,0.0,False,True
b023359,0.0,False,True
b023360,0.0,False,True
b023361,0.0,False,True
b023362,0.0,False,True
b023363,0.0,False,True
b023364,0.0,False,True
b023365,0.0,False,True
b023366,0.0,False,True
b023367,0.0,False,True
b023368,0.0,False,True
b023369,0.19393089413642883,True,True
b023370,0.0,False,True
b023371,0.0,False,True
b023372,0.0,False,True
b023373,0.0,False,True
b023374,0.0,False,True
b023375,0.0,False,True
b023376,0.0,False,True
b023377,0.0,False,True
b023378,0.0,False,True
b023379,0.0,False,True
b023380,0.0,False,True
b023381,0.0,False,True
b023382,0.0,False,True
b023383,0.0,False,True
b023384,0.0,False,True
b023385,0.0,False,True
b023386,0.0,False,True
b023387,0.0,False,True
b023388,0.0,False,True
b023389,0.0,False,True
b023390,0.0,False,True
b023391,0.0,False,True
b023392,0.0,False,True
b023393,0.0,False,True
b023394,0.0,False,True
b023395,0.0,False,True
b023396,0.0,False,True
b023397,0.0,False,True
b023398,0.0,False,True
b023399,0.0,False,True
b023400,0.3151627480983734,True,True
b023401,0.0,False,True
b023402,0.0,False,True
b023403,0.0,False,True
b023404,0.0,False,True
b023405,0.0,False,True
b023406,0.0,False,True
b023407,0.0,False,True
b023408,0.0,False,True
b023409,0.0,False,True
b023410,0.0,False,True
b023411,0.0,False,True
b023412,0.0,False,True
b023413,0.0,False,True
b023414,0.0,False,True
b023415,0.0,False,True
b023416,0.0,False,True
b023417,0.0,False,True
b023418,0.0,False,True
b023419,0.0,False,True
b023420,0.0,False,True
b023421,0.11637422442436218,True,True
b023422,0.0,False,True
b023423,0.0,False,True
b023424,0.0,False,True
b023425,0.5286783576011658,True,True
b023426,0.0,False,True
b023427,0.0,False,True
b023428,0.0,False,True
b023429,0.0,False,True
b023430,0.0,False,True
b023431,0.0,False,True
b023432,0.0,False,True
b023433,0.0,False,True
b023434,0.0,False,True
b023435,0.0,False,True
b023436,0.0,False,True
b023437,0.0,False,True
b023438,0.0,False,True
b023439,0.0,False,True
b023440,0.0,False,True
b023441,0.0,False,True
b023442,0.0,False,True
b023443,0.0,False,True
b023444,0.0,False,True
b023445,0.0,False,True
b023446,0.0,False,True
b023447,0.0,False,True
b023448,0.0,False,True
b023449,0.0,False,True
b023450,0.0,False,True
b023451,0.0,False,True
b023452,0.0,False,True
b023453,0.0,False,True
b023454,0.0,False,True
b023455,0.0,False,True
b023456,0.0,False,True
b023457,0.0,False,True
b023458,0.0,False,True
b023459,0.0,False,True
b023460,0.0,False,True
b023461,0.0,False,True
b023462,0.0,False,True
b023463,0.0,False,True
b023464,0.0,False,True
b023465,0.0,False,True
b023466,0.0,False,True
b023467,0.0,False,True
b023468,0.0,False,True
b023469,0.0,False,True
b023470,0.0,False,True
b023471,0.0,False,True
b023472,0.0,False,True
b023473,0.0,False,True
b023474,0.0,False,True
b023475,0.0,False,True
b023476,0.3670450448989868,True,True
b023477,0.0,False,True
b023478,0.0,False,True
b023479,0.0,False,True
b023480,0.0,False,True
b023481,0.0,False,True
b023482,0.0,False,True
b023483,0.0,False,True
b023484,0.0,False,True
b023485,0.0,False,True
b023486,0.0,False,True
b023487,0.0,False,True
b023488,0.0,False,True
b023489,0.0,False,True
b023490,0.0,False,True
b023491,0.0,False,True
b023492,0.0,False,True
b023493,0.0,False,True
b023494,0.0,False,True
b023495,0.0,False,True
b023496,0.0,False,True
b023497,0.0,False,True
b023498,0.0,False,True
b023499,0.0,False,True
b023500,0.0,False,True
b023501,0.0,False,True
b023502,0.0,False,True
b023503,0.0,False,True
b023504,0.0,False,True
b023505,0.0,False,True
b023506,0.0,False,True
b023507,0.0,False,True
b023508,0.0,False,True
b023509,0.0,False,True
b023510,0.13442738354206085,True,True
b023511,0.0,False,True
b023512,0.0,False,True
b023513,0.0,False,True
b023514,0.0,False,True
b023515,0.0,False,True
b023516,0.0,False,True
b023517,0.11984314769506454,True,True
b023518,0.0,False,True
b023519,0.0,False,True
b023520,0.0,False,True
b023521,0.0,False,True
b023522,0.0,False,True
b023523,0.0,False,True
b023524,0.0,False,True
b023525,0.0,False,True
b023526,0.0,False,True
b023527,0.0,False,True
b023528,0.0,False,True
b023529,0.0,False,True
b023530,0.0,False,True
b023531,0.0,False,True
b023532,0.0,False,True
b023533,0.0,False,True
b023534,0.0,False,True
b023535,0.0,False,True
b023536,0.0,False,True
b023537,0.5144528150558472,True,True
b023538,0.0,False,True
b023539,0.0,False,True
b023540,0.0,False,True
b023541,0.0,False,True
b023542,0.0,False,True
b023543,0.0,False,True
b023544,0.0,False,True
b023545,0.0,False,True
b023546,0.0,False,True
b023547,0.0,False,True
b023548,0.0,False,True
b023549,0.0,False,True
b023550,0.0,False,True
b023551,0.0,False,True
b023552,0.0,False,True
b023553,0.0,False,True
b023554,0.0,False,True
b023555,0.0,False,True
b023556,0.8285238742828369,True,True
b023557,0.0,False,True
b023558,0.0,False,True
b023559,0.0,False,True
b023560,0.0,False,True
b023561,0.0,False,True
b023562,0.0,False,True
b023563,0.0,False,True
b023564,0.0,False,True
b023565,0.0,False,True
b023566,0.0,False,True
b023567,0.0,False,True
b023568,0.0,False,True
b023569,0.0,False,True
b023570,0.0,False,True
b023571,0.0,False,True
b023572,0.0,False,True
b023573,0.0,False,True
b023574,0.0,False,True
b023575,0.0,False,True
b023576,0.0,False,True
b023577,0.7998284697532654,True,True
b023578,0.0,False,True
b023579,0.0,False,True
b023580,0.0,False,True
b023581,0.0,False,True
b023582,0.0,False,True
b023583,0.0,False,True
b023584,0.0,False,True
b023585,0.0,False,True
b023586,0.0,False,True
b023587,0.0,False,True
b023588,0.0,False,True
b023589,0.0,False,True
b023590,0.18735109269618988,True,True
b023591,0.0,False,True
b023592,0.0,False,True
b023593,0.0,False,True
b023594,0.0,False,True
b023595,0.0,False,True
b023596,0.0,False,True
b023597,0.0,False,True
b023598,0.0,False,True
b023599,0.0,False,True
b023600,0.0,False,True
b023601,0.0,False,True
b023602,0.0,False,True
b023603,0.0,False,True
b023604,0.0,False,True
b023605,0.0,False,True
b023606,0.0,False,True
b023607,0.0,False,True
b023608,0.0,False,True
b023609,0.0,False,True
b023610,0.0,False,True
b023611,0.0,False,True
b023612,0.0,False,True
b023613,0.0,False,True
b023614,0.0,False,True
b023615,0.0,False,True
b023616,0.0,False,True
b023617,0.0,False,True
b023618,0.0,False,True
b023619,0.0,False,True
b023620,0.0,False,True
b023621,0.0,False,True
b023622,0.0,False,True
b023623,0.0,False,True
b023624,0.0,False,True
b023625,0.0,False,True
b023626,0.0,False,True
b023627,0.0,False,True
b023628,0.0,False,True
b023629,0.0,False,True
b023630,0.0,False,True
b023631,0.0,False,True
b023632,0.0,False,True
b023633,0.0,False,True
b023634,0.0,False,True
b023635,0.0,False,True
b023636,0.0,False,True
b023637,0.0,False,True
b023638,0.0,False,True
b023639,0.0,False,True
b023640,0.0,False,True
b023641,0.0,False,True
b023642,0.0,False,True
b023643,0.0,False,True
b023644,0.0,False,True
b023645,0.0,False,True
b023646,0.0,False,True
b023647,0.0,False,True
b023648,0.0,False,True
b023649,0.0,False,True
b023650,0.0,False,True
b023651,0.4984152615070343,True,True
b023652,0.0,False,True
b023653,0.0,False,True
b023654,0.0,False,True
b023655,0.0,False,True
b023656,0.0,False,True
b023657,0.0,False,True
b023658,0.0,False,True
b023659,0.0,False,True
b023660,0.0,False,True
b023661,0.0,False,True
b023662,0.0,False,True
b023663,0.0,False,True
b023664,0.0,False,True
b023665,0.0,False,True
b023666,0.0,False,True
b023667,0.0,False,True
b023668,0.0,False,True
b023669,0.0,False,True
b023670,0.0,False,True
b023671,0.0,False,True
b023672,0.0,False,True
b023673,0.0,False,True
b023674,0.0,False,True
b023675,0.0,False,True
b023676,0.0,False,True
b023677,0.0,False,True
b023678,0.0,False,True
b023679,0.0,False,True
b023680,0.0,False,True
b023681,0.0,False,True
b023682,0.0,False,True
b023683,0.0,False,True
b023684,0.0,False,True
b023685,0.0,False,True
b023686,0.0,False,True
b023687,0.0,False,True
b023688,0.0,False,True
b023689,0.0,False,True
b023690,0.0,False,True
b023691,0.0,False,True
b023692,0.0,False,True
b023693,0.0,False,True
b023694,0.0,False,True
b023695,0.0,False,True
b023696,0.0,False,True
b023697,0.0,False,True
b023698,0.0,False,True
b023699,0.0,False,True
b023700,0.0,False,True
b023701,0.0,False,True
b023702,0.0,False,True
b023703,0.0,False,True
b023704,0.0,False,True
b023705,0.0,False,True
b023706,0.0,False,True
b023707,0.0,False,True
b023708,0.0,False,True
b023709,0.0,False,True
b023710,0.0,False,True
b023711,0.0,False,True
b023712,0.0,False,True
b023713,0.0,False,True
b023714,0.0,False,True
b023715,0.0,False,True
b023716,0.0,False,True
b023717,0.0,False,True
b023718,0.0,False,True
b023719,0.0,False,True
b023720,0.0,False,True
b023721,0.0,False,True
b023722,0.0,False,True
b023723,0.0,False,True
b023724,0.0,False,True
b023725,0.0,False,True
b023726,0.0,False,True
b023727,0.0,False,True
b023728,0.0,False,True
b023729,0.0,False,True
b023730,0.0,False,True
b023731,0.0,False,True
b023732,0.0,False,True
b023733,0.0,False,True
b023734,0.0,False,True
b023735,0.0,False,True
b023736,0.0,False,True
b023737,0.0,False,True
b023738,0.0,False,True
b023739,0.0,False,True
b023740,0.0,False,True
b023741,0.0,False,True
b023742,0.0,False,True
b023743,0.0,False,True
b023744,0.0,False,True
b023745,0.0,False,True
b023746,0.0,False,True
b023747,0.5283653736114502,True,True
b023748,0.0,False,True
b023749,0.0,False,True
b023750,0.0,False,True
b023751,0.0,False,True
b023752,0.0,False,True
b023753,0.0,False,True
b023754,0.0,False,True
b023755,0.0,False,True
b023756,0.0,False,True
b023757,0.0,False,True
b023758,0.0,False,True
b023759,0.0,False,True
b023760,0.0,False,True
b023761,0.0,False,True
b023762,0.0,False,True
b023763,0.0,False,True
b023764,0.0,False,True
b023765,0.0,False,True
b023766,0.0,False,True
b023767,0.0,False,True
b023768,0.0,False,True
b023769,0.0,False,True
b023770,0.0,False,True
b023771,0.0,False,True
b023772,0.0,False,True
b023773,0.0,False,True
b023774,0.0,False,True
b023775,0.0,False,True
b023776,0.0,False,True
b023777,0.0,False,True
b023778,0.0,False,True
b023779,0.0,False,True
b023780,0.0,False,True
b023781,0.0,False,True
b023782,0.0,False,True
b023783,0.0,False,True
b023784,0.0,False,True
b023785,0.0,False,True
b023786,0.0,False,True
b023787,0.0,False,True
b023788,0.0,False,True
b023789,0.0,False,True
b023790,0.0,False,True
b023791,0.0,False,True
b023792,0.0,False,True
b023793,0.0,False,True
b023794,0.0,False,True
b023795,0.0,False,True
b023796,0.0,False,True
b023797,0.0,False,True
b023798,0.0,False,True
b023799,0.0,False,True
b023800,0.0,False,True
b023801,0.0,False,True
b023802,0.0,False,True
b023803,0.0,False,True
b023804,0.0,False,True
b023805,0.0,False,True
b023806,0.0,False,True
b023807,0.0,False,True
b023808,0.0,False,True
b023809,0.0,False,True
b023810,0.0,False,True
b023811,0.0,False,True
b023812,0.0,False,True
b023813,0.0,False,True
b023814,0.0,False,True
b023815,0.0,False,True
b023816,0.0,False,True
b023817,0.0,False,True
b023818,0.0,False,True
b023819,0.0,False,True
b023820,0.0,False,True
b023821,0.0,False,True
b023822,0.0,False,True
b023823,0.0,False,True
b023824,0.0,False,True
b023825,0.0,False,True
b023826,0.0,False,True
b023827,0.0,False,True
b023828,0.0,False,True
b023829,0.47944140434265137,True,True
b023830,0.0,False,True
b023831,0.0,False,True
b023832,0.0,False,True
b023833,0.0,False,True
b023834,0.0,False,True
b023835,0.0,False,True
b023836,0.0,False,True
b023837,0.0,False,True
b023838,0.0,False,True
b023839,0.0,False,True
b023840,0.0,False,True
b023841,0.0,False,True
b023842,0.0,False,True
b023843,0.0,False,True
b023844,0.0,False,True
b023845,0.17148786783218384,True,True
b023846,0.0,False,True
b023847,0.0,False,True
b023848,0.0,False,True
b023849,0.0,False,True
b023850,0.0,False,True
b023851,0.0,False,True
b023852,0.0,False,True
b023853,0.0,False,True
b023854,0.0,False,True
b023855,0.0,False,True
b023856,0.12942518293857574,True,True
b023857,0.0,False,True
b023858,0.0,False,True
b023859,0.0,False,True
b023860,0.0,False,True
b023861,0.0,False,True
b023862,0.0,False,True
b023863,0.0,False,True
b023864,0.0,False,True
b023865,0.0,False,True
b023866,0.0,False,True
b023867,0.0,False,True
b023868,0.0,False,True
b023869,0.0,False,True
b023870,0.0,False,True
b023871,0.0,False,True
b023872,0.0,False,True
b023873,0.0,False,True
b023874,0.5460423827171326,True,True
b023875,0.0,False,True
b023876,0.0,False,True
b023877,0.0,False,True
b023878,0.0,False,True
b023879,0.0,False,True
b023880,0.0,False,True
b023881,0.0,False,True
b023882,0.0,False,True
b023883,0.0,False,True
b023884,0.0,False,True
b023885,0.0,False,True
b023886,0.0,False,True
b023887,0.0,False,True
b023888,0.0,False,True
b023889,0.0,False,True
b023890,0.3792526423931122,True,True
b023891,0.0,False,True
b023892,0.0,False,True
b023893,0.0,False,True
b023894,0.0,False,True
b023895,0.0,False,True
b023896,0.0,False,True
b023897,0.0,False,True
b023898,0.0,False,True
b023899,0.0,False,True
b023900,0.0,False,True
b023901,0.0,False,True
b023902,0.0,False,True
b023903,0.0,False,True
b023904,0.0,False,True
b023905,0.1278025209903717,True,True
b023906,0.0,False,True
b023907,0.0,False,True
b023908,0.0,False,True
b023909,0.0,False,True
b023910,0.0,False,True
b023911,0.0,False,True
b023912,0.0,False,True
b023913,0.0,False,True
b023914,0.0,False,True
b023915,0.0,False,True
b023916,0.0,False,True
b023917,0.0,False,True
b023918,0.0,False,True
b023919,0.0,False,True
b023920,0.0,False,True
b023921,0.0,False,True
b023922,0.0,False,True
b023923,0.0,False,True
b023924,0.0,False,True
b023925,0.0,False,True
b023926,0.0,False,True
b023927,0.0,False,True
b023928,0.0,False,True
b023929,0.0,False,True
b023930,0.0,False,True
b023931,0.0,False,True
b023932,0.0,False,True
b023933,0.0,False,True
b023934,0.0,False,True
b023935,0.0,False,True
b023936,0.0,False,True
b023937,0.0,False,True
b023938,0.0,False,True
b023939,0.0,False,True
b023940,0.0,False,True
b023941,0.0,False,True
b023942,0.0,False,True
b023943,0.0,False,True
b023944,0.0,False,True
b023945,0.0,False,True
b023946,0.0,False,True
b023947,0.0,False,True
b023948,0.0,False,True
b023949,0.0,False,True
b023950,0.0,False,True
b023951,0.0,False,True
b023952,0.0,False,True
b023953,0.0,False,True
b023954,0.0,False,True
b023955,0.0,False,True
b023956,0.0,False,True
b023957,0.0,False,True
b023958,0.0,False,True
b023959,0.0,False,True
b023960,0.0,False,True
b023961,0.0,False,True
b023962,0.0,False,True
b023963,0.0,False,True
b023964,0.0,False,True
b023965,0.0,False,True
b023966,0.0,False,True
b023967,0.0,False,True
b023968,0.0,False,True
b023969,0.0,False,True
b023970,0.0,False,True
b023971,0.0,False,True
b023972,0.0,False,True
b023973,0.0,False,True
b023974,0.0,False,True
b023975,0.0,False,True
b023976,0.0,False,True
b023977,0.0,False,True
b023978,0.0,False,True
b023979,0.0,False,True
b023980,0.0,False,True
b023981,0.26505255699157715,True,True
b023982,0.0,False,True
b023983,0.0,False,True
b023984,0.0,False,True
b023985,0.0,False,True
b023986,0.0,False,True
b023987,0.0,False,True
b023988,0.0,False,True
b023989,0.0,False,True
b023990,0.0,False,True
b023991,0.0,False,True
b023992,0.0,False,True
b023993,0.0,False,True
b023994,0.0,False,True
b023995,0.0,False,True
b023996,0.0,False,True
b023997,0.0,False,True
b023998,0.0,False,True
b023999,0.0,False,True
b024000,0.0,False,True
b024001,0.0,False,True
b024002,0.0,False,True
b024003,0.0,False,True
b024004,0.0,False,True
b024005,0.0,False,True
b024006,0.0,False,True
b024007,0.0,False,True
b024008,0.0,False,True
b024009,0.0,False,True
b024010,0.0,False,True
b024011,0.0,False,True
b024012,0.0,False,True
b024013,0.0,False,True
b024014,0.0,False,True
b024015,0.0,False,True
b024016,0.0,False,True
b024017,0.0,False,True
b024018,0.0,False,True
b024019,0.0,False,True
b024020,0.0,False,True
b024021,0.0,False,True
b024022,0.0,False,True
b024023,0.0,False,True
b024024,0.0,False,True
b024025,0.0,False,True
b024026,0.0,False,True
b024027,0.0,False,True
b024028,0.0,False,True
b024029,0.0,False,True
b024030,0.0,False,True
b024031,0.0,False,True
b024032,0.0,False,True
b024033,0.0,False,True
b024034,0.0,False,True
b024035,0.0,False,True
b024036,0.0,False,True
b024037,0.0,False,True
b024038,0.0,False,True
b024039,0.0,False,True
b024040,0.0,False,True
b024041,0.0,False,True
b024042,0.0,False,True
b024043,0.0,False,True
b024044,0.0,False,True
b024045,0.0,False,True
b024046,0.0,False,True
b024047,0.0,False,True
b024048,0.0,False,True
b024049,0.0,False,True
b024050,0.0,False,True
b024051,0.0,False,True
b024052,0.0,False,True
b024053,0.0,False,True
b024054,0.0,False,True
b024055,0.0,False,True
b024056,0.11213047057390213,True,True
b024057,0.0,False,True
b024058,0.0,False,True
b024059,0.0,False,True
b024060,0.0,False,True
b024061,0.0,False,True
b024062,0.0,False,True
b024063,0.0,False,True
b024064,0.0,False,True
b024065,0.0,False,True
b024066,0.0,False,True
b024067,0.0,False,True
b024068,0.0,False,True
b024069,0.6559873223304749,True,True
b024070,0.0,False,True
b024071,0.13354559242725372,True,True
b024072,0.0,False,True
b024073,0.0,False,True
b024074,0.0,False,True
b024075,0.0,False,True
b024076,0.0,False,True
b024077,0.0,False,True
b024078,0.0,False,True
b024079,0.0,False,True
b024080,0.0,False,True
b024081,0.0,False,True
b024082,0.0,False,True
b024083,0.0,False,True
b024084,0.11797332018613815,True,True
b024085,0.2674156427383423,True,True
b024086,0.0,False,True
b024087,0.0,False,True
b024088,0.0,False,True
b024089,0.0,False,True
b024090,0.0,False,True
b024091,0.0,False,True
b024092,0.0,False,True
b024093,0.0,False,True
b024094,0.21819691359996796,True,True
b024095,0.0,False,True
b024096,0.0,False,True
b024097,0.0,False,True
b024098,0.0,False,True
b024099,0.0,False,True
b024100,0.0,False,True
b024101,0.2134038358926773,True,True
b024102,0.14305013418197632,True,True
b024103,0.0,False,True
b024104,0.0,False,True
b024105,0.0,False,True
b024106,0.0,False,True
b024107,0.0,False,True
b024108,0.2921953499317169,True,True
b024109,0.0,False,True
b024110,0.0,False,True
b024111,0.0,False,True
b024112,0.0,False,True
b024113,0.0,False,True
b024114,0.0,False,True
b024115,0.0,False,True
b024116,0.0,False,True
b024117,0.0,False,True
b024118,0.0,False,True
b024119,0.0,False,True
b024120,0.0,False,True
b024121,0.0,False,True
b024122,0.0,False,True
b024123,0.0,False,True
b024124,0.0,False,True
b024125,0.0,False,True
b024126,0.0,False,True
b024127,0.0,False,True
b024128,0.0,False,True
b024129,0.0,False,True
b024130,0.0,False,True
b024131,0.0,False,True
b024132,0.0,False,True
b024133,0.0,False,True
b024134,0.0,False,True
b024135,0.0,False,True
b024136,0.0,False,True
b024137,0.0,False,True
b024138,0.0,False,True
b024139,0.0,False,True
b024140,0.0,False,True
b024141,0.0,False,True
b024142,0.0,False,True
b024143,0.0,False,True
b024144,0.0,False,True
b024145,0.0,False,True
b024146,0.0,False,True
b024147,0.0,False,True
b024148,0.0,False,True
b024149,0.0,False,True
b024150,0.0,False,True
b024151,0.0,False,True
b024152,0.0,False,True
b024153,0.0,False,True
b024154,0.0,False,True
b024155,0.0,False,True
b024156,0.0,False,True
b024157,0.0,False,True
b024158,0.0,False,True
b024159,0.0,False,True
b024160,0.0,False,True
b024161,0.0,False,True
b024162,0.0,False,True
b024163,0.0,False,True
b024164,0.0,False,True
b024165,0.0,False,True
b024166,0.0,False,True
b024167,0.0,False,True
b024168,0.0,False,True
b024169,0.0,False,True
b024170,0.0,False,True
b024171,0.0,False,True
b024172,0.0,False,True
b024173,0.0,False,True
b024174,0.0,False,True
b024175,0.0,False,True
b024176,0.0,False,True
b024177,0.0,False,True
b024178,0.0,False,True
b024179,0.0,False,True
b024180,0.0,False,True
b024181,0.0,False,True
b024182,0.0,False,True
b024183,0.0,False,True
b024184,0.0,False,True
b024185,0.0,False,True
b024186,0.0,False,True
b024187,0.0,False,True
b024188,0.0,False,True
b024189,0.0,False,True
b024190,0.0,False,True
b024191,0.0,False,True
b024192,0.0,False,True
b024193,0.0,False,True
b024194,0.0,False,True
b024195,0.10144859552383423,True,True
b024196,0.0,False,True
b024197,0.0,False,True
b024198,0.0,False,True
b024199,0.0,False,True
b024200,0.0,False,True
b024201,0.0,False,True
b024202,0.0,False,True
b024203,0.0,False,True
b024204,0.0,False,True
b024205,0.0,False,True
b024206,0.0,False,True
b024207,0.0,False,True
b024208,0.0,False,True
b024209,0.0,False,True
b024210,0.0,False,True
b024211,0.0,False,True
b024212,0.0,False,True
b024213,0.0,False,True
b024214,0.0,False,True
b024215,0.0,False,True
b024216,0.0,False,True
b024217,0.0,False,True
b024218,0.0,False,True
b024219,0.0,False,True
b024220,0.0,False,True
b024221,0.0,False,True
b024222,0.0,False,True
b024223,0.0,False,True
b024224,0.0,False,True
b024225,0.0,False,True
b024226,0.0,False,True
b024227,0.0,False,True
b024228,0.0,False,True
b024229,0.0,False,True
b024230,0.0,False,True
b024231,0.0,False,True
b024232,0.0,False,True
b024233,0.0,False,True
b024234,0.0,False,True
b024235,0.0,False,True
b024236,0.0,False,True
b024237,0.0,False,True
b024238,0.0,False,True
b024239,0.0,False,True
b024240,0.0,False,True
b024241,0.0,False,True
b024242,0.0,False,True
b024243,0.0,False,True
b024244,0.0,False,True
b024245,0.0,False,True
b024246,0.0,False,True
b024247,0.0,False,True
b024248,0.0,False,True
b024249,0.0,False,True
b024250,0.0,False,True
b024251,0.0,False,True
b024252,0.0,False,True
b024253,0.0,False,True
b024254,0.0,False,True
b024255,0.0,False,True
b024256,0.0,False,True
b024257,0.0,False,True
b024258,0.0,False,True
b024259,0.0,False,True
b024260,0.0,False,True
b024261,0.0,False,True
b024262,0.0,False,True
b024263,0.0,False,True
b024264,0.0,False,True
b024265,0.1247815415263176,True,True
b024266,0.0,False,True
b024267,0.0,False,True
b024268,0.0,False,True
b024269,0.0,False,True
b024270,0.0,False,True
b024271,0.0,False,True
b024272,0.0,False,True
b024273,0.0,False,True
b024274,0.0,False,True
b024275,0.0,False,True
b024276,0.0,False,True
b024277,0.0,False,True
b024278,0.0,False,True
b024279,0.0,False,True
b024280,0.0,False,True
b024281,0.0,False,True
b024282,0.0,False,True
b024283,0.0,False,True
b024284,0.0,False,True
b024285,0.0,False,True
b024286,0.0,False,True
b024287,0.2006794512271881,True,True
b024288,0.0,False,True
b024289,0.0,False,True
b024290,0.0,False,True
b024291,0.0,False,True
b024292,0.0,False,True
b024293,0.0,False,True
b024294,0.0,False,True
b024295,0.0,False,True
b024296,0.0,False,True
b024297,0.0,False,True
b024298,0.0,False,True
b024299,0.0,False,True
b024300,0.0,False,True
b024301,0.0,False,True
b024302,0.0,False,True
b024303,0.0,False,True
b024304,0.0,False,True
b024305,0.0,False,True
b024306,0.0,False,True
b024307,0.0,False,True
b024308,0.0,False,True
b024309,0.0,False,True
b024310,0.0,False,True
b024311,0.0,False,True
b024312,0.0,False,True
b024313,0.0,False,True
b024314,0.0,False,True
b024315,0.0,False,True
b024316,0.0,False,True
b024317,0.0,False,True
b024318,0.0,False,True
b024319,0.0,False,True
b024320,0.0,False,True
b024321,0.0,False,True
b024322,0.0,False,True
b024323,0.0,False,True
b024324,0.0,False,True
b024325,0.0,False,True
b024326,0.0,False,True
b024327,0.0,False,True
b024328,0.0,False,True
b024329,0.0,False,True
b024330,0.0,False,True
b024331,0.0,False,True
b024332,0.0,False,True
b024333,0.0,False,True
b024334,0.0,False,True
b024335,0.0,False,True
b024336,0.0,False,True
b024337,0.0,False,True
b024338,0.27062928676605225,True,True
b024339,0.0,False,True
b024340,0.0,False,True
b024341,0.0,False,True
b024342,0.0,False,True
b024343,0.0,False,True
b024344,0.0,False,True
b024345,0.0,False,True
b024346,0.0,False,True
b024347,0.0,False,True
b024348,0.0,False,True
b024349,0.0,False,True
b024350,0.0,False,True
b024351,0.0,False,True
b024352,0.0,False,True
b024353,0.0,False,True
b024354,0.0,False,True
b024355,0.0,False,True
b024356,0.0,False,True
b024357,0.0,False,True
b024358,0.0,False,True
b024359,0.0,False,True
b024360,0.0,False,True
b024361,0.2589719593524933,True,True
b024362,0.0,False,True
b024363,0.0,False,True
b024364,0.0,False,True
b024365,0.0,False,True
b024366,0.0,False,True
b024367,0.0,False,True
b024368,0.0,False,True
b024369,0.0,False,True
b024370,0.0,False,True
b024371,0.0,False,True
b024372,0.0,False,True
b024373,0.0,False,True
b024374,0.0,False,True
b024375,0.0,False,True
b024376,0.0,False,True
b024377,0.0,False,True
b024378,0.0,False,True
b024379,0.0,False,True
b024380,0.0,False,True
b024381,0.0,False,True
b024382,0.0,False,True
b024383,0.0,False,True
b024384,0.0,False,True
b024385,0.0,False,True
b024386,0.0,False,True
b024387,0.0,False,True
b024388,0.0,False,True
b024389,0.0,False,True
b024390,0.0,False,True
b024391,0.0,False,True
b024392,0.0,False,True
b024393,0.0,False,True
b024394,0.0,False,True
b024395,0.0,False,True
b024396,0.0,False,True
b024397,0.0,False,True
b024398,0.0,False,True
b024399,0.0,False,True
b024400,0.0,False,True
b024401,0.11657552421092987,True,True
b024402,0.0,False,True
b024403,0.0,False,True
b024404,0.0,False,True
b024405,0.0,False,True
b024406,0.0,False,True
b024407,0.0,False,True
b024408,0.0,False,True
b024409,0.0,False,True
b024410,0.0,False,True
b024411,0.0,False,True
b024412,0.0,False,True
b024413,0.0,False,True
b024414,0.0,False,True
b024415,0.0,False,True
b024416,0.0,False,True
b024417,0.0,False,True
b024418,0.0,False,True
b024419,0.0,False,True
b024420,0.0,False,True
b024421,0.0,False,True
b024422,0.0,False,True
b024423,0.0,False,True
b024424,0.0,False,True
b024425,0.0,False,True
b024426,0.0,False,True
b024427,0.0,False,True
b024428,0.5754408836364746,True,True
b024429,0.0,False,True
b024430,0.0,False,True
b024431,0.0,False,True
b024432,0.0,False,True
b024433,0.0,False,True
b024434,0.0,False,True
b024435,0.0,False,True
b024436,0.0,False,True
b024437,0.0,False,True
b024438,0.0,False,True
b024439,0.0,False,True
b024440,0.17012260854244232,True,True
b024441,0.0,False,True
b024442,0.0,False,True
b024443,0.0,False,True
b024444,0.0,False,True
b024445,0.0,False,True
b024446,0.0,False,True
b024447,0.0,False,True
b024448,0.0,False,True
b024449,0.0,False,True
b024450,0.0,False,True
b024451,0.0,False,True
b024452,0.0,False,True
b024453,0.0,False,True
b024454,0.0,False,True
b024455,0.0,False,True
b024456,0.0,False,True
b024457,0.0,False,True
b024458,0.0,False,True
b024459,0.0,False,True
b024460,0.0,False,True
b024461,0.0,False,True
b024462,0.0,False,True
b024463,0.0,False,True
b024464,0.0,False,True
b024465,0.0,False,True
b024466,0.0,False,True
b024467,0.0,False,True
b024468,0.0,False,True
b024469,0.0,False,True
b024470,0.0,False,True
b024471,0.0,False,True
b024472,0.0,False,True
b024473,0.0,False,True
b024474,0.0,False,True
b024475,0.0,False,True
b024476,0.0,False,True
b024477,0.0,False,True
b024478,0.0,False,True
b024479,0.0,False,True
b024480,0.0,False,True
b024481,0.0,False,True
b024482,0.0,False,True
b024483,0.0,False,True
b024484,0.0,False,True
b024485,0.0,False,True
b024486,0.0,False,True
b024487,0.0,False,True
b024488,0.0,False,True
b024489,0.0,False,True
b024490,0.0,False,True
b024491,0.0,False,True
b024492,0.0,False,True
b024493,0.0,False,True
b024494,0.0,False,True
b024495,0.0,False,True
b024496,0.0,False,True
b024497,0.0,False,True
b024498,0.0,False,True
b024499,0.0,False,True
b024500,0.0,False,True
b024501,0.0,False,True
b024502,0.0,False,True
b024503,0.0,False,True
b024504,0.0,False,True
b024505,0.0,False,True
b024506,0.0,False,True
b024507,0.0,False,True
b024508,0.0,False,True
b024509,0.0,False,True
b024510,0.0,False,True
b024511,0.0,False,True
b024512,0.0,False,True
b024513,0.0,False,True
b024514,0.0,False,True
b024515,0.0,False,True
b024516,0.0,False,True
b024517,0.0,False,True
b024518,0.0,False,True
b024519,0.0,False,True
b024520,0.0,False,True
b024521,0.0,False,True
b024522,0.0,False,True
b024523,0.0,False,True
b024524,0.0,False,True
b024525,0.0,False,True
b024526,0.0,False,True
b024527,0.0,False,True
b024528,0.0,False,True
b024529,0.0,False,True
b024530,0.0,False,True
b024531,0.0,False,True
b024532,0.0,False,True
b024533,0.0,False,True
b024534,0.0,False,True
b024535,0.0,False,True
b024536,0.0,False,True
b024537,0.0,False,True
b024538,0.0,False,True
b024539,0.0,False,True
b024540,0.0,False,True
b024541,0.0,False,True
b024542,0.0,False,True
b024543,0.0,False,True
b024544,0.0,False,True
b024545,0.0,False,True
b024546,0.0,False,True
b024547,0.0,False,True
b024548,0.0,False,True
b024549,0.0,False,True
b024550,0.0,False,True
b024551,0.0,False,True
b024552,0.0,False,True
b024553,0.0,False,True
b024554,0.0,False,True
b024555,0.0,False,True
b024556,0.0,False,True
b024557,0.0,False,True
b024558,0.0,False,True
b024559,0.0,False,True
b024560,0.0,False,True
b024561,0.0,False,True
b024562,0.0,False,True
b024563,0.0,False,True
b024564,0.0,False,True
b024565,0.0,False,True
b024566,0.0,False,True
b024567,0.0,False,True
b024568,0.0,False,True
b024569,0.0,False,True
b024570,0.0,False,True
b024571,0.0,False,True
b024572,0.0,False,True
b024573,0.0,False,True
b024574,0.0,False,True
b024575,0.0,False,True
b024576,0.0,False,True
b024577,0.0,False,True
b024578,0.0,False,True
b024579,0.0,False,True
b024580,0.0,False,True
b024581,0.0,False,True
b024582,0.0,False,True
b024583,0.0,False,True
b024584,0.14530043303966522,True,True
b024585,0.0,False,True
b024586,0.0,False,True
b024587,0.0,False,True
b024588,0.0,False,True
b024589,0.0,False,True
b024590,0.0,False,True
b024591,0.0,False,True
b024592,0.0,False,True
b024593,0.0,False,True
b024594,0.0,False,True
b024595,0.0,False,True
b024596,0.0,False,True
b024597,0.0,False,True
b024598,0.0,False,True
b024599,0.0,False,True
b024600,0.0,False,True
b024601,0.0,False,True
b024602,0.0,False,True
b024603,0.0,False,True
b024604,0.0,False,True
b024605,0.0,False,True
b024606,0.0,False,True
b024607,0.0,False,True
b024608,0.0,False,True
b024609,0.10115765035152435,True,True
b024610,0.0,False,True
b024611,0.0,False,True
b024612,0.0,False,True
b024613,0.0,False,True
b024614,0.0,False,True
b024615,0.0,False,True
b024616,0.0,False,True
b024617,0.0,False,True
b024618,0.0,False,True
b024619,0.44595271348953247,True,True
b024620,0.0,False,True
b024621,0.0,False,True
b024622,0.0,False,True
b024623,0.0,False,True
b024624,0.0,False,True
b024625,0.0,False,True
b024626,0.0,False,True
b024627,0.0,False,True
b024628,0.0,False,True
b024629,0.0,False,True
b024630,0.0,False,True
b024631,0.0,False,True
b024632,0.0,False,True
b024633,0.0,False,True
b024634,0.0,False,True
b024635,0.0,False,True
b024636,0.0,False,True
b024637,0.0,False,True
b024638,0.0,False,True
b024639,0.0,False,True
b024640,0.0,False,True
b024641,0.0,False,True
b024642,0.0,False,True
b024643,0.0,False,True
b024644,0.0,False,True
b024645,0.0,False,True
b024646,0.0,False,True
b024647,0.0,False,True
b024648,0.0,False,True
b024649,0.0,False,True
b024650,0.0,False,True
b024651,0.0,False,True
b024652,0.0,False,True
b024653,0.0,False,True
b024654,0.0,False,True
b024655,0.0,False,True
b024656,0.0,False,True
b024657,0.0,False,True
b024658,0.0,False,True
b024659,0.3483095169067383,True,True
b024660,0.0,False,True
b024661,0.0,False,True
b024662,0.0,False,True
b024663,0.0,False,True
b024664,0.0,False,True
b024665,0.0,False,True
b024666,0.0,False,True
b024667,0.0,False,True
b024668,0.0,False,True
b024669,0.0,False,True
b024670,0.0,False,True
b024671,0.0,False,True
b024672,0.0,False,True
b024673,0.0,False,True
b024674,0.0,False,True
b024675,0.0,False,True
b024676,0.0,False,True
b024677,0.0,False,True
b024678,0.10367743670940399,True,True
b024679,0.0,False,True
b024680,0.0,False,True
b024681,0.0,False,True
b024682,0.0,False,True
b024683,0.0,False,True
b024684,0.0,False,True
b024685,0.0,False,True
b024686,0.0,False,True
b024687,0.0,False,True
b024688,0.0,False,True
b024689,0.0,False,True
b024690,0.0,False,True
b024691,0.0,False,True
b024692,0.0,False,True
b024693,0.0,False,True
b024694,0.0,False,True
b024695,0.0,False,True
b024696,0.0,False,True
b024697,0.0,False,True
b024698,0.0,False,True
b024699,0.0,False,True
b024700,0.0,False,True
b024701,0.0,False,True
b024702,0.0,False,True
b024703,0.0,False,True
b024704,0.0,False,True
b024705,0.0,False,True
b024706,0.0,False,True
b024707,0.0,False,True
b024708,0.0,False,True
b024709,0.0,False,True
b024710,0.0,False,True
b024711,0.0,False,True
b024712,0.0,False,True
b024713,0.0,False,True
b024714,0.0,False,True
b024715,0.1965164691209793,True,True
b024716,0.0,False,True
b024717,0.0,False,True
b024718,0.0,False,True
b024719,0.0,False,True
b024720,0.0,False,True
b024721,0.0,False,True
b024722,0.0,False,True
b024723,0.0,False,True
b024724,0.0,False,True
b024725,0.0,False,True
b024726,0.0,False,True
b024727,0.0,False,True
b024728,0.0,False,True
b024729,0.0,False,True
b024730,0.1361105740070343,True,True
b024731,0.0,False,True
b024732,0.0,False,True
b024733,0.0,False,True
b024734,0.0,False,True
b024735,0.0,False,True
b024736,0.0,False,True
b024737,0.0,False,True
b024738,0.0,False,True
b024739,0.0,False,True
b024740,0.0,False,True
b024741,0.0,False,True
b024742,0.0,False,True
b024743,0.0,False,True
b024744,0.0,False,True
b024745,0.0,False,True
b024746,0.0,False,True
b024747,0.0,False,True
b024748,0.0,False,True
b024749,0.0,False,True
b024750,0.0,False,True
b024751,0.0,False,True
b024752,0.0,False,True
b024753,0.0,False,True
b024754,0.0,False,True
b024755,0.0,False,True
b024756,0.0,False,True
b024757,0.0,False,True
b024758,0.0,False,True
b024759,0.0,False,True
b024760,0.0,False,True
b024761,0.0,False,True
b024762,0.0,False,True
b024763,0.0,False,True
b024764,0.0,False,True
b024765,0.34961122274398804,True,True
b024766,0.0,False,True
b024767,0.0,False,True
b024768,0.0,False,True
b024769,0.0,False,True
b024770,0.0,False,True
b024771,0.0,False,True
b024772,0.2777654230594635,True,True
b024773,0.0,False,True
b024774,0.2935238182544708,True,True
b024775,0.0,False,True
b024776,0.0,False,True
b024777,0.0,False,True
b024778,0.0,False,True
b024779,0.0,False,True
b024780,0.0,False,True
b024781,0.0,False,True
b024782,0.0,False,True
b024783,0.20745030045509338,True,True
b024784,0.0,False,True
b024785,0.0,False,True
b024786,0.0,False,True
b024787,0.0,False,True
b024788,0.0,False,True
b024789,0.0,False,True
b024790,0.0,False,True
b024791,0.0,False,True
b024792,0.0,False,True
b024793,0.0,False,True
b024794,0.0,False,True
b024795,0.0,False,True
b024796,0.0,False,True
b024797,0.0,False,True
b024798,0.0,False,True
b024799,0.0,False,True
b024800,0.0,False,True
b024801,0.0,False,True
b024802,0.0,False,True
b024803,0.0,False,True
b024804,0.0,False,True
b024805,0.0,False,True
b024806,0.6600908637046814,True,True
b024807,0.0,False,True
b024808,0.0,False,True
b024809,0.0,False,True
b024810,0.0,False,True
b024811,0.0,False,True
b024812,0.0,False,True
b024813,0.0,False,True
b024814,0.0,False,True
b024815,0.0,False,True
b024816,0.0,False,True
b024817,0.0,False,True
b024818,0.0,False,True
b024819,0.0,False,True
b024820,0.0,False,True
b024821,0.0,False,True
b024822,0.0,False,True
b024823,0.0,False,True
b024824,0.0,False,True
b024825,0.0,False,True
b024826,0.0,False,True
b024827,0.2252901792526245,True,True
b024828,0.0,False,True
b024829,0.0,False,True
b024830,0.0,False,True
b024831,0.0,False,True
b024832,0.0,False,True
b024833,0.0,False,True
b024834,0.0,False,True
b024835,0.0,False,True
b024836,0.0,False,True
b024837,0.0,False,True
b024838,0.0,False,True
b024839,0.0,False,True
b024840,0.0,False,True
b024841,0.0,False,True
b024842,0.0,False,True
b024843,0.0,False,True
b024844,0.0,False,True
b024845,0.0,False,True
b024846,0.0,False,True
b024847,0.0,False,True
b024848,0.0,False,True
b024849,0.0,False,True
b024850,0.0,False,True
b024851,0.0,False,True
b024852,0.0,False,True
b024853,0.0,False,True
b024854,0.0,False,True
b024855,0.0,False,True
b024856,0.0,False,True
b024857,0.0,False,True
b024858,0.0,False,True
b024859,0.0,False,True
b024860,0.0,False,True
b024861,0.0,False,True
b024862,0.0,False,True
b024863,0.0,False,True
b024864,0.0,False,True
b024865,0.0,False,True
b024866,0.0,False,True
b024867,0.0,False,True
b024868,0.0,False,True
b024869,0.0,False,True
b024870,0.0,False,True
b024871,0.0,False,True
b024872,0.0,False,True
b024873,0.0,False,True
b024874,0.0,False,True
b024875,0.0,False,True
b024876,0.0,False,True
b024877,0.0,False,True
b024878,0.0,False,True
b024879,0.0,False,True
b024880,0.0,False,True
b024881,0.0,False,True
b024882,0.0,False,True
b024883,0.0,False,True
b024884,0.0,False,True
b024885,0.0,False,True
b024886,0.0,False,True
b024887,0.0,False,True
b024888,0.0,False,True
b024889,0.0,False,True
b024890,0.0,False,True
b024891,0.2114698439836502,True,True
b024892,0.0,False,True
b024893,0.0,False,True
b024894,0.0,False,True
b024895,0.0,False,True
b024896,0.0,False,True
b024897,0.0,False,True
b024898,0.0,False,True
b024899,0.0,False,True
b024900,0.0,False,True
b024901,0.0,False,True
b024902,0.0,False,True
b024903,0.0,False,True
b024904,0.0,False,True
b024905,0.0,False,True
b024906,0.0,False,True
b024907,0.0,False,True
b024908,0.0,False,True
b024909,0.0,False,True
b024910,0.0,False,True
b024911,0.0,False,True
b024912,0.0,False,True
b024913,0.0,False,True
b024914,0.0,False,True
b024915,0.0,False,True
b024916,0.0,False,True
b024917,0.0,False,True
b024918,0.0,False,True
b024919,0.0,False,True
b024920,0.0,False,True
b024921,0.0,False,True
b024922,0.1603938192129135,True,True
b024923,0.0,False,True
b024924,0.0,False,True
b024925,0.0,False,True
b024926,0.17664246261119843,True,True
b024927,0.0,False,True
b024928,0.0,False,True
b024929,0.0,False,True
b024930,0.0,False,True
b024931,0.0,False,True
b024932,0.0,False,True
b024933,0.0,False,True
b024934,0.0,False,True
b024935,0.0,False,True
b024936,0.0,False,True
b024937,0.0,False,True
b024938,0.0,False,True
b024939,0.0,False,True
b024940,0.4850156605243683,True,True
b024941,0.0,False,True
b024942,0.0,False,True
b024943,0.31067559123039246,True,True
b024944,0.0,False,True
b024945,0.0,False,True
b024946,0.0,False,True
b024947,0.0,False,True
b024948,0.0,False,True
b024949,0.0,False,True
b024950,0.0,False,True
b024951,0.0,False,True
b024952,0.0,False,True
b024953,0.0,False,True
b024954,0.0,False,True
b024955,0.0,False,True
b024956,0.0,False,True
b024957,0.0,False,True
b024958,0.0,False,True
b024959,0.0,False,True
b024960,0.0,False,True
b024961,0.0,False,True
b024962,0.0,False,True
b024963,0.0,False,True
b024964,0.0,False,True
b024965,0.0,False,True
b024966,0.0,False,True
b024967,0.0,False,True
b024968,0.0,False,True
b024969,0.0,False,True
b024970,0.0,False,True
b024971,0.0,False,True
b024972,0.0,False,True
b024973,0.0,False,True
b024974,0.0,False,True
b024975,0.0,False,True
b024976,0.0,False,True
b024977,0.0,False,True
b024978,0.0,False,True
b024979,0.0,False,True
b024980,0.0,False,True
b024981,0.0,False,True
b024982,0.0,False,True
b024983,0.0,False,True
b024984,0.0,False,True
b024985,0.0,False,True
b024986,0.0,False,True
b024987,0.0,False,True
b024988,0.0,False,True
b024989,0.0,False,True
b024990,0.0,False,True
b024991,0.0,False,True
b024992,0.0,False,True
b024993,0.0,False,True
b024994,0.0,False,True
b024995,0.0,False,True
b024996,0.0,False,True
b024997,0.0,False,True
b024998,0.0,False,True
b024999,0.0,False,True
b025000,0.0,False,True
b025001,0.0,False,True
b025002,0.0,False,True
b025003,0.0,False,True
b025004,0.0,False,True
b025005,0.0,False,True
b025006,0.0,False,True
b025007,0.0,False,True
b025008,0.0,False,True
b025009,0.0,False,True
b025010,0.0,False,True
b025011,0.0,False,True
b025012,0.0,False,True
b025013,0.0,False,True
b025014,0.0,False,True
b025015,0.21355673670768738,True,True
b025016,0.0,False,True
b025017,0.0,False,True
b025018,0.5519038438796997,True,True
b025019,0.0,False,True
b025020,0.0,False,True
b025021,0.0,False,True
b025022,0.0,False,True
b025023,0.0,False,True
b025024,0.0,False,True
b025025,0.0,False,True
b025026,0.0,False,True
b025027,0.0,False,True
b025028,0.0,False,True
b025029,0.0,False,True
b025030,0.0,False,True
b025031,0.0,False,True
b025032,0.0,False,True
b025033,0.0,False,True
b025034,0.0,False,True
b025035,0.0,False,True
b025036,0.0,False,True
b025037,0.0,False,True
b025038,0.0,False,True
b025039,0.0,False,True
b025040,0.0,False,True
b025041,0.0,False,True
b025042,0.0,False,True
b025043,0.0,False,True
b025044,0.0,False,True
b025045,0.0,False,True
b025046,0.0,False,True
b025047,0.0,False,True
b025048,0.0,False,True
b025049,0.0,False,True
b025050,0.0,False,True
b025051,0.0,False,True
b025052,0.0,False,True
b025053,0.0,False,True
b025054,0.0,False,True
b025055,0.0,False,True
b025056,0.0,False,True
b025057,0.0,False,True
b025058,0.3832252025604248,True,True
b025059,0.0,False,True
b025060,0.0,False,True
b025061,0.0,False,True
b025062,0.0,False,True
b025063,0.3126813471317291,True,True
b025064,0.0,False,True
b025065,0.0,False,True
b025066,0.0,False,True
b025067,0.0,False,True
b025068,0.0,False,True
b025069,0.6908616423606873,True,True
b025070,0.0,False,True
b025071,0.0,False,True
b025072,0.0,False,True
b025073,0.0,False,True
b025074,0.0,False,True
b025075,0.0,False,True
b025076,0.19668996334075928,True,True
b025077,0.0,False,True
b025078,0.0,False,True
b025079,0.0,False,True
b025080,0.0,False,True
b025081,0.0,False,True
b025082,0.0,False,True
b025083,0.0,False,True
b025084,0.0,False,True
b025085,0.0,False,True
b025086,0.0,False,True
b025087,0.0,False,True
b025088,0.0,False,True
b025089,0.0,False,True
b025090,0.0,False,True
b025091,0.0,False,True
b025092,0.0,False,True
b025093,0.0,False,True
b025094,0.0,False,True
b025095,0.0,False,True
b025096,0.0,False,True
b025097,0.0,False,True
b025098,0.0,False,True
b025099,0.0,False,True
b025100,0.0,False,True
b025101,0.0,False,True
b025102,0.0,False,True
b025103,0.0,False,True
b025104,0.0,False,True
b025105,0.0,False,True
b025106,0.0,False,True
b025107,0.0,False,True
b025108,0.0,False,True
b025109,0.0,False,True
b025110,0.0,False,True
b025111,0.0,False,True
b025112,0.0,False,True
b025113,0.0,False,True
b025114,0.0,False,True
b025115,0.0,False,True
b025116,0.0,False,True
b025117,0.0,False,True
b025118,0.0,False,True
b025119,0.0,False,True
b025120,0.0,False,True
b025121,0.0,False,True
b025122,0.0,False,True
b025123,0.0,False,True
b025124,0.0,False,True
b025125,0.0,False,True
b025126,0.0,False,True
b025127,0.0,False,True
b025128,0.0,False,True
b025129,0.0,False,True
b025130,0.12611277401447296,True,True
b025131,0.0,False,True
b025132,0.0,False,True
b025133,0.0,False,True
b025134,0.0,False,True
b025135,0.0,False,True
b025136,0.10194279253482819,True,True
b025137,0.0,False,True
b025138,0.0,False,True
b025139,0.0,False,True
b025140,0.0,False,True
b025141,0.0,False,True
b025142,0.0,False,True
b025143,0.0,False,True
b025144,0.0,False,True
b025145,0.0,False,True
b025146,0.0,False,True
b025147,0.0,False,True
b025148,0.32454273104667664,True,True
b025149,0.0,False,True
b025150,0.0,False,True
b025151,0.0,False,True
b025152,0.0,False,True
b025153,0.0,False,True
b025154,0.0,False,True
b025155,0.0,False,True
b025156,0.0,False,True
b025157,0.0,False,True
b025158,0.0,False,True
b025159,0.0,False,True
b025160,0.0,False,True
b025161,0.0,False,True
b025162,0.20087139308452606,True,True
b025163,0.0,False,True
b025164,0.0,False,True
b025165,0.0,False,True
b025166,0.0,False,True
b025167,0.0,False,True
b025168,0.2202475219964981,True,True
b025169,0.0,False,True
b025170,0.0,False,True
b025171,0.0,False,True
b025172,0.0,False,True
b025173,0.0,False,True
b025174,0.0,False,True
b025175,0.0,False,True
b025176,0.0,False,True
b025177,0.0,False,True
b025178,0.0,False,True
b025179,0.0,False,True
b025180,0.0,False,True
b025181,0.0,False,True
b025182,0.0,False,True
b025183,0.0,False,True
b025184,0.0,False,True
b025185,0.0,False,True
b025186,0.0,False,True
b025187,0.0,False,True
b025188,0.0,False,True
b025189,0.0,False,True
b025190,0.0,False,True
b025191,0.0,False,True
b025192,0.0,False,True
b025193,0.0,False,True
b025194,0.0,False,True
b025195,0.0,False,True
b025196,0.0,False,True
b025197,0.14010503888130188,True,True
b025198,0.0,False,True
b025199,0.0,False,True
b025200,0.0,False,True
b025201,0.0,False,True
b025202,0.0,False,True
b025203,0.0,False,True
b025204,0.0,False,True
b025205,0.0,False,True
b025206,0.0,False,True
b025207,0.0,False,True
b025208,0.0,False,True
b025209,0.0,False,True
b025210,0.0,False,True
b025211,0.0,False,True
b025212,0.0,False,True
b025213,0.10402527451515198,True,True
b025214,0.0,False,True
b025215,0.0,False,True
b025216,0.0,False,True
b025217,0.0,False,True
b025218,0.0,False,True
b025219,0.0,False,True
b025220,0.0,False,True
b025221,0.0,False,True
b025222,0.0,False,True
b025223,0.0,False,True
b025224,0.0,False,True
b025225,0.0,False,True
b025226,0.0,False,True
b025227,0.0,False,True
b025228,0.0,False,True
b025229,0.0,False,True
b025230,0.0,False,True
b025231,0.0,False,True
b025232,0.0,False,True
b025233,0.0,False,True
b025234,0.0,False,True
b025235,0.0,False,True
b025236,0.0,False,True
b025237,0.0,False,True
b025238,0.0,False,True
b025239,0.0,False,True
b025240,0.0,False,True
b025241,0.0,False,True
b025242,0.0,False,True
b025243,0.0,False,True
b025244,0.0,False,True
b025245,0.0,False,True
b025246,0.0,False,True
b025247,0.0,False,True
b025248,0.0,False,True
b025249,0.0,False,True
b025250,0.0,False,True
b025251,0.0,False,True
b025252,0.0,False,True
b025253,0.0,False,True
b025254,0.0,False,True
b025255,0.0,False,True
b025256,0.0,False,True
b025257,0.0,False,True
b025258,0.0,False,True
b025259,0.0,False,True
b025260,0.0,False,True
b025261,0.0,False,True
b025262,0.0,False,True
b025263,0.0,False,True
b025264,0.0,False,True
b025265,0.0,False,True
b025266,0.0,False,True
b025267,0.0,False,True
b025268,0.0,False,True
b025269,0.0,False,True
b025270,0.0,False,True
b025271,0.0,False,True
b025272,0.0,False,True
b025273,0.0,False,True
b025274,0.16734135150909424,True,True
b025275,0.4435572624206543,True,True
b025276,0.0,False,True
b025277,0.0,False,True
b025278,0.0,False,True
b025279,0.0,False,True
b025280,0.0,False,True
b025281,0.0,False,True
b025282,0.0,False,True
b025283,0.0,False,True
b025284,0.0,False,True
b025285,0.0,False,True
b025286,0.0,False,True
b025287,0.0,False,True
b025288,0.0,False,True
b025289,0.0,False,True
b025290,0.35952630639076233,True,True
b025291,0.0,False,True
b025292,0.0,False,True
b025293,0.0,False,True
b025294,0.0,False,True
b025295,0.0,False,True
b025296,0.0,False,True
b025297,0.0,False,True
b025298,0.0,False,True
b025299,0.0,False,True
b025300,0.0,False,True
b025301,0.0,False,True
b025302,0.0,False,True
b025303,0.0,False,True
b025304,0.0,False,True
b025305,0.0,False,True
b025306,0.0,False,True
b025307,0.0,False,True
b025308,0.0,False,True
b025309,0.0,False,True
b025310,0.0,False,True
b025311,0.0,False,True
b025312,0.0,False,True
b025313,0.0,False,True
b025314,0.0,False,True
b025315,0.0,False,True
b025316,0.0,False,True
b025317,0.0,False,True
b025318,0.0,False,True
b025319,0.0,False,True
b025320,0.0,False,True
b025321,0.0,False,True
b025322,0.0,False,True
b025323,0.0,False,True
b025324,0.0,False,True
b025325,0.0,False,True
b025326,0.0,False,True
b025327,0.0,False,True
b025328,0.0,False,True
b025329,0.0,False,True
b025330,0.0,False,True
b025331,0.0,False,True
b025332,0.0,False,True
b025333,0.0,False,True
b025334,0.0,False,True
b025335,0.0,False,True
b025336,0.11924108117818832,True,True
b025337,0.0,False,True
b025338,0.0,False,True
b025339,0.0,False,True
b025340,0.0,False,True
b025341,0.0,False,True
b025342,0.0,False,True
b025343,0.0,False,True
b025344,0.0,False,True
b025345,0.0,False,True
b025346,0.0,False,True
b025347,0.0,False,True
b025348,0.0,False,True
b025349,0.0,False,True
b025350,0.0,False,True
b025351,0.0,False,True
b025352,0.0,False,True
b025353,0.0,False,True
b025354,0.0,False,True
b025355,0.0,False,True
b025356,0.0,False,True
b025357,0.0,False,True
b025358,0.0,False,True
b025359,0.0,False,True
b025360,0.0,False,True
b025361,0.0,False,True
b025362,0.13808713853359222,True,True
b025363,0.0,False,True
b025364,0.0,False,True
b025365,0.0,False,True
b025366,0.0,False,True
b025367,0.0,False,True
b025368,0.0,False,True
b025369,0.0,False,True
b025370,0.0,False,True
b025371,0.0,False,True
b025372,0.0,False,True
b025373,0.0,False,True
b025374,0.0,False,True
b025375,0.0,False,True
b025376,0.0,False,True
b025377,0.0,False,True
b025378,0.0,False,True
b025379,0.0,False,True
b025380,0.0,False,True
b025381,0.0,False,True
b025382,0.0,False,True
b025383,0.0,False,True
b025384,0.0,False,True
b025385,0.0,False,True
b025386,0.0,False,True
b025387,0.0,False,True
b025388,0.0,False,True
b025389,0.0,False,True
b025390,0.0,False,True
b025391,0.0,False,True
b025392,0.0,False,True
b025393,0.0,False,True
b025394,0.0,False,True
b025395,0.0,False,True
b025396,0.0,False,True
b025397,0.0,False,True
b025398,0.0,False,True
b025399,0.0,False,True
b025400,0.0,False,True
b025401,0.0,False,True
b025402,0.0,False,True
b025403,0.0,False,True
b025404,0.0,False,True
b025405,0.0,False,True
b025406,0.0,False,True
b025407,0.0,False,True
b025408,0.0,False,True
b025409,0.0,False,True
b025410,0.0,False,True
b025411,0.0,False,True
b025412,0.0,False,True
b025413,0.0,False,True
b025414,0.0,False,True
b025415,0.0,False,True
b025416,0.0,False,True
b025417,0.0,False,True
b025418,0.0,False,True
b025419,0.0,False,True
b025420,0.0,False,True
b025421,0.0,False,True
b025422,0.0,False,True
b025423,0.0,False,True
b025424,0.0,False,True
b025425,0.0,False,True
b025426,0.0,False,True
b025427,0.0,False,True
b025428,0.0,False,True
b025429,0.0,False,True
b025430,0.0,False,True
b025431,0.0,False,True
b025432,0.0,False,True
b025433,0.0,False,True
b025434,0.0,False,True
b025435,0.0,False,True
b025436,0.0,False,True
b025437,0.0,False,True
b025438,0.0,False,True
b025439,0.0,False,True
b025440,0.0,False,True
b025441,0.0,False,True
b025442,0.0,False,True
b025443,0.0,False,True
b025444,0.0,False,True
b025445,0.0,False,True
b025446,0.0,False,True
b025447,0.0,False,True
b025448,0.0,False,True
b025449,0.0,False,True
b025450,0.0,False,True
b025451,0.0,False,True
b025452,0.0,False,True
b025453,0.0,False,True
b025454,0.0,False,True
b025455,0.0,False,True
b025456,0.0,False,True
b025457,0.0,False,True
b025458,0.0,False,True
b025459,0.0,False,True
b025460,0.5365718603134155,True,True
b025461,0.10589579492807388,True,True
b025462,0.0,False,True
b025463,0.0,False,True
b025464,0.0,False,True
b025465,0.0,False,True
b025466,0.31419992446899414,True,True
b025467,0.0,False,True
b025468,0.0,False,True
b025469,0.0,False,True
b025470,0.0,False,True
b025471,0.0,False,True
b025472,0.3596101701259613,True,True
b025473,0.0,False,True
b025474,0.0,False,True
b025475,0.0,False,True
b025476,0.0,False,True
b025477,0.0,False,True
b025478,0.0,False,True
b025479,0.0,False,True
b025480,0.0,False,True
b025481,0.0,False,True
b025482,0.0,False,True
b025483,0.0,False,True
b025484,0.0,False,True
b025485,0.0,False,True
b025486,0.0,False,True
b025487,0.0,False,True
b025488,0.0,False,True
b025489,0.0,False,True
b025490,0.1129976361989975,True,True
b025491,0.0,False,True
b025492,0.0,False,True
b025493,0.0,False,True
b025494,0.0,False,True
b025495,0.0,False,True
b025496,0.0,False,True
b025497,0.0,False,True
b025498,0.0,False,True
b025499,0.0,False,True
b025500,0.0,False,True
b025501,0.0,False,True
b025502,0.0,False,True
b025503,0.0,False,True
b025504,0.0,False,True
b025505,0.0,False,True
b025506,0.0,False,True
b025507,0.0,False,True
b025508,0.0,False,True
b025509,0.0,False,True
b025510,0.0,False,True
b025511,0.0,False,True
b025512,0.0,False,True
b025513,0.0,False,True
b025514,0.0,False,True
b025515,0.0,False,True
b025516,0.0,False,True
b025517,0.0,False,True
b025518,0.0,False,True
b025519,0.0,False,True
b025520,0.0,False,True
b025521,0.0,False,True
b025522,0.0,False,True
b025523,0.0,False,True
b025524,0.0,False,True
b025525,0.0,False,True
b025526,0.0,False,True
b025527,0.0,False,True
b025528,0.0,False,True
b025529,0.0,False,True
b025530,0.0,False,True
b025531,0.0,False,True
b025532,0.0,False,True
b025533,0.0,False,True
b025534,0.0,False,True
b025535,0.0,False,True
b025536,0.0,False,True
b025537,0.0,False,True
b025538,0.0,False,True
b025539,0.0,False,True
b025540,0.0,False,True
b025541,0.0,False,True
b025542,0.0,False,True
b025543,0.0,False,True
b025544,0.0,False,True
b025545,0.0,False,True
b025546,0.0,False,True
b025547,0.0,False,True
b025548,0.0,False,True
b025549,0.0,False,True
b025550,0.0,False,True
b025551,0.0,False,True
b025552,0.0,False,True
b025553,0.0,False,True
b025554,0.0,False,True
b025555,0.0,False,True
b025556,0.0,False,True
b025557,0.0,False,True
b025558,0.0,False,True
b025559,0.0,False,True
b025560,0.0,False,True
b025561,0.3376435935497284,True,True
b025562,0.0,False,True
b025563,0.0,False,True
b025564,0.0,False,True
b025565,0.0,False,True
b025566,0.0,False,True
b025567,0.0,False,True
b025568,0.0,False,True
b025569,0.0,False,True
b025570,0.0,False,True
b025571,0.0,False,True
b025572,0.0,False,True
b025573,0.0,False,True
b025574,0.0,False,True
b025575,0.0,False,True
b025576,0.0,False,True
b025577,0.0,False,True
b025578,0.24428977072238922,True,True
b025579,0.0,False,True
b025580,0.0,False,True
b025581,0.0,False,True
b025582,0.0,False,True
b025583,0.0,False,True
b025584,0.0,False,True
b025585,0.0,False,True
b025586,0.0,False,True
b025587,0.0,False,True
b025588,0.0,False,True
b025589,0.0,False,True
b025590,0.0,False,True
b025591,0.0,False,True
b025592,0.0,False,True
b025593,0.0,False,True
b025594,0.0,False,True
b025595,0.0,False,True
b025596,0.0,False,True
b025597,0.0,False,True
b025598,0.0,False,True
b025599,0.0,False,True
b025600,0.0,False,True
b025601,0.0,False,True
b025602,0.0,False,True
b025603,0.0,False,True
b025604,0.0,False,True
b025605,0.0,False,True
b025606,0.0,False,True
b025607,0.11498794704675674,True,True
b025608,0.0,False,True
b025609,0.0,False,True
b025610,0.0,False,True
b025611,0.0,False,True
b025612,0.0,False,True
b025613,0.0,False,True
b025614,0.0,False,True
b025615,0.0,False,True
b025616,0.0,False,True
b025617,0.0,False,True
b025618,0.0,False,True
b025619,0.0,False,True
b025620,0.0,False,True
b025621,0.0,False,True
b025622,0.0,False,True
b025623,0.0,False,True
b025624,0.0,False,True
b025625,0.4683293104171753,True,True
b025626,0.0,False,True
b025627,0.0,False,True
b025628,0.0,False,True
b025629,0.0,False,True
b025630,0.0,False,True
b025631,0.0,False,True
b025632,0.0,False,True
b025633,0.0,False,True
b025634,0.0,False,True
b025635,0.0,False,True
b025636,0.0,False,True
b025637,0.0,False,True
b025638,0.0,False,True
b025639,0.0,False,True
b025640,0.0,False,True
b025641,0.0,False,True
b025642,0.0,False,True
b025643,0.0,False,True
b025644,0.0,False,True
b025645,0.0,False,True
b025646,0.0,False,True
b025647,0.0,False,True
b025648,0.0,False,True
b025649,0.0,False,True
b025650,0.0,False,True
b025651,0.0,False,True
b025652,0.0,False,True
b025653,0.0,False,True
b025654,0.0,False,True
b025655,0.0,False,True
b025656,0.0,False,True
b025657,0.0,False,True
b025658,0.0,False,True
b025659,0.0,False,True
b025660,0.0,False,True
b025661,0.0,False,True
b025662,0.0,False,True
b025663,0.0,False,True
b025664,0.0,False,True
b025665,0.0,False,True
b025666,0.0,False,True
b025667,0.0,False,True
b025668,0.0,False,True
b025669,0.0,False,True
b025670,0.0,False,True
b025671,0.0,False,True
b025672,0.0,False,True
b025673,0.0,False,True
b025674,0.0,False,True
b025675,0.0,False,True
b025676,0.0,False,True
b025677,0.0,False,True
b025678,0.0,False,True
b025679,0.0,False,True
b025680,0.0,False,True
b025681,0.0,False,True
b025682,0.0,False,True
b025683,0.0,False,True
b025684,0.0,False,True
b025685,0.0,False,True
b025686,0.0,False,True
b025687,0.0,False,True
b025688,0.0,False,True
b025689,0.0,False,True
b025690,0.0,False,True
b025691,0.0,False,True
b025692,0.0,False,True
b025693,0.0,False,True
b025694,0.0,False,True
b025695,0.0,False,True
b025696,0.0,False,True
b025697,0.0,False,True
b025698,0.0,False,True
b025699,0.0,False,True
b025700,0.0,False,True
b025701,0.0,False,True
b025702,0.0,False,True
b025703,0.0,False,True
b025704,0.0,False,True
b025705,0.0,False,True
b025706,0.0,False,True
b025707,0.0,False,True
b025708,0.0,False,True
b025709,0.0,False,True
b025710,0.0,False,True
b025711,0.0,False,True
b025712,0.0,False,True
b025713,0.0,False,True
b025714,0.0,False,True
b025715,0.0,False,True
b025716,0.0,False,True
b025717,0.0,False,True
b025718,0.0,False,True
b025719,0.0,False,True
b025720,0.0,False,True
b025721,0.0,False,True
b025722,0.0,False,True
b025723,0.0,False,True
b025724,0.0,False,True
b025725,0.0,False,True
b025726,0.0,False,True
b025727,0.0,False,True
b025728,0.0,False,True
b025729,0.0,False,True
b025730,0.0,False,True
b025731,0.0,False,True
b025732,0.10122523456811905,True,True
b025733,0.0,False,True
b025734,0.0,False,True
b025735,0.0,False,True
b025736,0.0,False,True
b025737,0.0,False,True
b025738,0.0,False,True
b025739,0.0,False,True
b025740,0.0,False,True
b025741,0.0,False,True
b025742,0.0,False,True
b025743,0.0,False,True
b025744,0.0,False,True
b025745,0.0,False,True
b025746,0.0,False,True
b025747,0.0,False,True
b025748,0.0,False,True
b025749,0.0,False,True
b025750,0.0,False,True
b025751,0.0,False,True
b025752,0.0,False,True
b025753,0.0,False,True
b025754,0.0,False,True
b025755,0.0,False,True
b025756,0.0,False,True
b025757,0.0,False,True
b025758,0.0,False,True
b025759,0.0,False,True
b025760,0.0,False,True
b025761,0.0,False,True
b025762,0.0,False,True
b025763,0.0,False,True
b025764,0.0,False,True
b025765,0.0,False,True
b025766,0.0,False,True
b025767,0.0,False,True
b025768,0.0,False,True
b025769,0.0,False,True
b025770,0.0,False,True
b025771,0.0,False,True
b025772,0.43558359146118164,True,True
b025773,0.0,False,True
b025774,0.0,False,True
b025775,0.0,False,True
b025776,0.0,False,True
b025777,0.0,False,True
b025778,0.0,False,True
b025779,0.0,False,True
b025780,0.0,False,True
b025781,0.0,False,True
b025782,0.0,False,True
b025783,0.0,False,True
b025784,0.0,False,True
b025785,0.0,False,True
b025786,0.0,False,True
b025787,0.0,False,True
b025788,0.0,False,True
b025789,0.0,False,True
b025790,0.0,False,True
b025791,0.0,False,True
b025792,0.0,False,True
b025793,0.0,False,True
b025794,0.0,False,True
b025795,0.0,False,True
b025796,0.0,False,True
b025797,0.0,False,True
b025798,0.0,False,True
b025799,0.0,False,True
b025800,0.0,False,True
b025801,0.0,False,True
b025802,0.0,False,True
b025803,0.0,False,True
b025804,0.0,False,True
b025805,0.0,False,True
b025806,0.0,False,True
b025807,0.0,False,True
b025808,0.5717482566833496,True,True
b025809,0.0,False,True
b025810,0.0,False,True
b025811,0.0,False,True
b025812,0.0,False,True
b025813,0.0,False,True
b025814,0.0,False,True
b025815,0.1319921612739563,True,True
b025816,0.0,False,True
b025817,0.4790792167186737,True,True
b025818,0.0,False,True
b025819,0.0,False,True
b025820,0.0,False,True
b025821,0.0,False,True
b025822,0.0,False,True
b025823,0.0,False,True
b025824,0.0,False,True
b025825,0.0,False,True
b025826,0.0,False,True
b025827,0.0,False,True
b025828,0.0,False,True
b025829,0.0,False,True
b025830,0.3480182886123657,True,True
b025831,0.0,False,True
b025832,0.0,False,True
b025833,0.0,False,True
b025834,0.0,False,True
b025835,0.0,False,True
b025836,0.0,False,True
b025837,0.0,False,True
b025838,0.0,False,True
b025839,0.0,False,True
b025840,0.0,False,True
b025841,0.0,False,True
b025842,0.0,False,True
b025843,0.0,False,True
b025844,0.0,False,True
b025845,0.0,False,True
b025846,0.0,False,True
b025847,0.0,False,True
b025848,0.0,False,True
b025849,0.12049021571874619,True,True
b025850,0.0,False,True
b025851,0.0,False,True
b025852,0.0,False,True
b025853,0.0,False,True
b025854,0.0,False,True
b025855,0.0,False,True
b025856,0.0,False,True
b025857,0.0,False,True
b025858,0.0,False,True
b025859,0.0,False,True
b025860,0.0,False,True
b025861,0.0,False,True
b025862,0.0,False,True
b025863,0.0,False,True
b025864,0.0,False,True
b025865,0.0,False,True
b025866,0.0,False,True
b025867,0.0,False,True
b025868,0.0,False,True
b025869,0.0,False,True
b025870,0.0,False,True
b025871,0.0,False,True
b025872,0.0,False,True
b025873,0.0,False,True
b025874,0.0,False,True
b025875,0.0,False,True
b025876,0.0,False,True
b025877,0.0,False,True
b025878,0.0,False,True
b025879,0.0,False,True
b025880,0.0,False,True
b025881,0.0,False,True
b025882,0.0,False,True
b025883,0.0,False,True
b025884,0.0,False,True
b025885,0.0,False,True
b025886,0.0,False,True
b025887,0.0,False,True
b025888,0.0,False,True
b025889,0.0,False,True
b025890,0.0,False,True
b025891,0.0,False,True
b025892,0.0,False,True
b025893,0.0,False,True
b025894,0.0,False,True
b025895,0.0,False,True
b025896,0.0,False,True
b025897,0.0,False,True
b025898,0.0,False,True
b025899,0.0,False,True
b025900,0.0,False,True
b025901,0.0,False,True
b025902,0.0,False,True
b025903,0.0,False,True
b025904,0.0,False,True
b025905,0.0,False,True
b025906,0.0,False,True
b025907,0.0,False,True
b025908,0.0,False,True
b025909,0.0,False,True
b025910,0.0,False,True
b025911,0.0,False,True
b025912,0.0,False,True
b025913,0.0,False,True
b025914,0.0,False,True
b025915,0.0,False,True
b025916,0.0,False,True
b025917,0.0,False,True
b025918,0.0,False,True
b025919,0.0,False,True
b025920,0.0,False,True
b025921,0.0,False,True
b025922,0.0,False,True
b025923,0.0,False,True
b025924,0.0,False,True
b025925,0.0,False,True
b025926,0.0,False,True
b025927,0.0,False,True
b025928,0.0,False,True
b025929,0.0,False,True
b025930,0.2138211578130722,True,True
b025931,0.0,False,True
b025932,0.0,False,True
b025933,0.0,False,True
b025934,0.0,False,True
b025935,0.0,False,True
b025936,0.0,False,True
b025937,0.0,False,True
b025938,0.0,False,True
b025939,0.0,False,True
b025940,0.0,False,True
b025941,0.0,False,True
b025942,0.0,False,True
b025943,0.0,False,True
b025944,0.0,False,True
b025945,0.0,False,True
b025946,0.0,False,True
b025947,0.0,False,True
b025948,0.0,False,True
b025949,0.0,False,True
b025950,0.0,False,True
b025951,0.0,False,True
b025952,0.0,False,True
b025953,0.0,False,True
b025954,0.0,False,True
b025955,0.0,False,True
b025956,0.0,False,True
b025957,0.0,False,True
b025958,0.0,False,True
b025959,0.0,False,True
b025960,0.0,False,True
b025961,0.0,False,True
b025962,0.0,False,True
b025963,0.0,False,True
b025964,0.0,False,True
b025965,0.0,False,True
b025966,0.0,False,True
b025967,0.0,False,True
b025968,0.0,False,True
b025969,0.0,False,True
b025970,0.0,False,True
b025971,0.0,False,True
b025972,0.0,False,True
b025973,0.0,False,True
b025974,0.0,False,True
b025975,0.0,False,True
b025976,0.0,False,True
b025977,0.0,False,True
b025978,0.0,False,True
b025979,0.0,False,True
b025980,0.0,False,True
b025981,0.0,False,True
b025982,0.0,False,True
b025983,0.0,False,True
b025984,0.0,False,True
b025985,0.0,False,True
b025986,0.0,False,True
b025987,0.0,False,True
b025988,0.0,False,True
b025989,0.0,False,True
b025990,0.0,False,True
b025991,0.0,False,True
b025992,0.0,False,True
b025993,0.0,False,True
b025994,0.0,False,True
b025995,0.0,False,True
b025996,0.0,False,True
b025997,0.0,False,True
b025998,0.0,False,True
b025999,0.0,False,True
b026000,0.0,False,True
b026001,0.0,False,True
b026002,0.0,False,True
b026003,0.0,False,True
b026004,0.0,False,True
b026005,0.0,False,True
b026006,0.0,False,True
b026007,0.0,False,True
b026008,0.0,False,True
b026009,0.0,False,True
b026010,0.0,False,True
b026011,0.0,False,True
b026012,0.0,False,True
b026013,0.0,False,True
b026014,0.0,False,True
b026015,0.0,False,True
b026016,0.0,False,True
b026017,0.0,False,True
b026018,0.0,False,True
b026019,0.0,False,True
b026020,0.0,False,True
b026021,0.0,False,True
b026022,0.0,False,True
b026023,0.0,False,True
b026024,0.0,False,True
b026025,0.0,False,True
b026026,0.0,False,True
b026027,0.0,False,True
b026028,0.0,False,True
b026029,0.0,False,True
b026030,0.0,False,True
b026031,0.0,False,True
b026032,0.0,False,True
b026033,0.0,False,True
b026034,0.0,False,True
b026035,0.0,False,True
b026036,0.0,False,True
b026037,0.0,False,True
b026038,0.0,False,True
b026039,0.0,False,True
b026040,0.0,False,True
b026041,0.0,False,True
b026042,0.0,False,True
b026043,0.0,False,True
b026044,0.0,False,True
b026045,0.0,False,True
b026046,0.0,False,True
b026047,0.0,False,True
b026048,0.0,False,True
b026049,0.0,False,True
b026050,0.0,False,True
b026051,0.0,False,True
b026052,0.0,False,True
b026053,0.0,False,True
b026054,0.0,False,True
b026055,0.0,False,True
b026056,0.0,False,True
b026057,0.0,False,True
b026058,0.0,False,True
b026059,0.0,False,True
b026060,0.0,False,True
b026061,0.0,False,True
b026062,0.0,False,True
b026063,0.0,False,True
b026064,0.0,False,True
b026065,0.0,False,True
b026066,0.0,False,True
b026067,0.0,False,True
b026068,0.0,False,True
b026069,0.0,False,True
b026070,0.0,False,True
b026071,0.0,False,True
b026072,0.0,False,True
b026073,0.0,False,True
b026074,0.0,False,True
b026075,0.0,False,True
b026076,0.0,False,True
b026077,0.2893444299697876,True,True
b026078,0.0,False,True
b026079,0.0,False,True
b026080,0.0,False,True
b026081,0.0,False,True
b026082,0.0,False,True
b026083,0.0,False,True
b026084,0.0,False,True
b026085,0.0,False,True
b026086,0.11422453820705414,True,True
b026087,0.0,False,True
b026088,0.0,False,True
b026089,0.0,False,True
b026090,0.0,False,True
b026091,0.0,False,True
b026092,0.0,False,True
b026093,0.25520387291908264,True,True
b026094,0.0,False,True
b026095,0.0,False,True
b026096,0.0,False,True
b026097,0.0,False,True
b026098,0.0,False,True
b026099,0.0,False,True
b026100,0.2712494432926178,True,True
b026101,0.0,False,True
b026102,0.0,False,True
b026103,0.0,False,True
b026104,0.0,False,True
b026105,0.17586113512516022,True,True
b026106,0.0,False,True
b026107,0.0,False,True
b026108,0.0,False,True
b026109,0.0,False,True
b026110,0.0,False,True
b026111,0.0,False,True
b026112,0.12990400195121765,True,True
b026113,0.0,False,True
b026114,0.0,False,True
b026115,0.0,False,True
b026116,0.11223183572292328,True,True
b026117,0.0,False,True
b026118,0.0,False,True
b026119,0.0,False,True
b026120,0.0,False,True
b026121,0.0,False,True
b026122,0.0,False,True
b026123,0.0,False,True
b026124,0.0,False,True
b026125,0.0,False,True
b026126,0.0,False,True
b026127,0.0,False,True
b026128,0.0,False,True
b026129,0.0,False,True
b026130,0.0,False,True
b026131,0.0,False,True
b026132,0.16436558961868286,True,True
b026133,0.0,False,True
b026134,0.0,False,True
b026135,0.0,False,True
b026136,0.0,False,True
b026137,0.0,False,True
b026138,0.0,False,True
b026139,0.0,False,True
b026140,0.0,False,True
b026141,0.0,False,True
b026142,0.0,False,True
b026143,0.0,False,True
b026144,0.0,False,True
b026145,0.0,False,True
b026146,0.0,False,True
b026147,0.0,False,True
b026148,0.0,False,True
b026149,0.0,False,True
b026150,0.0,False,True
b026151,0.0,False,True
b026152,0.0,False,True
b026153,0.0,False,True
b026154,0.0,False,True
b026155,0.0,False,True
b026156,0.0,False,True
b026157,0.0,False,True
b026158,0.0,False,True
b026159,0.0,False,True
b026160,0.7053061723709106,True,True
b026161,0.0,False,True
b026162,0.0,False,True
b026163,0.0,False,True
b026164,0.0,False,True
b026165,0.0,False,True
b026166,0.0,False,True
b026167,0.0,False,True
b026168,0.0,False,True
b026169,0.0,False,True
b026170,0.0,False,True
b026171,0.0,False,True
b026172,0.0,False,True
b026173,0.0,False,True
b026174,0.0,False,True
b026175,0.0,False,True
b026176,0.0,False,True
b026177,0.0,False,True
b026178,0.0,False,True
b026179,0.15135139226913452,True,True
b026180,0.0,False,True
b026181,0.0,False,True
b026182,0.0,False,True
b026183,0.0,False,True
b026184,0.0,False,True
b026185,0.0,False,True
b026186,0.0,False,True
b026187,0.0,False,True
b026188,0.0,False,True
b026189,0.0,False,True
b026190,0.0,False,True
b026191,0.0,False,True
b026192,0.0,False,True
b026193,0.0,False,True
b026194,0.0,False,True
b026195,0.0,False,True
b026196,0.0,False,True
b026197,0.0,False,True
b026198,0.0,False,True
b026199,0.0,False,True
b026200,0.0,False,True
b026201,0.0,False,True
b026202,0.0,False,True
b026203,0.0,False,True
b026204,0.20701150596141815,True,True
b026205,0.0,False,True
b026206,0.0,False,True
b026207,0.0,False,True
b026208,0.0,False,True
b026209,0.0,False,True
b026210,0.0,False,True
b026211,0.0,False,True
b026212,0.0,False,True
b026213,0.0,False,True
b026214,0.0,False,True
b026215,0.0,False,True
b026216,0.0,False,True
b026217,0.0,False,True
b026218,0.0,False,True
b026219,0.0,False,True
b026220,0.0,False,True
b026221,0.0,False,True
b026222,0.0,False,True
b026223,0.0,False,True
b026224,0.0,False,True
b026225,0.0,False,True
b026226,0.0,False,True
b026227,0.0,False,True
b026228,0.0,False,True
b026229,0.0,False,True
b026230,0.0,False,True
b026231,0.0,False,True
b026232,0.0,False,True
b026233,0.0,False,True
b026234,0.0,False,True
b026235,0.0,False,True
b026236,0.0,False,True
b026237,0.0,False,True
b026238,0.0,False,True
b026239,0.0,False,True
b026240,0.0,False,True
b026241,0.0,False,True
b026242,0.0,False,True
b026243,0.0,False,True
b026244,0.0,False,True
b026245,0.0,False,True
b026246,0.0,False,True
b026247,0.0,False,True
b026248,0.0,False,True
b026249,0.0,False,True
b026250,0.0,False,True
b026251,0.0,False,True
b026252,0.0,False,True
b026253,0.0,False,True
b026254,0.0,False,True
b026255,0.0,False,True
b026256,0.0,False,True
b026257,0.0,False,True
b026258,0.0,False,True
b026259,0.0,False,True
b026260,0.0,False,True
b026261,0.0,False,True
b026262,0.0,False,True
b026263,0.0,False,True
b026264,0.0,False,True
b026265,0.0,False,True
b026266,0.0,False,True
b026267,0.0,False,True
b026268,0.0,False,True
b026269,0.6306650042533875,True,True
b026270,0.0,False,True
b026271,0.0,False,True
b026272,0.0,False,True
b026273,0.0,False,True
b026274,0.0,False,True
b026275,0.0,False,True
b026276,0.0,False,True
b026277,0.0,False,True
b026278,0.0,False,True
b026279,0.0,False,True
b026280,0.0,False,True
b026281,0.0,False,True
b026282,0.0,False,True
b026283,0.0,False,True
b026284,0.0,False,True
b026285,0.0,False,True
b026286,0.0,False,True
b026287,0.0,False,True
b026288,0.0,False,True
b026289,0.0,False,True
b026290,0.0,False,True
b026291,0.0,False,True
b026292,0.0,False,True
b026293,0.0,False,True
b026294,0.0,False,True
b026295,0.1319289207458496,True,True
b026296,0.0,False,True
b026297,0.12015517801046371,True,True
b026298,0.0,False,True
b026299,0.0,False,True
b026300,0.0,False,True
b026301,0.0,False,True
b026302,0.0,False,True
b026303,0.0,False,True
b026304,0.0,False,True
b026305,0.0,False,True
b026306,0.0,False,True
b026307,0.0,False,True
b026308,0.0,False,True
b026309,0.0,False,True
b026310,0.0,False,True
b026311,0.0,False,True
b026312,0.0,False,True
b026313,0.0,False,True
b026314,0.0,False,True
b026315,0.0,False,True
b026316,0.0,False,True
b026317,0.0,False,True
b026318,0.0,False,True
b026319,0.0,False,True
b026320,0.0,False,True
b026321,0.0,False,True
b026322,0.0,False,True
b026323,0.0,False,True
b026324,0.0,False,True
b026325,0.0,False,True
b026326,0.0,False,True
b026327,0.0,False,True
b026328,0.0,False,True
b026329,0.0,False,True
b026330,0.0,False,True
b026331,0.0,False,True
b026332,0.0,False,True
b026333,0.0,False,True
b026334,0.0,False,True
b026335,0.0,False,True
b026336,0.0,False,True
b026337,0.0,False,True
b026338,0.0,False,True
b026339,0.0,False,True
b026340,0.0,False,True
b026341,0.0,False,True
b026342,0.0,False,True
b026343,0.0,False,True
b026344,0.0,False,True
b026345,0.0,False,True
b026346,0.0,False,True
b026347,0.0,False,True
b026348,0.0,False,True
b026349,0.0,False,True
b026350,0.0,False,True
b026351,0.0,False,True
b026352,0.0,False,True
b026353,0.0,False,True
b026354,0.0,False,True
b026355,0.0,False,True
b026356,0.0,False,True
b026357,0.0,False,True
b026358,0.0,False,True
b026359,0.0,False,True
b026360,0.0,False,True
b026361,0.0,False,True
b026362,0.0,False,True
b026363,0.0,False,True
b026364,0.0,False,True
b026365,0.0,False,True
b026366,0.0,False,True
b026367,0.0,False,True
b026368,0.0,False,True
b026369,0.0,False,True
b026370,0.0,False,True
b026371,0.0,False,True
b026372,0.0,False,True
b026373,0.0,False,True
b026374,0.0,False,True
b026375,0.0,False,True
b026376,0.0,False,True
b026377,0.0,False,True
b026378,0.0,False,True
b026379,0.0,False,True
b026380,0.0,False,True
b026381,0.0,False,True
b026382,0.0,False,True
b026383,0.0,False,True
b026384,0.0,False,True
b026385,0.0,False,True
b026386,0.0,False,True
b026387,0.0,False,True
b026388,0.0,False,True
b026389,0.0,False,True
b026390,0.0,False,True
b026391,0.0,False,True
b026392,0.0,False,True
b026393,0.0,False,True
b026394,0.0,False,True
b026395,0.0,False,True
b026396,0.0,False,True
b026397,0.0,False,True
b026398,0.0,False,True
b026399,0.0,False,True
b026400,0.0,False,True
b026401,0.0,False,True
b026402,0.0,False,True
b026403,0.0,False,True
b026404,0.0,False,True
b026405,0.0,False,True
b026406,0.0,False,True
b026407,0.0,False,True
b026408,0.0,False,True
b026409,0.0,False,True
b026410,0.0,False,True
b026411,0.0,False,True
b026412,0.0,False,True
b026413,0.0,False,True
b026414,0.0,False,True
b026415,0.0,False,True
b026416,0.0,False,True
b026417,0.0,False,True
b026418,0.0,False,True
b026419,0.0,False,True
b026420,0.0,False,True
b026421,0.0,False,True
b026422,0.0,False,True
b026423,0.0,False,True
b026424,0.0,False,True
b026425,0.0,False,True
b026426,0.0,False,True
b026427,0.0,False,True
b026428,0.0,False,True
b026429,0.0,False,True
b026430,0.0,False,True
b026431,0.0,False,True
b026432,0.0,False,True
b026433,0.0,False,True
b026434,0.0,False,True
b026435,0.0,False,True
b026436,0.0,False,True
b026437,0.0,False,True
b026438,0.0,False,True
b026439,0.0,False,True
b026440,0.0,False,True
b026441,0.0,False,True
b026442,0.0,False,True
b026443,0.0,False,True
b026444,0.0,False,True
b026445,0.0,False,True
b026446,0.0,False,True
b026447,0.0,False,True
b026448,0.0,False,True
b026449,0.0,False,True
b026450,0.0,False,True
b026451,0.0,False,True
b026452,0.0,False,True
b026453,0.0,False,True
b026454,0.0,False,True
b026455,0.0,False,True
b026456,0.0,False,True
b026457,0.0,False,True
b026458,0.0,False,True
b026459,0.0,False,True
b026460,0.0,False,True
b026461,0.0,False,True
b026462,0.0,False,True
b026463,0.0,False,True
b026464,0.0,False,True
b026465,0.0,False,True
b026466,0.0,False,True
b026467,0.0,False,True
b026468,0.0,False,True
b026469,0.0,False,True
b026470,0.0,False,True
b026471,0.0,False,True
b026472,0.1487169861793518,True,True
b026473,0.45701107382774353,True,True
b026474,0.0,False,True
b026475,0.0,False,True
b026476,0.0,False,True
b026477,0.0,False,True
b026478,0.0,False,True
b026479,0.0,False,True
b026480,0.0,False,True
b026481,0.0,False,True
b026482,0.0,False,True
b026483,0.0,False,True
b026484,0.0,False,True
b026485,0.0,False,True
b026486,0.0,False,True
b026487,0.0,False,True
b026488,0.0,False,True
b026489,0.0,False,True
b026490,0.0,False,True
b026491,0.0,False,True
b026492,0.0,False,True
b026493,0.0,False,True
b026494,0.0,False,True
b026495,0.0,False,True
b026496,0.0,False,True
b026497,0.0,False,True
b026498,0.0,False,True
b026499,0.0,False,True
b026500,0.0,False,True
b026501,0.0,False,True
b026502,0.0,False,True
b026503,0.0,False,True
b026504,0.0,False,True
b026505,0.0,False,True
b026506,0.0,False,True
b026507,0.0,False,True
b026508,0.1350916624069214,True,True
b026509,0.0,False,True
b026510,0.0,False,True
b026511,0.0,False,True
b026512,0.0,False,True
b026513,0.0,False,True
b026514,0.0,False,True
b026515,0.0,False,True
b026516,0.0,False,True
b026517,0.0,False,True
b026518,0.0,False,True
b026519,0.0,False,True
b026520,0.0,False,True
b026521,0.0,False,True
b026522,0.0,False,True
b026523,0.0,False,True
b026524,0.0,False,True
b026525,0.0,False,True
b026526,0.0,False,True
b026527,0.0,False,True
b026528,0.0,False,True
b026529,0.0,False,True
b026530,0.0,False,True
b026531,0.0,False,True
b026532,0.0,False,True
b026533,0.0,False,True
b026534,0.0,False,True
b026535,0.0,False,True
b026536,0.0,False,True
b026537,0.0,False,True
b026538,0.0,False,True
b026539,0.0,False,True
b026540,0.0,False,True
b026541,0.0,False,True
b026542,0.0,False,True
b026543,0.0,False,True
b026544,0.0,False,True
b026545,0.0,False,True
b026546,0.0,False,True
b026547,0.0,False,True
b026548,0.0,False,True
b026549,0.0,False,True
b026550,0.0,False,True
b026551,0.0,False,True
b026552,0.0,False,True
b026553,0.0,False,True
b026554,0.0,False,True
b026555,0.0,False,True
b026556,0.0,False,True
b026557,0.0,False,True
b026558,0.0,False,True
b026559,0.0,False,True
b026560,0.0,False,True
b026561,0.0,False,True
b026562,0.0,False,True
b026563,0.0,False,True
b026564,0.0,False,True
b026565,0.0,False,True
b026566,0.0,False,True
b026567,0.0,False,True
b026568,0.16411828994750977,True,True
b026569,0.0,False,True
b026570,0.0,False,True
b026571,0.0,False,True
b026572,0.0,False,True
b026573,0.3020625710487366,True,True
b026574,0.0,False,True
b026575,0.0,False,True
b026576,0.0,False,True
b026577,0.0,False,True
b026578,0.0,False,True
b026579,0.0,False,True
b026580,0.0,False,True
b026581,0.0,False,True
b026582,0.0,False,True
b026583,0.0,False,True
b026584,0.0,False,True
b026585,0.0,False,True
b026586,0.0,False,True
b026587,0.0,False,True
b026588,0.0,False,True
b026589,0.0,False,True
b026590,0.0,False,True
b026591,0.0,False,True
b026592,0.0,False,True
b026593,0.0,False,True
b026594,0.0,False,True
b026595,0.0,False,True
b026596,0.0,False,True
b026597,0.0,False,True
b026598,0.0,False,True
b026599,0.0,False,True
b026600,0.0,False,True
b026601,0.0,False,True
b026602,0.0,False,True
b026603,0.0,False,True
b026604,0.0,False,True
b026605,0.0,False,True
b026606,0.0,False,True
b026607,0.0,False,True
b026608,0.0,False,True
b026609,0.0,False,True
b026610,0.0,False,True
b026611,0.0,False,True
b026612,0.0,False,True
b026613,0.0,False,True
b026614,0.0,False,True
b026615,0.0,False,True
b026616,0.0,False,True
b026617,0.0,False,True
b026618,0.0,False,True
b026619,0.0,False,True
b026620,0.0,False,True
b026621,0.0,False,True
b026622,0.0,False,True
b026623,0.0,False,True
b026624,0.0,False,True
b026625,0.0,False,True
b026626,0.0,False,True
b026627,0.0,False,True
b026628,0.0,False,True
b026629,0.0,False,True
b026630,0.0,False,True
b026631,0.0,False,True
b026632,0.0,False,True
b026633,0.0,False,True
b026634,0.0,False,True
b026635,0.0,False,True
b026636,0.0,False,True
b026637,0.0,False,True
b026638,0.0,False,True
b026639,0.0,False,True
b026640,0.0,False,True
b026641,0.0,False,True
b026642,0.0,False,True
b026643,0.0,False,True
b026644,0.0,False,True
b026645,0.0,False,True
b026646,0.0,False,True
b026647,0.0,False,True
b026648,0.0,False,True
b026649,0.0,False,True
b026650,0.0,False,True
b026651,0.0,False,True
b026652,0.0,False,True
b026653,0.0,False,True
b026654,0.0,False,True
b026655,0.0,False,True
b026656,0.0,False,True
b026657,0.0,False,True
b026658,0.0,False,True
b026659,0.0,False,True
b026660,0.0,False,True
b026661,0.0,False,True
b026662,0.0,False,True
b026663,0.0,False,True
b026664,0.0,False,True
b026665,0.0,False,True
b026666,0.0,False,True
b026667,0.0,False,True
b026668,0.0,False,True
b026669,0.24898722767829895,True,True
b026670,0.0,False,True
b026671,0.0,False,True
b026672,0.0,False,True
b026673,0.0,False,True
b026674,0.0,False,True
b026675,0.0,False,True
b026676,0.0,False,True
b026677,0.0,False,True
b026678,0.0,False,True
b026679,0.0,False,True
b026680,0.0,False,True
b026681,0.0,False,True
b026682,0.0,False,True
b026683,0.0,False,True
b026684,0.0,False,True
b026685,0.0,False,True
b026686,0.0,False,True
b026687,0.0,False,True
b026688,0.0,False,True
b026689,0.0,False,True
b026690,0.0,False,True
b026691,0.0,False,True
b026692,0.0,False,True
b026693,0.0,False,True
b026694,0.0,False,True
b026695,0.0,False,True
b026696,0.0,False,True
b026697,0.0,False,True
b026698,0.0,False,True
b026699,0.0,False,True
b026700,0.0,False,True
b026701,0.0,False,True
b026702,0.0,False,True
b026703,0.0,False,True
b026704,0.0,False,True
b026705,0.0,False,True
b026706,0.0,False,True
b026707,0.0,False,True
b026708,0.0,False,True
b026709,0.0,False,True
b026710,0.0,False,True
b026711,0.0,False,True
b026712,0.0,False,True
b026713,0.0,False,True
b026714,0.0,False,True
b026715,0.0,False,True
b026716,0.0,False,True
b026717,0.0,False,True
b026718,0.0,False,True
b026719,0.0,False,True
b026720,0.0,False,True
b026721,0.0,False,True
b026722,0.0,False,True
b026723,0.0,False,True
b026724,0.0,False,True
b026725,0.0,False,True
b026726,0.0,False,True
b026727,0.0,False,True
b026728,0.0,False,True
b026729,0.0,False,True
b026730,0.0,False,True
b026731,0.0,False,True
b026732,0.0,False,True
b026733,0.0,False,True
b026734,0.0,False,True
b026735,0.0,False,True
b026736,0.0,False,True
b026737,0.0,False,True
b026738,0.0,False,True
b026739,0.0,False,True
b026740,0.0,False,True
b026741,0.0,False,True
b026742,0.0,False,True
b026743,0.0,False,True
b026744,0.0,False,True
b026745,0.0,False,True
b026746,0.0,False,True
b026747,0.0,False,True
b026748,0.0,False,True
b026749,0.0,False,True
b026750,0.13164925575256348,True,True
b026751,0.0,False,True
b026752,0.0,False,True
b026753,0.0,False,True
b026754,0.0,False,True
b026755,0.0,False,True
b026756,0.0,False,True
b026757,0.0,False,True
b026758,0.0,False,True
b026759,0.0,False,True
b026760,0.0,False,True
b026761,0.13798274099826813,True,True
b026762,0.0,False,True
b026763,0.5327321290969849,True,True
b026764,0.0,False,True
b026765,0.0,False,True
b026766,0.0,False,True
b026767,0.1834595799446106,True,True
b026768,0.0,False,True
b026769,0.0,False,True
b026770,0.0,False,True
b026771,0.0,False,True
b026772,0.0,False,True
b026773,0.0,False,True
b026774,0.0,False,True
b026775,0.0,False,True
b026776,0.0,False,True
b026777,0.0,False,True
b026778,0.0,False,True
b026779,0.0,False,True
b026780,0.0,False,True
b026781,0.0,False,True
b026782,0.0,False,True
b026783,0.0,False,True
b026784,0.0,False,True
b026785,0.0,False,True
b026786,0.0,False,True
b026787,0.0,False,True
b026788,0.0,False,True
b026789,0.0,False,True
b026790,0.0,False,True
b026791,0.0,False,True
b026792,0.0,False,True
b026793,0.0,False,True
b026794,0.0,False,True
b026795,0.0,False,True
b026796,0.0,False,True
b026797,0.0,False,True
b026798,0.0,False,True
b026799,0.0,False,True
b026800,0.0,False,True
b026801,0.0,False,True
b026802,0.0,False,True
b026803,0.0,False,True
b026804,0.0,False,True
b026805,0.0,False,True
b026806,0.0,False,True
b026807,0.0,False,True
b026808,0.0,False,True
b026809,0.0,False,True
b026810,0.0,False,True
b026811,0.0,False,True
b026812,0.0,False,True
b026813,0.0,False,True
b026814,0.0,False,True
b026815,0.0,False,True
b026816,0.0,False,True
b026817,0.0,False,True
b026818,0.0,False,True
b026819,0.0,False,True
b026820,0.0,False,True
b026821,0.0,False,True
b026822,0.0,False,True
b026823,0.39926186203956604,True,True
b026824,0.0,False,True
b026825,0.0,False,True
b026826,0.0,False,True
b026827,0.0,False,True
b026828,0.0,False,True
b026829,0.0,False,True
b026830,0.0,False,True
b026831,0.0,False,True
b026832,0.0,False,True
b026833,0.0,False,True
b026834,0.0,False,True
b026835,0.0,False,True
b026836,0.1378832906484604,True,True
b026837,0.0,False,True
b026838,0.0,False,True
b026839,0.0,False,True
b026840,0.0,False,True
b026841,0.0,False,True
b026842,0.0,False,True
b026843,0.26976966857910156,True,True
b026844,0.0,False,True
b026845,0.0,False,True
b026846,0.2218942493200302,True,True
b026847,0.0,False,True
b026848,0.0,False,True
b026849,0.0,False,True
b026850,0.0,False,True
b026851,0.0,False,True
b026852,0.0,False,True
b026853,0.0,False,True
b026854,0.0,False,True
b026855,0.0,False,True
b026856,0.0,False,True
b026857,0.0,False,True
b026858,0.0,False,True
b026859,0.0,False,True
b026860,0.0,False,True
b026861,0.0,False,True
b026862,0.10013042390346527,True,True
b026863,0.0,False,True
b026864,0.0,False,True
b026865,0.0,False,True
b026866,0.0,False,True
b026867,0.0,False,True
b026868,0.0,False,True
b026869,0.0,False,True
b026870,0.0,False,True
b026871,0.0,False,True
b026872,0.0,False,True
b026873,0.0,False,True
b026874,0.0,False,True
b026875,0.0,False,True
b026876,0.0,False,True
b026877,0.0,False,True
b026878,0.0,False,True
b026879,0.0,False,True
b026880,0.6960508227348328,True,True
b026881,0.0,False,True
b026882,0.0,False,True
b026883,0.0,False,True
b026884,0.0,False,True
b026885,0.0,False,True
b026886,0.0,False,True
b026887,0.10246353596448898,True,True
b026888,0.0,False,True
b026889,0.0,False,True
b026890,0.0,False,True
b026891,0.0,False,True
b026892,0.0,False,True
b026893,0.0,False,True
b026894,0.0,False,True
b026895,0.0,False,True
b026896,0.0,False,True
b026897,0.0,False,True
b026898,0.0,False,True
b026899,0.0,False,True
b026900,0.0,False,True
b026901,0.0,False,True
b026902,0.0,False,True
b026903,0.0,False,True
b026904,0.2504267990589142,True,True
b026905,0.0,False,True
b026906,0.0,False,True
b026907,0.0,False,True
b026908,0.0,False,True
b026909,0.0,False,True
b026910,0.0,False,True
b026911,0.0,False,True
b026912,0.0,False,True
b026913,0.0,False,True
b026914,0.0,False,True
b026915,0.0,False,True
b026916,0.0,False,True
b026917,0.0,False,True
b026918,0.0,False,True
b026919,0.0,False,True
b026920,0.0,False,True
b026921,0.0,False,True
b026922,0.0,False,True
b026923,0.0,False,True
b026924,0.0,False,True
b026925,0.0,False,True
b026926,0.0,False,True
b026927,0.0,False,True
b026928,0.0,False,True
b026929,0.0,False,True
b026930,0.0,False,True
b026931,0.0,False,True
b026932,0.0,False,True
b026933,0.0,False,True
b026934,0.0,False,True
b026935,0.0,False,True
b026936,0.0,False,True
b026937,0.0,False,True
b026938,0.0,False,True
b026939,0.0,False,True
b026940,0.0,False,True
b026941,0.0,False,True
b026942,0.0,False,True
b026943,0.0,False,True
b026944,0.0,False,True
b026945,0.0,False,True
b026946,0.0,False,True
b026947,0.0,False,True
b026948,0.0,False,True
b026949,0.0,False,True
b026950,0.0,False,True
b026951,0.0,False,True
b026952,0.0,False,True
b026953,0.0,False,True
b026954,0.0,False,True
b026955,0.0,False,True
b026956,0.0,False,True
b026957,0.0,False,True
b026958,0.0,False,True
b026959,0.0,False,True
b026960,0.0,False,True
b026961,0.0,False,True
b026962,0.0,False,True
b026963,0.0,False,True
b026964,0.0,False,True
b026965,0.0,False,True
b026966,0.0,False,True
b026967,0.0,False,True
b026968,0.0,False,True
b026969,0.0,False,True
b026970,0.0,False,True
b026971,0.0,False,True
b026972,0.0,False,True
b026973,0.0,False,True
b026974,0.0,False,True
b026975,0.0,False,True
b026976,0.0,False,True
b026977,0.0,False,True
b026978,0.0,False,True
b026979,0.0,False,True
b026980,0.0,False,True
b026981,0.0,False,True
b026982,0.0,False,True
b026983,0.0,False,True
b026984,0.0,False,True
b026985,0.0,False,True
b026986,0.0,False,True
b026987,0.0,False,True
b026988,0.8228079676628113,True,True
b026989,0.0,False,True
b026990,0.0,False,True
b026991,0.0,False,True
b026992,0.0,False,True
b026993,0.0,False,True
b026994,0.0,False,True
b026995,0.0,False,True
b026996,0.0,False,True
b026997,0.0,False,True
b026998,0.0,False,True
b026999,0.2269495725631714,True,True
b027000,0.0,False,True
b027001,0.0,False,True
b027002,0.0,False,True
b027003,0.0,False,True
b027004,0.0,False,True
b027005,0.0,False,True
b027006,0.0,False,True
b027007,0.0,False,True
b027008,0.0,False,True
b027009,0.0,False,True
b027010,0.0,False,True
b027011,0.0,False,True
b027012,0.0,False,True
b027013,0.0,False,True
b027014,0.0,False,True
b027015,0.18594518303871155,True,True
b027016,0.0,False,True
b027017,0.0,False,True
b027018,0.0,False,True
b027019,0.0,False,True
b027020,0.0,False,True
b027021,0.11463700979948044,True,True
b027022,0.0,False,True
b027023,0.0,False,True
b027024,0.0,False,True
b027025,0.0,False,True
b027026,0.0,False,True
b027027,0.0,False,True
b027028,0.12593325972557068,True,True
b027029,0.0,False,True
b027030,0.0,False,True
b027031,0.0,False,True
b027032,0.0,False,True
b027033,0.0,False,True
b027034,0.0,False,True
b027035,0.0,False,True
b027036,0.0,False,True
b027037,0.0,False,True
b027038,0.0,False,True
b027039,0.0,False,True
b027040,0.0,False,True
b027041,0.0,False,True
b027042,0.0,False,True
b027043,0.0,False,True
b027044,0.0,False,True
b027045,0.0,False,True
b027046,0.0,False,True
b027047,0.0,False,True
b027048,0.0,False,True
b027049,0.0,False,True
b027050,0.0,False,True
b027051,0.0,False,True
b027052,0.0,False,True
b027053,0.0,False,True
b027054,0.0,False,True
b027055,0.0,False,True
b027056,0.0,False,True
b027057,0.0,False,True
b027058,0.0,False,True
b027059,0.0,False,True
b027060,0.0,False,True
b027061,0.0,False,True
b027062,0.0,False,True
b027063,0.0,False,True
b027064,0.1087811067700386,True,True
b027065,0.0,False,True
b027066,0.0,False,True
b027067,0.0,False,True
b027068,0.0,False,True
b027069,0.0,False,True
b027070,0.0,False,True
b027071,0.0,False,True
b027072,0.0,False,True
b027073,0.0,False,True
b027074,0.15389329195022583,True,True
b027075,0.0,False,True
b027076,0.0,False,True
b027077,0.0,False,True
b027078,0.0,False,True
b027079,0.0,False,True
b027080,0.0,False,True
b027081,0.0,False,True
b027082,0.0,False,True
b027083,0.0,False,True
b027084,0.0,False,True
b027085,0.0,False,True
b027086,0.0,False,True
b027087,0.0,False,True
b027088,0.0,False,True
b027089,0.0,False,True
b027090,0.0,False,True
b027091,0.0,False,True
b027092,0.0,False,True
b027093,0.0,False,True
b027094,0.0,False,True
b027095,0.0,False,True
b027096,0.0,False,True
b027097,0.0,False,True
b027098,0.0,False,True
b027099,0.0,False,True
b027100,0.0,False,True
b027101,0.0,False,True
b027102,0.0,False,True
b027103,0.43407773971557617,True,True
b027104,0.0,False,True
b027105,0.0,False,True
b027106,0.0,False,True
b027107,0.0,False,True
b027108,0.0,False,True
b027109,0.0,False,True
b027110,0.0,False,True
b027111,0.10578998923301697,True,True
b027112,0.0,False,True
b027113,0.0,False,True
b027114,0.0,False,True
b027115,0.0,False,True
b027116,0.0,False,True
b027117,0.0,False,True
b027118,0.0,False,True
b027119,0.0,False,True
b027120,0.0,False,True
b027121,0.0,False,True
b027122,0.0,False,True
b027123,0.0,False,True
b027124,0.0,False,True
b027125,0.0,False,True
b027126,0.0,False,True
b027127,0.0,False,True
b027128,0.0,False,True
b027129,0.0,False,True
b027130,0.0,False,True
b027131,0.0,False,True
b027132,0.0,False,True
b027133,0.0,False,True
b027134,0.0,False,True
b027135,0.0,False,True
b027136,0.0,False,True
b027137,0.0,False,True
b027138,0.0,False,True
b027139,0.0,False,True
b027140,0.0,False,True
b027141,0.0,False,True
b027142,0.0,False,True
b027143,0.0,False,True
b027144,0.0,False,True
b027145,0.0,False,True
b027146,0.0,False,True
b027147,0.0,False,True
b027148,0.0,False,True
b027149,0.0,False,True
b027150,0.0,False,True
b027151,0.0,False,True
b027152,0.0,False,True
b027153,0.0,False,True
b027154,0.0,False,True
b027155,0.0,False,True
b027156,0.0,False,True
b027157,0.0,False,True
b027158,0.16743169724941254,True,True
b027159,0.0,False,True
b027160,0.0,False,True
b027161,0.0,False,True
b027162,0.0,False,True
b027163,0.0,False,True
b027164,0.0,False,True
b027165,0.0,False,True
b027166,0.0,False,True
b027167,0.0,False,True
b027168,0.0,False,True
b027169,0.0,False,True
b027170,0.0,False,True
b027171,0.0,False,True
b027172,0.0,False,True
b027173,0.0,False,True
b027174,0.0,False,True
b027175,0.0,False,True
b027176,0.0,False,True
b027177,0.0,False,True
b027178,0.0,False,True
b027179,0.0,False,True
b027180,0.0,False,True
b027181,0.0,False,True
b027182,0.0,False,True
b027183,0.0,False,True
b027184,0.12476583570241928,True,True
b027185,0.0,False,True
b027186,0.0,False,True
b027187,0.0,False,True
b027188,0.0,False,True
b027189,0.0,False,True
b027190,0.0,False,True
b027191,0.0,False,True
b027192,0.0,False,True
b027193,0.0,False,True
b027194,0.0,False,True
b027195,0.0,False,True
b027196,0.0,False,True
b027197,0.0,False,True
b027198,0.0,False,True
b027199,0.0,False,True
b027200,0.0,False,True
b027201,0.0,False,True
b027202,0.17726081609725952,True,True
b027203,0.0,False,True
b027204,0.0,False,True
b027205,0.0,False,True
b027206,0.0,False,True
b027207,0.0,False,True
b027208,0.0,False,True
b027209,0.0,False,True
b027210,0.0,False,True
b027211,0.0,False,True
b027212,0.0,False,True
b027213,0.0,False,True
b027214,0.0,False,True
b027215,0.0,False,True
b027216,0.0,False,True
b027217,0.0,False,True
b027218,0.0,False,True
b027219,0.0,False,True
b027220,0.0,False,True
b027221,0.0,False,True
b027222,0.0,False,True
b027223,0.0,False,True
b027224,0.0,False,True
b027225,0.0,False,True
b027226,0.17326341569423676,True,True
b027227,0.0,False,True
b027228,0.0,False,True
b027229,0.24918816983699799,True,True
b027230,0.0,False,True
b027231,0.0,False,True
b027232,0.414110392332077,True,True
b027233,0.0,False,True
b027234,0.0,False,True
b027235,0.0,False,True
b027236,0.0,False,True
b027237,0.0,False,True
b027238,0.0,False,True
b027239,0.0,False,True
b027240,0.0,False,True
b027241,0.0,False,True
b027242,0.0,False,True
b027243,0.0,False,True
b027244,0.0,False,True
b027245,0.0,False,True
b027246,0.0,False,True
b027247,0.0,False,True
b027248,0.0,False,True
b027249,0.0,False,True
b027250,0.0,False,True
b027251,0.0,False,True
b027252,0.0,False,True
b027253,0.0,False,True
b027254,0.0,False,True
b027255,0.0,False,True
b027256,0.0,False,True
b027257,0.0,False,True
b027258,0.0,False,True
b027259,0.0,False,True
b027260,0.0,False,True
b027261,0.0,False,True
b027262,0.0,False,True
b027263,0.0,False,True
b027264,0.0,False,True
b027265,0.0,False,True
b027266,0.0,False,True
b027267,0.0,False,True
b027268,0.0,False,True
b027269,0.0,False,True
b027270,0.0,False,True
b027271,0.0,False,True
b027272,0.0,False,True
b027273,0.0,False,True
b027274,0.0,False,True
b027275,0.0,False,True
b027276,0.0,False,True
b027277,0.0,False,True
b027278,0.0,False,True
b027279,0.0,False,True
b027280,0.0,False,True
b027281,0.0,False,True
b027282,0.0,False,True
b027283,0.0,False,True
b027284,0.0,False,True
b027285,0.0,False,True
b027286,0.0,False,True
b027287,0.0,False,True
b027288,0.0,False,True
b027289,0.0,False,True
b027290,0.0,False,True
b027291,0.0,False,True
b027292,0.0,False,True
b027293,0.0,False,True
b027294,0.0,False,True
b027295,0.0,False,True
b027296,0.0,False,True
b027297,0.0,False,True
b027298,0.0,False,True
b027299,0.0,False,True
b027300,0.0,False,True
b027301,0.0,False,True
b027302,0.0,False,True
b027303,0.0,False,True
b027304,0.0,False,True
b027305,0.0,False,True
b027306,0.0,False,True
b027307,0.0,False,True
b027308,0.0,False,True
b027309,0.0,False,True
b027310,0.0,False,True
b027311,0.0,False,True
b027312,0.0,False,True
b027313,0.0,False,True
b027314,0.0,False,True
b027315,0.0,False,True
b027316,0.0,False,True
b027317,0.0,False,True
b027318,0.0,False,True
b027319,0.0,False,True
b027320,0.0,False,True
b027321,0.0,False,True
b027322,0.0,False,True
b027323,0.0,False,True
b027324,0.0,False,True
b027325,0.0,False,True
b027326,0.0,False,True
b027327,0.0,False,True
b027328,0.0,False,True
b027329,0.0,False,True
b027330,0.0,False,True
b027331,0.0,False,True
b027332,0.0,False,True
b027333,0.0,False,True
b027334,0.0,False,True
b027335,0.0,False,True
b027336,0.0,False,True
b027337,0.0,False,True
b027338,0.0,False,True
b027339,0.0,False,True
b027340,0.0,False,True
b027341,0.0,False,True
b027342,0.0,False,True
b027343,0.0,False,True
b027344,0.0,False,True
b027345,0.0,False,True
b027346,0.0,False,True
b027347,0.0,False,True
b027348,0.0,False,True
b027349,0.0,False,True
b027350,0.0,False,True
b027351,0.0,False,True
b027352,0.0,False,True
b027353,0.0,False,True
b027354,0.0,False,True
b027355,0.0,False,True
b027356,0.0,False,True
b027357,0.0,False,True
b027358,0.0,False,True
b027359,0.0,False,True
b027360,0.0,False,True
b027361,0.0,False,True
b027362,0.0,False,True
b027363,0.0,False,True
b027364,0.0,False,True
b027365,0.0,False,True
b027366,0.0,False,True
b027367,0.0,False,True
b027368,0.0,False,True
b027369,0.0,False,True
b027370,0.0,False,True
b027371,0.0,False,True
b027372,0.0,False,True
b027373,0.0,False,True
b027374,0.0,False,True
b027375,0.0,False,True
b027376,0.0,False,True
b027377,0.0,False,True
b027378,0.0,False,True
b027379,0.0,False,True
b027380,0.0,False,True
b027381,0.0,False,True
b027382,0.0,False,True
b027383,0.0,False,True
b027384,0.0,False,True
b027385,0.0,False,True
b027386,0.12670503556728363,True,True
b027387,0.0,False,True
b027388,0.0,False,True
b027389,0.0,False,True
b027390,0.0,False,True
b027391,0.0,False,True
b027392,0.0,False,True
b027393,0.0,False,True
b027394,0.0,False,True
b027395,0.0,False,True
b027396,0.0,False,True
b027397,0.0,False,True
b027398,0.13706064224243164,True,True
b027399,0.0,False,True
b027400,0.0,False,True
b027401,0.0,False,True
b027402,0.0,False,True
b027403,0.0,False,True
b027404,0.0,False,True
b027405,0.0,False,True
b027406,0.1272936314344406,True,True
b027407,0.0,False,True
b027408,0.0,False,True
b027409,0.0,False,True
b027410,0.0,False,True
b027411,0.0,False,True
b027412,0.0,False,True
b027413,0.0,False,True
b027414,0.0,False,True
b027415,0.0,False,True
b027416,0.0,False,True
b027417,0.0,False,True
b027418,0.0,False,True
b027419,0.23358382284641266,True,True
b027420,0.0,False,True
b027421,0.0,False,True
b027422,0.0,False,True
b027423,0.10094356536865234,True,True
b027424,0.0,False,True
b027425,0.0,False,True
b027426,0.0,False,True
b027427,0.0,False,True
b027428,0.0,False,True
b027429,0.0,False,True
b027430,0.0,False,True
b027431,0.0,False,True
b027432,0.0,False,True
b027433,0.0,False,True
b027434,0.0,False,True
b027435,0.0,False,True
b027436,0.0,False,True
b027437,0.0,False,True
b027438,0.0,False,True
b027439,0.0,False,True
b027440,0.0,False,True
b027441,0.0,False,True
b027442,0.0,False,True
b027443,0.0,False,True
b027444,0.0,False,True
b027445,0.0,False,True
b027446,0.0,False,True
b027447,0.0,False,True
b027448,0.0,False,True
b027449,0.0,False,True
b027450,0.0,False,True
b027451,0.0,False,True
b027452,0.0,False,True
b027453,0.0,False,True
b027454,0.0,False,True
b027455,0.0,False,True
b027456,0.0,False,True
b027457,0.0,False,True
b027458,0.0,False,True
b027459,0.0,False,True
b027460,0.0,False,True
b027461,0.0,False,True
b027462,0.0,False,True
b027463,0.0,False,True
b027464,0.0,False,True
b027465,0.0,False,True
b027466,0.0,False,True
b027467,0.0,False,True
b027468,0.0,False,True
b027469,0.0,False,True
b027470,0.0,False,True
b027471,0.0,False,True
b027472,0.0,False,True
b027473,0.0,False,True
b027474,0.0,False,True
b027475,0.0,False,True
b027476,0.0,False,True
b027477,0.0,False,True
b027478,0.0,False,True
b027479,0.0,False,True
b027480,0.0,False,True
b027481,0.0,False,True
b027482,0.0,False,True
b027483,0.0,False,True
b027484,0.0,False,True
b027485,0.0,False,True
b027486,0.0,False,True
b027487,0.0,False,True
b027488,0.0,False,True
b027489,0.0,False,True
b027490,0.11714088916778564,True,True
b027491,0.0,False,True
b027492,0.0,False,True
b027493,0.0,False,True
b027494,0.0,False,True
b027495,0.0,False,True
b027496,0.0,False,True
b027497,0.0,False,True
b027498,0.0,False,True
b027499,0.0,False,True
b027500,0.0,False,True
b027501,0.6442185640335083,True,True
b027502,0.0,False,True
b027503,0.0,False,True
b027504,0.0,False,True
b027505,0.0,False,True
b027506,0.0,False,True
b027507,0.0,False,True
b027508,0.0,False,True
b027509,0.0,False,True
b027510,0.0,False,True
b027511,0.0,False,True
b027512,0.0,False,True
b027513,0.0,False,True
b027514,0.0,False,True
b027515,0.0,False,True
b027516,0.0,False,True
b027517,0.0,False,True
b027518,0.0,False,True
b027519,0.0,False,True
b027520,0.0,False,True
b027521,0.0,False,True
b027522,0.0,False,True
b027523,0.0,False,True
b027524,0.0,False,True
b027525,0.0,False,True
b027526,0.0,False,True
b027527,0.0,False,True
b027528,0.0,False,True
b027529,0.0,False,True
b027530,0.0,False,True
b027531,0.0,False,True
b027532,0.0,False,True
b027533,0.0,False,True
b027534,0.0,False,True
b027535,0.0,False,True
b027536,0.0,False,True
b027537,0.0,False,True
b027538,0.0,False,True
b027539,0.0,False,True
b027540,0.0,False,True
b027541,0.0,False,True
b027542,0.0,False,True
b027543,0.0,False,True
b027544,0.0,False,True
b027545,0.0,False,True
b027546,0.0,False,True
b027547,0.0,False,True
b027548,0.0,False,True
b027549,0.1986587792634964,True,True
b027550,0.0,False,True
b027551,0.0,False,True
b027552,0.0,False,True
b027553,0.0,False,True
b027554,0.0,False,True
b027555,0.0,False,True
b027556,0.0,False,True
b027557,0.0,False,True
b027558,0.0,False,True
b027559,0.0,False,True
b027560,0.0,False,True
b027561,0.0,False,True
b027562,0.0,False,True
b027563,0.0,False,True
b027564,0.5936217904090881,True,True
b027565,0.16531184315681458,True,True
b027566,0.0,False,True
b027567,0.0,False,True
b027568,0.0,False,True
b027569,0.0,False,True
b027570,0.17350181937217712,True,True
b027571,0.0,False,True
b027572,0.0,False,True
b027573,0.0,False,True
b027574,0.0,False,True
b027575,0.0,False,True
b027576,0.0,False,True
b027577,0.0,False,True
b027578,0.0,False,True
b027579,0.0,False,True
b027580,0.0,False,True
b027581,0.0,False,True
b027582,0.0,False,True
b027583,0.0,False,True
b027584,0.0,False,True
b027585,0.0,False,True
b027586,0.0,False,True
b027587,0.0,False,True
b027588,0.0,False,True
b027589,0.0,False,True
b027590,0.0,False,True
b027591,0.0,False,True
b027592,0.0,False,True
b027593,0.0,False,True
b027594,0.0,False,True
b027595,0.0,False,True
b027596,0.0,False,True
b027597,0.0,False,True
b027598,0.0,False,True
b027599,0.0,False,True
b027600,0.0,False,True
b027601,0.0,False,True
b027602,0.0,False,True
b027603,0.0,False,True
b027604,0.0,False,True
b027605,0.0,False,True
b027606,0.0,False,True
b027607,0.0,False,True
b027608,0.0,False,True
b027609,0.0,False,True
b027610,0.0,False,True
b027611,0.0,False,True
b027612,0.0,False,True
b027613,0.0,False,True
b027614,0.0,False,True
b027615,0.0,False,True
b027616,0.0,False,True
b027617,0.0,False,True
b027618,0.0,False,True
b027619,0.0,False,True
b027620,0.11786624044179916,True,True
b027621,0.0,False,True
b027622,0.0,False,True
b027623,0.0,False,True
b027624,0.0,False,True
b027625,0.0,False,True
b027626,0.0,False,True
b027627,0.0,False,True
b027628,0.0,False,True
b027629,0.0,False,True
b027630,0.0,False,True
b027631,0.0,False,True
b027632,0.0,False,True
b027633,0.0,False,True
b027634,0.0,False,True
b027635,0.0,False,True
b027636,0.0,False,True
b027637,0.0,False,True
b027638,0.0,False,True
b027639,0.0,False,True
b027640,0.0,False,True
b027641,0.0,False,True
b027642,0.0,False,True
b027643,0.0,False,True
b027644,0.0,False,True
b027645,0.0,False,True
b027646,0.0,False,True
b027647,0.0,False,True
b027648,0.0,False,True
b027649,0.0,False,True
b027650,0.0,False,True
b027651,0.0,False,True
b027652,0.0,False,True
b027653,0.0,False,True
b027654,0.0,False,True
b027655,0.0,False,True
b027656,0.0,False,True
b027657,0.0,False,True
b027658,0.0,False,True
b027659,0.0,False,True
b027660,0.0,False,True
b027661,0.0,False,True
b027662,0.0,False,True
b027663,0.0,False,True
b027664,0.0,False,True
b027665,0.0,False,True
b027666,0.0,False,True
b027667,0.0,False,True
b027668,0.0,False,True
b027669,0.0,False,True
b027670,0.0,False,True
b027671,0.0,False,True
b027672,0.0,False,True
b027673,0.0,False,True
b027674,0.0,False,True
b027675,0.0,False,True
b027676,0.0,False,True
b027677,0.0,False,True
b027678,0.0,False,True
b027679,0.0,False,True
b027680,0.0,False,True
b027681,0.0,False,True
b027682,0.0,False,True
b027683,0.0,False,True
b027684,0.0,False,True
b027685,0.0,False,True
b027686,0.0,False,True
b027687,0.0,False,True
b027688,0.0,False,True
b027689,0.0,False,True
b027690,0.0,False,True
b027691,0.0,False,True
b027692,0.0,False,True
b027693,0.0,False,True
b027694,0.0,False,True
b027695,0.5257947444915771,True,True
b027696,0.0,False,True
b027697,0.0,False,True
b027698,0.0,False,True
b027699,0.0,False,True
b027700,0.0,False,True
b027701,0.0,False,True
b027702,0.0,False,True
b027703,0.0,False,True
b027704,0.0,False,True
b027705,0.0,False,True
b027706,0.0,False,True
b027707,0.0,False,True
b027708,0.0,False,True
b027709,0.0,False,True
b027710,0.0,False,True
b027711,0.0,False,True
b027712,0.0,False,True
b027713,0.0,False,True
b027714,0.0,False,True
b027715,0.0,False,True
b027716,0.0,False,True
b027717,0.0,False,True
b027718,0.11118172854185104,True,True
b027719,0.0,False,True
b027720,0.0,False,True
b027721,0.0,False,True
b027722,0.0,False,True
b027723,0.0,False,True
b027724,0.0,False,True
b027725,0.0,False,True
b027726,0.0,False,True
b027727,0.0,False,True
b027728,0.12980616092681885,True,True
b027729,0.0,False,True
b027730,0.0,False,True
b027731,0.0,False,True
b027732,0.0,False,True
b027733,0.0,False,True
b027734,0.0,False,True
b027735,0.0,False,True
b027736,0.0,False,True
b027737,0.0,False,True
b027738,0.0,False,True
b027739,0.0,False,True
b027740,0.0,False,True
b027741,0.0,False,True
b027742,0.0,False,True
b027743,0.0,False,True
b027744,0.0,False,True
b027745,0.0,False,True
b027746,0.0,False,True
b027747,0.0,False,True
b027748,0.0,False,True
b027749,0.0,False,True
b027750,0.0,False,True
b027751,0.0,False,True
b027752,0.0,False,True
b027753,0.0,False,True
b027754,0.0,False,True
b027755,0.0,False,True
b027756,0.0,False,True
b027757,0.0,False,True
b027758,0.0,False,True
b027759,0.0,False,True
b027760,0.0,False,True
b027761,0.0,False,True
b027762,0.0,False,True
b027763,0.0,False,True
b027764,0.1865767389535904,True,True
b027765,0.0,False,True
b027766,0.0,False,True
b027767,0.0,False,True
b027768,0.0,False,True
b027769,0.0,False,True
b027770,0.0,False,True
b027771,0.0,False,True
b027772,0.0,False,True
b027773,0.0,False,True
b027774,0.0,False,True
b027775,0.0,False,True
b027776,0.0,False,True
b027777,0.0,False,True
b027778,0.0,False,True
b027779,0.0,False,True
b027780,0.0,False,True
b027781,0.0,False,True
b027782,0.0,False,True
b027783,0.0,False,True
b027784,0.0,False,True
b027785,0.2864825129508972,True,True
b027786,0.0,False,True
b027787,0.0,False,True
b027788,0.0,False,True
b027789,0.0,False,True
b027790,0.0,False,True
b027791,0.0,False,True
b027792,0.0,False,True
b027793,0.0,False,True
b027794,0.0,False,True
b027795,0.0,False,True
b027796,0.0,False,True
b027797,0.0,False,True
b027798,0.0,False,True
b027799,0.0,False,True
b027800,0.0,False,True
b027801,0.0,False,True
b027802,0.0,False,True
b027803,0.0,False,True
b027804,0.0,False,True
b027805,0.0,False,True
b027806,0.0,False,True
b027807,0.0,False,True
b027808,0.5252963900566101,True,True
b027809,0.0,False,True
b027810,0.0,False,True
b027811,0.13944099843502045,True,True
b027812,0.0,False,True
b027813,0.0,False,True
b027814,0.0,False,True
b027815,0.0,False,True
b027816,0.0,False,True
b027817,0.0,False,True
b027818,0.0,False,True
b027819,0.0,False,True
b027820,0.0,False,True
b027821,0.0,False,True
b027822,0.0,False,True
b027823,0.0,False,True
b027824,0.0,False,True
b027825,0.0,False,True
b027826,0.0,False,True
b027827,0.0,False,True
b027828,0.0,False,True
b027829,0.0,False,True
b027830,0.0,False,True
b027831,0.0,False,True
b027832,0.0,False,True
b027833,0.10025858134031296,True,True
b027834,0.0,False,True
b027835,0.17540845274925232,True,True
b027836,0.0,False,True
b027837,0.14119575917720795,True,True
b027838,0.0,False,True
b027839,0.0,False,True
b027840,0.0,False,True
b027841,0.0,False,True
b027842,0.0,False,True
b027843,0.0,False,True
b027844,0.0,False,True
b027845,0.0,False,True
b027846,0.0,False,True
b027847,0.0,False,True
b027848,0.0,False,True
b027849,0.0,False,True
b027850,0.0,False,True
b027851,0.0,False,True
b027852,0.18290428817272186,True,True
b027853,0.0,False,True
b027854,0.0,False,True
b027855,0.0,False,True
b027856,0.0,False,True
b027857,0.0,False,True
b027858,0.0,False,True
b027859,0.0,False,True
b027860,0.0,False,True
b027861,0.1916016936302185,True,True
b027862,0.0,False,True
b027863,0.1280936747789383,True,True
b027864,0.0,False,True
b027865,0.0,False,True
b027866,0.1319974660873413,True,True
b027867,0.0,False,True
b027868,0.0,False,True
b027869,0.0,False,True
b027870,0.0,False,True
b027871,0.0,False,True
b027872,0.0,False,True
b027873,0.0,False,True
b027874,0.0,False,True
b027875,0.0,False,True
b027876,0.0,False,True
b027877,0.0,False,True
b027878,0.0,False,True
b027879,0.0,False,True
b027880,0.0,False,True
b027881,0.11613541841506958,True,True
b027882,0.10176996141672134,True,True
b027883,0.0,False,True
b027884,0.0,False,True
b027885,0.0,False,True
b027886,0.0,False,True
b027887,0.0,False,True
b027888,0.0,False,True
b027889,0.0,False,True
b027890,0.0,False,True
b027891,0.0,False,True
b027892,0.0,False,True
b027893,0.0,False,True
b027894,0.0,False,True
b027895,0.10614320635795593,True,True
b027896,0.0,False,True
b027897,0.0,False,True
b027898,0.0,False,True
b027899,0.0,False,True
b027900,0.0,False,True
b027901,0.0,False,True
b027902,0.0,False,True
b027903,0.0,False,True
b027904,0.0,False,True
b027905,0.0,False,True
b027906,0.0,False,True
b027907,0.0,False,True
b027908,0.0,False,True
b027909,0.0,False,True
b027910,0.704596996307373,True,True
b027911,0.12482838332653046,True,True
b027912,0.0,False,True
b027913,0.0,False,True
b027914,0.0,False,True
b027915,0.0,False,True
b027916,0.0,False,True
b027917,0.0,False,True
b027918,0.0,False,True
b027919,0.0,False,True
b027920,0.0,False,True
b027921,0.0,False,True
b027922,0.0,False,True
b027923,0.0,False,True
b027924,0.0,False,True
b027925,0.0,False,True
b027926,0.0,False,True
b027927,0.1726233810186386,True,True
b027928,0.0,False,True
b027929,0.0,False,True
b027930,0.0,False,True
b027931,0.0,False,True
b027932,0.0,False,True
b027933,0.0,False,True
b027934,0.0,False,True
b027935,0.0,False,True
b027936,0.0,False,True
b027937,0.0,False,True
b027938,0.0,False,True
b027939,0.0,False,True
b027940,0.0,False,True
b027941,0.0,False,True
b027942,0.0,False,True
b027943,0.0,False,True
b027944,0.0,False,True
b027945,0.0,False,True
b027946,0.0,False,True
b027947,0.0,False,True
b027948,0.0,False,True
b027949,0.0,False,True
b027950,0.0,False,True
b027951,0.0,False,True
b027952,0.0,False,True
b027953,0.0,False,True
b027954,0.0,False,True
b027955,0.0,False,True
b027956,0.0,False,True
b027957,0.0,False,True
b027958,0.0,False,True
b027959,0.0,False,True
b027960,0.0,False,True
b027961,0.0,False,True
b027962,0.0,False,True
b027963,0.0,False,True
b027964,0.0,False,True
b027965,0.0,False,True
b027966,0.0,False,True
b027967,0.0,False,True
b027968,0.0,False,True
b027969,0.0,False,True
b027970,0.0,False,True
b027971,0.0,False,True
b027972,0.1865856647491455,True,True
b027973,0.0,False,True
b027974,0.0,False,True
b027975,0.0,False,True
b027976,0.0,False,True
b027977,0.0,False,True
b027978,0.0,False,True
b027979,0.0,False,True
b027980,0.0,False,True
b027981,0.0,False,True
b027982,0.0,False,True
b027983,0.0,False,True
b027984,0.0,False,True
b027985,0.0,False,True
b027986,0.0,False,True
b027987,0.0,False,True
b027988,0.0,False,True
b027989,0.0,False,True
b027990,0.0,False,True
b027991,0.0,False,True
b027992,0.0,False,True
b027993,0.0,False,True
b027994,0.0,False,True
b027995,0.0,False,True
b027996,0.0,False,True
b027997,0.0,False,True
b027998,0.0,False,True
b027999,0.0,False,True
b028000,0.0,False,True
b028001,0.0,False,True
b028002,0.0,False,True
b028003,0.0,False,True
b028004,0.0,False,True
b028005,0.0,False,True
b028006,0.0,False,True
b028007,0.0,False,True
b028008,0.0,False,True
b028009,0.0,False,True
b028010,0.0,False,True
b028011,0.0,False,True
b028012,0.0,False,True
b028013,0.0,False,True
b028014,0.0,False,True
b028015,0.0,False,True
b028016,0.0,False,True
b028017,0.0,False,True
b028018,0.5911464691162109,True,True
b028019,0.0,False,True
b028020,0.0,False,True
b028021,0.0,False,True
b028022,0.0,False,True
b028023,0.0,False,True
b028024,0.0,False,True
b028025,0.0,False,True
b028026,0.0,False,True
b028027,0.0,False,True
b028028,0.0,False,True
b028029,0.0,False,True
b028030,0.0,False,True
b028031,0.0,False,True
b028032,0.0,False,True
b028033,0.0,False,True
b028034,0.0,False,True
b028035,0.0,False,True
b028036,0.0,False,True
b028037,0.0,False,True
b028038,0.0,False,True
b028039,0.0,False,True
b028040,0.0,False,True
b028041,0.0,False,True
b028042,0.0,False,True
b028043,0.0,False,True
b028044,0.0,False,True
b028045,0.0,False,True
b028046,0.0,False,True
b028047,0.0,False,True
b028048,0.0,False,True
b028049,0.0,False,True
b028050,0.0,False,True
b028051,0.0,False,True
b028052,0.0,False,True
b028053,0.0,False,True
b028054,0.0,False,True
b028055,0.0,False,True
b028056,0.0,False,True
b028057,0.0,False,True
b028058,0.0,False,True
b028059,0.0,False,True
b028060,0.0,False,True
b028061,0.0,False,True
b028062,0.10390542447566986,True,True
b028063,0.0,False,True
b028064,0.0,False,True
b028065,0.0,False,True
b028066,0.0,False,True
b028067,0.0,False,True
b028068,0.0,False,True
b028069,0.0,False,True
b028070,0.0,False,True
b028071,0.1441991925239563,True,True
b028072,0.0,False,True
b028073,0.0,False,True
b028074,0.0,False,True
b028075,0.0,False,True
b028076,0.0,False,True
b028077,0.0,False,True
b028078,0.0,False,True
b028079,0.0,False,True
b028080,0.0,False,True
b028081,0.0,False,True
b028082,0.0,False,True
b028083,0.0,False,True
b028084,0.0,False,True
b028085,0.0,False,True
b028086,0.12110860645771027,True,True
b028087,0.0,False,True
b028088,0.0,False,True
b028089,0.0,False,True
b028090,0.0,False,True
b028091,0.0,False,True
b028092,0.0,False,True
b028093,0.0,False,True
b028094,0.0,False,True
b028095,0.0,False,True
b028096,0.0,False,True
b028097,0.0,False,True
b028098,0.0,False,True
b028099,0.0,False,True
b028100,0.0,False,True
b028101,0.0,False,True
b028102,0.0,False,True
b028103,0.0,False,True
b028104,0.0,False,True
b028105,0.0,False,True
b028106,0.0,False,True
b028107,0.0,False,True
b028108,0.0,False,True
b028109,0.0,False,True
b028110,0.0,False,True
b028111,0.0,False,True
b028112,0.0,False,True
b028113,0.0,False,True
b028114,0.0,False,True
b028115,0.0,False,True
b028116,0.0,False,True
b028117,0.0,False,True
b028118,0.0,False,True
b028119,0.0,False,True
b028120,0.0,False,True
b028121,0.0,False,True
b028122,0.0,False,True
b028123,0.0,False,True
b028124,0.0,False,True
b028125,0.0,False,True
b028126,0.0,False,True
b028127,0.0,False,True
b028128,0.0,False,True
b028129,0.0,False,True
b028130,0.0,False,True
b028131,0.0,False,True
b028132,0.0,False,True
b028133,0.0,False,True
b028134,0.0,False,True
b028135,0.0,False,True
b028136,0.0,False,True
b028137,0.0,False,True
b028138,0.0,False,True
b028139,0.0,False,True
b028140,0.0,False,True
b028141,0.0,False,True
b028142,0.0,False,True
b028143,0.0,False,True
b028144,0.0,False,True
b028145,0.0,False,True
b028146,0.0,False,True
b028147,0.0,False,True
b028148,0.0,False,True
b028149,0.0,False,True
b028150,0.0,False,True
b028151,0.0,False,True
b028152,0.0,False,True
b028153,0.0,False,True
b028154,0.0,False,True
b028155,0.0,False,True
b028156,0.0,False,True
b028157,0.0,False,True
b028158,0.0,False,True
b028159,0.0,False,True
b028160,0.0,False,True
b028161,0.0,False,True
b028162,0.0,False,True
b028163,0.0,False,True
b028164,0.0,False,True
b028165,0.0,False,True
b028166,0.0,False,True
b028167,0.0,False,True
b028168,0.0,False,True
b028169,0.0,False,True
b028170,0.0,False,True
b028171,0.0,False,True
b028172,0.0,False,True
b028173,0.0,False,True
b028174,0.0,False,True
b028175,0.0,False,True
b028176,0.0,False,True
b028177,0.0,False,True
b028178,0.0,False,True
b028179,0.0,False,True
b028180,0.0,False,True
b028181,0.0,False,True
b028182,0.0,False,True
b028183,0.0,False,True
b028184,0.0,False,True
b028185,0.0,False,True
b028186,0.0,False,True
b028187,0.0,False,True
b028188,0.0,False,True
b028189,0.0,False,True
b028190,0.0,False,True
b028191,0.0,False,True
b028192,0.0,False,True
b028193,0.0,False,True
b028194,0.0,False,True
b028195,0.0,False,True
b028196,0.0,False,True
b028197,0.0,False,True
b028198,0.0,False,True
b028199,0.0,False,True
b028200,0.0,False,True
b028201,0.0,False,True
b028202,0.0,False,True
b028203,0.0,False,True
b028204,0.0,False,True
b028205,0.0,False,True
b028206,0.0,False,True
b028207,0.0,False,True
b028208,0.0,False,True
b028209,0.0,False,True
b028210,0.0,False,True
b028211,0.0,False,True
b028212,0.0,False,True
b028213,0.0,False,True
b028214,0.0,False,True
b028215,0.0,False,True
b028216,0.0,False,True
b028217,0.0,False,True
b028218,0.0,False,True
b028219,0.0,False,True
b028220,0.0,False,True
b028221,0.0,False,True
b028222,0.0,False,True
b028223,0.0,False,True
b028224,0.0,False,True
b028225,0.11578944325447083,True,True
b028226,0.0,False,True
b028227,0.0,False,True
b028228,0.0,False,True
b028229,0.0,False,True
b028230,0.0,False,True
b028231,0.0,False,True
b028232,0.0,False,True
b028233,0.0,False,True
b028234,0.0,False,True
b028235,0.0,False,True
b028236,0.0,False,True
b028237,0.0,False,True
b028238,0.0,False,True
b028239,0.0,False,True
b028240,0.0,False,True
b028241,0.0,False,True
b028242,0.0,False,True
b028243,0.0,False,True
b028244,0.0,False,True
b028245,0.0,False,True
b028246,0.0,False,True
b028247,0.0,False,True
b028248,0.0,False,True
b028249,0.0,False,True
b028250,0.0,False,True
b028251,0.0,False,True
b028252,0.0,False,True
b028253,0.0,False,True
b028254,0.0,False,True
b028255,0.0,False,True
b028256,0.0,False,True
b028257,0.0,False,True
b028258,0.0,False,True
b028259,0.0,False,True
b028260,0.0,False,True
b028261,0.0,False,True
b028262,0.0,False,True
b028263,0.0,False,True
b028264,0.0,False,True
b028265,0.0,False,True
b028266,0.0,False,True
b028267,0.0,False,True
b028268,0.0,False,True
b028269,0.0,False,True
b028270,0.0,False,True
b028271,0.0,False,True
b028272,0.0,False,True
b028273,0.0,False,True
b028274,0.0,False,True
b028275,0.44681668281555176,True,True
b028276,0.0,False,True
b028277,0.0,False,True
b028278,0.0,False,True
b028279,0.0,False,True
b028280,0.0,False,True
b028281,0.0,False,True
b028282,0.0,False,True
b028283,0.0,False,True
b028284,0.0,False,True
b028285,0.0,False,True
b028286,0.0,False,True
b028287,0.0,False,True
b028288,0.0,False,True
b028289,0.0,False,True
b028290,0.0,False,True
b028291,0.0,False,True
b028292,0.0,False,True
b028293,0.0,False,True
b028294,0.0,False,True
b028295,0.0,False,True
b028296,0.0,False,True
b028297,0.0,False,True
b028298,0.0,False,True
b028299,0.0,False,True
b028300,0.0,False,True
b028301,0.0,False,True
b028302,0.0,False,True
b028303,0.0,False,True
b028304,0.0,False,True
b028305,0.0,False,True
b028306,0.0,False,True
b028307,0.0,False,True
b028308,0.0,False,True
b028309,0.0,False,True
b028310,0.0,False,True
b028311,0.0,False,True
b028312,0.0,False,True
b028313,0.0,False,True
b028314,0.0,False,True
b028315,0.0,False,True
b028316,0.0,False,True
b028317,0.0,False,True
b028318,0.0,False,True
b028319,0.0,False,True
b028320,0.0,False,True
b028321,0.0,False,True
b028322,0.0,False,True
b028323,0.0,False,True
b028324,0.0,False,True
b028325,0.0,False,True
b028326,0.0,False,True
b028327,0.0,False,True
b028328,0.0,False,True
b028329,0.0,False,True
b028330,0.0,False,True
b028331,0.0,False,True
b028332,0.0,False,True
b028333,0.0,False,True
b028334,0.0,False,True
b028335,0.0,False,True
b028336,0.0,False,True
b028337,0.0,False,True
b028338,0.0,False,True
b028339,0.0,False,True
b028340,0.0,False,True
b028341,0.0,False,True
b028342,0.0,False,True
b028343,0.0,False,True
b028344,0.0,False,True
b028345,0.0,False,True
b028346,0.0,False,True
b028347,0.0,False,True
b028348,0.0,False,True
b028349,0.0,False,True
b028350,0.0,False,True
b028351,0.0,False,True
b028352,0.0,False,True
b028353,0.0,False,True
b028354,0.0,False,True
b028355,0.0,False,True
b028356,0.0,False,True
b028357,0.0,False,True
b028358,0.0,False,True
b028359,0.0,False,True
b028360,0.0,False,True
b028361,0.0,False,True
b028362,0.0,False,True
b028363,0.0,False,True
b028364,0.0,False,True
b028365,0.0,False,True
b028366,0.0,False,True
b028367,0.0,False,True
b028368,0.0,False,True
b028369,0.0,False,True
b028370,0.0,False,True
b028371,0.0,False,True
b028372,0.0,False,True
b028373,0.0,False,True
b028374,0.0,False,True
b028375,0.0,False,True
b028376,0.0,False,True
b028377,0.0,False,True
b028378,0.0,False,True
b028379,0.0,False,True
b028380,0.0,False,True
b028381,0.0,False,True
b028382,0.0,False,True
b028383,0.0,False,True
b028384,0.0,False,True
b028385,0.0,False,True
b028386,0.0,False,True
b028387,0.0,False,True
b028388,0.0,False,True
b028389,0.0,False,True
b028390,0.0,False,True
b028391,0.0,False,True
b028392,0.0,False,True
b028393,0.0,False,True
b028394,0.0,False,True
b028395,0.0,False,True
b028396,0.0,False,True
b028397,0.0,False,True
b028398,0.0,False,True
b028399,0.0,False,True
b028400,0.0,False,True
b028401,0.0,False,True
b028402,0.0,False,True
b028403,0.0,False,True
b028404,0.0,False,True
b028405,0.0,False,True
b028406,0.0,False,True
b028407,0.0,False,True
b028408,0.0,False,True
b028409,0.0,False,True
b028410,0.0,False,True
b028411,0.0,False,True
b028412,0.0,False,True
b028413,0.0,False,True
b028414,0.0,False,True
b028415,0.0,False,True
b028416,0.0,False,True
b028417,0.0,False,True
b028418,0.0,False,True
b028419,0.0,False,True
b028420,0.0,False,True
b028421,0.0,False,True
b028422,0.0,False,True
b028423,0.0,False,True
b028424,0.0,False,True
b028425,0.0,False,True
b028426,0.0,False,True
b028427,0.0,False,True
b028428,0.0,False,True
b028429,0.0,False,True
b028430,0.0,False,True
b028431,0.0,False,True
b028432,0.0,False,True
b028433,0.0,False,True
b028434,0.0,False,True
b028435,0.0,False,True
b028436,0.0,False,True
b028437,0.0,False,True
b028438,0.0,False,True
b028439,0.0,False,True
b028440,0.0,False,True
b028441,0.0,False,True
b028442,0.0,False,True
b028443,0.0,False,True
b028444,0.0,False,True
b028445,0.0,False,True
b028446,0.0,False,True
b028447,0.0,False,True
b028448,0.0,False,True
b028449,0.0,False,True
b028450,0.0,False,True
b028451,0.0,False,True
b028452,0.0,False,True
b028453,0.0,False,True
b028454,0.0,False,True
b028455,0.0,False,True
b028456,0.0,False,True
b028457,0.0,False,True
b028458,0.0,False,True
b028459,0.0,False,True
b028460,0.0,False,True
b028461,0.0,False,True
b028462,0.0,False,True
b028463,0.0,False,True
b028464,0.0,False,True
b028465,0.0,False,True
b028466,0.0,False,True
b028467,0.0,False,True
b028468,0.0,False,True
b028469,0.0,False,True
b028470,0.0,False,True
b028471,0.0,False,True
b028472,0.0,False,True
b028473,0.0,False,True
b028474,0.0,False,True
b028475,0.0,False,True
b028476,0.0,False,True
b028477,0.0,False,True
b028478,0.0,False,True
b028479,0.0,False,True
b028480,0.0,False,True
b028481,0.0,False,True
b028482,0.0,False,True
b028483,0.0,False,True
b028484,0.0,False,True
b028485,0.0,False,True
b028486,0.0,False,True
b028487,0.0,False,True
b028488,0.0,False,True
b028489,0.0,False,True
b028490,0.0,False,True
b028491,0.0,False,True
b028492,0.0,False,True
b028493,0.0,False,True
b028494,0.0,False,True
b028495,0.28512948751449585,True,True
b028496,0.0,False,True
b028497,0.0,False,True
b028498,0.0,False,True
b028499,0.0,False,True
b028500,0.0,False,True
b028501,0.0,False,True
b028502,0.0,False,True
b028503,0.0,False,True
b028504,0.0,False,True
b028505,0.0,False,True
b028506,0.0,False,True
b028507,0.0,False,True
b028508,0.0,False,True
b028509,0.0,False,True
b028510,0.0,False,True
b028511,0.0,False,True
b028512,0.0,False,True
b028513,0.0,False,True
b028514,0.0,False,True
b028515,0.0,False,True
b028516,0.0,False,True
b028517,0.0,False,True
b028518,0.0,False,True
b028519,0.0,False,True
b028520,0.0,False,True
b028521,0.0,False,True
b028522,0.0,False,True
b028523,0.0,False,True
b028524,0.0,False,True
b028525,0.0,False,True
b028526,0.0,False,True
b028527,0.0,False,True
b028528,0.0,False,True
b028529,0.0,False,True
b028530,0.0,False,True
b028531,0.0,False,True
b028532,0.0,False,True
b028533,0.0,False,True
b028534,0.0,False,True
b028535,0.0,False,True
b028536,0.0,False,True
b028537,0.0,False,True
b028538,0.0,False,True
b028539,0.0,False,True
b028540,0.0,False,True
b028541,0.0,False,True
b028542,0.0,False,True
b028543,0.0,False,True
b028544,0.0,False,True
b028545,0.0,False,True
b028546,0.0,False,True
b028547,0.0,False,True
b028548,0.0,False,True
b028549,0.0,False,True
b028550,0.0,False,True
b028551,0.0,False,True
b028552,0.0,False,True
b028553,0.0,False,True
b028554,0.0,False,True
b028555,0.0,False,True
b028556,0.0,False,True
b028557,0.0,False,True
b028558,0.0,False,True
b028559,0.0,False,True
b028560,0.0,False,True
b028561,0.0,False,True
b028562,0.0,False,True
b028563,0.0,False,True
b028564,0.0,False,True
b028565,0.0,False,True
b028566,0.0,False,True
b028567,0.0,False,True
b028568,0.0,False,True
b028569,0.0,False,True
b028570,0.0,False,True
b028571,0.17695489525794983,True,True
b028572,0.0,False,True
b028573,0.0,False,True
b028574,0.0,False,True
b028575,0.0,False,True
b028576,0.0,False,True
b028577,0.0,False,True
b028578,0.0,False,True
b028579,0.0,False,True
b028580,0.0,False,True
b028581,0.0,False,True
b028582,0.0,False,True
b028583,0.0,False,True
b028584,0.0,False,True
b028585,0.1350821554660797,True,True
b028586,0.0,False,True
b028587,0.0,False,True
b028588,0.0,False,True
b028589,0.0,False,True
b028590,0.0,False,True
b028591,0.0,False,True
b028592,0.0,False,True
b028593,0.0,False,True
b028594,0.0,False,True
b028595,0.0,False,True
b028596,0.0,False,True
b028597,0.0,False,True
b028598,0.0,False,True
b028599,0.0,False,True
b028600,0.0,False,True
b028601,0.0,False,True
b028602,0.0,False,True
b028603,0.0,False,True
b028604,0.0,False,True
b028605,0.0,False,True
b028606,0.17401976883411407,True,True
b028607,0.0,False,True
b028608,0.0,False,True
b028609,0.0,False,True
b028610,0.0,False,True
b028611,0.0,False,True
b028612,0.0,False,True
b028613,0.0,False,True
b028614,0.0,False,True
b028615,0.0,False,True
b028616,0.0,False,True
b028617,0.0,False,True
b028618,0.0,False,True
b028619,0.0,False,True
b028620,0.0,False,True
b028621,0.0,False,True
b028622,0.0,False,True
b028623,0.0,False,True
b028624,0.0,False,True
b028625,0.0,False,True
b028626,0.0,False,True
b028627,0.0,False,True
b028628,0.0,False,True
b028629,0.0,False,True
b028630,0.0,False,True
b028631,0.0,False,True
b028632,0.0,False,True
b028633,0.0,False,True
b028634,0.0,False,True
b028635,0.0,False,True
b028636,0.0,False,True
b028637,0.0,False,True
b028638,0.0,False,True
b028639,0.0,False,True
b028640,0.0,False,True
b028641,0.0,False,True
b028642,0.0,False,True
b028643,0.0,False,True
b028644,0.0,False,True
b028645,0.0,False,True
b028646,0.0,False,True
b028647,0.13105203211307526,True,True
b028648,0.0,False,True
b028649,0.0,False,True
b028650,0.10600311309099197,True,True
b028651,0.0,False,True
b028652,0.0,False,True
b028653,0.0,False,True
b028654,0.0,False,True
b028655,0.0,False,True
b028656,0.0,False,True
b028657,0.0,False,True
b028658,0.0,False,True
b028659,0.0,False,True
b028660,0.0,False,True
b028661,0.0,False,True
b028662,0.0,False,True
b028663,0.0,False,True
b028664,0.0,False,True
b028665,0.0,False,True
b028666,0.0,False,True
b028667,0.0,False,True
b028668,0.0,False,True
b028669,0.0,False,True
b028670,0.0,False,True
b028671,0.0,False,True
b028672,0.0,False,True
b028673,0.0,False,True
b028674,0.0,False,True
b028675,0.0,False,True
b028676,0.0,False,True
b028677,0.11202434450387955,True,True
b028678,0.0,False,True
b028679,0.0,False,True
b028680,0.30253273248672485,True,True
b028681,0.0,False,True
b028682,0.0,False,True
b028683,0.0,False,True
b028684,0.0,False,True
b028685,0.11096087098121643,True,True
b028686,0.0,False,True
b028687,0.0,False,True
b028688,0.0,False,True
b028689,0.0,False,True
b028690,0.0,False,True
b028691,0.0,False,True
b028692,0.0,False,True
b028693,0.0,False,True
b028694,0.0,False,True
b028695,0.0,False,True
b028696,0.0,False,True
b028697,0.0,False,True
b028698,0.0,False,True
b028699,0.0,False,True
b028700,0.0,False,True
b028701,0.0,False,True
b028702,0.0,False,True
b028703,0.0,False,True
b028704,0.0,False,True
b028705,0.0,False,True
b028706,0.0,False,True
b028707,0.0,False,True
b028708,0.0,False,True
b028709,0.0,False,True
b028710,0.0,False,True
b028711,0.0,False,True
b028712,0.0,False,True
b028713,0.0,False,True
b028714,0.0,False,True
b028715,0.0,False,True
b028716,0.0,False,True
b028717,0.0,False,True
b028718,0.0,False,True
b028719,0.0,False,True
b028720,0.0,False,True
b028721,0.0,False,True
b028722,0.0,False,True
b028723,0.0,False,True
b028724,0.0,False,True
b028725,0.0,False,True
b028726,0.0,False,True
b028727,0.0,False,True
b028728,0.0,False,True
b028729,0.0,False,True
b028730,0.0,False,True
b028731,0.0,False,True
b028732,0.0,False,True
b028733,0.0,False,True
b028734,0.0,False,True
b028735,0.0,False,True
b028736,0.0,False,True
b028737,0.0,False,True
b028738,0.0,False,True
b028739,0.0,False,True
b028740,0.0,False,True
b028741,0.0,False,True
b028742,0.0,False,True
b028743,0.0,False,True
b028744,0.0,False,True
b028745,0.0,False,True
b028746,0.0,False,True
b028747,0.0,False,True
b028748,0.0,False,True
b028749,0.0,False,True
b028750,0.0,False,True
b028751,0.0,False,True
b028752,0.0,False,True
b028753,0.0,False,True
b028754,0.11285616457462311,True,True
b028755,0.0,False,True
b028756,0.0,False,True
b028757,0.0,False,True
b028758,0.0,False,True
b028759,0.0,False,True
b028760,0.0,False,True
b028761,0.0,False,True
b028762,0.0,False,True
b028763,0.0,False,True
b028764,0.0,False,True
b028765,0.0,False,True
b028766,0.0,False,True
b028767,0.0,False,True
b028768,0.0,False,True
b028769,0.0,False,True
b028770,0.0,False,True
b028771,0.0,False,True
b028772,0.0,False,True
b028773,0.0,False,True
b028774,0.0,False,True
b028775,0.0,False,True
b028776,0.0,False,True
b028777,0.0,False,True
b028778,0.0,False,True
b028779,0.0,False,True
b028780,0.0,False,True
b028781,0.0,False,True
b028782,0.0,False,True
b028783,0.0,False,True
b028784,0.0,False,True
b028785,0.0,False,True
b028786,0.0,False,True
b028787,0.0,False,True
b028788,0.0,False,True
b028789,0.0,False,True
b028790,0.0,False,True
b028791,0.0,False,True
b028792,0.0,False,True
b028793,0.0,False,True
b028794,0.0,False,True
b028795,0.0,False,True
b028796,0.0,False,True
b028797,0.0,False,True
b028798,0.0,False,True
b028799,0.0,False,True
b028800,0.0,False,True
b028801,0.0,False,True
b028802,0.0,False,True
b028803,0.0,False,True
b028804,0.0,False,True
b028805,0.0,False,True
b028806,0.0,False,True
b028807,0.0,False,True
b028808,0.0,False,True
b028809,0.0,False,True
b028810,0.0,False,True
b028811,0.0,False,True
b028812,0.0,False,True
b028813,0.0,False,True
b028814,0.0,False,True
b028815,0.0,False,True
b028816,0.0,False,True
b028817,0.0,False,True
b028818,0.0,False,True
b028819,0.0,False,True
b028820,0.0,False,True
b028821,0.0,False,True
b028822,0.0,False,True
b028823,0.0,False,True
b028824,0.0,False,True
b028825,0.0,False,True
b028826,0.0,False,True
b028827,0.0,False,True
b028828,0.0,False,True
b028829,0.0,False,True
b028830,0.0,False,True
b028831,0.0,False,True
b028832,0.0,False,True
b028833,0.0,False,True
b028834,0.0,False,True
b028835,0.0,False,True
b028836,0.0,False,True
b028837,0.0,False,True
b028838,0.0,False,True
b028839,0.0,False,True
b028840,0.0,False,True
b028841,0.0,False,True
b028842,0.0,False,True
b028843,0.0,False,True
b028844,0.0,False,True
b028845,0.0,False,True
b028846,0.0,False,True
b028847,0.0,False,True
b028848,0.0,False,True
b028849,0.0,False,True
b028850,0.0,False,True
b028851,0.0,False,True
b028852,0.0,False,True
b028853,0.0,False,True
b028854,0.0,False,True
b028855,0.0,False,True
b028856,0.0,False,True
b028857,0.0,False,True
b028858,0.0,False,True
b028859,0.0,False,True
b028860,0.0,False,True
b028861,0.0,False,True
b028862,0.0,False,True
b028863,0.0,False,True
b028864,0.0,False,True
b028865,0.0,False,True
b028866,0.0,False,True
b028867,0.0,False,True
b028868,0.0,False,True
b028869,0.0,False,True
b028870,0.0,False,True
b028871,0.0,False,True
b028872,0.0,False,True
b028873,0.0,False,True
b028874,0.39255693554878235,True,True
b028875,0.0,False,True
b028876,0.0,False,True
b028877,0.0,False,True
b028878,0.0,False,True
b028879,0.0,False,True
b028880,0.0,False,True
b028881,0.0,False,True
b028882,0.0,False,True
b028883,0.0,False,True
b028884,0.0,False,True
b028885,0.0,False,True
b028886,0.0,False,True
b028887,0.0,False,True
b028888,0.0,False,True
b028889,0.0,False,True
b028890,0.0,False,True
b028891,0.0,False,True
b028892,0.0,False,True
b028893,0.0,False,True
b028894,0.0,False,True
b028895,0.0,False,True
b028896,0.0,False,True
b028897,0.0,False,True
b028898,0.0,False,True
b028899,0.0,False,True
b028900,0.0,False,True
b028901,0.0,False,True
b028902,0.0,False,True
b028903,0.0,False,True
b028904,0.0,False,True
b028905,0.0,False,True
b028906,0.0,False,True
b028907,0.0,False,True
b028908,0.0,False,True
b028909,0.0,False,True
b028910,0.0,False,True
b028911,0.0,False,True
b028912,0.0,False,True
b028913,0.0,False,True
b028914,0.0,False,True
b028915,0.0,False,True
b028916,0.0,False,True
b028917,0.0,False,True
b028918,0.0,False,True
b028919,0.0,False,True
b028920,0.0,False,True
b028921,0.0,False,True
b028922,0.0,False,True
b028923,0.0,False,True
b028924,0.0,False,True
b028925,0.0,False,True
b028926,0.0,False,True
b028927,0.0,False,True
b028928,0.0,False,True
b028929,0.0,False,True
b028930,0.0,False,True
b028931,0.0,False,True
b028932,0.0,False,True
b028933,0.0,False,True
b028934,0.0,False,True
b028935,0.0,False,True
b028936,0.0,False,True
b028937,0.0,False,True
b028938,0.0,False,True
b028939,0.0,False,True
b028940,0.0,False,True
b028941,0.0,False,True
b028942,0.0,False,True
b028943,0.0,False,True
b028944,0.0,False,True
b028945,0.0,False,True
b028946,0.0,False,True
b028947,0.0,False,True
b028948,0.0,False,True
b028949,0.0,False,True
b028950,0.0,False,True
b028951,0.0,False,True
b028952,0.200658917427063,True,True
b028953,0.0,False,True
b028954,0.0,False,True
b028955,0.0,False,True
b028956,0.0,False,True
b028957,0.0,False,True
b028958,0.0,False,True
b028959,0.0,False,True
b028960,0.0,False,True
b028961,0.0,False,True
b028962,0.0,False,True
b028963,0.0,False,True
b028964,0.0,False,True
b028965,0.0,False,True
b028966,0.0,False,True
b028967,0.0,False,True
b028968,0.0,False,True
b028969,0.0,False,True
b028970,0.0,False,True
b028971,0.0,False,True
b028972,0.0,False,True
b028973,0.0,False,True
b028974,0.0,False,True
b028975,0.0,False,True
b028976,0.0,False,True
b028977,0.0,False,True
b028978,0.0,False,True
b028979,0.0,False,True
b028980,0.0,False,True
b028981,0.0,False,True
b028982,0.0,False,True
b028983,0.0,False,True
b028984,0.0,False,True
b028985,0.0,False,True
b028986,0.0,False,True
b028987,0.0,False,True
b028988,0.0,False,True
b028989,0.0,False,True
b028990,0.0,False,True
b028991,0.0,False,True
b028992,0.0,False,True
b028993,0.0,False,True
b028994,0.0,False,True
b028995,0.16322161257266998,True,True
b028996,0.0,False,True
b028997,0.0,False,True
b028998,0.0,False,True
b028999,0.0,False,True
b029000,0.0,False,True
b029001,0.0,False,True
b029002,0.0,False,True
b029003,0.0,False,True
b029004,0.0,False,True
b029005,0.0,False,True
b029006,0.0,False,True
b029007,0.0,False,True
b029008,0.0,False,True
b029009,0.0,False,True
b029010,0.0,False,True
b029011,0.0,False,True
b029012,0.0,False,True
b029013,0.0,False,True
b029014,0.0,False,True
b029015,0.0,False,True
b029016,0.0,False,True
b029017,0.0,False,True
b029018,0.0,False,True
b029019,0.0,False,True
b029020,0.0,False,True
b029021,0.0,False,True
b029022,0.0,False,True
b029023,0.0,False,True
b029024,0.0,False,True
b029025,0.0,False,True
b029026,0.0,False,True
b029027,0.0,False,True
b029028,0.0,False,True
b029029,0.0,False,True
b029030,0.0,False,True
b029031,0.0,False,True
b029032,0.0,False,True
b029033,0.0,False,True
b029034,0.0,False,True
b029035,0.0,False,True
b029036,0.0,False,True
b029037,0.0,False,True
b029038,0.0,False,True
b029039,0.0,False,True
b029040,0.0,False,True
b029041,0.0,False,True
b029042,0.0,False,True
b029043,0.0,False,True
b029044,0.0,False,True
b029045,0.0,False,True
b029046,0.0,False,True
b029047,0.0,False,True
b029048,0.0,False,True
b029049,0.0,False,True
b029050,0.0,False,True
b029051,0.0,False,True
b029052,0.0,False,True
b029053,0.0,False,True
b029054,0.0,False,True
b029055,0.0,False,True
b029056,0.0,False,True
b029057,0.0,False,True
b029058,0.0,False,True
b029059,0.0,False,True
b029060,0.0,False,True
b029061,0.0,False,True
b029062,0.0,False,True
b029063,0.0,False,True
b029064,0.0,False,True
b029065,0.0,False,True
b029066,0.0,False,True
b029067,0.12743163108825684,True,True
b029068,0.0,False,True
b029069,0.0,False,True
b029070,0.0,False,True
b029071,0.0,False,True
b029072,0.0,False,True
b029073,0.0,False,True
b029074,0.0,False,True
b029075,0.0,False,True
b029076,0.0,False,True
b029077,0.0,False,True
b029078,0.0,False,True
b029079,0.0,False,True
b029080,0.0,False,True
b029081,0.0,False,True
b029082,0.0,False,True
b029083,0.0,False,True
b029084,0.0,False,True
b029085,0.0,False,True
b029086,0.0,False,True
b029087,0.0,False,True
b029088,0.0,False,True
b029089,0.0,False,True
b029090,0.0,False,True
b029091,0.0,False,True
b029092,0.0,False,True
b029093,0.0,False,True
b029094,0.0,False,True
b029095,0.0,False,True
b029096,0.0,False,True
b029097,0.0,False,True
b029098,0.0,False,True
b029099,0.0,False,True
b029100,0.0,False,True
b029101,0.0,False,True
b029102,0.0,False,True
b029103,0.0,False,True
b029104,0.0,False,True
b029105,0.0,False,True
b029106,0.0,False,True
b029107,0.0,False,True
b029108,0.0,False,True
b029109,0.0,False,True
b029110,0.16343624889850616,True,True
b029111,0.0,False,True
b029112,0.0,False,True
b029113,0.0,False,True
b029114,0.0,False,True
b029115,0.0,False,True
b029116,0.0,False,True
b029117,0.0,False,True
b029118,0.0,False,True
b029119,0.0,False,True
b029120,0.0,False,True
b029121,0.0,False,True
b029122,0.0,False,True
b029123,0.0,False,True
b029124,0.0,False,True
b029125,0.0,False,True
b029126,0.0,False,True
b029127,0.0,False,True
b029128,0.0,False,True
b029129,0.0,False,True
b029130,0.0,False,True
b029131,0.0,False,True
b029132,0.0,False,True
b029133,0.0,False,True
b029134,0.0,False,True
b029135,0.0,False,True
b029136,0.0,False,True
b029137,0.0,False,True
b029138,0.0,False,True
b029139,0.0,False,True
b029140,0.0,False,True
b029141,0.0,False,True
b029142,0.0,False,True
b029143,0.0,False,True
b029144,0.0,False,True
b029145,0.0,False,True
b029146,0.0,False,True
b029147,0.0,False,True
b029148,0.0,False,True
b029149,0.0,False,True
b029150,0.0,False,True
b029151,0.0,False,True
b029152,0.0,False,True
b029153,0.0,False,True
b029154,0.0,False,True
b029155,0.0,False,True
b029156,0.0,False,True
b029157,0.0,False,True
b029158,0.5473166108131409,True,True
b029159,0.0,False,True
b029160,0.0,False,True
b029161,0.0,False,True
b029162,0.0,False,True
b029163,0.0,False,True
b029164,0.154155895113945,True,True
b029165,0.0,False,True
b029166,0.0,False,True
b029167,0.0,False,True
b029168,0.0,False,True
b029169,0.0,False,True
b029170,0.0,False,True
b029171,0.0,False,True
b029172,0.0,False,True
b029173,0.0,False,True
b029174,0.0,False,True
b029175,0.0,False,True
b029176,0.0,False,True
b029177,0.0,False,True
b029178,0.0,False,True
b029179,0.0,False,True
b029180,0.0,False,True
b029181,0.0,False,True
b029182,0.0,False,True
b029183,0.0,False,True
b029184,0.0,False,True
b029185,0.10382748395204544,True,True
b029186,0.0,False,True
b029187,0.22709274291992188,True,True
b029188,0.0,False,True
b029189,0.0,False,True
b029190,0.0,False,True
b029191,0.0,False,True
b029192,0.0,False,True
b029193,0.0,False,True
b029194,0.0,False,True
b029195,0.0,False,True
b029196,0.1342308074235916,True,True
b029197,0.0,False,True
b029198,0.0,False,True
b029199,0.0,False,True
b029200,0.0,False,True
b029201,0.0,False,True
b029202,0.0,False,True
b029203,0.0,False,True
b029204,0.0,False,True
b029205,0.0,False,True
b029206,0.0,False,True
b029207,0.0,False,True
b029208,0.0,False,True
b029209,0.0,False,True
b029210,0.0,False,True
b029211,0.0,False,True
b029212,0.0,False,True
b029213,0.0,False,True
b029214,0.0,False,True
b029215,0.0,False,True
b029216,0.0,False,True
b029217,0.0,False,True
b029218,0.0,False,True
b029219,0.0,False,True
b029220,0.0,False,True
b029221,0.0,False,True
b029222,0.0,False,True
b029223,0.0,False,True
b029224,0.0,False,True
b029225,0.0,False,True
b029226,0.0,False,True
b029227,0.0,False,True
b029228,0.0,False,True
b029229,0.0,False,True
b029230,0.0,False,True
b029231,0.0,False,True
b029232,0.0,False,True
b029233,0.0,False,True
b029234,0.0,False,True
b029235,0.0,False,True
b029236,0.0,False,True
b029237,0.0,False,True
b029238,0.0,False,True
b029239,0.0,False,True
b029240,0.0,False,True
b029241,0.0,False,True
b029242,0.0,False,True
b029243,0.0,False,True
b029244,0.0,False,True
b029245,0.0,False,True
b029246,0.0,False,True
b029247,0.0,False,True
b029248,0.0,False,True
b029249,0.0,False,True
b029250,0.0,False,True
b029251,0.0,False,True
b029252,0.0,False,True
b029253,0.0,False,True
b029254,0.0,False,True
b029255,0.0,False,True
b029256,0.0,False,True
b029257,0.0,False,True
b029258,0.0,False,True
b029259,0.0,False,True
b029260,0.0,False,True
b029261,0.0,False,True
b029262,0.0,False,True
b029263,0.0,False,True
b029264,0.0,False,True
b029265,0.0,False,True
b029266,0.0,False,True
b029267,0.0,False,True
b029268,0.0,False,True
b029269,0.0,False,True
b029270,0.0,False,True
b029271,0.0,False,True
b029272,0.7086084485054016,True,True
b029273,0.0,False,True
b029274,0.0,False,True
b029275,0.0,False,True
b029276,0.0,False,True
b029277,0.0,False,True
b029278,0.0,False,True
b029279,0.0,False,True
b029280,0.0,False,True
b029281,0.0,False,True
b029282,0.0,False,True
b029283,0.0,False,True
b029284,0.0,False,True
b029285,0.0,False,True
b029286,0.0,False,True
b029287,0.0,False,True
b029288,0.0,False,True
b029289,0.0,False,True
b029290,0.0,False,True
b029291,0.0,False,True
b029292,0.0,False,True
b029293,0.0,False,True
b029294,0.0,False,True
b029295,0.0,False,True
b029296,0.0,False,True
b029297,0.0,False,True
b029298,0.0,False,True
b029299,0.0,False,True
b029300,0.0,False,True
b029301,0.0,False,True
b029302,0.0,False,True
b029303,0.0,False,True
b029304,0.0,False,True
b029305,0.0,False,True
b029306,0.0,False,True
b029307,0.0,False,True
b029308,0.0,False,True
b029309,0.0,False,True
b029310,0.0,False,True
b029311,0.0,False,True
b029312,0.0,False,True
b029313,0.0,False,True
b029314,0.0,False,True
b029315,0.0,False,True
b029316,0.0,False,True
b029317,0.0,False,True
b029318,0.0,False,True
b029319,0.0,False,True
b029320,0.0,False,True
b029321,0.0,False,True
b029322,0.0,False,True
b029323,0.0,False,True
b029324,0.0,False,True
b029325,0.0,False,True
b029326,0.0,False,True
b029327,0.0,False,True
b029328,0.0,False,True
b029329,0.0,False,True
b029330,0.0,False,True
b029331,0.0,False,True
b029332,0.0,False,True
b029333,0.0,False,True
b029334,0.0,False,True
b029335,0.0,False,True
b029336,0.0,False,True
b029337,0.0,False,True
b029338,0.0,False,True
b029339,0.0,False,True
b029340,0.0,False,True
b029341,0.0,False,True
b029342,0.0,False,True
b029343,0.0,False,True
b029344,0.0,False,True
b029345,0.0,False,True
b029346,0.0,False,True
b029347,0.0,False,True
b029348,0.0,False,True
b029349,0.0,False,True
b029350,0.0,False,True
b029351,0.0,False,True
b029352,0.0,False,True
b029353,0.0,False,True
b029354,0.0,False,True
b029355,0.0,False,True
b029356,0.0,False,True
b029357,0.0,False,True
b029358,0.0,False,True
b029359,0.0,False,True
b029360,0.0,False,True
b029361,0.0,False,True
b029362,0.16476482152938843,True,True
b029363,0.0,False,True
b029364,0.0,False,True
b029365,0.0,False,True
b029366,0.0,False,True
b029367,0.0,False,True
b029368,0.0,False,True
b029369,0.0,False,True
b029370,0.0,False,True
b029371,0.0,False,True
b029372,0.0,False,True
b029373,0.0,False,True
b029374,0.0,False,True
b029375,0.0,False,True
b029376,0.0,False,True
b029377,0.0,False,True
b029378,0.0,False,True
b029379,0.0,False,True
b029380,0.0,False,True
b029381,0.0,False,True
b029382,0.0,False,True
b029383,0.0,False,True
b029384,0.0,False,True
b029385,0.0,False,True
b029386,0.0,False,True
b029387,0.0,False,True
b029388,0.0,False,True
b029389,0.0,False,True
b029390,0.0,False,True
b029391,0.0,False,True
b029392,0.0,False,True
b029393,0.0,False,True
b029394,0.0,False,True
b029395,0.0,False,True
b029396,0.0,False,True
b029397,0.0,False,True
b029398,0.0,False,True
b029399,0.0,False,True
b029400,0.37674403190612793,True,True
b029401,0.0,False,True
b029402,0.0,False,True
b029403,0.0,False,True
b029404,0.0,False,True
b029405,0.0,False,True
b029406,0.0,False,True
b029407,0.0,False,True
b029408,0.0,False,True
b029409,0.0,False,True
b029410,0.0,False,True
b029411,0.0,False,True
b029412,0.0,False,True
b029413,0.0,False,True
b029414,0.0,False,True
b029415,0.0,False,True
b029416,0.0,False,True
b029417,0.0,False,True
b029418,0.0,False,True
b029419,0.2239154726266861,True,True
b029420,0.0,False,True
b029421,0.0,False,True
b029422,0.0,False,True
b029423,0.0,False,True
b029424,0.0,False,True
b029425,0.0,False,True
b029426,0.0,False,True
b029427,0.0,False,True
b029428,0.0,False,True
b029429,0.0,False,True
b029430,0.0,False,True
b029431,0.0,False,True
b029432,0.0,False,True
b029433,0.0,False,True
b029434,0.0,False,True
b029435,0.0,False,True
b029436,0.0,False,True
b029437,0.0,False,True
b029438,0.0,False,True
b029439,0.0,False,True
b029440,0.12861205637454987,True,True
b029441,0.0,False,True
b029442,0.0,False,True
b029443,0.0,False,True
b029444,0.0,False,True
b029445,0.0,False,True
b029446,0.0,False,True
b029447,0.0,False,True
b029448,0.0,False,True
b029449,0.0,False,True
b029450,0.0,False,True
b029451,0.0,False,True
b029452,0.0,False,True
b029453,0.0,False,True
b029454,0.0,False,True
b029455,0.0,False,True
b029456,0.0,False,True
b029457,0.0,False,True
b029458,0.0,False,True
b029459,0.0,False,True
b029460,0.0,False,True
b029461,0.0,False,True
b029462,0.0,False,True
b029463,0.0,False,True
b029464,0.0,False,True
b029465,0.0,False,True
b029466,0.0,False,True
b029467,0.0,False,True
b029468,0.0,False,True
b029469,0.0,False,True
b029470,0.0,False,True
b029471,0.0,False,True
b029472,0.0,False,True
b029473,0.0,False,True
b029474,0.0,False,True
b029475,0.0,False,True
b029476,0.11055531352758408,True,True
b029477,0.0,False,True
b029478,0.0,False,True
b029479,0.0,False,True
b029480,0.0,False,True
b029481,0.0,False,True
b029482,0.0,False,True
b029483,0.0,False,True
b029484,0.0,False,True
b029485,0.0,False,True
b029486,0.0,False,True
b029487,0.0,False,True
b029488,0.0,False,True
b029489,0.0,False,True
b029490,0.0,False,True
b029491,0.0,False,True
b029492,0.0,False,True
b029493,0.0,False,True
b029494,0.0,False,True
b029495,0.0,False,True
b029496,0.0,False,True
b029497,0.0,False,True
b029498,0.0,False,True
b029499,0.0,False,True
b029500,0.0,False,True
b029501,0.0,False,True
b029502,0.0,False,True
b029503,0.0,False,True
b029504,0.0,False,True
b029505,0.0,False,True
b029506,0.0,False,True
b029507,0.0,False,True
b029508,0.0,False,True
b029509,0.0,False,True
b029510,0.0,False,True
b029511,0.0,False,True
b029512,0.0,False,True
b029513,0.0,False,True
b029514,0.0,False,True
b029515,0.0,False,True
b029516,0.0,False,True
b029517,0.0,False,True
b029518,0.0,False,True
b029519,0.0,False,True
b029520,0.0,False,True
b029521,0.0,False,True
b029522,0.0,False,True
b029523,0.0,False,True
b029524,0.0,False,True
b029525,0.0,False,True
b029526,0.0,False,True
b029527,0.0,False,True
b029528,0.0,False,True
b029529,0.0,False,True
b029530,0.0,False,True
b029531,0.0,False,True
b029532,0.0,False,True
b029533,0.0,False,True
b029534,0.0,False,True
b029535,0.0,False,True
b029536,0.0,False,True
b029537,0.0,False,True
b029538,0.0,False,True
b029539,0.0,False,True
b029540,0.0,False,True
b029541,0.0,False,True
b029542,0.0,False,True
b029543,0.0,False,True
b029544,0.0,False,True
b029545,0.0,False,True
b029546,0.0,False,True
b029547,0.0,False,True
b029548,0.0,False,True
b029549,0.0,False,True
b029550,0.0,False,True
b029551,0.0,False,True
b029552,0.0,False,True
b029553,0.0,False,True
b029554,0.0,False,True
b029555,0.0,False,True
b029556,0.0,False,True
b029557,0.0,False,True
b029558,0.0,False,True
b029559,0.0,False,True
b029560,0.0,False,True
b029561,0.0,False,True
b029562,0.0,False,True
b029563,0.0,False,True
b029564,0.0,False,True
b029565,0.0,False,True
b029566,0.0,False,True
b029567,0.0,False,True
b029568,0.0,False,True
b029569,0.0,False,True
b029570,0.0,False,True
b029571,0.0,False,True
b029572,0.0,False,True
b029573,0.0,False,True
b029574,0.3579169809818268,True,True
b029575,0.0,False,True
b029576,0.0,False,True
b029577,0.0,False,True
b029578,0.15629173815250397,True,True
b029579,0.0,False,True
b029580,0.0,False,True
b029581,0.0,False,True
b029582,0.0,False,True
b029583,0.0,False,True
b029584,0.0,False,True
b029585,0.0,False,True
b029586,0.0,False,True
b029587,0.0,False,True
b029588,0.0,False,True
b029589,0.0,False,True
b029590,0.0,False,True
b029591,0.0,False,True
b029592,0.0,False,True
b029593,0.0,False,True
b029594,0.0,False,True
b029595,0.0,False,True
b029596,0.0,False,True
b029597,0.0,False,True
b029598,0.0,False,True
b029599,0.0,False,True
b029600,0.0,False,True
b029601,0.0,False,True
b029602,0.0,False,True
b029603,0.0,False,True
b029604,0.0,False,True
b029605,0.0,False,True
b029606,0.0,False,True
b029607,0.0,False,True
b029608,0.0,False,True
b029609,0.0,False,True
b029610,0.0,False,True
b029611,0.0,False,True
b029612,0.0,False,True
b029613,0.0,False,True
b029614,0.0,False,True
b029615,0.0,False,True
b029616,0.0,False,True
b029617,0.0,False,True
b029618,0.0,False,True
b029619,0.0,False,True
b029620,0.0,False,True
b029621,0.0,False,True
b029622,0.0,False,True
b029623,0.0,False,True
b029624,0.0,False,True
b029625,0.0,False,True
b029626,0.0,False,True
b029627,0.0,False,True
b029628,0.0,False,True
b029629,0.0,False,True
b029630,0.1416764110326767,True,True
b029631,0.0,False,True
b029632,0.0,False,True
b029633,0.0,False,True
b029634,0.0,False,True
b029635,0.0,False,True
b029636,0.5126417279243469,True,True
b029637,0.0,False,True
b029638,0.0,False,True
b029639,0.0,False,True
b029640,0.0,False,True
b029641,0.0,False,True
b029642,0.0,False,True
b029643,0.0,False,True
b029644,0.0,False,True
b029645,0.0,False,True
b029646,0.0,False,True
b029647,0.0,False,True
b029648,0.0,False,True
b029649,0.0,False,True
b029650,0.0,False,True
b029651,0.0,False,True
b029652,0.0,False,True
b029653,0.0,False,True
b029654,0.0,False,True
b029655,0.0,False,True
b029656,0.0,False,True
b029657,0.0,False,True
b029658,0.4820230305194855,True,True
b029659,0.0,False,True
b029660,0.0,False,True
b029661,0.0,False,True
b029662,0.0,False,True
b029663,0.0,False,True
b029664,0.0,False,True
b029665,0.0,False,True
b029666,0.0,False,True
b029667,0.0,False,True
b029668,0.0,False,True
b029669,0.0,False,True
b029670,0.0,False,True
b029671,0.0,False,True
b029672,0.0,False,True
b029673,0.0,False,True
b029674,0.11390142142772675,True,True
b029675,0.0,False,True
b029676,0.0,False,True
b029677,0.0,False,True
b029678,0.0,False,True
b029679,0.0,False,True
b029680,0.0,False,True
b029681,0.0,False,True
b029682,0.0,False,True
b029683,0.0,False,True
b029684,0.0,False,True
b029685,0.0,False,True
b029686,0.0,False,True
b029687,0.0,False,True
b029688,0.0,False,True
b029689,0.0,False,True
b029690,0.0,False,True
b029691,0.0,False,True
b029692,0.0,False,True
b029693,0.0,False,True
b029694,0.0,False,True
b029695,0.2743193805217743,True,True
b029696,0.0,False,True
b029697,0.0,False,True
b029698,0.0,False,True
b029699,0.0,False,True
b029700,0.0,False,True
b029701,0.0,False,True
b029702,0.0,False,True
b029703,0.0,False,True
b029704,0.0,False,True
b029705,0.0,False,True
b029706,0.0,False,True
b029707,0.0,False,True
b029708,0.14966028928756714,True,True
b029709,0.0,False,True
b029710,0.0,False,True
b029711,0.0,False,True
b029712,0.0,False,True
b029713,0.22169853746891022,True,True
b029714,0.0,False,True
b029715,0.0,False,True
b029716,0.0,False,True
b029717,0.0,False,True
b029718,0.0,False,True
b029719,0.0,False,True
b029720,0.0,False,True
b029721,0.0,False,True
b029722,0.0,False,True
b029723,0.0,False,True
b029724,0.0,False,True
b029725,0.0,False,True
b029726,0.0,False,True
b029727,0.0,False,True
b029728,0.0,False,True
b029729,0.0,False,True
b029730,0.0,False,True
b029731,0.0,False,True
b029732,0.0,False,True
b029733,0.0,False,True
b029734,0.0,False,True
b029735,0.0,False,True
b029736,0.0,False,True
b029737,0.0,False,True
b029738,0.0,False,True
b029739,0.0,False,True
b029740,0.0,False,True
b029741,0.0,False,True
b029742,0.0,False,True
b029743,0.0,False,True
b029744,0.0,False,True
b029745,0.0,False,True
b029746,0.0,False,True
b029747,0.0,False,True
b029748,0.0,False,True
b029749,0.0,False,True
b029750,0.0,False,True
b029751,0.0,False,True
b029752,0.0,False,True
b029753,0.0,False,True
b029754,0.0,False,True
b029755,0.0,False,True
b029756,0.0,False,True
b029757,0.0,False,True
b029758,0.0,False,True
b029759,0.0,False,True
b029760,0.23097404837608337,True,True
b029761,0.0,False,True
b029762,0.0,False,True
b029763,0.0,False,True
b029764,0.0,False,True
b029765,0.0,False,True
b029766,0.0,False,True
b029767,0.0,False,True
b029768,0.0,False,True
b029769,0.0,False,True
b029770,0.0,False,True
b029771,0.0,False,True
b029772,0.0,False,True
b029773,0.0,False,True
b029774,0.0,False,True
b029775,0.0,False,True
b029776,0.0,False,True
b029777,0.0,False,True
b029778,0.0,False,True
b029779,0.0,False,True
b029780,0.5668473839759827,True,True
b029781,0.24046030640602112,True,True
b029782,0.0,False,True
b029783,0.757745087146759,True,True
b029784,0.0,False,True
b029785,0.8632989525794983,True,True
b029786,0.0,False,True
b029787,0.0,False,True
b029788,0.0,False,True
b029789,0.0,False,True
b029790,0.0,False,True
b029791,0.0,False,True
b029792,0.0,False,True
b029793,0.0,False,True
b029794,0.0,False,True
b029795,0.0,False,True
b029796,0.0,False,True
b029797,0.0,False,True
b029798,0.0,False,True
b029799,0.0,False,True
b029800,0.0,False,True
b029801,0.0,False,True
b029802,0.0,False,True
b029803,0.0,False,True
b029804,0.0,False,True
b029805,0.0,False,True
b029806,0.0,False,True
b029807,0.0,False,True
b029808,0.0,False,True
b029809,0.0,False,True
b029810,0.0,False,True
b029811,0.0,False,True
b029812,0.0,False,True
b029813,0.0,False,True
b029814,0.0,False,True
b029815,0.0,False,True
b029816,0.0,False,True
b029817,0.0,False,True
b029818,0.0,False,True
b029819,0.0,False,True
b029820,0.0,False,True
b029821,0.0,False,True
b029822,0.0,False,True
b029823,0.4986114501953125,True,True
b029824,0.0,False,True
b029825,0.0,False,True
b029826,0.0,False,True
b029827,0.0,False,True
b029828,0.0,False,True
b029829,0.0,False,True
b029830,0.0,False,True
b029831,0.0,False,True
b029832,0.0,False,True
b029833,0.0,False,True
b029834,0.0,False,True
b029835,0.0,False,True
b029836,0.0,False,True
b029837,0.0,False,True
b029838,0.29929134249687195,True,True
b029839,0.0,False,True
b029840,0.0,False,True
b029841,0.0,False,True
b029842,0.0,False,True
b029843,0.0,False,True
b029844,0.0,False,True
b029845,0.0,False,True
b029846,0.0,False,True
b029847,0.0,False,True
b029848,0.0,False,True
b029849,0.0,False,True
b029850,0.0,False,True
b029851,0.0,False,True
b029852,0.0,False,True
b029853,0.15707983076572418,True,True
b029854,0.0,False,True
b029855,0.0,False,True
b029856,0.0,False,True
b029857,0.0,False,True
b029858,0.0,False,True
b029859,0.0,False,True
b029860,0.0,False,True
b029861,0.0,False,True
b029862,0.0,False,True
b029863,0.0,False,True
b029864,0.0,False,True
b029865,0.37950459122657776,True,True
b029866,0.0,False,True
b029867,0.0,False,True
b029868,0.0,False,True
b029869,0.0,False,True
b029870,0.0,False,True
b029871,0.0,False,True
b029872,0.0,False,True
b029873,0.0,False,True
b029874,0.0,False,True
b029875,0.0,False,True
b029876,0.0,False,True
b029877,0.0,False,True
b029878,0.0,False,True
b029879,0.0,False,True
b029880,0.0,False,True
b029881,0.0,False,True
b029882,0.0,False,True
b029883,0.0,False,True
b029884,0.0,False,True
b029885,0.0,False,True
b029886,0.0,False,True
b029887,0.0,False,True
b029888,0.0,False,True
b029889,0.0,False,True
b029890,0.0,False,True
b029891,0.11139599978923798,True,True
b029892,0.0,False,True
b029893,0.0,False,True
b029894,0.0,False,True
b029895,0.0,False,True
b029896,0.0,False,True
b029897,0.0,False,True
b029898,0.0,False,True
b029899,0.0,False,True
b029900,0.0,False,True
b029901,0.0,False,True
b029902,0.0,False,True
b029903,0.0,False,True
b029904,0.0,False,True
b029905,0.0,False,True
b029906,0.0,False,True
b029907,0.23042845726013184,True,True
b029908,0.0,False,True
b029909,0.0,False,True
b029910,0.0,False,True
b029911,0.21243172883987427,True,True
b029912,0.0,False,True
b029913,0.0,False,True
b029914,0.0,False,True
b029915,0.0,False,True
b029916,0.0,False,True
b029917,0.0,False,True
b029918,0.0,False,True
b029919,0.0,False,True
b029920,0.0,False,True
b029921,0.0,False,True
b029922,0.0,False,True
b029923,0.0,False,True
b029924,0.0,False,True
b029925,0.0,False,True
b029926,0.0,False,True
b029927,0.0,False,True
b029928,0.0,False,True
b029929,0.0,False,True
b029930,0.0,False,True
b029931,0.0,False,True
b029932,0.0,False,True
b029933,0.0,False,True
b029934,0.0,False,True
b029935,0.0,False,True
b029936,0.0,False,True
b029937,0.0,False,True
b029938,0.0,False,True
b029939,0.0,False,True
b029940,0.0,False,True
b029941,0.0,False,True
b029942,0.0,False,True
b029943,0.0,False,True
b029944,0.0,False,True
b029945,0.0,False,True
b029946,0.0,False,True
b029947,0.0,False,True
b029948,0.0,False,True
b029949,0.0,False,True
b029950,0.0,False,True
b029951,0.0,False,True
b029952,0.0,False,True
b029953,0.0,False,True
b029954,0.0,False,True
b029955,0.0,False,True
b029956,0.0,False,True
b029957,0.0,False,True
b029958,0.11920125037431717,True,True
b029959,0.0,False,True
b029960,0.0,False,True
b029961,0.0,False,True
b029962,0.0,False,True
b029963,0.0,False,True
b029964,0.0,False,True
b029965,0.0,False,True
b029966,0.0,False,True
b029967,0.0,False,True
b029968,0.0,False,True
b029969,0.0,False,True
b029970,0.0,False,True
b029971,0.0,False,True
b029972,0.0,False,True
b029973,0.0,False,True
b029974,0.0,False,True
b029975,0.0,False,True
b029976,0.0,False,True
b029977,0.0,False,True
b029978,0.0,False,True
b029979,0.0,False,True
b029980,0.0,False,True
b029981,0.0,False,True
b029982,0.0,False,True
b029983,0.0,False,True
b029984,0.0,False,True
b029985,0.0,False,True
b029986,0.0,False,True
b029987,0.0,False,True
b029988,0.0,False,True
b029989,0.16057613492012024,True,True
b029990,0.0,False,True
b029991,0.1414928287267685,True,True
b029992,0.0,False,True
b029993,0.0,False,True
b029994,0.0,False,True
b029995,0.0,False,True
b029996,0.0,False,True
b029997,0.0,False,True
b029998,0.0,False,True
b029999,0.0,False,True
b030000,0.0,False,True
b030001,0.0,False,True
b030002,0.0,False,True
b030003,0.0,False,True
b030004,0.0,False,True
b030005,0.0,False,True
b030006,0.0,False,True
b030007,0.0,False,True
b030008,0.0,False,True
b030009,0.0,False,True
b030010,0.0,False,True
b030011,0.0,False,True
b030012,0.0,False,True
b030013,0.0,False,True
b030014,0.0,False,True
b030015,0.0,False,True
b030016,0.0,False,True
b030017,0.0,False,True
b030018,0.0,False,True
b030019,0.0,False,True
b030020,0.0,False,True
b030021,0.0,False,True
b030022,0.0,False,True
b030023,0.0,False,True
b030024,0.0,False,True
b030025,0.0,False,True
b030026,0.15406501293182373,True,True
b030027,0.13621024787425995,True,True
b030028,0.0,False,True
b030029,0.10019145160913467,True,True
b030030,0.0,False,True
b030031,0.0,False,True
b030032,0.0,False,True
b030033,0.0,False,True
b030034,0.12037099152803421,True,True
b030035,0.0,False,True
b030036,0.0,False,True
b030037,0.0,False,True
b030038,0.0,False,True
b030039,0.0,False,True
b030040,0.0,False,True
b030041,0.0,False,True
b030042,0.0,False,True
b030043,0.0,False,True
b030044,0.0,False,True
b030045,0.0,False,True
b030046,0.0,False,True
b030047,0.0,False,True
b030048,0.0,False,True
b030049,0.0,False,True
b030050,0.0,False,True
b030051,0.0,False,True
b030052,0.0,False,True
b030053,0.0,False,True
b030054,0.20180881023406982,True,True
b030055,0.0,False,True
b030056,0.0,False,True
b030057,0.0,False,True
b030058,0.0,False,True
b030059,0.0,False,True
b030060,0.0,False,True
b030061,0.0,False,True
b030062,0.0,False,True
b030063,0.0,False,True
b030064,0.0,False,True
b030065,0.0,False,True
b030066,0.0,False,True
b030067,0.0,False,True
b030068,0.0,False,True
b030069,0.0,False,True
b030070,0.0,False,True
b030071,0.0,False,True
b030072,0.0,False,True
b030073,0.0,False,True
b030074,0.0,False,True
b030075,0.0,False,True
b030076,0.0,False,True
b030077,0.0,False,True
b030078,0.0,False,True
b030079,0.0,False,True
b030080,0.0,False,True
b030081,0.0,False,True
b030082,0.0,False,True
b030083,0.0,False,True
b030084,0.0,False,True
b030085,0.0,False,True
b030086,0.0,False,True
b030087,0.0,False,True
b030088,0.0,False,True
b030089,0.0,False,True
b030090,0.0,False,True
b030091,0.4743145704269409,True,True
b030092,0.0,False,True
b030093,0.0,False,True
b030094,0.0,False,True
b030095,0.0,False,True
b030096,0.0,False,True
b030097,0.0,False,True
b030098,0.0,False,True
b030099,0.0,False,True
b030100,0.0,False,True
b030101,0.0,False,True
b030102,0.0,False,True
b030103,0.0,False,True
b030104,0.0,False,True
b030105,0.0,False,True
b030106,0.0,False,True
b030107,0.0,False,True
b030108,0.0,False,True
b030109,0.0,False,True
b030110,0.0,False,True
b030111,0.0,False,True
b030112,0.0,False,True
b030113,0.0,False,True
b030114,0.0,False,True
b030115,0.0,False,True
b030116,0.0,False,True
b030117,0.0,False,True
b030118,0.0,False,True
b030119,0.0,False,True
b030120,0.0,False,True
b030121,0.0,False,True
b030122,0.0,False,True
b030123,0.0,False,True
b030124,0.0,False,True
b030125,0.0,False,True
b030126,0.0,False,True
b030127,0.0,False,True
b030128,0.0,False,True
b030129,0.0,False,True
b030130,0.0,False,True
b030131,0.0,False,True
b030132,0.0,False,True
b030133,0.0,False,True
b030134,0.0,False,True
b030135,0.0,False,True
b030136,0.0,False,True
b030137,0.0,False,True
b030138,0.0,False,True
b030139,0.17337429523468018,True,True
b030140,0.0,False,True
b030141,0.0,False,True
b030142,0.0,False,True
b030143,0.0,False,True
b030144,0.0,False,True
b030145,0.0,False,True
b030146,0.0,False,True
b030147,0.0,False,True
b030148,0.0,False,True
b030149,0.0,False,True
b030150,0.0,False,True
b030151,0.0,False,True
b030152,0.0,False,True
b030153,0.0,False,True
b030154,0.0,False,True
b030155,0.0,False,True
b030156,0.0,False,True
b030157,0.0,False,True
b030158,0.0,False,True
b030159,0.0,False,True
b030160,0.0,False,True
b030161,0.0,False,True
b030162,0.0,False,True
b030163,0.0,False,True
b030164,0.0,False,True
b030165,0.0,False,True
b030166,0.0,False,True
b030167,0.0,False,True
b030168,0.0,False,True
b030169,0.0,False,True
b030170,0.0,False,True
b030171,0.0,False,True
b030172,0.0,False,True
b030173,0.0,False,True
b030174,0.0,False,True
b030175,0.0,False,True
b030176,0.0,False,True
b030177,0.0,False,True
b030178,0.0,False,True
b030179,0.0,False,True
b030180,0.0,False,True
b030181,0.0,False,True
b030182,0.0,False,True
b030183,0.0,False,True
b030184,0.0,False,True
b030185,0.0,False,True
b030186,0.0,False,True
b030187,0.0,False,True
b030188,0.0,False,True
b030189,0.0,False,True
b030190,0.0,False,True
b030191,0.0,False,True
b030192,0.0,False,True
b030193,0.0,False,True
b030194,0.14837945997714996,True,True
b030195,0.0,False,True
b030196,0.0,False,True
b030197,0.0,False,True
b030198,0.0,False,True
b030199,0.0,False,True
b030200,0.0,False,True
b030201,0.0,False,True
b030202,0.0,False,True
b030203,0.0,False,True
b030204,0.11102644354104996,True,True
b030205,0.0,False,True
b030206,0.0,False,True
b030207,0.0,False,True
b030208,0.0,False,True
b030209,0.0,False,True
b030210,0.0,False,True
b030211,0.0,False,True
b030212,0.0,False,True
b030213,0.522136390209198,True,True
b030214,0.0,False,True
b030215,0.0,False,True
b030216,0.0,False,True
b030217,0.0,False,True
b030218,0.0,False,True
b030219,0.0,False,True
b030220,0.0,False,True
b030221,0.0,False,True
b030222,0.0,False,True
b030223,0.23522022366523743,True,True
b030224,0.0,False,True
b030225,0.0,False,True
b030226,0.0,False,True
b030227,0.0,False,True
b030228,0.1554618924856186,True,True
b030229,0.0,False,True
b030230,0.0,False,True
b030231,0.0,False,True
b030232,0.0,False,True
b030233,0.0,False,True
b030234,0.0,False,True
b030235,0.0,False,True
b030236,0.0,False,True
b030237,0.0,False,True
b030238,0.0,False,True
b030239,0.0,False,True
b030240,0.0,False,True
b030241,0.0,False,True
b030242,0.0,False,True
b030243,0.0,False,True
b030244,0.0,False,True
b030245,0.0,False,True
b030246,0.0,False,True
b030247,0.0,False,True
b030248,0.3806006908416748,True,True
b030249,0.0,False,True
b030250,0.0,False,True
b030251,0.0,False,True
b030252,0.0,False,True
b030253,0.0,False,True
b030254,0.0,False,True
b030255,0.0,False,True
b030256,0.0,False,True
b030257,0.0,False,True
b030258,0.0,False,True
b030259,0.0,False,True
b030260,0.19838784635066986,True,True
b030261,0.0,False,True
b030262,0.0,False,True
b030263,0.0,False,True
b030264,0.0,False,True
b030265,0.0,False,True
b030266,0.0,False,True
b030267,0.0,False,True
b030268,0.0,False,True
b030269,0.0,False,True
b030270,0.0,False,True
b030271,0.0,False,True
b030272,0.0,False,True
b030273,0.0,False,True
b030274,0.0,False,True
b030275,0.0,False,True
b030276,0.0,False,True
b030277,0.0,False,True
b030278,0.0,False,True
b030279,0.0,False,True
b030280,0.0,False,True
b030281,0.0,False,True
b030282,0.0,False,True
b030283,0.0,False,True
b030284,0.0,False,True
b030285,0.21107740700244904,True,True
b030286,0.0,False,True
b030287,0.0,False,True
b030288,0.0,False,True
b030289,0.0,False,True
b030290,0.0,False,True
b030291,0.0,False,True
b030292,0.0,False,True
b030293,0.0,False,True
b030294,0.0,False,True
b030295,0.0,False,True
b030296,0.0,False,True
b030297,0.0,False,True
b030298,0.0,False,True
b030299,0.0,False,True
b030300,0.0,False,True
b030301,0.0,False,True
b030302,0.0,False,True
b030303,0.0,False,True
b030304,0.0,False,True
b030305,0.0,False,True
b030306,0.0,False,True
b030307,0.0,False,True
b030308,0.0,False,True
b030309,0.1337064653635025,True,True
b030310,0.0,False,True
b030311,0.0,False,True
b030312,0.0,False,True
b030313,0.0,False,True
b030314,0.0,False,True
b030315,0.0,False,True
b030316,0.0,False,True
b030317,0.0,False,True
b030318,0.0,False,True
b030319,0.3232141137123108,True,True
b030320,0.0,False,True
b030321,0.0,False,True
b030322,0.0,False,True
b030323,0.0,False,True
b030324,0.0,False,True
b030325,0.0,False,True
b030326,0.0,False,True
b030327,0.0,False,True
b030328,0.0,False,True
b030329,0.0,False,True
b030330,0.0,False,True
b030331,0.0,False,True
b030332,0.0,False,True
b030333,0.0,False,True
b030334,0.0,False,True
b030335,0.0,False,True
b030336,0.0,False,True
b030337,0.0,False,True
b030338,0.0,False,True
b030339,0.0,False,True
b030340,0.0,False,True
b030341,0.0,False,True
b030342,0.0,False,True
b030343,0.0,False,True
b030344,0.2875206172466278,True,True
b030345,0.0,False,True
b030346,0.0,False,True
b030347,0.0,False,True
b030348,0.0,False,True
b030349,0.0,False,True
b030350,0.0,False,True
b030351,0.0,False,True
b030352,0.0,False,True
b030353,0.0,False,True
b030354,0.0,False,True
b030355,0.0,False,True
b030356,0.0,False,True
b030357,0.0,False,True
b030358,0.0,False,True
b030359,0.0,False,True
b030360,0.7164838910102844,True,True
b030361,0.0,False,True
b030362,0.0,False,True
b030363,0.0,False,True
b030364,0.0,False,True
b030365,0.0,False,True
b030366,0.0,False,True
b030367,0.0,False,True
b030368,0.0,False,True
b030369,0.0,False,True
b030370,0.0,False,True
b030371,0.0,False,True
b030372,0.0,False,True
b030373,0.0,False,True
b030374,0.0,False,True
b030375,0.0,False,True
b030376,0.0,False,True
b030377,0.0,False,True
b030378,0.0,False,True
b030379,0.0,False,True
b030380,0.0,False,True
b030381,0.0,False,True
b030382,0.0,False,True
b030383,0.0,False,True
b030384,0.0,False,True
b030385,0.0,False,True
b030386,0.0,False,True
b030387,0.0,False,True
b030388,0.0,False,True
b030389,0.0,False,True
b030390,0.0,False,True
b030391,0.0,False,True
b030392,0.0,False,True
b030393,0.0,False,True
b030394,0.0,False,True
b030395,0.0,False,True
b030396,0.0,False,True
b030397,0.0,False,True
b030398,0.0,False,True
b030399,0.0,False,True
b030400,0.0,False,True
b030401,0.0,False,True
b030402,0.0,False,True
b030403,0.0,False,True
b030404,0.0,False,True
b030405,0.0,False,True
b030406,0.0,False,True
b030407,0.0,False,True
b030408,0.0,False,True
b030409,0.0,False,True
b030410,0.0,False,True
b030411,0.0,False,True
b030412,0.0,False,True
b030413,0.0,False,True
b030414,0.0,False,True
b030415,0.0,False,True
b030416,0.0,False,True
b030417,0.0,False,True
b030418,0.0,False,True
b030419,0.0,False,True
b030420,0.0,False,True
b030421,0.0,False,True
b030422,0.0,False,True
b030423,0.0,False,True
b030424,0.0,False,True
b030425,0.0,False,True
b030426,0.0,False,True
b030427,0.0,False,True
b030428,0.0,False,True
b030429,0.0,False,True
b030430,0.0,False,True
b030431,0.0,False,True
b030432,0.0,False,True
b030433,0.0,False,True
b030434,0.0,False,True
b030435,0.0,False,True
b030436,0.0,False,True
b030437,0.0,False,True
b030438,0.0,False,True
b030439,0.0,False,True
b030440,0.0,False,True
b030441,0.0,False,True
b030442,0.0,False,True
b030443,0.0,False,True
b030444,0.0,False,True
b030445,0.0,False,True
b030446,0.0,False,True
b030447,0.0,False,True
b030448,0.0,False,True
b030449,0.0,False,True
b030450,0.0,False,True
b030451,0.0,False,True
b030452,0.0,False,True
b030453,0.0,False,True
b030454,0.0,False,True
b030455,0.0,False,True
b030456,0.0,False,True
b030457,0.4473114013671875,True,True
b030458,0.0,False,True
b030459,0.0,False,True
b030460,0.0,False,True
b030461,0.0,False,True
b030462,0.0,False,True
b030463,0.0,False,True
b030464,0.0,False,True
b030465,0.0,False,True
b030466,0.0,False,True
b030467,0.0,False,True
b030468,0.0,False,True
b030469,0.0,False,True
b030470,0.0,False,True
b030471,0.0,False,True
b030472,0.0,False,True
b030473,0.0,False,True
b030474,0.0,False,True
b030475,0.0,False,True
b030476,0.0,False,True
b030477,0.0,False,True
b030478,0.0,False,True
b030479,0.0,False,True
b030480,0.0,False,True
b030481,0.0,False,True
b030482,0.0,False,True
b030483,0.0,False,True
b030484,0.0,False,True
b030485,0.0,False,True
b030486,0.0,False,True
b030487,0.0,False,True
b030488,0.0,False,True
b030489,0.0,False,True
b030490,0.0,False,True
b030491,0.0,False,True
b030492,0.0,False,True
b030493,0.0,False,True
b030494,0.0,False,True
b030495,0.0,False,True
b030496,0.0,False,True
b030497,0.0,False,True
b030498,0.0,False,True
b030499,0.0,False,True
b030500,0.0,False,True
b030501,0.0,False,True
b030502,0.17512357234954834,True,True
b030503,0.0,False,True
b030504,0.0,False,True
b030505,0.0,False,True
b030506,0.0,False,True
b030507,0.0,False,True
b030508,0.0,False,True
b030509,0.10983740538358688,True,True
b030510,0.0,False,True
b030511,0.0,False,True
b030512,0.0,False,True
b030513,0.0,False,True
b030514,0.0,False,True
b030515,0.0,False,True
b030516,0.0,False,True
b030517,0.0,False,True
b030518,0.0,False,True
b030519,0.0,False,True
b030520,0.0,False,True
b030521,0.0,False,True
b030522,0.0,False,True
b030523,0.0,False,True
b030524,0.0,False,True
b030525,0.0,False,True
b030526,0.0,False,True
b030527,0.0,False,True
b030528,0.0,False,True
b030529,0.0,False,True
b030530,0.0,False,True
b030531,0.0,False,True
b030532,0.0,False,True
b030533,0.0,False,True
b030534,0.0,False,True
b030535,0.0,False,True
b030536,0.0,False,True
b030537,0.0,False,True
b030538,0.0,False,True
b030539,0.0,False,True
b030540,0.0,False,True
b030541,0.0,False,True
b030542,0.0,False,True
b030543,0.0,False,True
b030544,0.0,False,True
b030545,0.0,False,True
b030546,0.0,False,True
b030547,0.0,False,True
b030548,0.0,False,True
b030549,0.0,False,True
b030550,0.3360723555088043,True,True
b030551,0.0,False,True
b030552,0.0,False,True
b030553,0.0,False,True
b030554,0.0,False,True
b030555,0.0,False,True
b030556,0.0,False,True
b030557,0.0,False,True
b030558,0.0,False,True
b030559,0.0,False,True
b030560,0.13713887333869934,True,True
b030561,0.0,False,True
b030562,0.0,False,True
b030563,0.0,False,True
b030564,0.0,False,True
b030565,0.0,False,True
b030566,0.0,False,True
b030567,0.0,False,True
b030568,0.0,False,True
b030569,0.0,False,True
b030570,0.0,False,True
b030571,0.10510663688182831,True,True
b030572,0.0,False,True
b030573,0.0,False,True
b030574,0.0,False,True
b030575,0.0,False,True
b030576,0.0,False,True
b030577,0.0,False,True
b030578,0.0,False,True
b030579,0.0,False,True
b030580,0.0,False,True
b030581,0.0,False,True
b030582,0.0,False,True
b030583,0.0,False,True
b030584,0.0,False,True
b030585,0.0,False,True
b030586,0.0,False,True
b030587,0.0,False,True
b030588,0.0,False,True
b030589,0.0,False,True
b030590,0.0,False,True
b030591,0.0,False,True
b030592,0.0,False,True
b030593,0.0,False,True
b030594,0.0,False,True
b030595,0.26395654678344727,True,True
b030596,0.0,False,True
b030597,0.0,False,True
b030598,0.0,False,True
b030599,0.0,False,True
b030600,0.0,False,True
b030601,0.0,False,True
b030602,0.0,False,True
b030603,0.0,False,True
b030604,0.0,False,True
b030605,0.0,False,True
b030606,0.0,False,True
b030607,0.0,False,True
b030608,0.0,False,True
b030609,0.0,False,True
b030610,0.0,False,True
b030611,0.0,False,True
b030612,0.0,False,True
b030613,0.0,False,True
b030614,0.0,False,True
b030615,0.0,False,True
b030616,0.0,False,True
b030617,0.0,False,True
b030618,0.0,False,True
b030619,0.0,False,True
b030620,0.0,False,True
b030621,0.0,False,True
b030622,0.0,False,True
b030623,0.0,False,True
b030624,0.0,False,True
b030625,0.0,False,True
b030626,0.0,False,True
b030627,0.0,False,True
b030628,0.0,False,True
b030629,0.0,False,True
b030630,0.0,False,True
b030631,0.0,False,True
b030632,0.0,False,True
b030633,0.0,False,True
b030634,0.0,False,True
b030635,0.0,False,True
b030636,0.0,False,True
b030637,0.0,False,True
b030638,0.0,False,True
b030639,0.0,False,True
b030640,0.0,False,True
b030641,0.0,False,True
b030642,0.0,False,True
b030643,0.0,False,True
b030644,0.0,False,True
b030645,0.0,False,True
b030646,0.0,False,True
b030647,0.0,False,True
b030648,0.0,False,True
b030649,0.0,False,True
b030650,0.0,False,True
b030651,0.0,False,True
b030652,0.0,False,True
b030653,0.0,False,True
b030654,0.0,False,True
b030655,0.0,False,True
b030656,0.0,False,True
b030657,0.0,False,True
b030658,0.0,False,True
b030659,0.0,False,True
b030660,0.0,False,True
b030661,0.0,False,True
b030662,0.0,False,True
b030663,0.0,False,True
b030664,0.0,False,True
b030665,0.0,False,True
b030666,0.0,False,True
b030667,0.0,False,True
b030668,0.0,False,True
b030669,0.0,False,True
b030670,0.0,False,True
b030671,0.0,False,True
b030672,0.31821343302726746,True,True
b030673,0.0,False,True
b030674,0.0,False,True
b030675,0.0,False,True
b030676,0.0,False,True
b030677,0.0,False,True
b030678,0.0,False,True
b030679,0.0,False,True
b030680,0.0,False,True
b030681,0.0,False,True
b030682,0.10401136428117752,True,True
b030683,0.0,False,True
b030684,0.0,False,True
b030685,0.0,False,True
b030686,0.0,False,True
b030687,0.37135055661201477,True,True
b030688,0.0,False,True
b030689,0.0,False,True
b030690,0.0,False,True
b030691,0.0,False,True
b030692,0.0,False,True
b030693,0.0,False,True
b030694,0.0,False,True
b030695,0.0,False,True
b030696,0.0,False,True
b030697,0.0,False,True
b030698,0.0,False,True
b030699,0.0,False,True
b030700,0.0,False,True
b030701,0.0,False,True
b030702,0.0,False,True
b030703,0.0,False,True
b030704,0.0,False,True
b030705,0.0,False,True
b030706,0.0,False,True
b030707,0.0,False,True
b030708,0.0,False,True
b030709,0.0,False,True
b030710,0.0,False,True
b030711,0.0,False,True
b030712,0.0,False,True
b030713,0.0,False,True
b030714,0.0,False,True
b030715,0.0,False,True
b030716,0.0,False,True
b030717,0.0,False,True
b030718,0.0,False,True
b030719,0.0,False,True
b030720,0.0,False,True
b030721,0.0,False,True
b030722,0.1386934071779251,True,True
b030723,0.0,False,True
b030724,0.0,False,True
b030725,0.0,False,True
b030726,0.0,False,True
b030727,0.0,False,True
b030728,0.0,False,True
b030729,0.0,False,True
b030730,0.0,False,True
b030731,0.0,False,True
b030732,0.0,False,True
b030733,0.0,False,True
b030734,0.0,False,True
b030735,0.0,False,True
b030736,0.0,False,True
b030737,0.0,False,True
b030738,0.0,False,True
b030739,0.14938777685165405,True,True
b030740,0.0,False,True
b030741,0.0,False,True
b030742,0.0,False,True
b030743,0.0,False,True
b030744,0.0,False,True
b030745,0.0,False,True
b030746,0.0,False,True
b030747,0.0,False,True
b030748,0.0,False,True
b030749,0.0,False,True
b030750,0.0,False,True
b030751,0.0,False,True
b030752,0.0,False,True
b030753,0.0,False,True
b030754,0.0,False,True
b030755,0.0,False,True
b030756,0.0,False,True
b030757,0.0,False,True
b030758,0.0,False,True
b030759,0.0,False,True
b030760,0.0,False,True
b030761,0.0,False,True
b030762,0.0,False,True
b030763,0.0,False,True
b030764,0.0,False,True
b030765,0.0,False,True
b030766,0.0,False,True
b030767,0.0,False,True
b030768,0.0,False,True
b030769,0.0,False,True
b030770,0.0,False,True
b030771,0.0,False,True
b030772,0.0,False,True
b030773,0.0,False,True
b030774,0.0,False,True
b030775,0.0,False,True
b030776,0.0,False,True
b030777,0.0,False,True
b030778,0.0,False,True
b030779,0.0,False,True
b030780,0.115137979388237,True,True
b030781,0.0,False,True
b030782,0.0,False,True
b030783,0.0,False,True
b030784,0.0,False,True
b030785,0.0,False,True
b030786,0.0,False,True
b030787,0.0,False,True
b030788,0.0,False,True
b030789,0.0,False,True
b030790,0.0,False,True
b030791,0.10650170594453812,True,True
b030792,0.0,False,True
b030793,0.0,False,True
b030794,0.0,False,True
b030795,0.0,False,True
b030796,0.0,False,True
b030797,0.0,False,True
b030798,0.0,False,True
b030799,0.0,False,True
b030800,0.0,False,True
b030801,0.0,False,True
b030802,0.0,False,True
b030803,0.0,False,True
b030804,0.0,False,True
b030805,0.0,False,True
b030806,0.0,False,True
b030807,0.0,False,True
b030808,0.0,False,True
b030809,0.0,False,True
b030810,0.0,False,True
b030811,0.0,False,True
b030812,0.0,False,True
b030813,0.0,False,True
b030814,0.0,False,True
b030815,0.0,False,True
b030816,0.10701004415750504,True,True
b030817,0.0,False,True
b030818,0.0,False,True
b030819,0.0,False,True
b030820,0.0,False,True
b030821,0.0,False,True
b030822,0.3287535309791565,True,True
b030823,0.0,False,True
b030824,0.0,False,True
b030825,0.0,False,True
b030826,0.0,False,True
b030827,0.0,False,True
b030828,0.0,False,True
b030829,0.0,False,True
b030830,0.0,False,True
b030831,0.0,False,True
b030832,0.0,False,True
b030833,0.0,False,True
b030834,0.0,False,True
b030835,0.0,False,True
b030836,0.0,False,True
b030837,0.0,False,True
b030838,0.0,False,True
b030839,0.0,False,True
b030840,0.0,False,True
b030841,0.0,False,True
b030842,0.0,False,True
b030843,0.0,False,True
b030844,0.0,False,True
b030845,0.0,False,True
b030846,0.0,False,True
b030847,0.0,False,True
b030848,0.6249901652336121,True,True
b030849,0.0,False,True
b030850,0.0,False,True
b030851,0.1346384733915329,True,True
b030852,0.0,False,True
b030853,0.0,False,True
b030854,0.0,False,True
b030855,0.0,False,True
b030856,0.0,False,True
b030857,0.0,False,True
b030858,0.0,False,True
b030859,0.0,False,True
b030860,0.0,False,True
b030861,0.0,False,True
b030862,0.0,False,True
b030863,0.399120956659317,True,True
b030864,0.0,False,True
b030865,0.0,False,True
b030866,0.0,False,True
b030867,0.0,False,True
b030868,0.0,False,True
b030869,0.0,False,True
b030870,0.0,False,True
b030871,0.0,False,True
b030872,0.0,False,True
b030873,0.0,False,True
b030874,0.0,False,True
b030875,0.0,False,True
b030876,0.0,False,True
b030877,0.0,False,True
b030878,0.0,False,True
b030879,0.0,False,True
b030880,0.0,False,True
b030881,0.0,False,True
b030882,0.0,False,True
b030883,0.0,False,True
b030884,0.0,False,True
b030885,0.0,False,True
b030886,0.0,False,True
b030887,0.0,False,True
b030888,0.0,False,True
b030889,0.0,False,True
b030890,0.0,False,True
b030891,0.14138025045394897,True,True
b030892,0.0,False,True
b030893,0.0,False,True
b030894,0.0,False,True
b030895,0.0,False,True
b030896,0.0,False,True
b030897,0.0,False,True
b030898,0.0,False,True
b030899,0.0,False,True
b030900,0.0,False,True
b030901,0.0,False,True
b030902,0.0,False,True
b030903,0.0,False,True
b030904,0.0,False,True
b030905,0.0,False,True
b030906,0.47828909754753113,True,True
b030907,0.0,False,True
b030908,0.0,False,True
b030909,0.0,False,True
b030910,0.0,False,True
b030911,0.0,False,True
b030912,0.0,False,True
b030913,0.0,False,True
b030914,0.0,False,True
b030915,0.0,False,True
b030916,0.0,False,True
b030917,0.0,False,True
b030918,0.0,False,True
b030919,0.0,False,True
b030920,0.0,False,True
b030921,0.0,False,True
b030922,0.0,False,True
b030923,0.0,False,True
b030924,0.0,False,True
b030925,0.0,False,True
b030926,0.0,False,True
b030927,0.0,False,True
b030928,0.0,False,True
b030929,0.0,False,True
b030930,0.0,False,True
b030931,0.0,False,True
b030932,0.0,False,True
b030933,0.0,False,True
b030934,0.0,False,True
b030935,0.0,False,True
b030936,0.0,False,True
b030937,0.0,False,True
b030938,0.0,False,True
b030939,0.0,False,True
b030940,0.0,False,True
b030941,0.0,False,True
b030942,0.0,False,True
b030943,0.0,False,True
b030944,0.0,False,True
b030945,0.0,False,True
b030946,0.0,False,True
b030947,0.0,False,True
b030948,0.0,False,True
b030949,0.0,False,True
b030950,0.0,False,True
b030951,0.0,False,True
b030952,0.0,False,True
b030953,0.0,False,True
b030954,0.14686736464500427,True,True
b030955,0.0,False,True
b030956,0.0,False,True
b030957,0.0,False,True
b030958,0.0,False,True
b030959,0.11701396852731705,True,True
b030960,0.0,False,True
b030961,0.0,False,True
b030962,0.0,False,True
b030963,0.0,False,True
b030964,0.0,False,True
b030965,0.0,False,True
b030966,0.0,False,True
b030967,0.0,False,True
b030968,0.0,False,True
b030969,0.0,False,True
b030970,0.0,False,True
b030971,0.0,False,True
b030972,0.0,False,True
b030973,0.2561434507369995,True,True
b030974,0.0,False,True
b030975,0.15175870060920715,True,True
b030976,0.0,False,True
b030977,0.0,False,True
b030978,0.0,False,True
b030979,0.0,False,True
b030980,0.0,False,True
b030981,0.0,False,True
b030982,0.0,False,True
b030983,0.0,False,True
b030984,0.0,False,True
b030985,0.0,False,True
b030986,0.0,False,True
b030987,0.0,False,True
b030988,0.0,False,True
b030989,0.0,False,True
b030990,0.0,False,True
b030991,0.0,False,True
b030992,0.0,False,True
b030993,0.0,False,True
b030994,0.0,False,True
b030995,0.0,False,True
b030996,0.0,False,True
b030997,0.5507615804672241,True,True
b030998,0.0,False,True
b030999,0.0,False,True
b031000,0.0,False,True
b031001,0.0,False,True
b031002,0.0,False,True
b031003,0.0,False,True
b031004,0.0,False,True
b031005,0.0,False,True
b031006,0.0,False,True
b031007,0.0,False,True
b031008,0.0,False,True
b031009,0.0,False,True
b031010,0.0,False,True
b031011,0.0,False,True
b031012,0.0,False,True
b031013,0.0,False,True
b031014,0.0,False,True
b031015,0.0,False,True
b031016,0.0,False,True
b031017,0.0,False,True
b031018,0.0,False,True
b031019,0.0,False,True
b031020,0.0,False,True
b031021,0.135844424366951,True,True
b031022,0.0,False,True
b031023,0.0,False,True
b031024,0.0,False,True
b031025,0.0,False,True
b031026,0.0,False,True
b031027,0.0,False,True
b031028,0.0,False,True
b031029,0.0,False,True
b031030,0.0,False,True
b031031,0.0,False,True
b031032,0.0,False,True
b031033,0.0,False,True
b031034,0.0,False,True
b031035,0.0,False,True
b031036,0.6492573618888855,True,True
b031037,0.0,False,True
b031038,0.0,False,True
b031039,0.0,False,True
b031040,0.0,False,True
b031041,0.0,False,True
b031042,0.0,False,True
b031043,0.0,False,True
b031044,0.0,False,True
b031045,0.0,False,True
b031046,0.0,False,True
b031047,0.0,False,True
b031048,0.0,False,True
b031049,0.0,False,True
b031050,0.0,False,True
b031051,0.0,False,True
b031052,0.0,False,True
b031053,0.0,False,True
b031054,0.0,False,True
b031055,0.0,False,True
b031056,0.0,False,True
b031057,0.0,False,True
b031058,0.0,False,True
b031059,0.0,False,True
b031060,0.0,False,True
b031061,0.0,False,True
b031062,0.0,False,True
b031063,0.0,False,True
b031064,0.0,False,True
b031065,0.0,False,True
b031066,0.0,False,True
b031067,0.0,False,True
b031068,0.0,False,True
b031069,0.0,False,True
b031070,0.0,False,True
b031071,0.0,False,True
b031072,0.0,False,True
b031073,0.0,False,True
b031074,0.0,False,True
b031075,0.0,False,True
b031076,0.0,False,True
b031077,0.0,False,True
b031078,0.0,False,True
b031079,0.0,False,True
b031080,0.0,False,True
b031081,0.0,False,True
b031082,0.0,False,True
b031083,0.0,False,True
b031084,0.0,False,True
b031085,0.0,False,True
b031086,0.0,False,True
b031087,0.0,False,True
b031088,0.0,False,True
b031089,0.0,False,True
b031090,0.0,False,True
b031091,0.0,False,True
b031092,0.0,False,True
b031093,0.0,False,True
b031094,0.0,False,True
b031095,0.0,False,True
b031096,0.0,False,True
b031097,0.0,False,True
b031098,0.0,False,True
b031099,0.0,False,True
b031100,0.0,False,True
b031101,0.0,False,True
b031102,0.0,False,True
b031103,0.0,False,True
b031104,0.0,False,True
b031105,0.0,False,True
b031106,0.24679428339004517,True,True
b031107,0.0,False,True
b031108,0.0,False,True
b031109,0.0,False,True
b031110,0.0,False,True
b031111,0.0,False,True
b031112,0.0,False,True
b031113,0.0,False,True
b031114,0.0,False,True
b031115,0.1574241667985916,True,True
b031116,0.0,False,True
b031117,0.0,False,True
b031118,0.0,False,True
b031119,0.0,False,True
b031120,0.0,False,True
b031121,0.0,False,True
b031122,0.0,False,True
b031123,0.0,False,True
b031124,0.0,False,True
b031125,0.0,False,True
b031126,0.0,False,True
b031127,0.0,False,True
b031128,0.0,False,True
b031129,0.0,False,True
b031130,0.0,False,True
b031131,0.0,False,True
b031132,0.0,False,True
b031133,0.0,False,True
b031134,0.0,False,True
b031135,0.0,False,True
b031136,0.0,False,True
b031137,0.0,False,True
b031138,0.0,False,True
b031139,0.0,False,True
b031140,0.0,False,True
b031141,0.0,False,True
b031142,0.0,False,True
b031143,0.4863947927951813,True,True
b031144,0.0,False,True
b031145,0.0,False,True
b031146,0.0,False,True
b031147,0.0,False,True
b031148,0.0,False,True
b031149,0.0,False,True
b031150,0.0,False,True
b031151,0.0,False,True
b031152,0.0,False,True
b031153,0.0,False,True
b031154,0.0,False,True
b031155,0.0,False,True
b031156,0.19119438529014587,True,True
b031157,0.0,False,True
b031158,0.0,False,True
b031159,0.0,False,True
b031160,0.0,False,True
b031161,0.0,False,True
b031162,0.0,False,True
b031163,0.0,False,True
b031164,0.0,False,True
b031165,0.0,False,True
b031166,0.0,False,True
b031167,0.0,False,True
b031168,0.0,False,True
b031169,0.0,False,True
b031170,0.0,False,True
b031171,0.0,False,True
b031172,0.0,False,True
b031173,0.0,False,True
b031174,0.0,False,True
b031175,0.14946435391902924,True,True
b031176,0.0,False,True
b031177,0.0,False,True
b031178,0.10381060838699341,True,True
b031179,0.0,False,True
b031180,0.0,False,True
b031181,0.0,False,True
b031182,0.0,False,True
b031183,0.1467653214931488,True,True
b031184,0.0,False,True
b031185,0.0,False,True
b031186,0.0,False,True
b031187,0.0,False,True
b031188,0.2132353037595749,True,True
b031189,0.1211782768368721,True,True
b031190,0.0,False,True
b031191,0.0,False,True
b031192,0.0,False,True
b031193,0.0,False,True
b031194,0.0,False,True
b031195,0.0,False,True
b031196,0.0,False,True
b031197,0.0,False,True
b031198,0.0,False,True
b031199,0.0,False,True
b031200,0.0,False,True
b031201,0.0,False,True
b031202,0.0,False,True
b031203,0.0,False,True
b031204,0.0,False,True
b031205,0.0,False,True
b031206,0.0,False,True
b031207,0.0,False,True
b031208,0.0,False,True
b031209,0.0,False,True
b031210,0.0,False,True
b031211,0.0,False,True
b031212,0.0,False,True
b031213,0.0,False,True
b031214,0.0,False,True
b031215,0.0,False,True
b031216,0.0,False,True
b031217,0.0,False,True
b031218,0.0,False,True
b031219,0.0,False,True
b031220,0.0,False,True
b031221,0.0,False,True
b031222,0.0,False,True
b031223,0.0,False,True
b031224,0.0,False,True
b031225,0.0,False,True
b031226,0.0,False,True
b031227,0.0,False,True
b031228,0.0,False,True
b031229,0.0,False,True
b031230,0.20688731968402863,True,True
b031231,0.0,False,True
b031232,0.0,False,True
b031233,0.0,False,True
b031234,0.0,False,True
b031235,0.0,False,True
b031236,0.0,False,True
b031237,0.0,False,True
b031238,0.0,False,True
b031239,0.0,False,True
b031240,0.0,False,True
b031241,0.0,False,True
b031242,0.0,False,True
b031243,0.0,False,True
b031244,0.0,False,True
b031245,0.0,False,True
b031246,0.0,False,True
b031247,0.0,False,True
b031248,0.0,False,True
b031249,0.28076598048210144,True,True
b031250,0.0,False,True
b031251,0.0,False,True
b031252,0.0,False,True
b031253,0.0,False,True
b031254,0.0,False,True
b031255,0.0,False,True
b031256,0.0,False,True
b031257,0.0,False,True
b031258,0.0,False,True
b031259,0.0,False,True
b031260,0.0,False,True
b031261,0.0,False,True
b031262,0.0,False,True
b031263,0.0,False,True
b031264,0.0,False,True
b031265,0.0,False,True
b031266,0.0,False,True
b031267,0.0,False,True
b031268,0.0,False,True
b031269,0.0,False,True
b031270,0.0,False,True
b031271,0.0,False,True
b031272,0.0,False,True
b031273,0.0,False,True
b031274,0.0,False,True
b031275,0.0,False,True
b031276,0.0,False,True
b031277,0.28840065002441406,True,True
b031278,0.0,False,True
b031279,0.0,False,True
b031280,0.0,False,True
b031281,0.0,False,True
b031282,0.0,False,True
b031283,0.0,False,True
b031284,0.0,False,True
b031285,0.0,False,True
b031286,0.0,False,True
b031287,0.0,False,True
b031288,0.0,False,True
b031289,0.0,False,True
b031290,0.0,False,True
b031291,0.0,False,True
b031292,0.0,False,True
b031293,0.0,False,True
b031294,0.0,False,True
b031295,0.0,False,True
b031296,0.0,False,True
b031297,0.0,False,True
b031298,0.0,False,True
b031299,0.0,False,True
b031300,0.0,False,True
b031301,0.0,False,True
b031302,0.0,False,True
b031303,0.0,False,True
b031304,0.0,False,True
b031305,0.0,False,True
b031306,0.0,False,True
b031307,0.0,False,True
b031308,0.0,False,True
b031309,0.0,False,True
b031310,0.0,False,True
b031311,0.0,False,True
b031312,0.0,False,True
b031313,0.0,False,True
b031314,0.0,False,True
b031315,0.0,False,True
b031316,0.0,False,True
b031317,0.21688735485076904,True,True
b031318,0.10338976234197617,True,True
b031319,0.0,False,True
b031320,0.0,False,True
b031321,0.0,False,True
b031322,0.0,False,True
b031323,0.0,False,True
b031324,0.0,False,True
b031325,0.0,False,True
b031326,0.0,False,True
b031327,0.0,False,True
b031328,0.0,False,True
b031329,0.0,False,True
b031330,0.0,False,True
b031331,0.0,False,True
b031332,0.0,False,True
b031333,0.0,False,True
b031334,0.0,False,True
b031335,0.0,False,True
b031336,0.0,False,True
b031337,0.0,False,True
b031338,0.0,False,True
b031339,0.0,False,True
b031340,0.0,False,True
b031341,0.0,False,True
b031342,0.0,False,True
b031343,0.0,False,True
b031344,0.0,False,True
b031345,0.0,False,True
b031346,0.0,False,True
b031347,0.0,False,True
b031348,0.0,False,True
b031349,0.0,False,True
b031350,0.0,False,True
b031351,0.0,False,True
b031352,0.0,False,True
b031353,0.0,False,True
b031354,0.0,False,True
b031355,0.0,False,True
b031356,0.0,False,True
b031357,0.0,False,True
b031358,0.0,False,True
b031359,0.0,False,True
b031360,0.0,False,True
b031361,0.0,False,True
b031362,0.0,False,True
b031363,0.0,False,True
b031364,0.0,False,True
b031365,0.10007434338331223,True,True
b031366,0.0,False,True
b031367,0.0,False,True
b031368,0.0,False,True
b031369,0.0,False,True
b031370,0.0,False,True
b031371,0.0,False,True
b031372,0.0,False,True
b031373,0.0,False,True
b031374,0.0,False,True
b031375,0.0,False,True
b031376,0.0,False,True
b031377,0.0,False,True
b031378,0.0,False,True
b031379,0.0,False,True
b031380,0.0,False,True
b031381,0.1318165808916092,True,True
b031382,0.0,False,True
b031383,0.0,False,True
b031384,0.0,False,True
b031385,0.0,False,True
b031386,0.0,False,True
b031387,0.0,False,True
b031388,0.0,False,True
b031389,0.0,False,True
b031390,0.0,False,True
b031391,0.0,False,True
b031392,0.0,False,True
b031393,0.0,False,True
b031394,0.0,False,True
b031395,0.0,False,True
b031396,0.0,False,True
b031397,0.0,False,True
b031398,0.0,False,True
b031399,0.0,False,True
b031400,0.0,False,True
b031401,0.0,False,True
b031402,0.0,False,True
b031403,0.0,False,True
b031404,0.0,False,True
b031405,0.0,False,True
b031406,0.0,False,True
b031407,0.0,False,True
b031408,0.0,False,True
b031409,0.0,False,True
b031410,0.0,False,True
b031411,0.0,False,True
b031412,0.0,False,True
b031413,0.0,False,True
b031414,0.0,False,True
b031415,0.0,False,True
b031416,0.0,False,True
b031417,0.0,False,True
b031418,0.0,False,True
b031419,0.0,False,True
b031420,0.0,False,True
b031421,0.0,False,True
b031422,0.0,False,True
b031423,0.0,False,True
b031424,0.0,False,True
b031425,0.0,False,True
b031426,0.0,False,True
b031427,0.0,False,True
b031428,0.0,False,True
b031429,0.0,False,True
b031430,0.0,False,True
b031431,0.0,False,True
b031432,0.0,False,True
b031433,0.0,False,True
b031434,0.0,False,True
b031435,0.0,False,True
b031436,0.0,False,True
b031437,0.0,False,True
b031438,0.0,False,True
b031439,0.0,False,True
b031440,0.0,False,True
b031441,0.0,False,True
b031442,0.0,False,True
b031443,0.0,False,True
b031444,0.0,False,True
b031445,0.0,False,True
b031446,0.0,False,True
b031447,0.0,False,True
b031448,0.0,False,True
b031449,0.0,False,True
b031450,0.0,False,True
b031451,0.0,False,True
b031452,0.0,False,True
b031453,0.0,False,True
b031454,0.0,False,True
b031455,0.0,False,True
b031456,0.0,False,True
b031457,0.0,False,True
b031458,0.0,False,True
b031459,0.0,False,True
b031460,0.0,False,True
b031461,0.0,False,True
b031462,0.0,False,True
b031463,0.0,False,True
b031464,0.0,False,True
b031465,0.0,False,True
b031466,0.0,False,True
b031467,0.0,False,True
b031468,0.0,False,True
b031469,0.0,False,True
b031470,0.0,False,True
b031471,0.0,False,True
b031472,0.0,False,True
b031473,0.0,False,True
b031474,0.0,False,True
b031475,0.0,False,True
b031476,0.0,False,True
b031477,0.0,False,True
b031478,0.0,False,True
b031479,0.0,False,True
b031480,0.0,False,True
b031481,0.0,False,True
b031482,0.0,False,True
b031483,0.0,False,True
b031484,0.0,False,True
b031485,0.0,False,True
b031486,0.0,False,True
b031487,0.0,False,True
b031488,0.0,False,True
b031489,0.0,False,True
b031490,0.0,False,True
b031491,0.0,False,True
b031492,0.0,False,True
b031493,0.0,False,True
b031494,0.0,False,True
b031495,0.0,False,True
b031496,0.11372566223144531,True,True
b031497,0.0,False,True
b031498,0.0,False,True
b031499,0.0,False,True
b031500,0.0,False,True
b031501,0.0,False,True
b031502,0.0,False,True
b031503,0.0,False,True
b031504,0.0,False,True
b031505,0.0,False,True
b031506,0.0,False,True
b031507,0.0,False,True
b031508,0.0,False,True
b031509,0.0,False,True
b031510,0.2613101303577423,True,True
b031511,0.0,False,True
b031512,0.0,False,True
b031513,0.0,False,True
b031514,0.0,False,True
b031515,0.0,False,True
b031516,0.0,False,True
b031517,0.0,False,True
b031518,0.0,False,True
b031519,0.0,False,True
b031520,0.0,False,True
b031521,0.0,False,True
b031522,0.0,False,True
b031523,0.0,False,True
b031524,0.0,False,True
b031525,0.0,False,True
b031526,0.0,False,True
b031527,0.0,False,True
b031528,0.0,False,True
b031529,0.0,False,True
b031530,0.0,False,True
b031531,0.0,False,True
b031532,0.0,False,True
b031533,0.0,False,True
b031534,0.0,False,True
b031535,0.0,False,True
b031536,0.0,False,True
b031537,0.0,False,True
b031538,0.11848115921020508,True,True
b031539,0.0,False,True
b031540,0.0,False,True
b031541,0.2730231285095215,True,True
b031542,0.0,False,True
b031543,0.0,False,True
b031544,0.0,False,True
b031545,0.0,False,True
b031546,0.0,False,True
b031547,0.0,False,True
b031548,0.0,False,True
b031549,0.0,False,True
b031550,0.0,False,True
b031551,0.0,False,True
b031552,0.0,False,True
b031553,0.0,False,True
b031554,0.0,False,True
b031555,0.0,False,True
b031556,0.0,False,True
b031557,0.0,False,True
b031558,0.0,False,True
b031559,0.0,False,True
b031560,0.0,False,True
b031561,0.0,False,True
b031562,0.0,False,True
b031563,0.0,False,True
b031564,0.0,False,True
b031565,0.0,False,True
b031566,0.0,False,True
b031567,0.0,False,True
b031568,0.0,False,True
b031569,0.0,False,True
b031570,0.0,False,True
b031571,0.0,False,True
b031572,0.0,False,True
b031573,0.0,False,True
b031574,0.0,False,True
b031575,0.0,False,True
b031576,0.0,False,True
b031577,0.0,False,True
b031578,0.0,False,True
b031579,0.0,False,True
b031580,0.0,False,True
b031581,0.0,False,True
b031582,0.0,False,True
b031583,0.0,False,True
b031584,0.0,False,True
b031585,0.0,False,True
b031586,0.23655317723751068,True,True
b031587,0.0,False,True
b031588,0.0,False,True
b031589,0.0,False,True
b031590,0.0,False,True
b031591,0.0,False,True
b031592,0.0,False,True
b031593,0.0,False,True
b031594,0.0,False,True
b031595,0.0,False,True
b031596,0.10672082006931305,True,True
b031597,0.0,False,True
b031598,0.0,False,True
b031599,0.0,False,True
b031600,0.0,False,True
b031601,0.0,False,True
b031602,0.0,False,True
b031603,0.0,False,True
b031604,0.0,False,True
b031605,0.0,False,True
b031606,0.0,False,True
b031607,0.0,False,True
b031608,0.0,False,True
b031609,0.0,False,True
b031610,0.0,False,True
b031611,0.0,False,True
b031612,0.0,False,True
b031613,0.0,False,True
b031614,0.0,False,True
b031615,0.0,False,True
b031616,0.0,False,True
b031617,0.0,False,True
b031618,0.0,False,True
b031619,0.0,False,True
b031620,0.0,False,True
b031621,0.0,False,True
b031622,0.0,False,True
b031623,0.40908384323120117,True,True
b031624,0.0,False,True
b031625,0.0,False,True
b031626,0.0,False,True
b031627,0.0,False,True
b031628,0.0,False,True
b031629,0.0,False,True
b031630,0.0,False,True
b031631,0.0,False,True
b031632,0.0,False,True
b031633,0.0,False,True
b031634,0.0,False,True
b031635,0.0,False,True
b031636,0.0,False,True
b031637,0.0,False,True
b031638,0.0,False,True
b031639,0.0,False,True
b031640,0.7288955450057983,True,True
b031641,0.0,False,True
b031642,0.0,False,True
b031643,0.0,False,True
b031644,0.0,False,True
b031645,0.0,False,True
b031646,0.0,False,True
b031647,0.0,False,True
b031648,0.0,False,True
b031649,0.0,False,True
b031650,0.1358284056186676,True,True
b031651,0.0,False,True
b031652,0.0,False,True
b031653,0.0,False,True
b031654,0.0,False,True
b031655,0.0,False,True
b031656,0.10064811259508133,True,True
b031657,0.0,False,True
b031658,0.0,False,True
b031659,0.0,False,True
b031660,0.0,False,True
b031661,0.0,False,True
b031662,0.0,False,True
b031663,0.0,False,True
b031664,0.0,False,True
b031665,0.0,False,True
b031666,0.0,False,True
b031667,0.0,False,True
b031668,0.0,False,True
b031669,0.0,False,True
b031670,0.0,False,True
b031671,0.0,False,True
b031672,0.0,False,True
b031673,0.0,False,True
b031674,0.0,False,True
b031675,0.3397555351257324,True,True
b031676,0.0,False,True
b031677,0.0,False,True
b031678,0.0,False,True
b031679,0.0,False,True
b031680,0.0,False,True
b031681,0.0,False,True
b031682,0.0,False,True
b031683,0.0,False,True
b031684,0.0,False,True
b031685,0.0,False,True
b031686,0.0,False,True
b031687,0.0,False,True
b031688,0.0,False,True
b031689,0.0,False,True
b031690,0.0,False,True
b031691,0.0,False,True
b031692,0.0,False,True
b031693,0.0,False,True
b031694,0.0,False,True
b031695,0.0,False,True
b031696,0.0,False,True
b031697,0.0,False,True
b031698,0.0,False,True
b031699,0.0,False,True
b031700,0.0,False,True
b031701,0.0,False,True
b031702,0.0,False,True
b031703,0.0,False,True
b031704,0.0,False,True
b031705,0.0,False,True
b031706,0.0,False,True
b031707,0.0,False,True
b031708,0.0,False,True
b031709,0.0,False,True
b031710,0.0,False,True
b031711,0.0,False,True
b031712,0.0,False,True
b031713,0.0,False,True
b031714,0.0,False,True
b031715,0.0,False,True
b031716,0.0,False,True
b031717,0.0,False,True
b031718,0.0,False,True
b031719,0.0,False,True
b031720,0.10720901191234589,True,True
b031721,0.0,False,True
b031722,0.0,False,True
b031723,0.0,False,True
b031724,0.0,False,True
b031725,0.0,False,True
b031726,0.0,False,True
b031727,0.0,False,True
b031728,0.0,False,True
b031729,0.0,False,True
b031730,0.0,False,True
b031731,0.0,False,True
b031732,0.0,False,True
b031733,0.0,False,True
b031734,0.0,False,True
b031735,0.0,False,True
b031736,0.0,False,True
b031737,0.0,False,True
b031738,0.0,False,True
b031739,0.4540401101112366,True,True
b031740,0.0,False,True
b031741,0.0,False,True
b031742,0.0,False,True
b031743,0.0,False,True
b031744,0.0,False,True
b031745,0.0,False,True
b031746,0.0,False,True
b031747,0.0,False,True
b031748,0.0,False,True
b031749,0.0,False,True
b031750,0.0,False,True
b031751,0.0,False,True
b031752,0.0,False,True
b031753,0.0,False,True
b031754,0.0,False,True
b031755,0.0,False,True
b031756,0.0,False,True
b031757,0.0,False,True
b031758,0.0,False,True
b031759,0.0,False,True
b031760,0.0,False,True
b031761,0.0,False,True
b031762,0.0,False,True
b031763,0.0,False,True
b031764,0.0,False,True
b031765,0.0,False,True
b031766,0.0,False,True
b031767,0.0,False,True
b031768,0.0,False,True
b031769,0.11906884610652924,True,True
b031770,0.0,False,True
b031771,0.0,False,True
b031772,0.0,False,True
b031773,0.0,False,True
b031774,0.0,False,True
b031775,0.0,False,True
b031776,0.0,False,True
b031777,0.0,False,True
b031778,0.0,False,True
b031779,0.0,False,True
b031780,0.16921864449977875,True,True
b031781,0.0,False,True
b031782,0.0,False,True
b031783,0.0,False,True
b031784,0.0,False,True
b031785,0.0,False,True
b031786,0.0,False,True
b031787,0.0,False,True
b031788,0.0,False,True
b031789,0.0,False,True
b031790,0.0,False,True
b031791,0.0,False,True
b031792,0.0,False,True
b031793,0.0,False,True
b031794,0.0,False,True
b031795,0.0,False,True
b031796,0.0,False,True
b031797,0.0,False,True
b031798,0.0,False,True
b031799,0.0,False,True
b031800,0.0,False,True
b031801,0.0,False,True
b031802,0.0,False,True
b031803,0.0,False,True
b031804,0.0,False,True
b031805,0.0,False,True
b031806,0.0,False,True
b031807,0.0,False,True
b031808,0.0,False,True
b031809,0.0,False,True
b031810,0.0,False,True
b031811,0.0,False,True
b031812,0.0,False,True
b031813,0.5687853097915649,True,True
b031814,0.0,False,True
b031815,0.0,False,True
b031816,0.0,False,True
b031817,0.0,False,True
b031818,0.0,False,True
b031819,0.0,False,True
b031820,0.0,False,True
b031821,0.0,False,True
b031822,0.0,False,True
b031823,0.0,False,True
b031824,0.0,False,True
b031825,0.0,False,True
b031826,0.0,False,True
b031827,0.0,False,True
b031828,0.0,False,True
b031829,0.0,False,True
b031830,0.0,False,True
b031831,0.0,False,True
b031832,0.0,False,True
b031833,0.0,False,True
b031834,0.0,False,True
b031835,0.0,False,True
b031836,0.0,False,True
b031837,0.0,False,True
b031838,0.0,False,True
b031839,0.0,False,True
b031840,0.1672130972146988,True,True
b031841,0.0,False,True
b031842,0.0,False,True
b031843,0.0,False,True
b031844,0.0,False,True
b031845,0.0,False,True
b031846,0.0,False,True
b031847,0.0,False,True
b031848,0.0,False,True
b031849,0.0,False,True
b031850,0.0,False,True
b031851,0.0,False,True
b031852,0.0,False,True
b031853,0.0,False,True
b031854,0.0,False,True
b031855,0.0,False,True
b031856,0.0,False,True
b031857,0.0,False,True
b031858,0.0,False,True
b031859,0.0,False,True
b031860,0.0,False,True
b031861,0.0,False,True
b031862,0.0,False,True
b031863,0.0,False,True
b031864,0.0,False,True
b031865,0.0,False,True
b031866,0.0,False,True
b031867,0.0,False,True
b031868,0.0,False,True
b031869,0.0,False,True
b031870,0.0,False,True
b031871,0.14768363535404205,True,True
b031872,0.0,False,True
b031873,0.0,False,True
b031874,0.0,False,True
b031875,0.0,False,True
b031876,0.0,False,True
b031877,0.0,False,True
b031878,0.0,False,True
b031879,0.0,False,True
b031880,0.0,False,True
b031881,0.0,False,True
b031882,0.0,False,True
b031883,0.0,False,True
b031884,0.152084618806839,True,True
b031885,0.0,False,True
b031886,0.0,False,True
b031887,0.0,False,True
b031888,0.0,False,True
b031889,0.0,False,True
b031890,0.0,False,True
b031891,0.0,False,True
b031892,0.0,False,True
b031893,0.0,False,True
b031894,0.0,False,True
b031895,0.0,False,True
b031896,0.0,False,True
b031897,0.0,False,True
b031898,0.0,False,True
b031899,0.0,False,True
b031900,0.0,False,True
b031901,0.0,False,True
b031902,0.0,False,True
b031903,0.0,False,True
b031904,0.0,False,True
b031905,0.0,False,True
b031906,0.0,False,True
b031907,0.0,False,True
b031908,0.0,False,True
b031909,0.0,False,True
b031910,0.0,False,True
b031911,0.0,False,True
b031912,0.0,False,True
b031913,0.0,False,True
b031914,0.0,False,True
b031915,0.0,False,True
b031916,0.0,False,True
b031917,0.0,False,True
b031918,0.0,False,True
b031919,0.0,False,True
b031920,0.0,False,True
b031921,0.0,False,True
b031922,0.0,False,True
b031923,0.0,False,True
b031924,0.0,False,True
b031925,0.0,False,True
b031926,0.0,False,True
b031927,0.0,False,True
b031928,0.0,False,True
b031929,0.0,False,True
b031930,0.0,False,True
b031931,0.0,False,True
b031932,0.0,False,True
b031933,0.0,False,True
b031934,0.0,False,True
b031935,0.0,False,True
b031936,0.0,False,True
b031937,0.0,False,True
b031938,0.0,False,True
b031939,0.0,False,True
b031940,0.0,False,True
b031941,0.0,False,True
b031942,0.0,False,True
b031943,0.0,False,True
b031944,0.0,False,True
b031945,0.0,False,True
b031946,0.0,False,True
b031947,0.0,False,True
b031948,0.0,False,True
b031949,0.0,False,True
b031950,0.0,False,True
b031951,0.0,False,True
b031952,0.0,False,True
b031953,0.0,False,True
b031954,0.0,False,True
b031955,0.0,False,True
b031956,0.0,False,True
b031957,0.0,False,True
b031958,0.0,False,True
b031959,0.0,False,True
b031960,0.0,False,True
b031961,0.0,False,True
b031962,0.0,False,True
b031963,0.0,False,True
b031964,0.0,False,True
b031965,0.0,False,True
b031966,0.0,False,True
b031967,0.0,False,True
b031968,0.0,False,True
b031969,0.0,False,True
b031970,0.0,False,True
b031971,0.0,False,True
b031972,0.0,False,True
b031973,0.0,False,True
b031974,0.0,False,True
b031975,0.0,False,True
b031976,0.0,False,True
b031977,0.0,False,True
b031978,0.0,False,True
b031979,0.0,False,True
b031980,0.0,False,True
b031981,0.0,False,True
b031982,0.0,False,True
b031983,0.0,False,True
b031984,0.0,False,True
b031985,0.0,False,True
b031986,0.0,False,True
b031987,0.0,False,True
b031988,0.0,False,True
b031989,0.0,False,True
b031990,0.0,False,True
b031991,0.0,False,True
b031992,0.0,False,True
b031993,0.0,False,True
b031994,0.0,False,True
b031995,0.0,False,True
b031996,0.0,False,True
b031997,0.0,False,True
b031998,0.0,False,True
b031999,0.0,False,True
b032000,0.0,False,True
b032001,0.0,False,True
b032002,0.0,False,True
b032003,0.0,False,True
b032004,0.0,False,True
b032005,0.0,False,True
b032006,0.0,False,True
b032007,0.0,False,True
b032008,0.0,False,True
b032009,0.0,False,True
b032010,0.0,False,True
b032011,0.19158226251602173,True,True
b032012,0.0,False,True
b032013,0.0,False,True
b032014,0.0,False,True
b032015,0.0,False,True
b032016,0.0,False,True
b032017,0.0,False,True
b032018,0.0,False,True
b032019,0.0,False,True
b032020,0.0,False,True
b032021,0.0,False,True
b032022,0.0,False,True
b032023,0.0,False,True
b032024,0.0,False,True
b032025,0.0,False,True
b032026,0.0,False,True
b032027,0.0,False,True
b032028,0.0,False,True
b032029,0.0,False,True
b032030,0.0,False,True
b032031,0.0,False,True
b032032,0.0,False,True
b032033,0.0,False,True
b032034,0.26988664269447327,True,True
b032035,0.0,False,True
b032036,0.0,False,True
b032037,0.0,False,True
b032038,0.0,False,True
b032039,0.0,False,True
b032040,0.0,False,True
b032041,0.0,False,True
b032042,0.0,False,True
b032043,0.0,False,True
b032044,0.0,False,True
b032045,0.0,False,True
b032046,0.0,False,True
b032047,0.0,False,True
b032048,0.19405238330364227,True,True
b032049,0.0,False,True
b032050,0.0,False,True
b032051,0.0,False,True
b032052,0.0,False,True
b032053,0.0,False,True
b032054,0.0,False,True
b032055,0.0,False,True
b032056,0.0,False,True
b032057,0.0,False,True
b032058,0.0,False,True
b032059,0.0,False,True
b032060,0.0,False,True
b032061,0.0,False,True
b032062,0.0,False,True
b032063,0.0,False,True
b032064,0.0,False,True
b032065,0.0,False,True
b032066,0.0,False,True
b032067,0.0,False,True
b032068,0.0,False,True
b032069,0.0,False,True
b032070,0.0,False,True
b032071,0.0,False,True
b032072,0.0,False,True
b032073,0.0,False,True
b032074,0.0,False,True
b032075,0.0,False,True
b032076,0.0,False,True
b032077,0.0,False,True
b032078,0.0,False,True
b032079,0.0,False,True
b032080,0.0,False,True
b032081,0.0,False,True
b032082,0.0,False,True
b032083,0.0,False,True
b032084,0.0,False,True
b032085,0.0,False,True
b032086,0.0,False,True
b032087,0.0,False,True
b032088,0.0,False,True
b032089,0.0,False,True
b032090,0.0,False,True
b032091,0.0,False,True
b032092,0.0,False,True
b032093,0.0,False,True
b032094,0.0,False,True
b032095,0.0,False,True
b032096,0.4217519462108612,True,True
b032097,0.0,False,True
b032098,0.0,False,True
b032099,0.0,False,True
b032100,0.0,False,True
b032101,0.0,False,True
b032102,0.0,False,True
b032103,0.0,False,True
b032104,0.0,False,True
b032105,0.1856817603111267,True,True
b032106,0.0,False,True
b032107,0.0,False,True
b032108,0.0,False,True
b032109,0.0,False,True
b032110,0.0,False,True
b032111,0.0,False,True
b032112,0.0,False,True
b032113,0.0,False,True
b032114,0.0,False,True
b032115,0.0,False,True
b032116,0.0,False,True
b032117,0.0,False,True
b032118,0.0,False,True
b032119,0.0,False,True
b032120,0.0,False,True
b032121,0.0,False,True
b032122,0.0,False,True
b032123,0.0,False,True
b032124,0.0,False,True
b032125,0.0,False,True
b032126,0.0,False,True
b032127,0.0,False,True
b032128,0.0,False,True
b032129,0.0,False,True
b032130,0.0,False,True
b032131,0.0,False,True
b032132,0.0,False,True
b032133,0.0,False,True
b032134,0.0,False,True
b032135,0.0,False,True
b032136,0.0,False,True
b032137,0.0,False,True
b032138,0.0,False,True
b032139,0.0,False,True
b032140,0.0,False,True
b032141,0.0,False,True
b032142,0.24725550413131714,True,True
b032143,0.0,False,True
b032144,0.0,False,True
b032145,0.0,False,True
b032146,0.0,False,True
b032147,0.0,False,True
b032148,0.0,False,True
b032149,0.0,False,True
b032150,0.0,False,True
b032151,0.0,False,True
b032152,0.0,False,True
b032153,0.0,False,True
b032154,0.0,False,True
b032155,0.0,False,True
b032156,0.0,False,True
b032157,0.0,False,True
b032158,0.0,False,True
b032159,0.0,False,True
b032160,0.0,False,True
b032161,0.0,False,True
b032162,0.0,False,True
b032163,0.0,False,True
b032164,0.0,False,True
b032165,0.0,False,True
b032166,0.0,False,True
b032167,0.0,False,True
b032168,0.0,False,True
b032169,0.0,False,True
b032170,0.0,False,True
b032171,0.0,False,True
b032172,0.0,False,True
b032173,0.0,False,True
b032174,0.0,False,True
b032175,0.0,False,True
b032176,0.0,False,True
b032177,0.0,False,True
b032178,0.0,False,True
b032179,0.0,False,True
b032180,0.0,False,True
b032181,0.0,False,True
b032182,0.0,False,True
b032183,0.0,False,True
b032184,0.0,False,True
b032185,0.0,False,True
b032186,0.0,False,True
b032187,0.0,False,True
b032188,0.0,False,True
b032189,0.0,False,True
b032190,0.0,False,True
b032191,0.0,False,True
b032192,0.0,False,True
b032193,0.0,False,True
b032194,0.0,False,True
b032195,0.0,False,True
b032196,0.0,False,True
b032197,0.0,False,True
b032198,0.0,False,True
b032199,0.0,False,True
b032200,0.0,False,True
b032201,0.0,False,True
b032202,0.0,False,True
b032203,0.0,False,True
b032204,0.0,False,True
b032205,0.0,False,True
b032206,0.0,False,True
b032207,0.0,False,True
b032208,0.0,False,True
b032209,0.1210736334323883,True,True
b032210,0.0,False,True
b032211,0.0,False,True
b032212,0.0,False,True
b032213,0.0,False,True
b032214,0.0,False,True
b032215,0.0,False,True
b032216,0.0,False,True
b032217,0.0,False,True
b032218,0.0,False,True
b032219,0.0,False,True
b032220,0.0,False,True
b032221,0.0,False,True
b032222,0.0,False,True
b032223,0.0,False,True
b032224,0.0,False,True
b032225,0.0,False,True
b032226,0.0,False,True
b032227,0.0,False,True
b032228,0.0,False,True
b032229,0.0,False,True
b032230,0.0,False,True
b032231,0.0,False,True
b032232,0.0,False,True
b032233,0.0,False,True
b032234,0.0,False,True
b032235,0.0,False,True
b032236,0.0,False,True
b032237,0.0,False,True
b032238,0.0,False,True
b032239,0.0,False,True
b032240,0.0,False,True
b032241,0.0,False,True
b032242,0.0,False,True
b032243,0.0,False,True
b032244,0.0,False,True
b032245,0.0,False,True
b032246,0.0,False,True
b032247,0.0,False,True
b032248,0.0,False,True
b032249,0.0,False,True
b032250,0.0,False,True
b032251,0.0,False,True
b032252,0.0,False,True
b032253,0.0,False,True
b032254,0.0,False,True
b032255,0.0,False,True
b032256,0.0,False,True
b032257,0.0,False,True
b032258,0.0,False,True
b032259,0.0,False,True
b032260,0.0,False,True
b032261,0.0,False,True
b032262,0.0,False,True
b032263,0.0,False,True
b032264,0.0,False,True
b032265,0.0,False,True
b032266,0.0,False,True
b032267,0.0,False,True
b032268,0.0,False,True
b032269,0.0,False,True
b032270,0.0,False,True
b032271,0.0,False,True
b032272,0.0,False,True
b032273,0.0,False,True
b032274,0.0,False,True
b032275,0.0,False,True
b032276,0.0,False,True
b032277,0.0,False,True
b032278,0.0,False,True
b032279,0.0,False,True
b032280,0.0,False,True
b032281,0.0,False,True
b032282,0.0,False,True
b032283,0.0,False,True
b032284,0.0,False,True
b032285,0.0,False,True
b032286,0.0,False,True
b032287,0.0,False,True
b032288,0.0,False,True
b032289,0.0,False,True
b032290,0.0,False,True
b032291,0.0,False,True
b032292,0.0,False,True
b032293,0.0,False,True
b032294,0.0,False,True
b032295,0.0,False,True
b032296,0.0,False,True
b032297,0.0,False,True
b032298,0.0,False,True
b032299,0.0,False,True
b032300,0.0,False,True
b032301,0.0,False,True
b032302,0.0,False,True
b032303,0.0,False,True
b032304,0.0,False,True
b032305,0.0,False,True
b032306,0.0,False,True
b032307,0.0,False,True
b032308,0.0,False,True
b032309,0.0,False,True
b032310,0.0,False,True
b032311,0.0,False,True
b032312,0.0,False,True
b032313,0.0,False,True
b032314,0.0,False,True
b032315,0.0,False,True
b032316,0.0,False,True
b032317,0.0,False,True
b032318,0.0,False,True
b032319,0.0,False,True
b032320,0.0,False,True
b032321,0.0,False,True
b032322,0.0,False,True
b032323,0.0,False,True
b032324,0.0,False,True
b032325,0.2338210791349411,True,True
b032326,0.0,False,True
b032327,0.0,False,True
b032328,0.0,False,True
b032329,0.0,False,True
b032330,0.0,False,True
b032331,0.0,False,True
b032332,0.0,False,True
b032333,0.0,False,True
b032334,0.0,False,True
b032335,0.0,False,True
b032336,0.0,False,True
b032337,0.0,False,True
b032338,0.0,False,True
b032339,0.0,False,True
b032340,0.0,False,True
b032341,0.0,False,True
b032342,0.0,False,True
b032343,0.0,False,True
b032344,0.0,False,True
b032345,0.0,False,True
b032346,0.0,False,True
b032347,0.0,False,True
b032348,0.0,False,True
b032349,0.0,False,True
b032350,0.0,False,True
b032351,0.0,False,True
b032352,0.0,False,True
b032353,0.0,False,True
b032354,0.346020370721817,True,True
b032355,0.0,False,True
b032356,0.0,False,True
b032357,0.10875240713357925,True,True
b032358,0.0,False,True
b032359,0.0,False,True
b032360,0.0,False,True
b032361,0.0,False,True
b032362,0.0,False,True
b032363,0.0,False,True
b032364,0.0,False,True
b032365,0.0,False,True
b032366,0.0,False,True
b032367,0.0,False,True
b032368,0.0,False,True
b032369,0.0,False,True
b032370,0.0,False,True
b032371,0.3969731032848358,True,True
b032372,0.0,False,True
b032373,0.28173279762268066,True,True
b032374,0.0,False,True
b032375,0.0,False,True
b032376,0.0,False,True
b032377,0.0,False,True
b032378,0.0,False,True
b032379,0.0,False,True
b032380,0.0,False,True
b032381,0.0,False,True
b032382,0.0,False,True
b032383,0.0,False,True
b032384,0.0,False,True
b032385,0.0,False,True
b032386,0.0,False,True
b032387,0.0,False,True
b032388,0.0,False,True
b032389,0.0,False,True
b032390,0.0,False,True
b032391,0.0,False,True
b032392,0.0,False,True
b032393,0.0,False,True
b032394,0.0,False,True
b032395,0.0,False,True
b032396,0.0,False,True
b032397,0.0,False,True
b032398,0.0,False,True
b032399,0.0,False,True
b032400,0.0,False,True
b032401,0.0,False,True
b032402,0.0,False,True
b032403,0.0,False,True
b032404,0.0,False,True
b032405,0.0,False,True
b032406,0.0,False,True
b032407,0.1025615781545639,True,True
b032408,0.0,False,True
b032409,0.0,False,True
b032410,0.0,False,True
b032411,0.0,False,True
b032412,0.0,False,True
b032413,0.0,False,True
b032414,0.0,False,True
b032415,0.0,False,True
b032416,0.0,False,True
b032417,0.0,False,True
b032418,0.0,False,True
b032419,0.0,False,True
b032420,0.0,False,True
b032421,0.0,False,True
b032422,0.0,False,True
b032423,0.0,False,True
b032424,0.0,False,True
b032425,0.0,False,True
b032426,0.0,False,True
b032427,0.0,False,True
b032428,0.0,False,True
b032429,0.0,False,True
b032430,0.0,False,True
b032431,0.0,False,True
b032432,0.0,False,True
b032433,0.0,False,True
b032434,0.0,False,True
b032435,0.0,False,True
b032436,0.0,False,True
b032437,0.0,False,True
b032438,0.0,False,True
b032439,0.0,False,True
b032440,0.0,False,True
b032441,0.0,False,True
b032442,0.0,False,True
b032443,0.0,False,True
b032444,0.0,False,True
b032445,0.0,False,True
b032446,0.0,False,True
b032447,0.0,False,True
b032448,0.0,False,True
b032449,0.0,False,True
b032450,0.0,False,True
b032451,0.0,False,True
b032452,0.0,False,True
b032453,0.0,False,True
b032454,0.0,False,True
b032455,0.0,False,True
b032456,0.0,False,True
b032457,0.0,False,True
b032458,0.0,False,True
b032459,0.0,False,True
b032460,0.10110671073198318,True,True
b032461,0.0,False,True
b032462,0.0,False,True
b032463,0.0,False,True
b032464,0.0,False,True
b032465,0.0,False,True
b032466,0.0,False,True
b032467,0.0,False,True
b032468,0.0,False,True
b032469,0.0,False,True
b032470,0.0,False,True
b032471,0.0,False,True
b032472,0.0,False,True
b032473,0.0,False,True
b032474,0.0,False,True
b032475,0.0,False,True
b032476,0.0,False,True
b032477,0.10691872239112854,True,True
b032478,0.0,False,True
b032479,0.0,False,True
b032480,0.0,False,True
b032481,0.0,False,True
b032482,0.16254937648773193,True,True
b032483,0.0,False,True
b032484,0.0,False,True
b032485,0.0,False,True
b032486,0.0,False,True
b032487,0.0,False,True
b032488,0.0,False,True
b032489,0.0,False,True
b032490,0.0,False,True
b032491,0.0,False,True
b032492,0.0,False,True
b032493,0.11358563601970673,True,True
b032494,0.0,False,True
b032495,0.0,False,True
b032496,0.0,False,True
b032497,0.0,False,True
b032498,0.0,False,True
b032499,0.0,False,True
b032500,0.0,False,True
b032501,0.0,False,True
b032502,0.0,False,True
b032503,0.0,False,True
b032504,0.0,False,True
b032505,0.0,False,True
b032506,0.0,False,True
b032507,0.0,False,True
b032508,0.0,False,True
b032509,0.0,False,True
b032510,0.0,False,True
b032511,0.0,False,True
b032512,0.0,False,True
b032513,0.0,False,True
b032514,0.0,False,True
b032515,0.0,False,True
b032516,0.0,False,True
b032517,0.0,False,True
b032518,0.0,False,True
b032519,0.0,False,True
b032520,0.0,False,True
b032521,0.0,False,True
b032522,0.0,False,True
b032523,0.0,False,True
b032524,0.0,False,True
b032525,0.0,False,True
b032526,0.0,False,True
b032527,0.0,False,True
b032528,0.0,False,True
b032529,0.0,False,True
b032530,0.0,False,True
b032531,0.0,False,True
b032532,0.0,False,True
b032533,0.0,False,True
b032534,0.0,False,True
b032535,0.0,False,True
b032536,0.0,False,True
b032537,0.0,False,True
b032538,0.0,False,True
b032539,0.0,False,True
b032540,0.0,False,True
b032541,0.0,False,True
b032542,0.0,False,True
b032543,0.0,False,True
b032544,0.0,False,True
b032545,0.0,False,True
b032546,0.0,False,True
b032547,0.0,False,True
b032548,0.0,False,True
b032549,0.0,False,True
b032550,0.0,False,True
b032551,0.0,False,True
b032552,0.0,False,True
b032553,0.3343428671360016,True,True
b032554,0.0,False,True
b032555,0.0,False,True
b032556,0.0,False,True
b032557,0.0,False,True
b032558,0.13595443964004517,True,True
b032559,0.20780633389949799,True,True
b032560,0.0,False,True
b032561,0.0,False,True
b032562,0.0,False,True
b032563,0.0,False,True
b032564,0.0,False,True
b032565,0.0,False,True
b032566,0.0,False,True
b032567,0.0,False,True
b032568,0.0,False,True
b032569,0.5708325505256653,True,True
b032570,0.0,False,True
b032571,0.0,False,True
b032572,0.0,False,True
b032573,0.0,False,True
b032574,0.0,False,True
b032575,0.0,False,True
b032576,0.0,False,True
b032577,0.0,False,True
b032578,0.0,False,True
b032579,0.0,False,True
b032580,0.0,False,True
b032581,0.0,False,True
b032582,0.0,False,True
b032583,0.0,False,True
b032584,0.0,False,True
b032585,0.0,False,True
b032586,0.0,False,True
b032587,0.0,False,True
b032588,0.0,False,True
b032589,0.0,False,True
b032590,0.0,False,True
b032591,0.0,False,True
b032592,0.0,False,True
b032593,0.0,False,True
b032594,0.0,False,True
b032595,0.0,False,True
b032596,0.0,False,True
b032597,0.0,False,True
b032598,0.0,False,True
b032599,0.0,False,True
b032600,0.0,False,True
b032601,0.0,False,True
b032602,0.0,False,True
b032603,0.0,False,True
b032604,0.0,False,True
b032605,0.0,False,True
b032606,0.0,False,True
b032607,0.0,False,True
b032608,0.0,False,True
b032609,0.0,False,True
b032610,0.0,False,True
b032611,0.0,False,True
b032612,0.0,False,True
b032613,0.0,False,True
b032614,0.0,False,True
b032615,0.0,False,True
b032616,0.0,False,True
b032617,0.0,False,True
b032618,0.0,False,True
b032619,0.0,False,True
b032620,0.0,False,True
b032621,0.0,False,True
b032622,0.0,False,True
b032623,0.0,False,True
b032624,0.0,False,True
b032625,0.0,False,True
b032626,0.0,False,True
b032627,0.0,False,True
b032628,0.0,False,True
b032629,0.0,False,True
b032630,0.0,False,True
b032631,0.0,False,True
b032632,0.0,False,True
b032633,0.0,False,True
b032634,0.0,False,True
b032635,0.0,False,True
b032636,0.0,False,True
b032637,0.0,False,True
b032638,0.0,False,True
b032639,0.0,False,True
b032640,0.0,False,True
b032641,0.0,False,True
b032642,0.0,False,True
b032643,0.0,False,True
b032644,0.0,False,True
b032645,0.0,False,True
b032646,0.0,False,True
b032647,0.2713542580604553,True,True
b032648,0.0,False,True
b032649,0.0,False,True
b032650,0.0,False,True
b032651,0.0,False,True
b032652,0.0,False,True
b032653,0.0,False,True
b032654,0.0,False,True
b032655,0.0,False,True
b032656,0.0,False,True
b032657,0.0,False,True
b032658,0.0,False,True
b032659,0.0,False,True
b032660,0.0,False,True
b032661,0.0,False,True
b032662,0.0,False,True
b032663,0.0,False,True
b032664,0.0,False,True
b032665,0.0,False,True
b032666,0.0,False,True
b032667,0.0,False,True
b032668,0.0,False,True
b032669,0.0,False,True
b032670,0.0,False,True
b032671,0.0,False,True
b032672,0.0,False,True
b032673,0.0,False,True
b032674,0.0,False,True
b032675,0.0,False,True
b032676,0.0,False,True
b032677,0.0,False,True
b032678,0.0,False,True
b032679,0.0,False,True
b032680,0.0,False,True
b032681,0.0,False,True
b032682,0.0,False,True
b032683,0.0,False,True
b032684,0.0,False,True
b032685,0.0,False,True
b032686,0.0,False,True
b032687,0.0,False,True
b032688,0.0,False,True
b032689,0.0,False,True
b032690,0.0,False,True
b032691,0.0,False,True
b032692,0.0,False,True
b032693,0.0,False,True
b032694,0.0,False,True
b032695,0.0,False,True
b032696,0.0,False,True
b032697,0.0,False,True
b032698,0.0,False,True
b032699,0.2839830219745636,True,True
b032700,0.0,False,True
b032701,0.0,False,True
b032702,0.0,False,True
b032703,0.0,False,True
b032704,0.0,False,True
b032705,0.0,False,True
b032706,0.0,False,True
b032707,0.0,False,True
b032708,0.0,False,True
b032709,0.0,False,True
b032710,0.0,False,True
b032711,0.0,False,True
b032712,0.0,False,True
b032713,0.21114219725131989,True,True
b032714,0.0,False,True
b032715,0.0,False,True
b032716,0.0,False,True
b032717,0.0,False,True
b032718,0.0,False,True
b032719,0.0,False,True
b032720,0.0,False,True
b032721,0.0,False,True
b032722,0.0,False,True
b032723,0.0,False,True
b032724,0.0,False,True
b032725,0.0,False,True
b032726,0.0,False,True
b032727,0.0,False,True
b032728,0.0,False,True
b032729,0.0,False,True
b032730,0.13185586035251617,True,True
b032731,0.0,False,True
b032732,0.0,False,True
b032733,0.0,False,True
b032734,0.0,False,True
b032735,0.0,False,True
b032736,0.0,False,True
b032737,0.0,False,True
b032738,0.0,False,True
b032739,0.0,False,True
b032740,0.0,False,True
b032741,0.0,False,True
b032742,0.0,False,True
b032743,0.0,False,True
b032744,0.0,False,True
b032745,0.0,False,True
b032746,0.0,False,True
b032747,0.0,False,True
b032748,0.0,False,True
b032749,0.0,False,True
b032750,0.0,False,True
b032751,0.0,False,True
b032752,0.0,False,True
b032753,0.0,False,True
b032754,0.0,False,True
b032755,0.0,False,True
b032756,0.0,False,True
b032757,0.0,False,True
b032758,0.0,False,True
b032759,0.0,False,True
b032760,0.0,False,True
b032761,0.0,False,True
b032762,0.0,False,True
b032763,0.5730374455451965,True,True
b032764,0.0,False,True
b032765,0.0,False,True
b032766,0.0,False,True
b032767,0.0,False,True
b032768,0.0,False,True
b032769,0.0,False,True
b032770,0.0,False,True
b032771,0.0,False,True
b032772,0.0,False,True
b032773,0.0,False,True
b032774,0.0,False,True
b032775,0.0,False,True
b032776,0.0,False,True
b032777,0.0,False,True
b032778,0.0,False,True
b032779,0.0,False,True
b032780,0.0,False,True
b032781,0.0,False,True
b032782,0.0,False,True
b032783,0.0,False,True
b032784,0.11573479324579239,True,True
b032785,0.0,False,True
b032786,0.0,False,True
b032787,0.0,False,True
b032788,0.0,False,True
b032789,0.0,False,True
b032790,0.0,False,True
b032791,0.0,False,True
b032792,0.0,False,True
b032793,0.0,False,True
b032794,0.0,False,True
b032795,0.0,False,True
b032796,0.0,False,True
b032797,0.21886342763900757,True,True
b032798,0.14907902479171753,True,True
b032799,0.0,False,True
b032800,0.0,False,True
b032801,0.0,False,True
b032802,0.0,False,True
b032803,0.0,False,True
b032804,0.0,False,True
b032805,0.0,False,True
b032806,0.0,False,True
b032807,0.0,False,True
b032808,0.0,False,True
b032809,0.0,False,True
b032810,0.0,False,True
b032811,0.0,False,True
b032812,0.0,False,True
b032813,0.0,False,True
b032814,0.0,False,True
b032815,0.0,False,True
b032816,0.0,False,True
b032817,0.0,False,True
b032818,0.0,False,True
b032819,0.0,False,True
b032820,0.0,False,True
b032821,0.0,False,True
b032822,0.10757825523614883,True,True
b032823,0.2903270125389099,True,True
b032824,0.0,False,True
b032825,0.0,False,True
b032826,0.0,False,True
b032827,0.0,False,True
b032828,0.0,False,True
b032829,0.0,False,True
b032830,0.0,False,True
b032831,0.0,False,True
b032832,0.0,False,True
b032833,0.0,False,True
b032834,0.0,False,True
b032835,0.0,False,True
b032836,0.0,False,True
b032837,0.0,False,True
b032838,0.0,False,True
b032839,0.0,False,True
b032840,0.0,False,True
b032841,0.0,False,True
b032842,0.0,False,True
b032843,0.0,False,True
b032844,0.0,False,True
b032845,0.0,False,True
b032846,0.0,False,True
b032847,0.0,False,True
b032848,0.7735763192176819,True,True
b032849,0.0,False,True
b032850,0.0,False,True
b032851,0.0,False,True
b032852,0.0,False,True
b032853,0.0,False,True
b032854,0.0,False,True
b032855,0.0,False,True
b032856,0.0,False,True
b032857,0.0,False,True
b032858,0.0,False,True
b032859,0.0,False,True
b032860,0.0,False,True
b032861,0.0,False,True
b032862,0.0,False,True
b032863,0.0,False,True
b032864,0.0,False,True
b032865,0.0,False,True
b032866,0.0,False,True
b032867,0.0,False,True
b032868,0.0,False,True
b032869,0.0,False,True
b032870,0.0,False,True
b032871,0.0,False,True
b032872,0.0,False,True
b032873,0.0,False,True
b032874,0.0,False,True
b032875,0.0,False,True
b032876,0.0,False,True
b032877,0.0,False,True
b032878,0.0,False,True
b032879,0.0,False,True
b032880,0.0,False,True
b032881,0.0,False,True
b032882,0.0,False,True
b032883,0.0,False,True
b032884,0.0,False,True
b032885,0.0,False,True
b032886,0.0,False,True
b032887,0.0,False,True
b032888,0.0,False,True
b032889,0.0,False,True
b032890,0.0,False,True
b032891,0.0,False,True
b032892,0.0,False,True
b032893,0.0,False,True
b032894,0.0,False,True
b032895,0.0,False,True
b032896,0.0,False,True
b032897,0.0,False,True
b032898,0.0,False,True
b032899,0.0,False,True
b032900,0.0,False,True
b032901,0.0,False,True
b032902,0.0,False,True
b032903,0.0,False,True
b032904,0.0,False,True
b032905,0.0,False,True
b032906,0.0,False,True
b032907,0.0,False,True
b032908,0.0,False,True
b032909,0.22839052975177765,True,True
b032910,0.0,False,True
b032911,0.0,False,True
b032912,0.0,False,True
b032913,0.0,False,True
b032914,0.0,False,True
b032915,0.0,False,True
b032916,0.0,False,True
b032917,0.0,False,True
b032918,0.0,False,True
b032919,0.0,False,True
b032920,0.0,False,True
b032921,0.0,False,True
b032922,0.0,False,True
b032923,0.0,False,True
b032924,0.0,False,True
b032925,0.0,False,True
b032926,0.6590976119041443,True,True
b032927,0.0,False,True
b032928,0.0,False,True
b032929,0.0,False,True
b032930,0.0,False,True
b032931,0.0,False,True
b032932,0.0,False,True
b032933,0.0,False,True
b032934,0.0,False,True
b032935,0.0,False,True
b032936,0.0,False,True
b032937,0.0,False,True
b032938,0.0,False,True
b032939,0.0,False,True
b032940,0.0,False,True
b032941,0.0,False,True
b032942,0.0,False,True
b032943,0.0,False,True
b032944,0.0,False,True
b032945,0.0,False,True
b032946,0.0,False,True
b032947,0.0,False,True
b032948,0.0,False,True
b032949,0.17285847663879395,True,True
b032950,0.0,False,True
b032951,0.0,False,True
b032952,0.0,False,True
b032953,0.0,False,True
b032954,0.16883808374404907,True,True
b032955,0.0,False,True
b032956,0.0,False,True
b032957,0.0,False,True
b032958,0.0,False,True
b032959,0.0,False,True
b032960,0.0,False,True
b032961,0.0,False,True
b032962,0.0,False,True
b032963,0.0,False,True
b032964,0.0,False,True
b032965,0.0,False,True
b032966,0.0,False,True
b032967,0.0,False,True
b032968,0.0,False,True
b032969,0.0,False,True
b032970,0.0,False,True
b032971,0.0,False,True
b032972,0.0,False,True
b032973,0.0,False,True
b032974,0.0,False,True
b032975,0.0,False,True
b032976,0.0,False,True
b032977,0.0,False,True
b032978,0.0,False,True
b032979,0.0,False,True
b032980,0.0,False,True
b032981,0.0,False,True
b032982,0.0,False,True
b032983,0.0,False,True
b032984,0.0,False,True
b032985,0.0,False,True
b032986,0.0,False,True
b032987,0.0,False,True
b032988,0.0,False,True
b032989,0.0,False,True
b032990,0.0,False,True
b032991,0.0,False,True
b032992,0.0,False,True
b032993,0.0,False,True
b032994,0.0,False,True
b032995,0.0,False,True
b032996,0.0,False,True
b032997,0.0,False,True
b032998,0.0,False,True
b032999,0.0,False,True
b033000,0.0,False,True
b033001,0.0,False,True
b033002,0.0,False,True
b033003,0.0,False,True
b033004,0.0,False,True
b033005,0.0,False,True
b033006,0.0,False,True
b033007,0.0,False,True
b033008,0.0,False,True
b033009,0.0,False,True
b033010,0.0,False,True
b033011,0.0,False,True
b033012,0.0,False,True
b033013,0.0,False,True
b033014,0.0,False,True
b033015,0.0,False,True
b033016,0.0,False,True
b033017,0.0,False,True
b033018,0.0,False,True
b033019,0.0,False,True
b033020,0.0,False,True
b033021,0.0,False,True
b033022,0.0,False,True
b033023,0.0,False,True
b033024,0.0,False,True
b033025,0.0,False,True
b033026,0.0,False,True
b033027,0.0,False,True
b033028,0.0,False,True
b033029,0.0,False,True
b033030,0.0,False,True
b033031,0.0,False,True
b033032,0.0,False,True
b033033,0.0,False,True
b033034,0.0,False,True
b033035,0.0,False,True
b033036,0.0,False,True
b033037,0.0,False,True
b033038,0.0,False,True
b033039,0.0,False,True
b033040,0.0,False,True
b033041,0.0,False,True
b033042,0.0,False,True
b033043,0.0,False,True
b033044,0.0,False,True
b033045,0.0,False,True
b033046,0.0,False,True
b033047,0.0,False,True
b033048,0.0,False,True
b033049,0.0,False,True
b033050,0.0,False,True
b033051,0.0,False,True
b033052,0.0,False,True
b033053,0.2588435113430023,True,True
b033054,0.0,False,True
b033055,0.0,False,True
b033056,0.0,False,True
b033057,0.0,False,True
b033058,0.0,False,True
b033059,0.0,False,True
b033060,0.0,False,True
b033061,0.0,False,True
b033062,0.0,False,True
b033063,0.0,False,True
b033064,0.0,False,True
b033065,0.0,False,True
b033066,0.0,False,True
b033067,0.0,False,True
b033068,0.0,False,True
b033069,0.0,False,True
b033070,0.0,False,True
b033071,0.0,False,True
b033072,0.0,False,True
b033073,0.0,False,True
b033074,0.0,False,True
b033075,0.0,False,True
b033076,0.0,False,True
b033077,0.181274875998497,True,True
b033078,0.0,False,True
b033079,0.0,False,True
b033080,0.0,False,True
b033081,0.0,False,True
b033082,0.0,False,True
b033083,0.0,False,True
b033084,0.0,False,True
b033085,0.0,False,True
b033086,0.0,False,True
b033087,0.0,False,True
b033088,0.6062279343605042,True,True
b033089,0.0,False,True
b033090,0.0,False,True
b033091,0.0,False,True
b033092,0.0,False,True
b033093,0.0,False,True
b033094,0.0,False,True
b033095,0.0,False,True
b033096,0.0,False,True
b033097,0.0,False,True
b033098,0.0,False,True
b033099,0.0,False,True
b033100,0.0,False,True
b033101,0.0,False,True
b033102,0.0,False,True
b033103,0.0,False,True
b033104,0.0,False,True
b033105,0.0,False,True
b033106,0.0,False,True
b033107,0.0,False,True
b033108,0.0,False,True
b033109,0.0,False,True
b033110,0.0,False,True
b033111,0.0,False,True
b033112,0.0,False,True
b033113,0.0,False,True
b033114,0.0,False,True
b033115,0.0,False,True
b033116,0.0,False,True
b033117,0.0,False,True
b033118,0.0,False,True
b033119,0.2939566969871521,True,True
b033120,0.0,False,True
b033121,0.0,False,True
b033122,0.0,False,True
b033123,0.0,False,True
b033124,0.0,False,True
b033125,0.0,False,True
b033126,0.0,False,True
b033127,0.0,False,True
b033128,0.0,False,True
b033129,0.0,False,True
b033130,0.0,False,True
b033131,0.0,False,True
b033132,0.0,False,True
b033133,0.0,False,True
b033134,0.21035484969615936,True,True
b033135,0.0,False,True
b033136,0.0,False,True
b033137,0.0,False,True
b033138,0.0,False,True
b033139,0.0,False,True
b033140,0.0,False,True
b033141,0.0,False,True
b033142,0.0,False,True
b033143,0.0,False,True
b033144,0.0,False,True
b033145,0.0,False,True
b033146,0.0,False,True
b033147,0.0,False,True
b033148,0.0,False,True
b033149,0.0,False,True
b033150,0.0,False,True
b033151,0.0,False,True
b033152,0.0,False,True
b033153,0.0,False,True
b033154,0.0,False,True
b033155,0.0,False,True
b033156,0.0,False,True
b033157,0.0,False,True
b033158,0.0,False,True
b033159,0.0,False,True
b033160,0.1309220939874649,True,True
b033161,0.0,False,True
b033162,0.0,False,True
b033163,0.0,False,True
b033164,0.0,False,True
b033165,0.0,False,True
b033166,0.0,False,True
b033167,0.0,False,True
b033168,0.0,False,True
b033169,0.0,False,True
b033170,0.0,False,True
b033171,0.0,False,True
b033172,0.0,False,True
b033173,0.0,False,True
b033174,0.0,False,True
b033175,0.0,False,True
b033176,0.0,False,True
b033177,0.0,False,True
b033178,0.0,False,True
b033179,0.0,False,True
b033180,0.14295361936092377,True,True
b033181,0.0,False,True
b033182,0.0,False,True
b033183,0.0,False,True
b033184,0.0,False,True
b033185,0.0,False,True
b033186,0.0,False,True
b033187,0.0,False,True
b033188,0.0,False,True
b033189,0.0,False,True
b033190,0.0,False,True
b033191,0.0,False,True
b033192,0.12344065308570862,True,True
b033193,0.0,False,True
b033194,0.0,False,True
b033195,0.0,False,True
b033196,0.14078561961650848,True,True
b033197,0.10237378627061844,True,True
b033198,0.0,False,True
b033199,0.0,False,True
b033200,0.0,False,True
b033201,0.0,False,True
b033202,0.0,False,True
b033203,0.0,False,True
b033204,0.0,False,True
b033205,0.0,False,True
b033206,0.0,False,True
b033207,0.0,False,True
b033208,0.0,False,True
b033209,0.0,False,True
b033210,0.0,False,True
b033211,0.0,False,True
b033212,0.0,False,True
b033213,0.0,False,True
b033214,0.0,False,True
b033215,0.0,False,True
b033216,0.0,False,True
b033217,0.20709793269634247,True,True
b033218,0.0,False,True
b033219,0.0,False,True
b033220,0.0,False,True
b033221,0.1725577414035797,True,True
b033222,0.0,False,True
b033223,0.0,False,True
b033224,0.0,False,True
b033225,0.0,False,True
b033226,0.0,False,True
b033227,0.0,False,True
b033228,0.0,False,True
b033229,0.0,False,True
b033230,0.0,False,True
b033231,0.0,False,True
b033232,0.0,False,True
b033233,0.0,False,True
b033234,0.0,False,True
b033235,0.0,False,True
b033236,0.0,False,True
b033237,0.0,False,True
b033238,0.0,False,True
b033239,0.0,False,True
b033240,0.0,False,True
b033241,0.0,False,True
b033242,0.0,False,True
b033243,0.0,False,True
b033244,0.0,False,True
b033245,0.0,False,True
b033246,0.0,False,True
b033247,0.0,False,True
b033248,0.0,False,True
b033249,0.0,False,True
b033250,0.0,False,True
b033251,0.0,False,True
b033252,0.0,False,True
b033253,0.0,False,True
b033254,0.0,False,True
b033255,0.0,False,True
b033256,0.0,False,True
b033257,0.0,False,True
b033258,0.0,False,True
b033259,0.0,False,True
b033260,0.0,False,True
b033261,0.0,False,True
b033262,0.0,False,True
b033263,0.0,False,True
b033264,0.0,False,True
b033265,0.0,False,True
b033266,0.0,False,True
b033267,0.0,False,True
b033268,0.0,False,True
b033269,0.0,False,True
b033270,0.0,False,True
b033271,0.0,False,True
b033272,0.5227182507514954,True,True
b033273,0.0,False,True
b033274,0.0,False,True
b033275,0.0,False,True
b033276,0.0,False,True
b033277,0.0,False,True
b033278,0.0,False,True
b033279,0.0,False,True
b033280,0.0,False,True
b033281,0.0,False,True
b033282,0.0,False,True
b033283,0.0,False,True
b033284,0.0,False,True
b033285,0.0,False,True
b033286,0.0,False,True
b033287,0.0,False,True
b033288,0.0,False,True
b033289,0.0,False,True
b033290,0.1616847962141037,True,True
b033291,0.0,False,True
b033292,0.0,False,True
b033293,0.0,False,True
b033294,0.0,False,True
b033295,0.0,False,True
b033296,0.0,False,True
b033297,0.0,False,True
b033298,0.0,False,True
b033299,0.0,False,True
b033300,0.0,False,True
b033301,0.0,False,True
b033302,0.0,False,True
b033303,0.0,False,True
b033304,0.10938982665538788,True,True
b033305,0.0,False,True
b033306,0.0,False,True
b033307,0.0,False,True
b033308,0.0,False,True
b033309,0.0,False,True
b033310,0.0,False,True
b033311,0.0,False,True
b033312,0.0,False,True
b033313,0.0,False,True
b033314,0.0,False,True
b033315,0.0,False,True
b033316,0.0,False,True
b033317,0.0,False,True
b033318,0.0,False,True
b033319,0.0,False,True
b033320,0.0,False,True
b033321,0.0,False,True
b033322,0.0,False,True
b033323,0.0,False,True
b033324,0.0,False,True
b033325,0.0,False,True
b033326,0.0,False,True
b033327,0.0,False,True
b033328,0.0,False,True
b033329,0.0,False,True
b033330,0.0,False,True
b033331,0.0,False,True
b033332,0.0,False,True
b033333,0.0,False,True
b033334,0.0,False,True
b033335,0.0,False,True
b033336,0.0,False,True
b033337,0.0,False,True
b033338,0.0,False,True
b033339,0.0,False,True
b033340,0.0,False,True
b033341,0.0,False,True
b033342,0.0,False,True
b033343,0.251377135515213,True,True
b033344,0.0,False,True
b033345,0.0,False,True
b033346,0.0,False,True
b033347,0.0,False,True
b033348,0.0,False,True
b033349,0.0,False,True
b033350,0.0,False,True
b033351,0.0,False,True
b033352,0.48423779010772705,True,True
b033353,0.0,False,True
b033354,0.0,False,True
b033355,0.0,False,True
b033356,0.0,False,True
b033357,0.0,False,True
b033358,0.20989014208316803,True,True
b033359,0.0,False,True
b033360,0.0,False,True
b033361,0.0,False,True
b033362,0.0,False,True
b033363,0.0,False,True
b033364,0.0,False,True
b033365,0.0,False,True
b033366,0.0,False,True
b033367,0.0,False,True
b033368,0.0,False,True
b033369,0.0,False,True
b033370,0.0,False,True
b033371,0.0,False,True
b033372,0.0,False,True
b033373,0.0,False,True
b033374,0.15005187690258026,True,True
b033375,0.0,False,True
b033376,0.0,False,True
b033377,0.0,False,True
b033378,0.0,False,True
b033379,0.0,False,True
b033380,0.0,False,True
b033381,0.0,False,True
b033382,0.0,False,True
b033383,0.0,False,True
b033384,0.0,False,True
b033385,0.0,False,True
b033386,0.0,False,True
b033387,0.0,False,True
b033388,0.0,False,True
b033389,0.0,False,True
b033390,0.0,False,True
b033391,0.0,False,True
b033392,0.0,False,True
b033393,0.0,False,True
b033394,0.0,False,True
b033395,0.0,False,True
b033396,0.0,False,True
b033397,0.0,False,True
b033398,0.0,False,True
b033399,0.0,False,True
b033400,0.0,False,True
b033401,0.0,False,True
b033402,0.0,False,True
b033403,0.0,False,True
b033404,0.0,False,True
b033405,0.0,False,True
b033406,0.0,False,True
b033407,0.0,False,True
b033408,0.0,False,True
b033409,0.0,False,True
b033410,0.0,False,True
b033411,0.0,False,True
b033412,0.0,False,True
b033413,0.0,False,True
b033414,0.0,False,True
b033415,0.0,False,True
b033416,0.0,False,True
b033417,0.0,False,True
b033418,0.0,False,True
b033419,0.0,False,True
b033420,0.0,False,True
b033421,0.0,False,True
b033422,0.0,False,True
b033423,0.0,False,True
b033424,0.0,False,True
b033425,0.0,False,True
b033426,0.0,False,True
b033427,0.0,False,True
b033428,0.0,False,True
b033429,0.0,False,True
b033430,0.0,False,True
b033431,0.0,False,True
b033432,0.0,False,True
b033433,0.0,False,True
b033434,0.0,False,True
b033435,0.0,False,True
b033436,0.0,False,True
b033437,0.0,False,True
b033438,0.0,False,True
b033439,0.0,False,True
b033440,0.0,False,True
b033441,0.0,False,True
b033442,0.0,False,True
b033443,0.0,False,True
b033444,0.0,False,True
b033445,0.0,False,True
b033446,0.0,False,True
b033447,0.0,False,True
b033448,0.0,False,True
b033449,0.0,False,True
b033450,0.0,False,True
b033451,0.0,False,True
b033452,0.0,False,True
b033453,0.0,False,True
b033454,0.0,False,True
b033455,0.0,False,True
b033456,0.0,False,True
b033457,0.0,False,True
b033458,0.0,False,True
b033459,0.0,False,True
b033460,0.0,False,True
b033461,0.0,False,True
b033462,0.0,False,True
b033463,0.0,False,True
b033464,0.0,False,True
b033465,0.0,False,True
b033466,0.0,False,True
b033467,0.0,False,True
b033468,0.0,False,True
b033469,0.0,False,True
b033470,0.0,False,True
b033471,0.0,False,True
b033472,0.0,False,True
b033473,0.0,False,True
b033474,0.0,False,True
b033475,0.0,False,True
b033476,0.1334175318479538,True,True
b033477,0.0,False,True
b033478,0.0,False,True
b033479,0.0,False,True
b033480,0.0,False,True
b033481,0.0,False,True
b033482,0.0,False,True
b033483,0.0,False,True
b033484,0.0,False,True
b033485,0.0,False,True
b033486,0.0,False,True
b033487,0.0,False,True
b033488,0.0,False,True
b033489,0.0,False,True
b033490,0.0,False,True
b033491,0.0,False,True
b033492,0.0,False,True
b033493,0.0,False,True
b033494,0.0,False,True
b033495,0.0,False,True
b033496,0.0,False,True
b033497,0.0,False,True
b033498,0.0,False,True
b033499,0.0,False,True
b033500,0.0,False,True
b033501,0.0,False,True
b033502,0.0,False,True
b033503,0.0,False,True
b033504,0.0,False,True
b033505,0.0,False,True
b033506,0.0,False,True
b033507,0.0,False,True
b033508,0.0,False,True
b033509,0.0,False,True
b033510,0.0,False,True
b033511,0.0,False,True
b033512,0.0,False,True
b033513,0.0,False,True
b033514,0.0,False,True
b033515,0.0,False,True
b033516,0.0,False,True
b033517,0.0,False,True
b033518,0.0,False,True
b033519,0.0,False,True
b033520,0.0,False,True
b033521,0.0,False,True
b033522,0.0,False,True
b033523,0.0,False,True
b033524,0.0,False,True
b033525,0.0,False,True
b033526,0.0,False,True
b033527,0.0,False,True
b033528,0.0,False,True
b033529,0.0,False,True
b033530,0.0,False,True
b033531,0.0,False,True
b033532,0.0,False,True
b033533,0.0,False,True
b033534,0.0,False,True
b033535,0.0,False,True
b033536,0.0,False,True
b033537,0.0,False,True
b033538,0.0,False,True
b033539,0.0,False,True
b033540,0.0,False,True
b033541,0.0,False,True
b033542,0.0,False,True
b033543,0.0,False,True
b033544,0.0,False,True
b033545,0.0,False,True
b033546,0.0,False,True
b033547,0.0,False,True
b033548,0.0,False,True
b033549,0.0,False,True
b033550,0.0,False,True
b033551,0.40733203291893005,True,True
b033552,0.0,False,True
b033553,0.0,False,True
b033554,0.0,False,True
b033555,0.0,False,True
b033556,0.0,False,True
b033557,0.0,False,True
b033558,0.0,False,True
b033559,0.0,False,True
b033560,0.153132364153862,True,True
b033561,0.0,False,True
b033562,0.0,False,True
b033563,0.0,False,True
b033564,0.0,False,True
b033565,0.0,False,True
b033566,0.0,False,True
b033567,0.0,False,True
b033568,0.0,False,True
b033569,0.0,False,True
b033570,0.0,False,True
b033571,0.0,False,True
b033572,0.0,False,True
b033573,0.0,False,True
b033574,0.0,False,True
b033575,0.19116269052028656,True,True
b033576,0.0,False,True
b033577,0.0,False,True
b033578,0.0,False,True
b033579,0.0,False,True
b033580,0.0,False,True
b033581,0.0,False,True
b033582,0.0,False,True
b033583,0.0,False,True
b033584,0.0,False,True
b033585,0.0,False,True
b033586,0.0,False,True
b033587,0.0,False,True
b033588,0.0,False,True
b033589,0.0,False,True
b033590,0.0,False,True
b033591,0.0,False,True
b033592,0.0,False,True
b033593,0.0,False,True
b033594,0.0,False,True
b033595,0.0,False,True
b033596,0.0,False,True
b033597,0.0,False,True
b033598,0.0,False,True
b033599,0.0,False,True
b033600,0.0,False,True
b033601,0.0,False,True
b033602,0.0,False,True
b033603,0.0,False,True
b033604,0.0,False,True
b033605,0.0,False,True
b033606,0.0,False,True
b033607,0.0,False,True
b033608,0.0,False,True
b033609,0.0,False,True
b033610,0.0,False,True
b033611,0.0,False,True
b033612,0.0,False,True
b033613,0.0,False,True
b033614,0.0,False,True
b033615,0.11585067957639694,True,True
b033616,0.0,False,True
b033617,0.0,False,True
b033618,0.0,False,True
b033619,0.0,False,True
b033620,0.0,False,True
b033621,0.0,False,True
b033622,0.0,False,True
b033623,0.0,False,True
b033624,0.0,False,True
b033625,0.1139974445104599,True,True
b033626,0.0,False,True
b033627,0.0,False,True
b033628,0.0,False,True
b033629,0.0,False,True
b033630,0.0,False,True
b033631,0.0,False,True
b033632,0.0,False,True
b033633,0.0,False,True
b033634,0.1981959193944931,True,True
b033635,0.0,False,True
b033636,0.0,False,True
b033637,0.0,False,True
b033638,0.0,False,True
b033639,0.0,False,True
b033640,0.0,False,True
b033641,0.0,False,True
b033642,0.0,False,True
b033643,0.0,False,True
b033644,0.1384572982788086,True,True
b033645,0.0,False,True
b033646,0.0,False,True
b033647,0.27182865142822266,True,True
b033648,0.0,False,True
b033649,0.0,False,True
b033650,0.0,False,True
b033651,0.0,False,True
b033652,0.2781101167201996,True,True
b033653,0.0,False,True
b033654,0.0,False,True
b033655,0.0,False,True
b033656,0.0,False,True
b033657,0.0,False,True
b033658,0.0,False,True
b033659,0.0,False,True
b033660,0.0,False,True
b033661,0.0,False,True
b033662,0.0,False,True
b033663,0.0,False,True
b033664,0.0,False,True
b033665,0.0,False,True
b033666,0.0,False,True
b033667,0.0,False,True
b033668,0.0,False,True
b033669,0.4701017737388611,True,True
b033670,0.0,False,True
b033671,0.0,False,True
b033672,0.0,False,True
b033673,0.0,False,True
b033674,0.2270260453224182,True,True
b033675,0.0,False,True
b033676,0.0,False,True
b033677,0.0,False,True
b033678,0.0,False,True
b033679,0.0,False,True
b033680,0.0,False,True
b033681,0.0,False,True
b033682,0.0,False,True
b033683,0.0,False,True
b033684,0.0,False,True
b033685,0.0,False,True
b033686,0.0,False,True
b033687,0.0,False,True
b033688,0.4273754954338074,True,True
b033689,0.0,False,True
b033690,0.0,False,True
b033691,0.0,False,True
b033692,0.0,False,True
b033693,0.0,False,True
b033694,0.0,False,True
b033695,0.0,False,True
b033696,0.0,False,True
b033697,0.0,False,True
b033698,0.15829037129878998,True,True
b033699,0.0,False,True
b033700,0.0,False,True
b033701,0.28074347972869873,True,True
b033702,0.0,False,True
b033703,0.0,False,True
b033704,0.0,False,True
b033705,0.0,False,True
b033706,0.0,False,True
b033707,0.0,False,True
b033708,0.0,False,True
b033709,0.0,False,True
b033710,0.0,False,True
b033711,0.0,False,True
b033712,0.0,False,True
b033713,0.0,False,True
b033714,0.0,False,True
b033715,0.0,False,True
b033716,0.0,False,True
b033717,0.0,False,True
b033718,0.0,False,True
b033719,0.12235257774591446,True,True
b033720,0.0,False,True
b033721,0.2951677143573761,True,True
b033722,0.0,False,True
b033723,0.0,False,True
b033724,0.0,False,True
b033725,0.0,False,True
b033726,0.0,False,True
b033727,0.0,False,True
b033728,0.3105565309524536,True,True
b033729,0.0,False,True
b033730,0.0,False,True
b033731,0.11914736032485962,True,True
b033732,0.0,False,True
b033733,0.0,False,True
b033734,0.0,False,True
b033735,0.0,False,True
b033736,0.0,False,True
b033737,0.0,False,True
b033738,0.0,False,True
b033739,0.2465544193983078,True,True
b033740,0.0,False,True
b033741,0.0,False,True
b033742,0.0,False,True
b033743,0.0,False,True
b033744,0.13727277517318726,True,True
b033745,0.0,False,True
b033746,0.0,False,True
b033747,0.0,False,True
b033748,0.0,False,True
b033749,0.0,False,True
b033750,0.0,False,True
b033751,0.0,False,True
b033752,0.0,False,True
b033753,0.0,False,True
b033754,0.0,False,True
b033755,0.0,False,True
b033756,0.0,False,True
b033757,0.0,False,True
b033758,0.0,False,True
b033759,0.0,False,True
b033760,0.0,False,True
b033761,0.0,False,True
b033762,0.0,False,True
b033763,0.0,False,True
b033764,0.0,False,True
b033765,0.0,False,True
b033766,0.0,False,True
b033767,0.0,False,True
b033768,0.0,False,True
b033769,0.0,False,True
b033770,0.0,False,True
b033771,0.0,False,True
b033772,0.0,False,True
b033773,0.0,False,True
b033774,0.0,False,True
b033775,0.0,False,True
b033776,0.0,False,True
b033777,0.0,False,True
b033778,0.0,False,True
b033779,0.0,False,True
b033780,0.0,False,True
b033781,0.0,False,True
b033782,0.0,False,True
b033783,0.0,False,True
b033784,0.0,False,True
b033785,0.0,False,True
b033786,0.0,False,True
b033787,0.0,False,True
b033788,0.0,False,True
b033789,0.0,False,True
b033790,0.0,False,True
b033791,0.0,False,True
b033792,0.0,False,True
b033793,0.0,False,True
b033794,0.0,False,True
b033795,0.0,False,True
b033796,0.0,False,True
b033797,0.0,False,True
b033798,0.0,False,True
b033799,0.0,False,True
b033800,0.0,False,True
b033801,0.0,False,True
b033802,0.0,False,True
b033803,0.43770378828048706,True,True
b033804,0.0,False,True
b033805,0.0,False,True
b033806,0.0,False,True
b033807,0.11969135701656342,True,True
b033808,0.0,False,True
b033809,0.0,False,True
b033810,0.0,False,True
b033811,0.0,False,True
b033812,0.0,False,True
b033813,0.0,False,True
b033814,0.0,False,True
b033815,0.0,False,True
b033816,0.0,False,True
b033817,0.0,False,True
b033818,0.0,False,True
b033819,0.0,False,True
b033820,0.0,False,True
b033821,0.0,False,True
b033822,0.0,False,True
b033823,0.0,False,True
b033824,0.0,False,True
b033825,0.0,False,True
b033826,0.0,False,True
b033827,0.0,False,True
b033828,0.0,False,True
b033829,0.0,False,True
b033830,0.0,False,True
b033831,0.0,False,True
b033832,0.1282648891210556,True,True
b033833,0.0,False,True
b033834,0.0,False,True
b033835,0.0,False,True
b033836,0.0,False,True
b033837,0.0,False,True
b033838,0.0,False,True
b033839,0.0,False,True
b033840,0.0,False,True
b033841,0.0,False,True
b033842,0.7261024713516235,True,True
b033843,0.0,False,True
b033844,0.0,False,True
b033845,0.0,False,True
b033846,0.0,False,True
b033847,0.0,False,True
b033848,0.0,False,True
b033849,0.0,False,True
b033850,0.0,False,True
b033851,0.0,False,True
b033852,0.0,False,True
b033853,0.0,False,True
b033854,0.0,False,True
b033855,0.0,False,True
b033856,0.0,False,True
b033857,0.0,False,True
b033858,0.0,False,True
b033859,0.0,False,True
b033860,0.0,False,True
b033861,0.0,False,True
b033862,0.0,False,True
b033863,0.0,False,True
b033864,0.0,False,True
b033865,0.0,False,True
b033866,0.0,False,True
b033867,0.0,False,True
b033868,0.0,False,True
b033869,0.0,False,True
b033870,0.0,False,True
b033871,0.4097216725349426,True,True
b033872,0.0,False,True
b033873,0.0,False,True
b033874,0.0,False,True
b033875,0.0,False,True
b033876,0.0,False,True
b033877,0.0,False,True
b033878,0.0,False,True
b033879,0.0,False,True
b033880,0.0,False,True
b033881,0.0,False,True
b033882,0.0,False,True
b033883,0.0,False,True
b033884,0.0,False,True
b033885,0.0,False,True
b033886,0.0,False,True
b033887,0.0,False,True
b033888,0.0,False,True
b033889,0.0,False,True
b033890,0.0,False,True
b033891,0.0,False,True
b033892,0.0,False,True
b033893,0.0,False,True
b033894,0.0,False,True
b033895,0.0,False,True
b033896,0.0,False,True
b033897,0.0,False,True
b033898,0.0,False,True
b033899,0.0,False,True
b033900,0.0,False,True
b033901,0.0,False,True
b033902,0.0,False,True
b033903,0.0,False,True
b033904,0.0,False,True
b033905,0.0,False,True
b033906,0.0,False,True
b033907,0.0,False,True
b033908,0.0,False,True
b033909,0.0,False,True
b033910,0.0,False,True
b033911,0.0,False,True
b033912,0.0,False,True
b033913,0.0,False,True
b033914,0.0,False,True
b033915,0.0,False,True
b033916,0.0,False,True
b033917,0.0,False,True
b033918,0.0,False,True
b033919,0.0,False,True
b033920,0.0,False,True
b033921,0.0,False,True
b033922,0.16129933297634125,True,True
b033923,0.0,False,True
b033924,0.0,False,True
b033925,0.0,False,True
b033926,0.0,False,True
b033927,0.0,False,True
b033928,0.0,False,True
b033929,0.0,False,True
b033930,0.0,False,True
b033931,0.0,False,True
b033932,0.0,False,True
b033933,0.0,False,True
b033934,0.0,False,True
b033935,0.0,False,True
b033936,0.0,False,True
b033937,0.0,False,True
b033938,0.0,False,True
b033939,0.0,False,True
b033940,0.0,False,True
b033941,0.0,False,True
b033942,0.0,False,True
b033943,0.0,False,True
b033944,0.0,False,True
b033945,0.0,False,True
b033946,0.0,False,True
b033947,0.0,False,True
b033948,0.0,False,True
b033949,0.0,False,True
b033950,0.0,False,True
b033951,0.0,False,True
b033952,0.0,False,True
b033953,0.0,False,True
b033954,0.0,False,True
b033955,0.10758383572101593,True,True
b033956,0.0,False,True
b033957,0.0,False,True
b033958,0.0,False,True
b033959,0.0,False,True
b033960,0.0,False,True
b033961,0.0,False,True
b033962,0.0,False,True
b033963,0.0,False,True
b033964,0.0,False,True
b033965,0.0,False,True
b033966,0.0,False,True
b033967,0.0,False,True
b033968,0.0,False,True
b033969,0.0,False,True
b033970,0.0,False,True
b033971,0.0,False,True
b033972,0.0,False,True
b033973,0.0,False,True
b033974,0.0,False,True
b033975,0.0,False,True
b033976,0.0,False,True
b033977,0.3036661446094513,True,True
b033978,0.0,False,True
b033979,0.0,False,True
b033980,0.0,False,True
b033981,0.0,False,True
b033982,0.0,False,True
b033983,0.0,False,True
b033984,0.0,False,True
b033985,0.0,False,True
b033986,0.7075325846672058,True,True
b033987,0.0,False,True
b033988,0.0,False,True
b033989,0.0,False,True
b033990,0.0,False,True
b033991,0.0,False,True
b033992,0.0,False,True
b033993,0.0,False,True
b033994,0.0,False,True
b033995,0.0,False,True
b033996,0.0,False,True
b033997,0.0,False,True
b033998,0.0,False,True
b033999,0.0,False,True
b034000,0.0,False,True
b034001,0.0,False,True
b034002,0.0,False,True
b034003,0.0,False,True
b034004,0.0,False,True
b034005,0.0,False,True
b034006,0.0,False,True
b034007,0.0,False,True
b034008,0.0,False,True
b034009,0.0,False,True
b034010,0.0,False,True
b034011,0.0,False,True
b034012,0.0,False,True
b034013,0.0,False,True
b034014,0.0,False,True
b034015,0.0,False,True
b034016,0.0,False,True
b034017,0.0,False,True
b034018,0.0,False,True
b034019,0.0,False,True
b034020,0.0,False,True
b034021,0.0,False,True
b034022,0.0,False,True
b034023,0.16827647387981415,True,True
b034024,0.0,False,True
b034025,0.0,False,True
b034026,0.0,False,True
b034027,0.0,False,True
b034028,0.0,False,True
b034029,0.0,False,True
b034030,0.0,False,True
b034031,0.0,False,True
b034032,0.10360939800739288,True,True
b034033,0.0,False,True
b034034,0.0,False,True
b034035,0.0,False,True
b034036,0.0,False,True
b034037,0.0,False,True
b034038,0.0,False,True
b034039,0.0,False,True
b034040,0.0,False,True
b034041,0.0,False,True
b034042,0.0,False,True
b034043,0.0,False,True
b034044,0.0,False,True
b034045,0.0,False,True
b034046,0.10306532680988312,True,True
b034047,0.0,False,True
b034048,0.0,False,True
b034049,0.0,False,True
b034050,0.0,False,True
b034051,0.0,False,True
b034052,0.0,False,True
b034053,0.0,False,True
b034054,0.0,False,True
b034055,0.0,False,True
b034056,0.0,False,True
b034057,0.0,False,True
b034058,0.0,False,True
b034059,0.0,False,True
b034060,0.0,False,True
b034061,0.0,False,True
b034062,0.0,False,True
b034063,0.0,False,True
b034064,0.0,False,True
b034065,0.0,False,True
b034066,0.0,False,True
b034067,0.0,False,True
b034068,0.0,False,True
b034069,0.0,False,True
b034070,0.0,False,True
b034071,0.12547773122787476,True,True
b034072,0.0,False,True
b034073,0.0,False,True
b034074,0.0,False,True
b034075,0.0,False,True
b034076,0.0,False,True
b034077,0.0,False,True
b034078,0.0,False,True
b034079,0.0,False,True
b034080,0.0,False,True
b034081,0.0,False,True
b034082,0.0,False,True
b034083,0.0,False,True
b034084,0.0,False,True
b034085,0.0,False,True
b034086,0.0,False,True
b034087,0.0,False,True
b034088,0.0,False,True
b034089,0.0,False,True
b034090,0.0,False,True
b034091,0.0,False,True
b034092,0.0,False,True
b034093,0.0,False,True
b034094,0.0,False,True
b034095,0.0,False,True
b034096,0.0,False,True
b034097,0.0,False,True
b034098,0.0,False,True
b034099,0.0,False,True
b034100,0.0,False,True
b034101,0.0,False,True
b034102,0.0,False,True
b034103,0.0,False,True
b034104,0.0,False,True
b034105,0.0,False,True
b034106,0.0,False,True
b034107,0.0,False,True
b034108,0.0,False,True
b034109,0.0,False,True
b034110,0.0,False,True
b034111,0.0,False,True
b034112,0.0,False,True
b034113,0.0,False,True
b034114,0.1115441843867302,True,True
b034115,0.0,False,True
b034116,0.0,False,True
b034117,0.0,False,True
b034118,0.0,False,True
b034119,0.0,False,True
b034120,0.0,False,True
b034121,0.0,False,True
b034122,0.0,False,True
b034123,0.0,False,True
b034124,0.0,False,True
b034125,0.14041969180107117,True,True
b034126,0.0,False,True
b034127,0.0,False,True
b034128,0.0,False,True
b034129,0.0,False,True
b034130,0.0,False,True
b034131,0.0,False,True
b034132,0.0,False,True
b034133,0.0,False,True
b034134,0.0,False,True
b034135,0.0,False,True
b034136,0.0,False,True
b034137,0.0,False,True
b034138,0.0,False,True
b034139,0.0,False,True
b034140,0.0,False,True
b034141,0.0,False,True
b034142,0.5112744569778442,True,True
b034143,0.0,False,True
b034144,0.0,False,True
b034145,0.0,False,True
b034146,0.0,False,True
b034147,0.0,False,True
b034148,0.0,False,True
b034149,0.0,False,True
b034150,0.0,False,True
b034151,0.0,False,True
b034152,0.0,False,True
b034153,0.0,False,True
b034154,0.16175499558448792,True,True
b034155,0.0,False,True
b034156,0.0,False,True
b034157,0.0,False,True
b034158,0.0,False,True
b034159,0.5537657141685486,True,True
b034160,0.0,False,True
b034161,0.0,False,True
b034162,0.0,False,True
b034163,0.0,False,True
b034164,0.0,False,True
b034165,0.0,False,True
b034166,0.0,False,True
b034167,0.0,False,True
b034168,0.0,False,True
b034169,0.0,False,True
b034170,0.0,False,True
b034171,0.0,False,True
b034172,0.0,False,True
b034173,0.0,False,True
b034174,0.0,False,True
b034175,0.0,False,True
b034176,0.0,False,True
b034177,0.0,False,True
b034178,0.12271559238433838,True,True
b034179,0.18237105011940002,True,True
b034180,0.0,False,True
b034181,0.0,False,True
b034182,0.0,False,True
b034183,0.0,False,True
b034184,0.0,False,True
b034185,0.0,False,True
b034186,0.0,False,True
b034187,0.0,False,True
b034188,0.0,False,True
b034189,0.0,False,True
b034190,0.0,False,True
b034191,0.0,False,True
b034192,0.0,False,True
b034193,0.0,False,True
b034194,0.0,False,True
b034195,0.0,False,True
b034196,0.0,False,True
b034197,0.0,False,True
b034198,0.0,False,True
b034199,0.0,False,True
b034200,0.0,False,True
b034201,0.0,False,True
b034202,0.18502599000930786,True,True
b034203,0.0,False,True
b034204,0.0,False,True
b034205,0.0,False,True
b034206,0.0,False,True
b034207,0.0,False,True
b034208,0.0,False,True
b034209,0.0,False,True
b034210,0.0,False,True
b034211,0.0,False,True
b034212,0.0,False,True
b034213,0.0,False,True
b034214,0.0,False,True
b034215,0.0,False,True
b034216,0.0,False,True
b034217,0.0,False,True
b034218,0.0,False,True
b034219,0.0,False,True
b034220,0.0,False,True
b034221,0.0,False,True
b034222,0.0,False,True
b034223,0.0,False,True
b034224,0.0,False,True
b034225,0.0,False,True
b034226,0.0,False,True
b034227,0.0,False,True
b034228,0.0,False,True
b034229,0.0,False,True
b034230,0.0,False,True
b034231,0.0,False,True
b034232,0.0,False,True
b034233,0.0,False,True
b034234,0.0,False,True
b034235,0.0,False,True
b034236,0.0,False,True
b034237,0.0,False,True
b034238,0.0,False,True
b034239,0.0,False,True
b034240,0.0,False,True
b034241,0.40034523606300354,True,True
b034242,0.0,False,True
b034243,0.4670778512954712,True,True
b034244,0.0,False,True
b034245,0.0,False,True
b034246,0.0,False,True
b034247,0.0,False,True
b034248,0.0,False,True
b034249,0.0,False,True
b034250,0.0,False,True
b034251,0.0,False,True
b034252,0.0,False,True
b034253,0.0,False,True
b034254,0.0,False,True
b034255,0.0,False,True
b034256,0.0,False,True
b034257,0.0,False,True
b034258,0.0,False,True
b034259,0.0,False,True
b034260,0.0,False,True
b034261,0.0,False,True
b034262,0.0,False,True
b034263,0.0,False,True
b034264,0.0,False,True
b034265,0.2171545922756195,True,True
b034266,0.0,False,True
b034267,0.0,False,True
b034268,0.0,False,True
b034269,0.0,False,True
b034270,0.0,False,True
b034271,0.0,False,True
b034272,0.0,False,True
b034273,0.0,False,True
b034274,0.0,False,True
b034275,0.0,False,True
b034276,0.0,False,True
b034277,0.0,False,True
b034278,0.0,False,True
b034279,0.0,False,True
b034280,0.0,False,True
b034281,0.0,False,True
b034282,0.0,False,True
b034283,0.0,False,True
b034284,0.0,False,True
b034285,0.0,False,True
b034286,0.0,False,True
b034287,0.0,False,True
b034288,0.0,False,True
b034289,0.0,False,True
b034290,0.0,False,True
b034291,0.0,False,True
b034292,0.0,False,True
b034293,0.0,False,True
b034294,0.0,False,True
b034295,0.0,False,True
b034296,0.0,False,True
b034297,0.0,False,True
b034298,0.0,False,True
b034299,0.0,False,True
b034300,0.0,False,True
b034301,0.0,False,True
b034302,0.0,False,True
b034303,0.0,False,True
b034304,0.0,False,True
b034305,0.0,False,True
b034306,0.0,False,True
b034307,0.0,False,True
b034308,0.0,False,True
b034309,0.0,False,True
b034310,0.0,False,True
b034311,0.0,False,True
b034312,0.0,False,True
b034313,0.0,False,True
b034314,0.0,False,True
b034315,0.0,False,True
b034316,0.0,False,True
b034317,0.0,False,True
b034318,0.0,False,True
b034319,0.0,False,True
b034320,0.0,False,True
b034321,0.0,False,True
b034322,0.0,False,True
b034323,0.0,False,True
b034324,0.0,False,True
b034325,0.0,False,True
b034326,0.0,False,True
b034327,0.0,False,True
b034328,0.0,False,True
b034329,0.0,False,True
b034330,0.0,False,True
b034331,0.0,False,True
b034332,0.0,False,True
b034333,0.0,False,True
b034334,0.0,False,True
b034335,0.0,False,True
b034336,0.0,False,True
b034337,0.0,False,True
b034338,0.0,False,True
b034339,0.0,False,True
b034340,0.0,False,True
b034341,0.0,False,True
b034342,0.0,False,True
b034343,0.0,False,True
b034344,0.0,False,True
b034345,0.0,False,True
b034346,0.0,False,True
b034347,0.0,False,True
b034348,0.0,False,True
b034349,0.0,False,True
b034350,0.0,False,True
b034351,0.0,False,True
b034352,0.0,False,True
b034353,0.0,False,True
b034354,0.0,False,True
b034355,0.0,False,True
b034356,0.0,False,True
b034357,0.0,False,True
b034358,0.0,False,True
b034359,0.0,False,True
b034360,0.0,False,True
b034361,0.0,False,True
b034362,0.0,False,True
b034363,0.0,False,True
b034364,0.0,False,True
b034365,0.0,False,True
b034366,0.0,False,True
b034367,0.0,False,True
b034368,0.0,False,True
b034369,0.0,False,True
b034370,0.0,False,True
b034371,0.0,False,True
b034372,0.0,False,True
b034373,0.0,False,True
b034374,0.0,False,True
b034375,0.0,False,True
b034376,0.0,False,True
b034377,0.0,False,True
b034378,0.0,False,True
b034379,0.0,False,True
b034380,0.0,False,True
b034381,0.0,False,True
b034382,0.0,False,True
b034383,0.0,False,True
b034384,0.0,False,True
b034385,0.0,False,True
b034386,0.0,False,True
b034387,0.0,False,True
b034388,0.0,False,True
b034389,0.0,False,True
b034390,0.0,False,True
b034391,0.0,False,True
b034392,0.0,False,True
b034393,0.0,False,True
b034394,0.0,False,True
b034395,0.0,False,True
b034396,0.0,False,True
b034397,0.0,False,True
b034398,0.0,False,True
b034399,0.0,False,True
b034400,0.0,False,True
b034401,0.0,False,True
b034402,0.0,False,True
b034403,0.0,False,True
b034404,0.0,False,True
b034405,0.0,False,True
b034406,0.0,False,True
b034407,0.0,False,True
b034408,0.0,False,True
b034409,0.26295900344848633,True,True
b034410,0.0,False,True
b034411,0.0,False,True
b034412,0.0,False,True
b034413,0.0,False,True
b034414,0.0,False,True
b034415,0.0,False,True
b034416,0.0,False,True
b034417,0.0,False,True
b034418,0.0,False,True
b034419,0.0,False,True
b034420,0.0,False,True
b034421,0.0,False,True
b034422,0.1872139722108841,True,True
b034423,0.0,False,True
b034424,0.0,False,True
b034425,0.0,False,True
b034426,0.0,False,True
b034427,0.0,False,True
b034428,0.0,False,True
b034429,0.0,False,True
b034430,0.0,False,True
b034431,0.0,False,True
b034432,0.0,False,True
b034433,0.0,False,True
b034434,0.0,False,True
b034435,0.0,False,True
b034436,0.0,False,True
b034437,0.0,False,True
b034438,0.0,False,True
b034439,0.0,False,True
b034440,0.0,False,True
b034441,0.0,False,True
b034442,0.515075147151947,True,True
b034443,0.0,False,True
b034444,0.0,False,True
b034445,0.0,False,True
b034446,0.0,False,True
b034447,0.0,False,True
b034448,0.0,False,True
b034449,0.0,False,True
b034450,0.0,False,True
b034451,0.0,False,True
b034452,0.17797844111919403,True,True
b034453,0.0,False,True
b034454,0.0,False,True
b034455,0.0,False,True
b034456,0.0,False,True
b034457,0.13227000832557678,True,True
b034458,0.0,False,True
b034459,0.0,False,True
b034460,0.0,False,True
b034461,0.0,False,True
b034462,0.0,False,True
b034463,0.0,False,True
b034464,0.0,False,True
b034465,0.0,False,True
b034466,0.0,False,True
b034467,0.0,False,True
b034468,0.0,False,True
b034469,0.0,False,True
b034470,0.0,False,True
b034471,0.0,False,True
b034472,0.0,False,True
b034473,0.0,False,True
b034474,0.0,False,True
b034475,0.0,False,True
b034476,0.0,False,True
b034477,0.0,False,True
b034478,0.0,False,True
b034479,0.0,False,True
b034480,0.0,False,True
b034481,0.0,False,True
b034482,0.0,False,True
b034483,0.0,False,True
b034484,0.0,False,True
b034485,0.0,False,True
b034486,0.0,False,True
b034487,0.0,False,True
b034488,0.0,False,True
b034489,0.0,False,True
b034490,0.0,False,True
b034491,0.0,False,True
b034492,0.0,False,True
b034493,0.0,False,True
b034494,0.0,False,True
b034495,0.0,False,True
b034496,0.0,False,True
b034497,0.0,False,True
b034498,0.0,False,True
b034499,0.0,False,True
b034500,0.0,False,True
b034501,0.0,False,True
b034502,0.0,False,True
b034503,0.0,False,True
b034504,0.0,False,True
b034505,0.0,False,True
b034506,0.0,False,True
b034507,0.0,False,True
b034508,0.0,False,True
b034509,0.24691955745220184,True,True
b034510,0.0,False,True
b034511,0.41871118545532227,True,True
b034512,0.0,False,True
b034513,0.0,False,True
b034514,0.0,False,True
b034515,0.0,False,True
b034516,0.0,False,True
b034517,0.0,False,True
b034518,0.0,False,True
b034519,0.0,False,True
b034520,0.0,False,True
b034521,0.0,False,True
b034522,0.0,False,True
b034523,0.0,False,True
b034524,0.0,False,True
b034525,0.0,False,True
b034526,0.0,False,True
b034527,0.0,False,True
b034528,0.0,False,True
b034529,0.0,False,True
b034530,0.0,False,True
b034531,0.0,False,True
b034532,0.0,False,True
b034533,0.0,False,True
b034534,0.0,False,True
b034535,0.0,False,True
b034536,0.0,False,True
b034537,0.0,False,True
b034538,0.0,False,True
b034539,0.0,False,True
b034540,0.0,False,True
b034541,0.0,False,True
b034542,0.0,False,True
b034543,0.0,False,True
b034544,0.0,False,True
b034545,0.0,False,True
b034546,0.0,False,True
b034547,0.0,False,True
b034548,0.0,False,True
b034549,0.0,False,True
b034550,0.0,False,True
b034551,0.0,False,True
b034552,0.0,False,True
b034553,0.0,False,True
b034554,0.0,False,True
b034555,0.0,False,True
b034556,0.0,False,True
b034557,0.0,False,True
b034558,0.0,False,True
b034559,0.0,False,True
b034560,0.0,False,True
b034561,0.0,False,True
b034562,0.0,False,True
b034563,0.0,False,True
b034564,0.0,False,True
b034565,0.0,False,True
b034566,0.0,False,True
b034567,0.0,False,True
b034568,0.1744890809059143,True,True
b034569,0.0,False,True
b034570,0.0,False,True
b034571,0.0,False,True
b034572,0.0,False,True
b034573,0.0,False,True
b034574,0.0,False,True
b034575,0.0,False,True
b034576,0.0,False,True
b034577,0.0,False,True
b034578,0.0,False,True
b034579,0.0,False,True
b034580,0.0,False,True
b034581,0.0,False,True
b034582,0.0,False,True
b034583,0.0,False,True
b034584,0.0,False,True
b034585,0.0,False,True
b034586,0.0,False,True
b034587,0.0,False,True
b034588,0.0,False,True
b034589,0.0,False,True
b034590,0.0,False,True
b034591,0.0,False,True
b034592,0.20557770133018494,True,True
b034593,0.0,False,True
b034594,0.0,False,True
b034595,0.0,False,True
b034596,0.0,False,True
b034597,0.0,False,True
b034598,0.0,False,True
b034599,0.0,False,True
b034600,0.0,False,True
b034601,0.0,False,True
b034602,0.0,False,True
b034603,0.0,False,True
b034604,0.0,False,True
b034605,0.0,False,True
b034606,0.0,False,True
b034607,0.0,False,True
b034608,0.0,False,True
b034609,0.0,False,True
b034610,0.0,False,True
b034611,0.0,False,True
b034612,0.0,False,True
b034613,0.0,False,True
b034614,0.0,False,True
b034615,0.0,False,True
b034616,0.0,False,True
b034617,0.0,False,True
b034618,0.0,False,True
b034619,0.0,False,True
b034620,0.0,False,True
b034621,0.0,False,True
b034622,0.0,False,True
b034623,0.17687855660915375,True,True
b034624,0.0,False,True
b034625,0.0,False,True
b034626,0.0,False,True
b034627,0.0,False,True
b034628,0.0,False,True
b034629,0.0,False,True
b034630,0.0,False,True
b034631,0.0,False,True
b034632,0.0,False,True
b034633,0.0,False,True
b034634,0.0,False,True
b034635,0.0,False,True
b034636,0.29977190494537354,True,True
b034637,0.0,False,True
b034638,0.0,False,True
b034639,0.0,False,True
b034640,0.0,False,True
b034641,0.0,False,True
b034642,0.0,False,True
b034643,0.0,False,True
b034644,0.0,False,True
b034645,0.0,False,True
b034646,0.0,False,True
b034647,0.0,False,True
b034648,0.0,False,True
b034649,0.0,False,True
b034650,0.0,False,True
b034651,0.0,False,True
b034652,0.0,False,True
b034653,0.0,False,True
b034654,0.0,False,True
b034655,0.0,False,True
b034656,0.0,False,True
b034657,0.0,False,True
b034658,0.2248186469078064,True,True
b034659,0.0,False,True
b034660,0.0,False,True
b034661,0.0,False,True
b034662,0.0,False,True
b034663,0.0,False,True
b034664,0.0,False,True
b034665,0.0,False,True
b034666,0.0,False,True
b034667,0.0,False,True
b034668,0.0,False,True
b034669,0.0,False,True
b034670,0.0,False,True
b034671,0.0,False,True
b034672,0.0,False,True
b034673,0.0,False,True
b034674,0.0,False,True
b034675,0.0,False,True
b034676,0.0,False,True
b034677,0.0,False,True
b034678,0.0,False,True
b034679,0.0,False,True
b034680,0.0,False,True
b034681,0.11282707005739212,True,True
b034682,0.0,False,True
b034683,0.0,False,True
b034684,0.0,False,True
b034685,0.0,False,True
b034686,0.0,False,True
b034687,0.0,False,True
b034688,0.0,False,True
b034689,0.0,False,True
b034690,0.0,False,True
b034691,0.0,False,True
b034692,0.0,False,True
b034693,0.0,False,True
b034694,0.0,False,True
b034695,0.0,False,True
b034696,0.0,False,True
b034697,0.0,False,True
b034698,0.0,False,True
b034699,0.0,False,True
b034700,0.0,False,True
b034701,0.0,False,True
b034702,0.0,False,True
b034703,0.0,False,True
b034704,0.0,False,True
b034705,0.0,False,True
b034706,0.0,False,True
b034707,0.0,False,True
b034708,0.0,False,True
b034709,0.0,False,True
b034710,0.0,False,True
b034711,0.0,False,True
b034712,0.0,False,True
b034713,0.0,False,True
b034714,0.0,False,True
b034715,0.0,False,True
b034716,0.0,False,True
b034717,0.14736367762088776,True,True
b034718,0.0,False,True
b034719,0.0,False,True
b034720,0.0,False,True
b034721,0.3905424475669861,True,True
b034722,0.0,False,True
b034723,0.0,False,True
b034724,0.0,False,True
b034725,0.0,False,True
b034726,0.0,False,True
b034727,0.0,False,True
b034728,0.0,False,True
b034729,0.0,False,True
b034730,0.0,False,True
b034731,0.0,False,True
b034732,0.0,False,True
b034733,0.0,False,True
b034734,0.0,False,True
b034735,0.0,False,True
b034736,0.0,False,True
b034737,0.0,False,True
b034738,0.0,False,True
b034739,0.0,False,True
b034740,0.0,False,True
b034741,0.0,False,True
b034742,0.0,False,True
b034743,0.0,False,True
b034744,0.0,False,True
b034745,0.0,False,True
b034746,0.0,False,True
b034747,0.0,False,True
b034748,0.0,False,True
b034749,0.0,False,True
b034750,0.0,False,True
b034751,0.0,False,True
b034752,0.0,False,True
b034753,0.0,False,True
b034754,0.0,False,True
b034755,0.0,False,True
b034756,0.0,False,True
b034757,0.0,False,True
b034758,0.0,False,True
b034759,0.0,False,True
b034760,0.0,False,True
b034761,0.0,False,True
b034762,0.0,False,True
b034763,0.0,False,True
b034764,0.0,False,True
b034765,0.0,False,True
b034766,0.0,False,True
b034767,0.0,False,True
b034768,0.0,False,True
b034769,0.0,False,True
b034770,0.0,False,True
b034771,0.0,False,True
b034772,0.0,False,True
b034773,0.0,False,True
b034774,0.0,False,True
b034775,0.0,False,True
b034776,0.0,False,True
b034777,0.0,False,True
b034778,0.0,False,True
b034779,0.0,False,True
b034780,0.0,False,True
b034781,0.0,False,True
b034782,0.0,False,True
b034783,0.0,False,True
b034784,0.0,False,True
b034785,0.0,False,True
b034786,0.0,False,True
b034787,0.0,False,True
b034788,0.0,False,True
b034789,0.0,False,True
b034790,0.0,False,True
b034791,0.0,False,True
b034792,0.0,False,True
b034793,0.1115320548415184,True,True
b034794,0.0,False,True
b034795,0.0,False,True
b034796,0.0,False,True
b034797,0.0,False,True
b034798,0.0,False,True
b034799,0.0,False,True
b034800,0.0,False,True
b034801,0.0,False,True
b034802,0.0,False,True
b034803,0.0,False,True
b034804,0.0,False,True
b034805,0.0,False,True
b034806,0.0,False,True
b034807,0.0,False,True
b034808,0.0,False,True
b034809,0.0,False,True
b034810,0.0,False,True
b034811,0.0,False,True
b034812,0.0,False,True
b034813,0.0,False,True
b034814,0.0,False,True
b034815,0.0,False,True
b034816,0.0,False,True
b034817,0.0,False,True
b034818,0.0,False,True
b034819,0.0,False,True
b034820,0.0,False,True
b034821,0.0,False,True
b034822,0.0,False,True
b034823,0.0,False,True
b034824,0.0,False,True
b034825,0.0,False,True
b034826,0.0,False,True
b034827,0.0,False,True
b034828,0.0,False,True
b034829,0.0,False,True
b034830,0.0,False,True
b034831,0.0,False,True
b034832,0.0,False,True
b034833,0.0,False,True
b034834,0.0,False,True
b034835,0.0,False,True
b034836,0.0,False,True
b034837,0.0,False,True
b034838,0.10272163897752762,True,True
b034839,0.0,False,True
b034840,0.0,False,True
b034841,0.0,False,True
b034842,0.0,False,True
b034843,0.0,False,True
b034844,0.0,False,True
b034845,0.0,False,True
b034846,0.0,False,True
b034847,0.0,False,True
b034848,0.0,False,True
b034849,0.0,False,True
b034850,0.0,False,True
b034851,0.0,False,True
b034852,0.0,False,True
b034853,0.0,False,True
b034854,0.0,False,True
b034855,0.0,False,True
b034856,0.0,False,True
b034857,0.0,False,True
b034858,0.0,False,True
b034859,0.0,False,True
b034860,0.0,False,True
b034861,0.0,False,True
b034862,0.0,False,True
b034863,0.0,False,True
b034864,0.0,False,True
b034865,0.0,False,True
b034866,0.0,False,True
b034867,0.0,False,True
b034868,0.0,False,True
b034869,0.0,False,True
b034870,0.0,False,True
b034871,0.0,False,True
b034872,0.0,False,True
b034873,0.0,False,True
b034874,0.0,False,True
b034875,0.0,False,True
b034876,0.0,False,True
b034877,0.0,False,True
b034878,0.0,False,True
b034879,0.0,False,True
b034880,0.0,False,True
b034881,0.0,False,True
b034882,0.0,False,True
b034883,0.0,False,True
b034884,0.0,False,True
b034885,0.0,False,True
b034886,0.0,False,True
b034887,0.0,False,True
b034888,0.0,False,True
b034889,0.0,False,True
b034890,0.0,False,True
b034891,0.0,False,True
b034892,0.0,False,True
b034893,0.0,False,True
b034894,0.0,False,True
b034895,0.0,False,True
b034896,0.0,False,True
b034897,0.0,False,True
b034898,0.0,False,True
b034899,0.0,False,True
b034900,0.0,False,True
b034901,0.0,False,True
b034902,0.0,False,True
b034903,0.0,False,True
b034904,0.0,False,True
b034905,0.0,False,True
b034906,0.0,False,True
b034907,0.0,False,True
b034908,0.0,False,True
b034909,0.0,False,True
b034910,0.0,False,True
b034911,0.10777702927589417,True,True
b034912,0.0,False,True
b034913,0.0,False,True
b034914,0.0,False,True
b034915,0.0,False,True
b034916,0.22083048522472382,True,True
b034917,0.0,False,True
b034918,0.0,False,True
b034919,0.0,False,True
b034920,0.0,False,True
b034921,0.0,False,True
b034922,0.0,False,True
b034923,0.0,False,True
b034924,0.0,False,True
b034925,0.0,False,True
b034926,0.0,False,True
b034927,0.0,False,True
b034928,0.0,False,True
b034929,0.0,False,True
b034930,0.0,False,True
b034931,0.0,False,True
b034932,0.0,False,True
b034933,0.0,False,True
b034934,0.0,False,True
b034935,0.0,False,True
b034936,0.0,False,True
b034937,0.0,False,True
b034938,0.0,False,True
b034939,0.0,False,True
b034940,0.0,False,True
b034941,0.4853108525276184,True,True
b034942,0.0,False,True
b034943,0.0,False,True
b034944,0.0,False,True
b034945,0.0,False,True
b034946,0.0,False,True
b034947,0.0,False,True
b034948,0.0,False,True
b034949,0.0,False,True
b034950,0.0,False,True
b034951,0.0,False,True
b034952,0.14241483807563782,True,True
b034953,0.0,False,True
b034954,0.0,False,True
b034955,0.0,False,True
b034956,0.0,False,True
b034957,0.0,False,True
b034958,0.0,False,True
b034959,0.0,False,True
b034960,0.0,False,True
b034961,0.0,False,True
b034962,0.0,False,True
b034963,0.0,False,True
b034964,0.0,False,True
b034965,0.0,False,True
b034966,0.0,False,True
b034967,0.0,False,True
b034968,0.0,False,True
b034969,0.0,False,True
b034970,0.0,False,True
b034971,0.0,False,True
b034972,0.0,False,True
b034973,0.0,False,True
b034974,0.0,False,True
b034975,0.0,False,True
b034976,0.0,False,True
b034977,0.0,False,True
b034978,0.0,False,True
b034979,0.0,False,True
b034980,0.0,False,True
b034981,0.0,False,True
b034982,0.0,False,True
b034983,0.0,False,True
b034984,0.0,False,True
b034985,0.0,False,True
b034986,0.0,False,True
b034987,0.0,False,True
b034988,0.0,False,True
b034989,0.0,False,True
b034990,0.0,False,True
b034991,0.0,False,True
b034992,0.0,False,True
b034993,0.0,False,True
b034994,0.13815687596797943,True,True
b034995,0.0,False,True
b034996,0.0,False,True
b034997,0.0,False,True
b034998,0.0,False,True
b034999,0.0,False,True
b035000,0.0,False,True
b035001,0.0,False,True
b035002,0.0,False,True
b035003,0.0,False,True
b035004,0.0,False,True
b035005,0.0,False,True
b035006,0.0,False,True
b035007,0.0,False,True
b035008,0.0,False,True
b035009,0.0,False,True
b035010,0.0,False,True
b035011,0.0,False,True
b035012,0.0,False,True
b035013,0.0,False,True
b035014,0.0,False,True
b035015,0.0,False,True
b035016,0.0,False,True
b035017,0.0,False,True
b035018,0.0,False,True
b035019,0.0,False,True
b035020,0.0,False,True
b035021,0.0,False,True
b035022,0.0,False,True
b035023,0.0,False,True
b035024,0.0,False,True
b035025,0.0,False,True
b035026,0.0,False,True
b035027,0.0,False,True
b035028,0.0,False,True
b035029,0.0,False,True
b035030,0.0,False,True
b035031,0.0,False,True
b035032,0.0,False,True
b035033,0.0,False,True
b035034,0.0,False,True
b035035,0.0,False,True
b035036,0.0,False,True
b035037,0.0,False,True
b035038,0.0,False,True
b035039,0.0,False,True
b035040,0.0,False,True
b035041,0.0,False,True
b035042,0.0,False,True
b035043,0.0,False,True
b035044,0.0,False,True
b035045,0.0,False,True
b035046,0.0,False,True
b035047,0.0,False,True
b035048,0.0,False,True
b035049,0.0,False,True
b035050,0.0,False,True
b035051,0.0,False,True
b035052,0.0,False,True
b035053,0.0,False,True
b035054,0.0,False,True
b035055,0.0,False,True
b035056,0.0,False,True
b035057,0.0,False,True
b035058,0.10856342315673828,True,True
b035059,0.0,False,True
b035060,0.0,False,True
b035061,0.0,False,True
b035062,0.0,False,True
b035063,0.0,False,True
b035064,0.5299133062362671,True,True
b035065,0.0,False,True
b035066,0.0,False,True
b035067,0.0,False,True
b035068,0.0,False,True
b035069,0.0,False,True
b035070,0.0,False,True
b035071,0.0,False,True
b035072,0.0,False,True
b035073,0.0,False,True
b035074,0.0,False,True
b035075,0.0,False,True
b035076,0.0,False,True
b035077,0.4277906119823456,True,True
b035078,0.0,False,True
b035079,0.0,False,True
b035080,0.0,False,True
b035081,0.0,False,True
b035082,0.0,False,True
b035083,0.0,False,True
b035084,0.0,False,True
b035085,0.0,False,True
b035086,0.0,False,True
b035087,0.0,False,True
b035088,0.0,False,True
b035089,0.0,False,True
b035090,0.0,False,True
b035091,0.0,False,True
b035092,0.0,False,True
b035093,0.0,False,True
b035094,0.0,False,True
b035095,0.0,False,True
b035096,0.0,False,True
b035097,0.0,False,True
b035098,0.0,False,True
b035099,0.0,False,True
b035100,0.0,False,True
b035101,0.0,False,True
b035102,0.0,False,True
b035103,0.0,False,True
b035104,0.0,False,True
b035105,0.0,False,True
b035106,0.0,False,True
b035107,0.0,False,True
b035108,0.0,False,True
b035109,0.0,False,True
b035110,0.0,False,True
b035111,0.0,False,True
b035112,0.0,False,True
b035113,0.0,False,True
b035114,0.0,False,True
b035115,0.0,False,True
b035116,0.0,False,True
b035117,0.0,False,True
b035118,0.0,False,True
b035119,0.0,False,True
b035120,0.0,False,True
b035121,0.0,False,True
b035122,0.0,False,True
b035123,0.0,False,True
b035124,0.0,False,True
b035125,0.0,False,True
b035126,0.0,False,True
b035127,0.0,False,True
b035128,0.0,False,True
b035129,0.0,False,True
b035130,0.0,False,True
b035131,0.0,False,True
b035132,0.0,False,True
b035133,0.0,False,True
b035134,0.0,False,True
b035135,0.0,False,True
b035136,0.0,False,True
b035137,0.0,False,True
b035138,0.0,False,True
b035139,0.0,False,True
b035140,0.0,False,True
b035141,0.0,False,True
b035142,0.0,False,True
b035143,0.0,False,True
b035144,0.0,False,True
b035145,0.0,False,True
b035146,0.0,False,True
b035147,0.0,False,True
b035148,0.0,False,True
b035149,0.0,False,True
b035150,0.0,False,True
b035151,0.0,False,True
b035152,0.0,False,True
b035153,0.1824367642402649,True,True
b035154,0.1213303804397583,True,True
b035155,0.0,False,True
b035156,0.0,False,True
b035157,0.0,False,True
b035158,0.0,False,True
b035159,0.0,False,True
b035160,0.0,False,True
b035161,0.0,False,True
b035162,0.0,False,True
b035163,0.0,False,True
b035164,0.0,False,True
b035165,0.0,False,True
b035166,0.16677331924438477,True,True
b035167,0.0,False,True
b035168,0.0,False,True
b035169,0.0,False,True
b035170,0.0,False,True
b035171,0.0,False,True
b035172,0.0,False,True
b035173,0.0,False,True
b035174,0.0,False,True
b035175,0.0,False,True
b035176,0.0,False,True
b035177,0.0,False,True
b035178,0.0,False,True
b035179,0.0,False,True
b035180,0.0,False,True
b035181,0.0,False,True
b035182,0.0,False,True
b035183,0.0,False,True
b035184,0.0,False,True
b035185,0.0,False,True
b035186,0.0,False,True
b035187,0.0,False,True
b035188,0.0,False,True
b035189,0.0,False,True
b035190,0.0,False,True
b035191,0.0,False,True
b035192,0.0,False,True
b035193,0.0,False,True
b035194,0.0,False,True
b035195,0.0,False,True
b035196,0.0,False,True
b035197,0.0,False,True
b035198,0.0,False,True
b035199,0.6262726187705994,True,True
b035200,0.0,False,True
b035201,0.0,False,True
b035202,0.0,False,True
b035203,0.0,False,True
b035204,0.0,False,True
b035205,0.0,False,True
b035206,0.0,False,True
b035207,0.0,False,True
b035208,0.0,False,True
b035209,0.0,False,True
b035210,0.0,False,True
b035211,0.0,False,True
b035212,0.0,False,True
b035213,0.0,False,True
b035214,0.0,False,True
b035215,0.0,False,True
b035216,0.0,False,True
b035217,0.0,False,True
b035218,0.0,False,True
b035219,0.0,False,True
b035220,0.0,False,True
b035221,0.0,False,True
b035222,0.0,False,True
b035223,0.0,False,True
b035224,0.0,False,True
b035225,0.0,False,True
b035226,0.0,False,True
b035227,0.0,False,True
b035228,0.0,False,True
b035229,0.0,False,True
b035230,0.0,False,True
b035231,0.0,False,True
b035232,0.0,False,True
b035233,0.0,False,True
b035234,0.0,False,True
b035235,0.0,False,True
b035236,0.0,False,True
b035237,0.0,False,True
b035238,0.0,False,True
b035239,0.0,False,True
b035240,0.0,False,True
b035241,0.0,False,True
b035242,0.0,False,True
b035243,0.0,False,True
b035244,0.0,False,True
b035245,0.0,False,True
b035246,0.0,False,True
b035247,0.0,False,True
b035248,0.0,False,True
b035249,0.0,False,True
b035250,0.0,False,True
b035251,0.0,False,True
b035252,0.0,False,True
b035253,0.0,False,True
b035254,0.0,False,True
b035255,0.0,False,True
b035256,0.0,False,True
b035257,0.0,False,True
b035258,0.0,False,True
b035259,0.0,False,True
b035260,0.0,False,True
b035261,0.0,False,True
b035262,0.0,False,True
b035263,0.0,False,True
b035264,0.0,False,True
b035265,0.0,False,True
b035266,0.0,False,True
b035267,0.0,False,True
b035268,0.0,False,True
b035269,0.0,False,True
b035270,0.0,False,True
b035271,0.0,False,True
b035272,0.0,False,True
b035273,0.0,False,True
b035274,0.0,False,True
b035275,0.0,False,True
b035276,0.0,False,True
b035277,0.0,False,True
b035278,0.0,False,True
b035279,0.0,False,True
b035280,0.0,False,True
b035281,0.0,False,True
b035282,0.0,False,True
b035283,0.0,False,True
b035284,0.0,False,True
b035285,0.0,False,True
b035286,0.0,False,True
b035287,0.0,False,True
b035288,0.0,False,True
b035289,0.0,False,True
b035290,0.0,False,True
b035291,0.0,False,True
b035292,0.0,False,True
b035293,0.0,False,True
b035294,0.0,False,True
b035295,0.0,False,True
b035296,0.0,False,True
b035297,0.0,False,True
b035298,0.0,False,True
b035299,0.0,False,True
b035300,0.0,False,True
b035301,0.3531135618686676,True,True
b035302,0.0,False,True
b035303,0.0,False,True
b035304,0.0,False,True
b035305,0.0,False,True
b035306,0.0,False,True
b035307,0.0,False,True
b035308,0.0,False,True
b035309,0.0,False,True
b035310,0.0,False,True
b035311,0.0,False,True
b035312,0.0,False,True
b035313,0.0,False,True
b035314,0.0,False,True
b035315,0.0,False,True
b035316,0.0,False,True
b035317,0.0,False,True
b035318,0.0,False,True
b035319,0.0,False,True
b035320,0.0,False,True
b035321,0.0,False,True
b035322,0.0,False,True
b035323,0.0,False,True
b035324,0.0,False,True
b035325,0.0,False,True
b035326,0.0,False,True
b035327,0.0,False,True
b035328,0.0,False,True
b035329,0.0,False,True
b035330,0.0,False,True
b035331,0.0,False,True
b035332,0.0,False,True
b035333,0.0,False,True
b035334,0.0,False,True
b035335,0.0,False,True
b035336,0.0,False,True
b035337,0.0,False,True
b035338,0.0,False,True
b035339,0.0,False,True
b035340,0.0,False,True
b035341,0.0,False,True
b035342,0.19962911307811737,True,True
b035343,0.16403569281101227,True,True
b035344,0.0,False,True
b035345,0.0,False,True
b035346,0.0,False,True
b035347,0.0,False,True
b035348,0.0,False,True
b035349,0.0,False,True
b035350,0.0,False,True
b035351,0.0,False,True
b035352,0.0,False,True
b035353,0.0,False,True
b035354,0.0,False,True
b035355,0.0,False,True
b035356,0.0,False,True
b035357,0.0,False,True
b035358,0.0,False,True
b035359,0.0,False,True
b035360,0.0,False,True
b035361,0.0,False,True
b035362,0.0,False,True
b035363,0.0,False,True
b035364,0.0,False,True
b035365,0.0,False,True
b035366,0.0,False,True
b035367,0.0,False,True
b035368,0.0,False,True
b035369,0.0,False,True
b035370,0.0,False,True
b035371,0.0,False,True
b035372,0.0,False,True
b035373,0.0,False,True
b035374,0.0,False,True
b035375,0.0,False,True
b035376,0.0,False,True
b035377,0.3528134226799011,True,True
b035378,0.0,False,True
b035379,0.0,False,True
b035380,0.0,False,True
b035381,0.0,False,True
b035382,0.0,False,True
b035383,0.0,False,True
b035384,0.0,False,True
b035385,0.0,False,True
b035386,0.0,False,True
b035387,0.0,False,True
b035388,0.0,False,True
b035389,0.0,False,True
b035390,0.0,False,True
b035391,0.0,False,True
b035392,0.0,False,True
b035393,0.0,False,True
b035394,0.0,False,True
b035395,0.0,False,True
b035396,0.0,False,True
b035397,0.0,False,True
b035398,0.0,False,True
b035399,0.0,False,True
b035400,0.0,False,True
b035401,0.0,False,True
b035402,0.0,False,True
b035403,0.0,False,True
b035404,0.0,False,True
b035405,0.0,False,True
b035406,0.0,False,True
b035407,0.0,False,True
b035408,0.0,False,True
b035409,0.0,False,True
b035410,0.0,False,True
b035411,0.0,False,True
b035412,0.0,False,True
b035413,0.0,False,True
b035414,0.0,False,True
b035415,0.0,False,True
b035416,0.0,False,True
b035417,0.0,False,True
b035418,0.0,False,True
b035419,0.15018552541732788,True,True
b035420,0.0,False,True
b035421,0.0,False,True
b035422,0.0,False,True
b035423,0.0,False,True
b035424,0.0,False,True
b035425,0.0,False,True
b035426,0.0,False,True
b035427,0.0,False,True
b035428,0.0,False,True
b035429,0.0,False,True
b035430,0.0,False,True
b035431,0.0,False,True
b035432,0.0,False,True
b035433,0.0,False,True
b035434,0.11661963164806366,True,True
b035435,0.0,False,True
b035436,0.0,False,True
b035437,0.0,False,True
b035438,0.4555530250072479,True,True
b035439,0.0,False,True
b035440,0.0,False,True
b035441,0.0,False,True
b035442,0.0,False,True
b035443,0.0,False,True
b035444,0.0,False,True
b035445,0.0,False,True
b035446,0.0,False,True
b035447,0.0,False,True
b035448,0.0,False,True
b035449,0.0,False,True
b035450,0.0,False,True
b035451,0.0,False,True
b035452,0.0,False,True
b035453,0.0,False,True
b035454,0.0,False,True
b035455,0.0,False,True
b035456,0.0,False,True
b035457,0.0,False,True
b035458,0.0,False,True
b035459,0.0,False,True
b035460,0.0,False,True
b035461,0.0,False,True
b035462,0.0,False,True
b035463,0.0,False,True
b035464,0.0,False,True
b035465,0.0,False,True
b035466,0.0,False,True
b035467,0.0,False,True
b035468,0.0,False,True
b035469,0.0,False,True
b035470,0.0,False,True
b035471,0.0,False,True
b035472,0.0,False,True
b035473,0.0,False,True
b035474,0.0,False,True
b035475,0.0,False,True
b035476,0.0,False,True
b035477,0.0,False,True
b035478,0.0,False,True
b035479,0.0,False,True
b035480,0.0,False,True
b035481,0.0,False,True
b035482,0.0,False,True
b035483,0.0,False,True
b035484,0.0,False,True
b035485,0.0,False,True
b035486,0.0,False,True
b035487,0.0,False,True
b035488,0.0,False,True
b035489,0.0,False,True
b035490,0.0,False,True
b035491,0.0,False,True
b035492,0.0,False,True
b035493,0.0,False,True
b035494,0.0,False,True
b035495,0.0,False,True
b035496,0.0,False,True
b035497,0.0,False,True
b035498,0.0,False,True
b035499,0.0,False,True
b035500,0.0,False,True
b035501,0.0,False,True
b035502,0.0,False,True
b035503,0.0,False,True
b035504,0.0,False,True
b035505,0.0,False,True
b035506,0.0,False,True
b035507,0.0,False,True
b035508,0.0,False,True
b035509,0.27014464139938354,True,True
b035510,0.0,False,True
b035511,0.0,False,True
b035512,0.0,False,True
b035513,0.0,False,True
b035514,0.0,False,True
b035515,0.0,False,True
b035516,0.0,False,True
b035517,0.0,False,True
b035518,0.0,False,True
b035519,0.0,False,True
b035520,0.0,False,True
b035521,0.0,False,True
b035522,0.1784251481294632,True,True
b035523,0.0,False,True
b035524,0.0,False,True
b035525,0.16794584691524506,True,True
b035526,0.0,False,True
b035527,0.0,False,True
b035528,0.0,False,True
b035529,0.0,False,True
b035530,0.0,False,True
b035531,0.0,False,True
b035532,0.0,False,True
b035533,0.0,False,True
b035534,0.0,False,True
b035535,0.0,False,True
b035536,0.0,False,True
b035537,0.0,False,True
b035538,0.0,False,True
b035539,0.0,False,True
b035540,0.0,False,True
b035541,0.0,False,True
b035542,0.0,False,True
b035543,0.0,False,True
b035544,0.0,False,True
b035545,0.0,False,True
b035546,0.0,False,True
b035547,0.0,False,True
b035548,0.0,False,True
b035549,0.0,False,True
b035550,0.0,False,True
b035551,0.0,False,True
b035552,0.0,False,True
b035553,0.0,False,True
b035554,0.0,False,True
b035555,0.0,False,True
b035556,0.0,False,True
b035557,0.0,False,True
b035558,0.0,False,True
b035559,0.0,False,True
b035560,0.0,False,True
b035561,0.0,False,True
b035562,0.0,False,True
b035563,0.0,False,True
b035564,0.0,False,True
b035565,0.0,False,True
b035566,0.0,False,True
b035567,0.0,False,True
b035568,0.0,False,True
b035569,0.0,False,True
b035570,0.0,False,True
b035571,0.0,False,True
b035572,0.0,False,True
b035573,0.0,False,True
b035574,0.0,False,True
b035575,0.0,False,True
b035576,0.0,False,True
b035577,0.0,False,True
b035578,0.0,False,True
b035579,0.0,False,True
b035580,0.0,False,True
b035581,0.0,False,True
b035582,0.0,False,True
b035583,0.0,False,True
b035584,0.0,False,True
b035585,0.0,False,True
b035586,0.0,False,True
b035587,0.0,False,True
b035588,0.0,False,True
b035589,0.0,False,True
b035590,0.0,False,True
b035591,0.0,False,True
b035592,0.0,False,True
b035593,0.0,False,True
b035594,0.0,False,True
b035595,0.0,False,True
b035596,0.0,False,True
b035597,0.0,False,True
b035598,0.0,False,True
b035599,0.0,False,True
b035600,0.0,False,True
b035601,0.0,False,True
b035602,0.0,False,True
b035603,0.0,False,True
b035604,0.0,False,True
b035605,0.0,False,True
b035606,0.0,False,True
b035607,0.0,False,True
b035608,0.0,False,True
b035609,0.0,False,True
b035610,0.0,False,True
b035611,0.0,False,True
b035612,0.0,False,True
b035613,0.44781988859176636,True,True
b035614,0.0,False,True
b035615,0.0,False,True
b035616,0.0,False,True
b035617,0.0,False,True
b035618,0.0,False,True
b035619,0.0,False,True
b035620,0.0,False,True
b035621,0.0,False,True
b035622,0.0,False,True
b035623,0.0,False,True
b035624,0.0,False,True
b035625,0.0,False,True
b035626,0.0,False,True
b035627,0.0,False,True
b035628,0.0,False,True
b035629,0.0,False,True
b035630,0.0,False,True
b035631,0.0,False,True
b035632,0.0,False,True
b035633,0.0,False,True
b035634,0.0,False,True
b035635,0.0,False,True
b035636,0.0,False,True
b035637,0.0,False,True
b035638,0.0,False,True
b035639,0.0,False,True
b035640,0.0,False,True
b035641,0.0,False,True
b035642,0.0,False,True
b035643,0.0,False,True
b035644,0.0,False,True
b035645,0.1430221050977707,True,True
b035646,0.0,False,True
b035647,0.0,False,True
b035648,0.0,False,True
b035649,0.0,False,True
b035650,0.0,False,True
b035651,0.0,False,True
b035652,0.0,False,True
b035653,0.0,False,True
b035654,0.0,False,True
b035655,0.0,False,True
b035656,0.0,False,True
b035657,0.0,False,True
b035658,0.0,False,True
b035659,0.0,False,True
b035660,0.0,False,True
b035661,0.0,False,True
b035662,0.0,False,True
b035663,0.0,False,True
b035664,0.7878336906433105,True,True
b035665,0.0,False,True
b035666,0.0,False,True
b035667,0.0,False,True
b035668,0.0,False,True
b035669,0.0,False,True
b035670,0.0,False,True
b035671,0.0,False,True
b035672,0.0,False,True
b035673,0.0,False,True
b035674,0.0,False,True
b035675,0.26391497254371643,True,True
b035676,0.0,False,True
b035677,0.0,False,True
b035678,0.0,False,True
b035679,0.0,False,True
b035680,0.0,False,True
b035681,0.0,False,True
b035682,0.0,False,True
b035683,0.46335282921791077,True,True
b035684,0.0,False,True
b035685,0.0,False,True
b035686,0.0,False,True
b035687,0.0,False,True
b035688,0.0,False,True
b035689,0.0,False,True
b035690,0.0,False,True
b035691,0.0,False,True
b035692,0.0,False,True
b035693,0.0,False,True
b035694,0.0,False,True
b035695,0.0,False,True
b035696,0.0,False,True
b035697,0.0,False,True
b035698,0.0,False,True
b035699,0.0,False,True
b035700,0.0,False,True
b035701,0.0,False,True
b035702,0.0,False,True
b035703,0.0,False,True
b035704,0.0,False,True
b035705,0.0,False,True
b035706,0.0,False,True
b035707,0.0,False,True
b035708,0.0,False,True
b035709,0.0,False,True
b035710,0.0,False,True
b035711,0.0,False,True
b035712,0.0,False,True
b035713,0.0,False,True
b035714,0.0,False,True
b035715,0.0,False,True
b035716,0.0,False,True
b035717,0.0,False,True
b035718,0.0,False,True
b035719,0.0,False,True
b035720,0.0,False,True
b035721,0.0,False,True
b035722,0.0,False,True
b035723,0.0,False,True
b035724,0.0,False,True
b035725,0.0,False,True
b035726,0.0,False,True
b035727,0.0,False,True
b035728,0.0,False,True
b035729,0.0,False,True
b035730,0.0,False,True
b035731,0.0,False,True
b035732,0.0,False,True
b035733,0.0,False,True
b035734,0.0,False,True
b035735,0.0,False,True
b035736,0.0,False,True
b035737,0.0,False,True
b035738,0.1088375598192215,True,True
b035739,0.0,False,True
b035740,0.0,False,True
b035741,0.0,False,True
b035742,0.0,False,True
b035743,0.0,False,True
b035744,0.0,False,True
b035745,0.0,False,True
b035746,0.0,False,True
b035747,0.0,False,True
b035748,0.0,False,True
b035749,0.0,False,True
b035750,0.0,False,True
b035751,0.0,False,True
b035752,0.0,False,True
b035753,0.0,False,True
b035754,0.0,False,True
b035755,0.0,False,True
b035756,0.0,False,True
b035757,0.0,False,True
b035758,0.0,False,True
b035759,0.0,False,True
b035760,0.0,False,True
b035761,0.0,False,True
b035762,0.0,False,True
b035763,0.0,False,True
b035764,0.2722582221031189,True,True
b035765,0.5500321984291077,True,True
b035766,0.0,False,True
b035767,0.1532440036535263,True,True
b035768,0.0,False,True
b035769,0.0,False,True
b035770,0.0,False,True
b035771,0.0,False,True
b035772,0.12629380822181702,True,True
b035773,0.0,False,True
b035774,0.0,False,True
b035775,0.0,False,True
b035776,0.0,False,True
b035777,0.0,False,True
b035778,0.0,False,True
b035779,0.0,False,True
b035780,0.0,False,True
b035781,0.0,False,True
b035782,0.0,False,True
b035783,0.0,False,True
b035784,0.0,False,True
b035785,0.0,False,True
b035786,0.0,False,True
b035787,0.0,False,True
b035788,0.0,False,True
b035789,0.0,False,True
b035790,0.0,False,True
b035791,0.0,False,True
b035792,0.0,False,True
b035793,0.0,False,True
b035794,0.0,False,True
b035795,0.0,False,True
b035796,0.0,False,True
b035797,0.44991782307624817,True,True
b035798,0.0,False,True
b035799,0.0,False,True
b035800,0.0,False,True
b035801,0.0,False,True
b035802,0.0,False,True
b035803,0.0,False,True
b035804,0.0,False,True
b035805,0.0,False,True
b035806,0.0,False,True
b035807,0.0,False,True
b035808,0.0,False,True
b035809,0.0,False,True
b035810,0.0,False,True
b035811,0.0,False,True
b035812,0.14384974539279938,True,True
b035813,0.0,False,True
b035814,0.0,False,True
b035815,0.0,False,True
b035816,0.0,False,True
b035817,0.0,False,True
b035818,0.0,False,True
b035819,0.0,False,True
b035820,0.0,False,True
b035821,0.0,False,True
b035822,0.0,False,True
b035823,0.0,False,True
b035824,0.0,False,True
b035825,0.32890042662620544,True,True
b035826,0.0,False,True
b035827,0.0,False,True
b035828,0.0,False,True
b035829,0.0,False,True
b035830,0.0,False,True
b035831,0.0,False,True
b035832,0.0,False,True
b035833,0.0,False,True
b035834,0.0,False,True
b035835,0.0,False,True
b035836,0.0,False,True
b035837,0.0,False,True
b035838,0.0,False,True
b035839,0.0,False,True
b035840,0.0,False,True
b035841,0.0,False,True
b035842,0.0,False,True
b035843,0.0,False,True
b035844,0.0,False,True
b035845,0.0,False,True
b035846,0.0,False,True
b035847,0.0,False,True
b035848,0.0,False,True
b035849,0.0,False,True
b035850,0.14961326122283936,True,True
b035851,0.0,False,True
b035852,0.0,False,True
b035853,0.0,False,True
b035854,0.0,False,True
b035855,0.0,False,True
b035856,0.0,False,True
b035857,0.0,False,True
b035858,0.0,False,True
b035859,0.0,False,True
b035860,0.0,False,True
b035861,0.0,False,True
b035862,0.0,False,True
b035863,0.0,False,True
b035864,0.0,False,True
b035865,0.0,False,True
b035866,0.0,False,True
b035867,0.0,False,True
b035868,0.0,False,True
b035869,0.0,False,True
b035870,0.0,False,True
b035871,0.0,False,True
b035872,0.0,False,True
b035873,0.0,False,True
b035874,0.0,False,True
b035875,0.0,False,True
b035876,0.0,False,True
b035877,0.16605336964130402,True,True
b035878,0.0,False,True
b035879,0.11740602552890778,True,True
b035880,0.0,False,True
b035881,0.0,False,True
b035882,0.0,False,True
b035883,0.0,False,True
b035884,0.0,False,True
b035885,0.0,False,True
b035886,0.0,False,True
b035887,0.0,False,True
b035888,0.0,False,True
b035889,0.0,False,True
b035890,0.0,False,True
b035891,0.0,False,True
b035892,0.0,False,True
b035893,0.0,False,True
b035894,0.0,False,True
b035895,0.0,False,True
b035896,0.0,False,True
b035897,0.0,False,True
b035898,0.0,False,True
b035899,0.0,False,True
b035900,0.0,False,True
b035901,0.0,False,True
b035902,0.0,False,True
b035903,0.0,False,True
b035904,0.0,False,True
b035905,0.0,False,True
b035906,0.0,False,True
b035907,0.0,False,True
b035908,0.0,False,True
b035909,0.0,False,True
b035910,0.0,False,True
b035911,0.0,False,True
b035912,0.0,False,True
b035913,0.0,False,True
b035914,0.0,False,True
b035915,0.0,False,True
b035916,0.0,False,True
b035917,0.0,False,True
b035918,0.0,False,True
b035919,0.0,False,True
b035920,0.0,False,True
b035921,0.0,False,True
b035922,0.0,False,True
b035923,0.0,False,True
b035924,0.0,False,True
b035925,0.0,False,True
b035926,0.0,False,True
b035927,0.0,False,True
b035928,0.0,False,True
b035929,0.0,False,True
b035930,0.0,False,True
b035931,0.0,False,True
b035932,0.0,False,True
b035933,0.0,False,True
b035934,0.0,False,True
b035935,0.0,False,True
b035936,0.0,False,True
b035937,0.0,False,True
b035938,0.0,False,True
b035939,0.0,False,True
b035940,0.0,False,True
b035941,0.0,False,True
b035942,0.0,False,True
b035943,0.0,False,True
b035944,0.0,False,True
b035945,0.0,False,True
b035946,0.0,False,True
b035947,0.0,False,True
b035948,0.0,False,True
b035949,0.0,False,True
b035950,0.0,False,True
b035951,0.0,False,True
b035952,0.0,False,True
b035953,0.0,False,True
b035954,0.0,False,True
b035955,0.0,False,True
b035956,0.0,False,True
b035957,0.0,False,True
b035958,0.0,False,True
b035959,0.0,False,True
b035960,0.0,False,True
b035961,0.0,False,True
b035962,0.0,False,True
b035963,0.0,False,True
b035964,0.0,False,True
b035965,0.0,False,True
b035966,0.0,False,True
b035967,0.0,False,True
b035968,0.0,False,True
b035969,0.0,False,True
b035970,0.8702439665794373,True,True
b035971,0.0,False,True
b035972,0.0,False,True
b035973,0.0,False,True
b035974,0.0,False,True
b035975,0.0,False,True
b035976,0.0,False,True
b035977,0.5720316171646118,True,True
b035978,0.0,False,True
b035979,0.0,False,True
b035980,0.0,False,True
b035981,0.0,False,True
b035982,0.0,False,True
b035983,0.0,False,True
b035984,0.0,False,True
b035985,0.0,False,True
b035986,0.0,False,True
b035987,0.0,False,True
b035988,0.0,False,True
b035989,0.0,False,True
b035990,0.0,False,True
b035991,0.0,False,True
b035992,0.0,False,True
b035993,0.0,False,True
b035994,0.0,False,True
b035995,0.0,False,True
b035996,0.0,False,True
b035997,0.0,False,True
b035998,0.0,False,True
b035999,0.0,False,True
b036000,0.0,False,True
b036001,0.0,False,True
b036002,0.0,False,True
b036003,0.0,False,True
b036004,0.0,False,True
b036005,0.0,False,True
b036006,0.0,False,True
b036007,0.17545266449451447,True,True
b036008,0.0,False,True
b036009,0.0,False,True
b036010,0.0,False,True
b036011,0.0,False,True
b036012,0.0,False,True
b036013,0.0,False,True
b036014,0.0,False,True
b036015,0.0,False,True
b036016,0.0,False,True
b036017,0.0,False,True
b036018,0.0,False,True
b036019,0.0,False,True
b036020,0.0,False,True
b036021,0.0,False,True
b036022,0.0,False,True
b036023,0.0,False,True
b036024,0.0,False,True
b036025,0.0,False,True
b036026,0.0,False,True
b036027,0.0,False,True
b036028,0.0,False,True
b036029,0.0,False,True
b036030,0.0,False,True
b036031,0.0,False,True
b036032,0.0,False,True
b036033,0.0,False,True
b036034,0.0,False,True
b036035,0.0,False,True
b036036,0.0,False,True
b036037,0.0,False,True
b036038,0.0,False,True
b036039,0.0,False,True
b036040,0.0,False,True
b036041,0.0,False,True
b036042,0.0,False,True
b036043,0.0,False,True
b036044,0.0,False,True
b036045,0.0,False,True
b036046,0.0,False,True
b036047,0.0,False,True
b036048,0.0,False,True
b036049,0.0,False,True
b036050,0.0,False,True
b036051,0.0,False,True
b036052,0.0,False,True
b036053,0.0,False,True
b036054,0.0,False,True
b036055,0.0,False,True
b036056,0.0,False,True
b036057,0.0,False,True
b036058,0.0,False,True
b036059,0.0,False,True
b036060,0.0,False,True
b036061,0.0,False,True
b036062,0.0,False,True
b036063,0.0,False,True
b036064,0.0,False,True
b036065,0.0,False,True
b036066,0.0,False,True
b036067,0.0,False,True
b036068,0.0,False,True
b036069,0.0,False,True
b036070,0.0,False,True
b036071,0.0,False,True
b036072,0.0,False,True
b036073,0.0,False,True
b036074,0.0,False,True
b036075,0.0,False,True
b036076,0.0,False,True
b036077,0.0,False,True
b036078,0.0,False,True
b036079,0.0,False,True
b036080,0.0,False,True
b036081,0.0,False,True
b036082,0.0,False,True
b036083,0.0,False,True
b036084,0.0,False,True
b036085,0.0,False,True
b036086,0.0,False,True
b036087,0.0,False,True
b036088,0.0,False,True
b036089,0.0,False,True
b036090,0.0,False,True
b036091,0.0,False,True
b036092,0.0,False,True
b036093,0.0,False,True
b036094,0.3784564137458801,True,True
b036095,0.0,False,True
b036096,0.0,False,True
b036097,0.0,False,True
b036098,0.0,False,True
b036099,0.0,False,True
b036100,0.0,False,True
b036101,0.0,False,True
b036102,0.0,False,True
b036103,0.0,False,True
b036104,0.0,False,True
b036105,0.0,False,True
b036106,0.0,False,True
b036107,0.0,False,True
b036108,0.0,False,True
b036109,0.0,False,True
b036110,0.0,False,True
b036111,0.0,False,True
b036112,0.0,False,True
b036113,0.0,False,True
b036114,0.0,False,True
b036115,0.4267953634262085,True,True
b036116,0.0,False,True
b036117,0.0,False,True
b036118,0.0,False,True
b036119,0.0,False,True
b036120,0.0,False,True
b036121,0.0,False,True
b036122,0.0,False,True
b036123,0.0,False,True
b036124,0.0,False,True
b036125,0.0,False,True
b036126,0.0,False,True
b036127,0.0,False,True
b036128,0.0,False,True
b036129,0.0,False,True
b036130,0.0,False,True
b036131,0.0,False,True
b036132,0.0,False,True
b036133,0.0,False,True
b036134,0.0,False,True
b036135,0.0,False,True
b036136,0.0,False,True
b036137,0.0,False,True
b036138,0.0,False,True
b036139,0.42942970991134644,True,True
b036140,0.0,False,True
b036141,0.0,False,True
b036142,0.0,False,True
b036143,0.0,False,True
b036144,0.0,False,True
b036145,0.0,False,True
b036146,0.0,False,True
b036147,0.0,False,True
b036148,0.0,False,True
b036149,0.0,False,True
b036150,0.0,False,True
b036151,0.0,False,True
b036152,0.0,False,True
b036153,0.0,False,True
b036154,0.0,False,True
b036155,0.0,False,True
b036156,0.0,False,True
b036157,0.0,False,True
b036158,0.0,False,True
b036159,0.0,False,True
b036160,0.0,False,True
b036161,0.0,False,True
b036162,0.0,False,True
b036163,0.0,False,True
b036164,0.5706619024276733,True,True
b036165,0.0,False,True
b036166,0.0,False,True
b036167,0.0,False,True
b036168,0.0,False,True
b036169,0.0,False,True
b036170,0.0,False,True
b036171,0.0,False,True
b036172,0.0,False,True
b036173,0.0,False,True
b036174,0.0,False,True
b036175,0.0,False,True
b036176,0.0,False,True
b036177,0.0,False,True
b036178,0.0,False,True
b036179,0.0,False,True
b036180,0.0,False,True
b036181,0.0,False,True
b036182,0.0,False,True
b036183,0.0,False,True
b036184,0.0,False,True
b036185,0.0,False,True
b036186,0.0,False,True
b036187,0.0,False,True
b036188,0.0,False,True
b036189,0.0,False,True
b036190,0.0,False,True
b036191,0.0,False,True
b036192,0.0,False,True
b036193,0.0,False,True
b036194,0.0,False,True
b036195,0.0,False,True
b036196,0.0,False,True
b036197,0.0,False,True
b036198,0.0,False,True
b036199,0.0,False,True
b036200,0.0,False,True
b036201,0.0,False,True
b036202,0.0,False,True
b036203,0.0,False,True
b036204,0.0,False,True
b036205,0.0,False,True
b036206,0.0,False,True
b036207,0.0,False,True
b036208,0.0,False,True
b036209,0.0,False,True
b036210,0.0,False,True
b036211,0.0,False,True
b036212,0.0,False,True
b036213,0.0,False,True
b036214,0.0,False,True
b036215,0.0,False,True
b036216,0.0,False,True
b036217,0.0,False,True
b036218,0.0,False,True
b036219,0.0,False,True
b036220,0.0,False,True
b036221,0.0,False,True
b036222,0.0,False,True
b036223,0.0,False,True
b036224,0.0,False,True
b036225,0.0,False,True
b036226,0.0,False,True
b036227,0.0,False,True
b036228,0.0,False,True
b036229,0.0,False,True
b036230,0.0,False,True
b036231,0.0,False,True
b036232,0.0,False,True
b036233,0.14451974630355835,True,True
b036234,0.0,False,True
b036235,0.0,False,True
b036236,0.0,False,True
b036237,0.0,False,True
b036238,0.0,False,True
b036239,0.0,False,True
b036240,0.0,False,True
b036241,0.0,False,True
b036242,0.0,False,True
b036243,0.0,False,True
b036244,0.0,False,True
b036245,0.0,False,True
b036246,0.0,False,True
b036247,0.0,False,True
b036248,0.0,False,True
b036249,0.0,False,True
b036250,0.0,False,True
b036251,0.0,False,True
b036252,0.0,False,True
b036253,0.0,False,True
b036254,0.0,False,True
b036255,0.0,False,True
b036256,0.0,False,True
b036257,0.0,False,True
b036258,0.0,False,True
b036259,0.0,False,True
b036260,0.0,False,True
b036261,0.0,False,True
b036262,0.0,False,True
b036263,0.0,False,True
b036264,0.0,False,True
b036265,0.0,False,True
b036266,0.0,False,True
b036267,0.0,False,True
b036268,0.0,False,True
b036269,0.0,False,True
b036270,0.0,False,True
b036271,0.0,False,True
b036272,0.0,False,True
b036273,0.0,False,True
b036274,0.0,False,True
b036275,0.0,False,True
b036276,0.0,False,True
b036277,0.0,False,True
b036278,0.0,False,True
b036279,0.0,False,True
b036280,0.0,False,True
b036281,0.0,False,True
b036282,0.0,False,True
b036283,0.0,False,True
b036284,0.0,False,True
b036285,0.0,False,True
b036286,0.0,False,True
b036287,0.0,False,True
b036288,0.0,False,True
b036289,0.0,False,True
b036290,0.0,False,True
b036291,0.0,False,True
b036292,0.0,False,True
b036293,0.0,False,True
b036294,0.0,False,True
b036295,0.0,False,True
b036296,0.0,False,True
b036297,0.0,False,True
b036298,0.0,False,True
b036299,0.0,False,True
b036300,0.0,False,True
b036301,0.0,False,True
b036302,0.0,False,True
b036303,0.0,False,True
b036304,0.0,False,True
b036305,0.0,False,True
b036306,0.0,False,True
b036307,0.0,False,True
b036308,0.0,False,True
b036309,0.0,False,True
b036310,0.0,False,True
b036311,0.0,False,True
b036312,0.0,False,True
b036313,0.0,False,True
b036314,0.0,False,True
b036315,0.0,False,True
b036316,0.0,False,True
b036317,0.0,False,True
b036318,0.0,False,True
b036319,0.0,False,True
b036320,0.0,False,True
b036321,0.0,False,True
b036322,0.0,False,True
b036323,0.0,False,True
b036324,0.0,False,True
b036325,0.0,False,True
b036326,0.0,False,True
b036327,0.0,False,True
b036328,0.0,False,True
b036329,0.0,False,True
b036330,0.0,False,True
b036331,0.0,False,True
b036332,0.0,False,True
b036333,0.0,False,True
b036334,0.0,False,True
b036335,0.0,False,True
b036336,0.0,False,True
b036337,0.0,False,True
b036338,0.0,False,True
b036339,0.0,False,True
b036340,0.0,False,True
b036341,0.0,False,True
b036342,0.16683727502822876,True,True
b036343,0.4340074956417084,True,True
b036344,0.0,False,True
b036345,0.0,False,True
b036346,0.0,False,True
b036347,0.0,False,True
b036348,0.0,False,True
b036349,0.0,False,True
b036350,0.0,False,True
b036351,0.0,False,True
b036352,0.0,False,True
b036353,0.0,False,True
b036354,0.0,False,True
b036355,0.0,False,True
b036356,0.0,False,True
b036357,0.0,False,True
b036358,0.0,False,True
b036359,0.0,False,True
b036360,0.0,False,True
b036361,0.0,False,True
b036362,0.0,False,True
b036363,0.0,False,True
b036364,0.0,False,True
b036365,0.0,False,True
b036366,0.0,False,True
b036367,0.0,False,True
b036368,0.0,False,True
b036369,0.0,False,True
b036370,0.0,False,True
b036371,0.0,False,True
b036372,0.0,False,True
b036373,0.0,False,True
b036374,0.0,False,True
b036375,0.0,False,True
b036376,0.0,False,True
b036377,0.0,False,True
b036378,0.0,False,True
b036379,0.0,False,True
b036380,0.0,False,True
b036381,0.0,False,True
b036382,0.0,False,True
b036383,0.0,False,True
b036384,0.0,False,True
b036385,0.0,False,True
b036386,0.0,False,True
b036387,0.0,False,True
b036388,0.0,False,True
b036389,0.0,False,True
b036390,0.0,False,True
b036391,0.0,False,True
b036392,0.0,False,True
b036393,0.0,False,True
b036394,0.0,False,True
b036395,0.0,False,True
b036396,0.0,False,True
b036397,0.12530943751335144,True,True
b036398,0.0,False,True
b036399,0.0,False,True
b036400,0.0,False,True
b036401,0.0,False,True
b036402,0.0,False,True
b036403,0.0,False,True
b036404,0.0,False,True
b036405,0.0,False,True
b036406,0.0,False,True
b036407,0.0,False,True
b036408,0.0,False,True
b036409,0.0,False,True
b036410,0.0,False,True
b036411,0.0,False,True
b036412,0.0,False,True
b036413,0.0,False,True
b036414,0.2611487805843353,True,True
b036415,0.0,False,True
b036416,0.0,False,True
b036417,0.0,False,True
b036418,0.0,False,True
b036419,0.0,False,True
b036420,0.0,False,True
b036421,0.0,False,True
b036422,0.0,False,True
b036423,0.0,False,True
b036424,0.0,False,True
b036425,0.0,False,True
b036426,0.0,False,True
b036427,0.0,False,True
b036428,0.0,False,True
b036429,0.0,False,True
b036430,0.0,False,True
b036431,0.0,False,True
b036432,0.0,False,True
b036433,0.0,False,True
b036434,0.0,False,True
b036435,0.0,False,True
b036436,0.0,False,True
b036437,0.0,False,True
b036438,0.0,False,True
b036439,0.21595056354999542,True,True
b036440,0.0,False,True
b036441,0.0,False,True
b036442,0.0,False,True
b036443,0.0,False,True
b036444,0.0,False,True
b036445,0.0,False,True
b036446,0.0,False,True
b036447,0.0,False,True
b036448,0.0,False,True
b036449,0.0,False,True
b036450,0.0,False,True
b036451,0.0,False,True
b036452,0.0,False,True
b036453,0.0,False,True
b036454,0.0,False,True
b036455,0.0,False,True
b036456,0.0,False,True
b036457,0.0,False,True
b036458,0.0,False,True
b036459,0.5456593036651611,True,True
b036460,0.0,False,True
b036461,0.0,False,True
b036462,0.0,False,True
b036463,0.0,False,True
b036464,0.0,False,True
b036465,0.0,False,True
b036466,0.0,False,True
b036467,0.0,False,True
b036468,0.0,False,True
b036469,0.0,False,True
b036470,0.0,False,True
b036471,0.0,False,True
b036472,0.0,False,True
b036473,0.0,False,True
b036474,0.0,False,True
b036475,0.0,False,True
b036476,0.0,False,True
b036477,0.0,False,True
b036478,0.0,False,True
b036479,0.0,False,True
b036480,0.0,False,True
b036481,0.0,False,True
b036482,0.0,False,True
b036483,0.0,False,True
b036484,0.0,False,True
b036485,0.0,False,True
b036486,0.0,False,True
b036487,0.0,False,True
b036488,0.0,False,True
b036489,0.0,False,True
b036490,0.0,False,True
b036491,0.0,False,True
b036492,0.0,False,True
b036493,0.0,False,True
b036494,0.0,False,True
b036495,0.0,False,True
b036496,0.0,False,True
b036497,0.0,False,True
b036498,0.0,False,True
b036499,0.0,False,True
b036500,0.0,False,True
b036501,0.0,False,True
b036502,0.0,False,True
b036503,0.0,False,True
b036504,0.0,False,True
b036505,0.0,False,True
b036506,0.0,False,True
b036507,0.0,False,True
b036508,0.0,False,True
b036509,0.12972243130207062,True,True
b036510,0.0,False,True
b036511,0.0,False,True
b036512,0.0,False,True
b036513,0.0,False,True
b036514,0.0,False,True
b036515,0.0,False,True
b036516,0.0,False,True
b036517,0.0,False,True
b036518,0.0,False,True
b036519,0.0,False,True
b036520,0.0,False,True
b036521,0.0,False,True
b036522,0.0,False,True
b036523,0.0,False,True
b036524,0.0,False,True
b036525,0.0,False,True
b036526,0.0,False,True
b036527,0.0,False,True
b036528,0.19811409711837769,True,True
b036529,0.0,False,True
b036530,0.0,False,True
b036531,0.0,False,True
b036532,0.0,False,True
b036533,0.0,False,True
b036534,0.0,False,True
b036535,0.0,False,True
b036536,0.0,False,True
b036537,0.0,False,True
b036538,0.0,False,True
b036539,0.0,False,True
b036540,0.0,False,True
b036541,0.0,False,True
b036542,0.0,False,True
b036543,0.0,False,True
b036544,0.0,False,True
b036545,0.0,False,True
b036546,0.0,False,True
b036547,0.0,False,True
b036548,0.0,False,True
b036549,0.0,False,True
b036550,0.0,False,True
b036551,0.0,False,True
b036552,0.0,False,True
b036553,0.22936969995498657,True,True
b036554,0.0,False,True
b036555,0.0,False,True
b036556,0.0,False,True
b036557,0.0,False,True
b036558,0.0,False,True
b036559,0.0,False,True
b036560,0.0,False,True
b036561,0.0,False,True
b036562,0.0,False,True
b036563,0.0,False,True
b036564,0.0,False,True
b036565,0.0,False,True
b036566,0.0,False,True
b036567,0.0,False,True
b036568,0.0,False,True
b036569,0.0,False,True
b036570,0.0,False,True
b036571,0.0,False,True
b036572,0.0,False,True
b036573,0.0,False,True
b036574,0.0,False,True
b036575,0.0,False,True
b036576,0.0,False,True
b036577,0.0,False,True
b036578,0.0,False,True
b036579,0.0,False,True
b036580,0.0,False,True
b036581,0.0,False,True
b036582,0.0,False,True
b036583,0.0,False,True
b036584,0.0,False,True
b036585,0.0,False,True
b036586,0.0,False,True
b036587,0.0,False,True
b036588,0.0,False,True
b036589,0.0,False,True
b036590,0.1888759285211563,True,True
b036591,0.0,False,True
b036592,0.0,False,True
b036593,0.0,False,True
b036594,0.0,False,True
b036595,0.526779055595398,True,True
b036596,0.0,False,True
b036597,0.0,False,True
b036598,0.0,False,True
b036599,0.0,False,True
b036600,0.0,False,True
b036601,0.0,False,True
b036602,0.0,False,True
b036603,0.0,False,True
b036604,0.0,False,True
b036605,0.0,False,True
b036606,0.0,False,True
b036607,0.0,False,True
b036608,0.0,False,True
b036609,0.0,False,True
b036610,0.0,False,True
b036611,0.0,False,True
b036612,0.0,False,True
b036613,0.0,False,True
b036614,0.0,False,True
b036615,0.0,False,True
b036616,0.0,False,True
b036617,0.0,False,True
b036618,0.0,False,True
b036619,0.0,False,True
b036620,0.0,False,True
b036621,0.0,False,True
b036622,0.0,False,True
b036623,0.0,False,True
b036624,0.0,False,True
b036625,0.0,False,True
b036626,0.0,False,True
b036627,0.0,False,True
b036628,0.0,False,True
b036629,0.0,False,True
b036630,0.0,False,True
b036631,0.0,False,True
b036632,0.0,False,True
b036633,0.0,False,True
b036634,0.0,False,True
b036635,0.0,False,True
b036636,0.0,False,True
b036637,0.0,False,True
b036638,0.0,False,True
b036639,0.0,False,True
b036640,0.0,False,True
b036641,0.0,False,True
b036642,0.0,False,True
b036643,0.0,False,True
b036644,0.0,False,True
b036645,0.0,False,True
b036646,0.0,False,True
b036647,0.0,False,True
b036648,0.0,False,True
b036649,0.0,False,True
b036650,0.0,False,True
b036651,0.0,False,True
b036652,0.0,False,True
b036653,0.0,False,True
b036654,0.0,False,True
b036655,0.0,False,True
b036656,0.0,False,True
b036657,0.0,False,True
b036658,0.0,False,True
b036659,0.0,False,True
b036660,0.0,False,True
b036661,0.0,False,True
b036662,0.0,False,True
b036663,0.0,False,True
b036664,0.0,False,True
b036665,0.0,False,True
b036666,0.0,False,True
b036667,0.0,False,True
b036668,0.0,False,True
b036669,0.0,False,True
b036670,0.0,False,True
b036671,0.0,False,True
b036672,0.0,False,True
b036673,0.0,False,True
b036674,0.0,False,True
b036675,0.0,False,True
b036676,0.0,False,True
b036677,0.0,False,True
b036678,0.0,False,True
b036679,0.25627601146698,True,True
b036680,0.0,False,True
b036681,0.0,False,True
b036682,0.0,False,True
b036683,0.0,False,True
b036684,0.0,False,True
b036685,0.23892778158187866,True,True
b036686,0.0,False,True
b036687,0.46038389205932617,True,True
b036688,0.0,False,True
b036689,0.0,False,True
b036690,0.0,False,True
b036691,0.0,False,True
b036692,0.0,False,True
b036693,0.0,False,True
b036694,0.0,False,True
b036695,0.0,False,True
b036696,0.0,False,True
b036697,0.0,False,True
b036698,0.0,False,True
b036699,0.0,False,True
b036700,0.0,False,True
b036701,0.0,False,True
b036702,0.7601301074028015,True,True
b036703,0.0,False,True
b036704,0.0,False,True
b036705,0.0,False,True
b036706,0.0,False,True
b036707,0.0,False,True
b036708,0.0,False,True
b036709,0.0,False,True
b036710,0.0,False,True
b036711,0.0,False,True
b036712,0.0,False,True
b036713,0.0,False,True
b036714,0.0,False,True
b036715,0.0,False,True
b036716,0.0,False,True
b036717,0.0,False,True
b036718,0.0,False,True
b036719,0.0,False,True
b036720,0.0,False,True
b036721,0.0,False,True
b036722,0.0,False,True
b036723,0.0,False,True
b036724,0.0,False,True
b036725,0.0,False,True
b036726,0.0,False,True
b036727,0.0,False,True
b036728,0.0,False,True
b036729,0.0,False,True
b036730,0.0,False,True
b036731,0.0,False,True
b036732,0.0,False,True
b036733,0.0,False,True
b036734,0.0,False,True
b036735,0.0,False,True
b036736,0.0,False,True
b036737,0.0,False,True
b036738,0.0,False,True
b036739,0.0,False,True
b036740,0.0,False,True
b036741,0.0,False,True
b036742,0.0,False,True
b036743,0.0,False,True
b036744,0.0,False,True
b036745,0.0,False,True
b036746,0.0,False,True
b036747,0.0,False,True
b036748,0.0,False,True
b036749,0.0,False,True
b036750,0.1991545557975769,True,True
b036751,0.0,False,True
b036752,0.0,False,True
b036753,0.0,False,True
b036754,0.0,False,True
b036755,0.0,False,True
b036756,0.22449587285518646,True,True
b036757,0.0,False,True
b036758,0.0,False,True
b036759,0.0,False,True
b036760,0.0,False,True
b036761,0.0,False,True
b036762,0.0,False,True
b036763,0.0,False,True
b036764,0.0,False,True
b036765,0.0,False,True
b036766,0.0,False,True
b036767,0.0,False,True
b036768,0.0,False,True
b036769,0.0,False,True
b036770,0.0,False,True
b036771,0.0,False,True
b036772,0.12462525814771652,True,True
b036773,0.0,False,True
b036774,0.18169505894184113,True,True
b036775,0.0,False,True
b036776,0.0,False,True
b036777,0.0,False,True
b036778,0.0,False,True
b036779,0.0,False,True
b036780,0.0,False,True
b036781,0.0,False,True
b036782,0.0,False,True
b036783,0.0,False,True
b036784,0.0,False,True
b036785,0.0,False,True
b036786,0.0,False,True
b036787,0.0,False,True
b036788,0.0,False,True
b036789,0.0,False,True
b036790,0.43844327330589294,True,True
b036791,0.0,False,True
b036792,0.0,False,True
b036793,0.0,False,True
b036794,0.0,False,True
b036795,0.0,False,True
b036796,0.0,False,True
b036797,0.0,False,True
b036798,0.0,False,True
b036799,0.0,False,True
b036800,0.12427947670221329,True,True
b036801,0.0,False,True
b036802,0.0,False,True
b036803,0.0,False,True
b036804,0.0,False,True
b036805,0.0,False,True
b036806,0.0,False,True
b036807,0.0,False,True
b036808,0.0,False,True
b036809,0.0,False,True
b036810,0.0,False,True
b036811,0.0,False,True
b036812,0.0,False,True
b036813,0.0,False,True
b036814,0.0,False,True
b036815,0.0,False,True
b036816,0.0,False,True
b036817,0.0,False,True
b036818,0.0,False,True
b036819,0.0,False,True
b036820,0.0,False,True
b036821,0.0,False,True
b036822,0.0,False,True
b036823,0.0,False,True
b036824,0.0,False,True
b036825,0.0,False,True
b036826,0.0,False,True
b036827,0.4420190751552582,True,True
b036828,0.0,False,True
b036829,0.0,False,True
b036830,0.0,False,True
b036831,0.0,False,True
b036832,0.0,False,True
b036833,0.0,False,True
b036834,0.0,False,True
b036835,0.0,False,True
b036836,0.12276880443096161,True,True
b036837,0.20337699353694916,True,True
b036838,0.0,False,True
b036839,0.0,False,True
b036840,0.0,False,True
b036841,0.0,False,True
b036842,0.0,False,True
b036843,0.0,False,True
b036844,0.0,False,True
b036845,0.0,False,True
b036846,0.0,False,True
b036847,0.47812071442604065,True,True
b036848,0.0,False,True
b036849,0.0,False,True
b036850,0.0,False,True
b036851,0.0,False,True
b036852,0.0,False,True
b036853,0.0,False,True
b036854,0.0,False,True
b036855,0.0,False,True
b036856,0.0,False,True
b036857,0.0,False,True
b036858,0.0,False,True
b036859,0.0,False,True
b036860,0.0,False,True
b036861,0.0,False,True
b036862,0.0,False,True
b036863,0.0,False,True
b036864,0.0,False,True
b036865,0.0,False,True
b036866,0.0,False,True
b036867,0.0,False,True
b036868,0.0,False,True
b036869,0.0,False,True
b036870,0.0,False,True
b036871,0.0,False,True
b036872,0.0,False,True
b036873,0.0,False,True
b036874,0.0,False,True
b036875,0.0,False,True
b036876,0.0,False,True
b036877,0.0,False,True
b036878,0.0,False,True
b036879,0.0,False,True
b036880,0.0,False,True
b036881,0.0,False,True
b036882,0.14038297533988953,True,True
b036883,0.0,False,True
b036884,0.0,False,True
b036885,0.0,False,True
b036886,0.0,False,True
b036887,0.0,False,True
b036888,0.0,False,True
b036889,0.0,False,True
b036890,0.0,False,True
b036891,0.0,False,True
b036892,0.0,False,True
b036893,0.0,False,True
b036894,0.0,False,True
b036895,0.0,False,True
b036896,0.0,False,True
b036897,0.0,False,True
b036898,0.0,False,True
b036899,0.0,False,True
b036900,0.39537304639816284,True,True
b036901,0.0,False,True
b036902,0.0,False,True
b036903,0.0,False,True
b036904,0.0,False,True
b036905,0.0,False,True
b036906,0.0,False,True
b036907,0.0,False,True
b036908,0.0,False,True
b036909,0.0,False,True
b036910,0.0,False,True
b036911,0.11686892062425613,True,True
b036912,0.0,False,True
b036913,0.0,False,True
b036914,0.0,False,True
b036915,0.0,False,True
b036916,0.0,False,True
b036917,0.0,False,True
b036918,0.0,False,True
b036919,0.0,False,True
b036920,0.0,False,True
b036921,0.0,False,True
b036922,0.0,False,True
b036923,0.0,False,True
b036924,0.19636504352092743,True,True
b036925,0.0,False,True
b036926,0.0,False,True
b036927,0.0,False,True
b036928,0.22313204407691956,True,True
b036929,0.0,False,True
b036930,0.0,False,True
b036931,0.0,False,True
b036932,0.0,False,True
b036933,0.0,False,True
b036934,0.0,False,True
b036935,0.0,False,True
b036936,0.0,False,True
b036937,0.0,False,True
b036938,0.0,False,True
b036939,0.0,False,True
b036940,0.7946800589561462,True,True
b036941,0.0,False,True
b036942,0.0,False,True
b036943,0.0,False,True
b036944,0.0,False,True
b036945,0.0,False,True
b036946,0.0,False,True
b036947,0.0,False,True
b036948,0.0,False,True
b036949,0.0,False,True
b036950,0.0,False,True
b036951,0.0,False,True
b036952,0.0,False,True
b036953,0.0,False,True
b036954,0.0,False,True
b036955,0.5404236912727356,True,True
b036956,0.0,False,True
b036957,0.0,False,True
b036958,0.0,False,True
b036959,0.0,False,True
b036960,0.0,False,True
b036961,0.0,False,True
b036962,0.0,False,True
b036963,0.0,False,True
b036964,0.0,False,True
b036965,0.0,False,True
b036966,0.0,False,True
b036967,0.0,False,True
b036968,0.0,False,True
b036969,0.0,False,True
b036970,0.0,False,True
b036971,0.0,False,True
b036972,0.0,False,True
b036973,0.0,False,True
b036974,0.0,False,True
b036975,0.0,False,True
b036976,0.0,False,True
b036977,0.0,False,True
b036978,0.0,False,True
b036979,0.0,False,True
b036980,0.1301552653312683,True,True
b036981,0.0,False,True
b036982,0.0,False,True
b036983,0.0,False,True
b036984,0.0,False,True
b036985,0.0,False,True
b036986,0.0,False,True
b036987,0.0,False,True
b036988,0.0,False,True
b036989,0.0,False,True
b036990,0.0,False,True
b036991,0.0,False,True
b036992,0.0,False,True
b036993,0.0,False,True
b036994,0.0,False,True
b036995,0.0,False,True
b036996,0.0,False,True
b036997,0.21566982567310333,True,True
b036998,0.0,False,True
b036999,0.3894575238227844,True,True
b037000,0.0,False,True
b037001,0.0,False,True
b037002,0.0,False,True
b037003,0.0,False,True
b037004,0.0,False,True
b037005,0.0,False,True
b037006,0.0,False,True
b037007,0.0,False,True
b037008,0.0,False,True
b037009,0.0,False,True
b037010,0.0,False,True
b037011,0.0,False,True
b037012,0.0,False,True
b037013,0.0,False,True
b037014,0.0,False,True
b037015,0.0,False,True
b037016,0.0,False,True
b037017,0.0,False,True
b037018,0.0,False,True
b037019,0.0,False,True
b037020,0.0,False,True
b037021,0.0,False,True
b037022,0.0,False,True
b037023,0.8859148621559143,True,True
b037024,0.0,False,True
b037025,0.0,False,True
b037026,0.0,False,True
b037027,0.0,False,True
b037028,0.0,False,True
b037029,0.0,False,True
b037030,0.0,False,True
b037031,0.0,False,True
b037032,0.0,False,True
b037033,0.0,False,True
b037034,0.0,False,True
b037035,0.0,False,True
b037036,0.0,False,True
b037037,0.0,False,True
b037038,0.0,False,True
b037039,0.0,False,True
b037040,0.0,False,True
b037041,0.0,False,True
b037042,0.0,False,True
b037043,0.0,False,True
b037044,0.0,False,True
b037045,0.0,False,True
b037046,0.0,False,True
b037047,0.16561110317707062,True,True
b037048,0.0,False,True
b037049,0.0,False,True
b037050,0.0,False,True
b037051,0.0,False,True
b037052,0.0,False,True
b037053,0.0,False,True
b037054,0.0,False,True
b037055,0.0,False,True
b037056,0.0,False,True
b037057,0.0,False,True
b037058,0.0,False,True
b037059,0.0,False,True
b037060,0.0,False,True
b037061,0.0,False,True
b037062,0.0,False,True
b037063,0.0,False,True
b037064,0.0,False,True
b037065,0.0,False,True
b037066,0.0,False,True
b037067,0.0,False,True
b037068,0.0,False,True
b037069,0.0,False,True
b037070,0.0,False,True
b037071,0.0,False,True
b037072,0.0,False,True
b037073,0.0,False,True
b037074,0.0,False,True
b037075,0.0,False,True
b037076,0.0,False,True
b037077,0.0,False,True
b037078,0.0,False,True
b037079,0.0,False,True
b037080,0.0,False,True
b037081,0.0,False,True
b037082,0.0,False,True
b037083,0.0,False,True
b037084,0.30419373512268066,True,True
b037085,0.0,False,True
b037086,0.0,False,True
b037087,0.0,False,True
b037088,0.0,False,True
b037089,0.0,False,True
b037090,0.0,False,True
b037091,0.0,False,True
b037092,0.0,False,True
b037093,0.0,False,True
b037094,0.0,False,True
b037095,0.0,False,True
b037096,0.0,False,True
b037097,0.0,False,True
b037098,0.0,False,True
b037099,0.0,False,True
b037100,0.0,False,True
b037101,0.0,False,True
b037102,0.0,False,True
b037103,0.0,False,True
b037104,0.0,False,True
b037105,0.30881044268608093,True,True
b037106,0.0,False,True
b037107,0.0,False,True
b037108,0.0,False,True
b037109,0.0,False,True
b037110,0.0,False,True
b037111,0.0,False,True
b037112,0.0,False,True
b037113,0.0,False,True
b037114,0.370541512966156,True,True
b037115,0.0,False,True
b037116,0.0,False,True
b037117,0.0,False,True
b037118,0.0,False,True
b037119,0.0,False,True
b037120,0.0,False,True
b037121,0.0,False,True
b037122,0.0,False,True
b037123,0.0,False,True
b037124,0.0,False,True
b037125,0.0,False,True
b037126,0.0,False,True
b037127,0.0,False,True
b037128,0.0,False,True
b037129,0.0,False,True
b037130,0.0,False,True
b037131,0.0,False,True
b037132,0.0,False,True
b037133,0.0,False,True
b037134,0.0,False,True
b037135,0.0,False,True
b037136,0.0,False,True
b037137,0.0,False,True
b037138,0.0,False,True
b037139,0.0,False,True
b037140,0.0,False,True
b037141,0.0,False,True
b037142,0.0,False,True
b037143,0.0,False,True
b037144,0.0,False,True
b037145,0.0,False,True
b037146,0.0,False,True
b037147,0.0,False,True
b037148,0.0,False,True
b037149,0.0,False,True
b037150,0.0,False,True
b037151,0.0,False,True
b037152,0.0,False,True
b037153,0.0,False,True
b037154,0.0,False,True
b037155,0.0,False,True
b037156,0.0,False,True
b037157,0.25155702233314514,True,True
b037158,0.0,False,True
b037159,0.0,False,True
b037160,0.0,False,True
b037161,0.0,False,True
b037162,0.0,False,True
b037163,0.16113348305225372,True,True
b037164,0.0,False,True
b037165,0.0,False,True
b037166,0.0,False,True
b037167,0.0,False,True
b037168,0.0,False,True
b037169,0.0,False,True
b037170,0.0,False,True
b037171,0.0,False,True
b037172,0.0,False,True
b037173,0.0,False,True
b037174,0.0,False,True
b037175,0.0,False,True
b037176,0.0,False,True
b037177,0.0,False,True
b037178,0.0,False,True
b037179,0.0,False,True
b037180,0.0,False,True
b037181,0.14953620731830597,True,True
b037182,0.0,False,True
b037183,0.0,False,True
b037184,0.0,False,True
b037185,0.0,False,True
b037186,0.0,False,True
b037187,0.0,False,True
b037188,0.0,False,True
b037189,0.0,False,True
b037190,0.0,False,True
b037191,0.0,False,True
b037192,0.0,False,True
b037193,0.0,False,True
b037194,0.0,False,True
b037195,0.0,False,True
b037196,0.0,False,True
b037197,0.0,False,True
b037198,0.10106158256530762,True,True
b037199,0.0,False,True
b037200,0.0,False,True
b037201,0.0,False,True
b037202,0.0,False,True
b037203,0.0,False,True
b037204,0.0,False,True
b037205,0.11215043812990189,True,True
b037206,0.0,False,True
b037207,0.0,False,True
b037208,0.0,False,True
b037209,0.0,False,True
b037210,0.0,False,True
b037211,0.0,False,True
b037212,0.0,False,True
b037213,0.0,False,True
b037214,0.0,False,True
b037215,0.0,False,True
b037216,0.0,False,True
b037217,0.0,False,True
b037218,0.0,False,True
b037219,0.0,False,True
b037220,0.0,False,True
b037221,0.0,False,True
b037222,0.0,False,True
b037223,0.0,False,True
b037224,0.0,False,True
b037225,0.0,False,True
b037226,0.0,False,True
b037227,0.0,False,True
b037228,0.0,False,True
b037229,0.0,False,True
b037230,0.0,False,True
b037231,0.0,False,True
b037232,0.0,False,True
b037233,0.0,False,True
b037234,0.0,False,True
b037235,0.0,False,True
b037236,0.0,False,True
b037237,0.0,False,True
b037238,0.0,False,True
b037239,0.0,False,True
b037240,0.0,False,True
b037241,0.0,False,True
b037242,0.0,False,True
b037243,0.0,False,True
b037244,0.0,False,True
b037245,0.0,False,True
b037246,0.0,False,True
b037247,0.0,False,True
b037248,0.0,False,True
b037249,0.0,False,True
b037250,0.0,False,True
b037251,0.0,False,True
b037252,0.0,False,True
b037253,0.0,False,True
b037254,0.147352397441864,True,True
b037255,0.0,False,True
b037256,0.0,False,True
b037257,0.0,False,True
b037258,0.0,False,True
b037259,0.0,False,True
b037260,0.0,False,True
b037261,0.0,False,True
b037262,0.0,False,True
b037263,0.0,False,True
b037264,0.0,False,True
b037265,0.0,False,True
b037266,0.0,False,True
b037267,0.0,False,True
b037268,0.0,False,True
b037269,0.0,False,True
b037270,0.0,False,True
b037271,0.0,False,True
b037272,0.0,False,True
b037273,0.18786543607711792,True,True
b037274,0.0,False,True
b037275,0.0,False,True
b037276,0.0,False,True
b037277,0.0,False,True
b037278,0.0,False,True
b037279,0.0,False,True
b037280,0.0,False,True
b037281,0.0,False,True
b037282,0.0,False,True
b037283,0.0,False,True
b037284,0.0,False,True
b037285,0.0,False,True
b037286,0.0,False,True
b037287,0.0,False,True
b037288,0.0,False,True
b037289,0.0,False,True
b037290,0.0,False,True
b037291,0.0,False,True
b037292,0.0,False,True
b037293,0.0,False,True
b037294,0.0,False,True
b037295,0.36562708020210266,True,True
b037296,0.0,False,True
b037297,0.0,False,True
b037298,0.0,False,True
b037299,0.0,False,True
b037300,0.0,False,True
b037301,0.0,False,True
b037302,0.0,False,True
b037303,0.0,False,True
b037304,0.0,False,True
b037305,0.0,False,True
b037306,0.0,False,True
b037307,0.0,False,True
b037308,0.0,False,True
b037309,0.0,False,True
b037310,0.0,False,True
b037311,0.0,False,True
b037312,0.0,False,True
b037313,0.0,False,True
b037314,0.0,False,True
b037315,0.0,False,True
b037316,0.0,False,True
b037317,0.0,False,True
b037318,0.4139821529388428,True,True
b037319,0.0,False,True
b037320,0.0,False,True
b037321,0.0,False,True
b037322,0.0,False,True
b037323,0.0,False,True
b037324,0.0,False,True
b037325,0.0,False,True
b037326,0.0,False,True
b037327,0.0,False,True
b037328,0.0,False,True
b037329,0.0,False,True
b037330,0.0,False,True
b037331,0.0,False,True
b037332,0.0,False,True
b037333,0.0,False,True
b037334,0.15192048251628876,True,True
b037335,0.0,False,True
b037336,0.0,False,True
b037337,0.0,False,True
b037338,0.0,False,True
b037339,0.0,False,True
b037340,0.0,False,True
b037341,0.0,False,True
b037342,0.0,False,True
b037343,0.0,False,True
b037344,0.0,False,True
b037345,0.0,False,True
b037346,0.0,False,True
b037347,0.0,False,True
b037348,0.0,False,True
b037349,0.0,False,True
b037350,0.0,False,True
b037351,0.0,False,True
b037352,0.0,False,True
b037353,0.0,False,True
b037354,0.0,False,True
b037355,0.0,False,True
b037356,0.0,False,True
b037357,0.0,False,True
b037358,0.0,False,True
b037359,0.0,False,True
b037360,0.0,False,True
b037361,0.12438030540943146,True,True
b037362,0.0,False,True
b037363,0.0,False,True
b037364,0.0,False,True
b037365,0.0,False,True
b037366,0.0,False,True
b037367,0.0,False,True
b037368,0.0,False,True
b037369,0.0,False,True
b037370,0.0,False,True
b037371,0.0,False,True
b037372,0.0,False,True
b037373,0.0,False,True
b037374,0.0,False,True
b037375,0.0,False,True
b037376,0.0,False,True
b037377,0.0,False,True
b037378,0.0,False,True
b037379,0.0,False,True
b037380,0.0,False,True
b037381,0.0,False,True
b037382,0.0,False,True
b037383,0.0,False,True
b037384,0.0,False,True
b037385,0.0,False,True
b037386,0.0,False,True
b037387,0.0,False,True
b037388,0.0,False,True
b037389,0.0,False,True
b037390,0.0,False,True
b037391,0.0,False,True
b037392,0.0,False,True
b037393,0.0,False,True
b037394,0.0,False,True
b037395,0.0,False,True
b037396,0.0,False,True
b037397,0.0,False,True
b037398,0.0,False,True
b037399,0.0,False,True
b037400,0.0,False,True
b037401,0.0,False,True
b037402,0.0,False,True
b037403,0.0,False,True
b037404,0.0,False,True
b037405,0.0,False,True
b037406,0.0,False,True
b037407,0.0,False,True
b037408,0.0,False,True
b037409,0.0,False,True
b037410,0.0,False,True
b037411,0.0,False,True
b037412,0.0,False,True
b037413,0.0,False,True
b037414,0.0,False,True
b037415,0.0,False,True
b037416,0.0,False,True
b037417,0.0,False,True
b037418,0.0,False,True
b037419,0.0,False,True
b037420,0.0,False,True
b037421,0.0,False,True
b037422,0.0,False,True
b037423,0.0,False,True
b037424,0.0,False,True
b037425,0.0,False,True
b037426,0.0,False,True
b037427,0.0,False,True
b037428,0.0,False,True
b037429,0.0,False,True
b037430,0.0,False,True
b037431,0.0,False,True
b037432,0.0,False,True
b037433,0.0,False,True
b037434,0.0,False,True
b037435,0.0,False,True
b037436,0.0,False,True
b037437,0.0,False,True
b037438,0.0,False,True
b037439,0.0,False,True
b037440,0.0,False,True
b037441,0.0,False,True
b037442,0.0,False,True
b037443,0.0,False,True
b037444,0.0,False,True
b037445,0.0,False,True
b037446,0.0,False,True
b037447,0.0,False,True
b037448,0.0,False,True
b037449,0.0,False,True
b037450,0.0,False,True
b037451,0.0,False,True
b037452,0.0,False,True
b037453,0.0,False,True
b037454,0.0,False,True
b037455,0.0,False,True
b037456,0.0,False,True
b037457,0.0,False,True
b037458,0.0,False,True
b037459,0.8443878889083862,True,True
b037460,0.0,False,True
b037461,0.0,False,True
b037462,0.0,False,True
b037463,0.0,False,True
b037464,0.1587226539850235,True,True
b037465,0.0,False,True
b037466,0.0,False,True
b037467,0.0,False,True
b037468,0.0,False,True
b037469,0.0,False,True
b037470,0.0,False,True
b037471,0.0,False,True
b037472,0.0,False,True
b037473,0.0,False,True
b037474,0.0,False,True
b037475,0.0,False,True
b037476,0.0,False,True
b037477,0.0,False,True
b037478,0.0,False,True
b037479,0.0,False,True
b037480,0.1663721650838852,True,True
b037481,0.0,False,True
b037482,0.0,False,True
b037483,0.0,False,True
b037484,0.0,False,True
b037485,0.0,False,True
b037486,0.0,False,True
b037487,0.0,False,True
b037488,0.0,False,True
b037489,0.0,False,True
b037490,0.0,False,True
b037491,0.0,False,True
b037492,0.0,False,True
b037493,0.0,False,True
b037494,0.0,False,True
b037495,0.0,False,True
b037496,0.0,False,True
b037497,0.0,False,True
b037498,0.0,False,True
b037499,0.0,False,True
b037500,0.0,False,True
b037501,0.0,False,True
b037502,0.0,False,True
b037503,0.0,False,True
b037504,0.0,False,True
b037505,0.0,False,True
b037506,0.0,False,True
b037507,0.0,False,True
b037508,0.0,False,True
b037509,0.0,False,True
b037510,0.0,False,True
b037511,0.0,False,True
b037512,0.0,False,True
b037513,0.0,False,True
b037514,0.0,False,True
b037515,0.0,False,True
b037516,0.0,False,True
b037517,0.0,False,True
b037518,0.0,False,True
b037519,0.0,False,True
b037520,0.0,False,True
b037521,0.0,False,True
b037522,0.0,False,True
b037523,0.20053337514400482,True,True
b037524,0.0,False,True
b037525,0.0,False,True
b037526,0.0,False,True
b037527,0.0,False,True
b037528,0.0,False,True
b037529,0.0,False,True
b037530,0.0,False,True
b037531,0.0,False,True
b037532,0.0,False,True
b037533,0.0,False,True
b037534,0.0,False,True
b037535,0.0,False,True
b037536,0.0,False,True
b037537,0.0,False,True
b037538,0.0,False,True
b037539,0.0,False,True
b037540,0.0,False,True
b037541,0.0,False,True
b037542,0.0,False,True
b037543,0.0,False,True
b037544,0.0,False,True
b037545,0.0,False,True
b037546,0.0,False,True
b037547,0.0,False,True
b037548,0.0,False,True
b037549,0.0,False,True
b037550,0.0,False,True
b037551,0.0,False,True
b037552,0.0,False,True
b037553,0.18120433390140533,True,True
b037554,0.0,False,True
b037555,0.0,False,True
b037556,0.0,False,True
b037557,0.0,False,True
b037558,0.0,False,True
b037559,0.0,False,True
b037560,0.0,False,True
b037561,0.0,False,True
b037562,0.0,False,True
b037563,0.0,False,True
b037564,0.0,False,True
b037565,0.0,False,True
b037566,0.0,False,True
b037567,0.0,False,True
b037568,0.0,False,True
b037569,0.0,False,True
b037570,0.0,False,True
b037571,0.0,False,True
b037572,0.0,False,True
b037573,0.0,False,True
b037574,0.0,False,True
b037575,0.0,False,True
b037576,0.0,False,True
b037577,0.0,False,True
b037578,0.0,False,True
b037579,0.0,False,True
b037580,0.0,False,True
b037581,0.0,False,True
b037582,0.0,False,True
b037583,0.0,False,True
b037584,0.0,False,True
b037585,0.0,False,True
b037586,0.0,False,True
b037587,0.0,False,True
b037588,0.0,False,True
b037589,0.11326488852500916,True,True
b037590,0.0,False,True
b037591,0.0,False,True
b037592,0.0,False,True
b037593,0.0,False,True
b037594,0.0,False,True
b037595,0.11331191658973694,True,True
b037596,0.0,False,True
b037597,0.0,False,True
b037598,0.0,False,True
b037599,0.0,False,True
b037600,0.0,False,True
b037601,0.3747101426124573,True,True
b037602,0.0,False,True
b037603,0.0,False,True
b037604,0.0,False,True
b037605,0.0,False,True
b037606,0.0,False,True
b037607,0.0,False,True
b037608,0.0,False,True
b037609,0.0,False,True
b037610,0.0,False,True
b037611,0.25169000029563904,True,True
b037612,0.0,False,True
b037613,0.0,False,True
b037614,0.0,False,True
b037615,0.0,False,True
b037616,0.0,False,True
b037617,0.0,False,True
b037618,0.0,False,True
b037619,0.0,False,True
b037620,0.0,False,True
b037621,0.0,False,True
b037622,0.0,False,True
b037623,0.0,False,True
b037624,0.0,False,True
b037625,0.0,False,True
b037626,0.0,False,True
b037627,0.0,False,True
b037628,0.0,False,True
b037629,0.0,False,True
b037630,0.0,False,True
b037631,0.0,False,True
b037632,0.0,False,True
b037633,0.0,False,True
b037634,0.0,False,True
b037635,0.0,False,True
b037636,0.0,False,True
b037637,0.0,False,True
b037638,0.0,False,True
b037639,0.0,False,True
b037640,0.0,False,True
b037641,0.0,False,True
b037642,0.0,False,True
b037643,0.0,False,True
b037644,0.0,False,True
b037645,0.0,False,True
b037646,0.0,False,True
b037647,0.0,False,True
b037648,0.0,False,True
b037649,0.16495242714881897,True,True
b037650,0.0,False,True
b037651,0.0,False,True
b037652,0.0,False,True
b037653,0.0,False,True
b037654,0.0,False,True
b037655,0.0,False,True
b037656,0.0,False,True
b037657,0.0,False,True
b037658,0.0,False,True
b037659,0.0,False,True
b037660,0.0,False,True
b037661,0.0,False,True
b037662,0.0,False,True
b037663,0.0,False,True
b037664,0.0,False,True
b037665,0.0,False,True
b037666,0.0,False,True
b037667,0.0,False,True
b037668,0.0,False,True
b037669,0.0,False,True
b037670,0.0,False,True
b037671,0.0,False,True
b037672,0.0,False,True
b037673,0.0,False,True
b037674,0.0,False,True
b037675,0.0,False,True
b037676,0.42910251021385193,True,True
b037677,0.0,False,True
b037678,0.0,False,True
b037679,0.0,False,True
b037680,0.0,False,True
b037681,0.0,False,True
b037682,0.0,False,True
b037683,0.0,False,True
b037684,0.0,False,True
b037685,0.17785681784152985,True,True
b037686,0.0,False,True
b037687,0.0,False,True
b037688,0.0,False,True
b037689,0.0,False,True
b037690,0.0,False,True
b037691,0.0,False,True
b037692,0.0,False,True
b037693,0.0,False,True
b037694,0.0,False,True
b037695,0.0,False,True
b037696,0.0,False,True
b037697,0.0,False,True
b037698,0.0,False,True
b037699,0.0,False,True
b037700,0.0,False,True
b037701,0.0,False,True
b037702,0.0,False,True
b037703,0.0,False,True
b037704,0.0,False,True
b037705,0.0,False,True
b037706,0.0,False,True
b037707,0.0,False,True
b037708,0.0,False,True
b037709,0.0,False,True
b037710,0.0,False,True
b037711,0.0,False,True
b037712,0.0,False,True
b037713,0.0,False,True
b037714,0.0,False,True
b037715,0.0,False,True
b037716,0.0,False,True
b037717,0.0,False,True
b037718,0.0,False,True
b037719,0.0,False,True
b037720,0.0,False,True
b037721,0.0,False,True
b037722,0.0,False,True
b037723,0.0,False,True
b037724,0.0,False,True
b037725,0.0,False,True
b037726,0.0,False,True
b037727,0.0,False,True
b037728,0.0,False,True
b037729,0.0,False,True
b037730,0.0,False,True
b037731,0.0,False,True
b037732,0.0,False,True
b037733,0.0,False,True
b037734,0.0,False,True
b037735,0.0,False,True
b037736,0.0,False,True
b037737,0.0,False,True
b037738,0.0,False,True
b037739,0.0,False,True
b037740,0.0,False,True
b037741,0.0,False,True
b037742,0.0,False,True
b037743,0.0,False,True
b037744,0.0,False,True
b037745,0.0,False,True
b037746,0.0,False,True
b037747,0.0,False,True
b037748,0.0,False,True
b037749,0.0,False,True
b037750,0.0,False,True
b037751,0.0,False,True
b037752,0.0,False,True
b037753,0.0,False,True
b037754,0.0,False,True
b037755,0.0,False,True
b037756,0.0,False,True
b037757,0.0,False,True
b037758,0.0,False,True
b037759,0.0,False,True
b037760,0.0,False,True
b037761,0.0,False,True
b037762,0.0,False,True
b037763,0.0,False,True
b037764,0.0,False,True
b037765,0.0,False,True
b037766,0.0,False,True
b037767,0.0,False,True
b037768,0.0,False,True
b037769,0.0,False,True
b037770,0.0,False,True
b037771,0.0,False,True
b037772,0.0,False,True
b037773,0.0,False,True
b037774,0.0,False,True
b037775,0.0,False,True
b037776,0.0,False,True
b037777,0.0,False,True
b037778,0.13833363354206085,True,True
b037779,0.0,False,True
b037780,0.15998117625713348,True,True
b037781,0.0,False,True
b037782,0.0,False,True
b037783,0.0,False,True
b037784,0.0,False,True
b037785,0.0,False,True
b037786,0.0,False,True
b037787,0.0,False,True
b037788,0.0,False,True
b037789,0.0,False,True
b037790,0.0,False,True
b037791,0.11570976674556732,True,True
b037792,0.0,False,True
b037793,0.0,False,True
b037794,0.0,False,True
b037795,0.0,False,True
b037796,0.0,False,True
b037797,0.0,False,True
b037798,0.0,False,True
b037799,0.0,False,True
b037800,0.0,False,True
b037801,0.0,False,True
b037802,0.0,False,True
b037803,0.0,False,True
b037804,0.0,False,True
b037805,0.0,False,True
b037806,0.0,False,True
b037807,0.0,False,True
b037808,0.0,False,True
b037809,0.0,False,True
b037810,0.0,False,True
b037811,0.0,False,True
b037812,0.0,False,True
b037813,0.0,False,True
b037814,0.11177008599042892,True,True
b037815,0.0,False,True
b037816,0.0,False,True
b037817,0.0,False,True
b037818,0.23187749087810516,True,True
b037819,0.0,False,True
b037820,0.0,False,True
b037821,0.0,False,True
b037822,0.0,False,True
b037823,0.0,False,True
b037824,0.0,False,True
b037825,0.0,False,True
b037826,0.33290907740592957,True,True
b037827,0.0,False,True
b037828,0.0,False,True
b037829,0.0,False,True
b037830,0.0,False,True
b037831,0.0,False,True
b037832,0.0,False,True
b037833,0.0,False,True
b037834,0.0,False,True
b037835,0.0,False,True
b037836,0.0,False,True
b037837,0.0,False,True
b037838,0.25452733039855957,True,True
b037839,0.0,False,True
b037840,0.0,False,True
b037841,0.0,False,True
b037842,0.0,False,True
b037843,0.0,False,True
b037844,0.0,False,True
b037845,0.0,False,True
b037846,0.0,False,True
b037847,0.0,False,True
b037848,0.0,False,True
b037849,0.0,False,True
b037850,0.0,False,True
b037851,0.0,False,True
b037852,0.0,False,True
b037853,0.0,False,True
b037854,0.0,False,True
b037855,0.0,False,True
b037856,0.0,False,True
b037857,0.0,False,True
b037858,0.0,False,True
b037859,0.0,False,True
b037860,0.0,False,True
b037861,0.0,False,True
b037862,0.0,False,True
b037863,0.0,False,True
b037864,0.0,False,True
b037865,0.0,False,True
b037866,0.0,False,True
b037867,0.0,False,True
b037868,0.0,False,True
b037869,0.0,False,True
b037870,0.0,False,True
b037871,0.0,False,True
b037872,0.0,False,True
b037873,0.0,False,True
b037874,0.0,False,True
b037875,0.0,False,True
b037876,0.0,False,True
b037877,0.0,False,True
b037878,0.0,False,True
b037879,0.1302311271429062,True,True
b037880,0.0,False,True
b037881,0.0,False,True
b037882,0.0,False,True
b037883,0.0,False,True
b037884,0.0,False,True
b037885,0.0,False,True
b037886,0.0,False,True
b037887,0.0,False,True
b037888,0.0,False,True
b037889,0.0,False,True
b037890,0.0,False,True
b037891,0.0,False,True
b037892,0.0,False,True
b037893,0.0,False,True
b037894,0.0,False,True
b037895,0.0,False,True
b037896,0.0,False,True
b037897,0.0,False,True
b037898,0.0,False,True
b037899,0.0,False,True
b037900,0.0,False,True
b037901,0.0,False,True
b037902,0.0,False,True
b037903,0.0,False,True
b037904,0.0,False,True
b037905,0.0,False,True
b037906,0.0,False,True
b037907,0.0,False,True
b037908,0.0,False,True
b037909,0.0,False,True
b037910,0.0,False,True
b037911,0.0,False,True
b037912,0.0,False,True
b037913,0.0,False,True
b037914,0.0,False,True
b037915,0.0,False,True
b037916,0.0,False,True
b037917,0.0,False,True
b037918,0.0,False,True
b037919,0.0,False,True
b037920,0.0,False,True
b037921,0.0,False,True
b037922,0.0,False,True
b037923,0.0,False,True
b037924,0.0,False,True
b037925,0.0,False,True
b037926,0.0,False,True
b037927,0.0,False,True
b037928,0.0,False,True
b037929,0.0,False,True
b037930,0.0,False,True
b037931,0.0,False,True
b037932,0.0,False,True
b037933,0.0,False,True
b037934,0.0,False,True
b037935,0.0,False,True
b037936,0.0,False,True
b037937,0.0,False,True
b037938,0.0,False,True
b037939,0.0,False,True
b037940,0.0,False,True
b037941,0.0,False,True
b037942,0.0,False,True
b037943,0.0,False,True
b037944,0.0,False,True
b037945,0.0,False,True
b037946,0.0,False,True
b037947,0.0,False,True
b037948,0.0,False,True
b037949,0.0,False,True
b037950,0.0,False,True
b037951,0.0,False,True
b037952,0.0,False,True
b037953,0.0,False,True
b037954,0.0,False,True
b037955,0.0,False,True
b037956,0.0,False,True
b037957,0.1885053813457489,True,True
b037958,0.0,False,True
b037959,0.0,False,True
b037960,0.0,False,True
b037961,0.2868969142436981,True,True
b037962,0.0,False,True
b037963,0.0,False,True
b037964,0.0,False,True
b037965,0.0,False,True
b037966,0.0,False,True
b037967,0.0,False,True
b037968,0.0,False,True
b037969,0.0,False,True
b037970,0.0,False,True
b037971,0.0,False,True
b037972,0.0,False,True
b037973,0.0,False,True
b037974,0.0,False,True
b037975,0.0,False,True
b037976,0.0,False,True
b037977,0.0,False,True
b037978,0.0,False,True
b037979,0.0,False,True
b037980,0.0,False,True
b037981,0.0,False,True
b037982,0.0,False,True
b037983,0.0,False,True
b037984,0.0,False,True
b037985,0.0,False,True
b037986,0.0,False,True
b037987,0.0,False,True
b037988,0.0,False,True
b037989,0.0,False,True
b037990,0.0,False,True
b037991,0.0,False,True
b037992,0.135044664144516,True,True
b037993,0.0,False,True
b037994,0.0,False,True
b037995,0.0,False,True
b037996,0.0,False,True
b037997,0.0,False,True
b037998,0.0,False,True
b037999,0.0,False,True
b038000,0.0,False,True
b038001,0.0,False,True
b038002,0.0,False,True
b038003,0.0,False,True
b038004,0.0,False,True
b038005,0.0,False,True
b038006,0.0,False,True
b038007,0.14125637710094452,True,True
b038008,0.0,False,True
b038009,0.19047781825065613,True,True
b038010,0.0,False,True
b038011,0.0,False,True
b038012,0.0,False,True
b038013,0.0,False,True
b038014,0.0,False,True
b038015,0.0,False,True
b038016,0.0,False,True
b038017,0.0,False,True
b038018,0.0,False,True
b038019,0.0,False,True
b038020,0.0,False,True
b038021,0.0,False,True
b038022,0.0,False,True
b038023,0.0,False,True
b038024,0.0,False,True
b038025,0.0,False,True
b038026,0.0,False,True
b038027,0.0,False,True
b038028,0.0,False,True
b038029,0.0,False,True
b038030,0.0,False,True
b038031,0.0,False,True
b038032,0.0,False,True
b038033,0.0,False,True
b038034,0.0,False,True
b038035,0.10574357956647873,True,True
b038036,0.0,False,True
b038037,0.0,False,True
b038038,0.0,False,True
b038039,0.0,False,True
b038040,0.0,False,True
b038041,0.0,False,True
b038042,0.0,False,True
b038043,0.0,False,True
b038044,0.0,False,True
b038045,0.0,False,True
b038046,0.0,False,True
b038047,0.0,False,True
b038048,0.0,False,True
b038049,0.0,False,True
b038050,0.0,False,True
b038051,0.0,False,True
b038052,0.0,False,True
b038053,0.0,False,True
b038054,0.0,False,True
b038055,0.0,False,True
b038056,0.0,False,True
b038057,0.0,False,True
b038058,0.0,False,True
b038059,0.0,False,True
b038060,0.0,False,True
b038061,0.0,False,True
b038062,0.0,False,True
b038063,0.0,False,True
b038064,0.0,False,True
b038065,0.0,False,True
b038066,0.0,False,True
b038067,0.0,False,True
b038068,0.0,False,True
b038069,0.0,False,True
b038070,0.0,False,True
b038071,0.0,False,True
b038072,0.0,False,True
b038073,0.0,False,True
b038074,0.0,False,True
b038075,0.0,False,True
b038076,0.0,False,True
b038077,0.0,False,True
b038078,0.0,False,True
b038079,0.0,False,True
b038080,0.0,False,True
b038081,0.0,False,True
b038082,0.0,False,True
b038083,0.0,False,True
b038084,0.0,False,True
b038085,0.0,False,True
b038086,0.0,False,True
b038087,0.0,False,True
b038088,0.0,False,True
b038089,0.0,False,True
b038090,0.0,False,True
b038091,0.0,False,True
b038092,0.0,False,True
b038093,0.0,False,True
b038094,0.0,False,True
b038095,0.0,False,True
b038096,0.0,False,True
b038097,0.0,False,True
b038098,0.0,False,True
b038099,0.0,False,True
b038100,0.0,False,True
b038101,0.0,False,True
b038102,0.15069220960140228,True,True
b038103,0.0,False,True
b038104,0.0,False,True
b038105,0.0,False,True
b038106,0.0,False,True
b038107,0.0,False,True
b038108,0.23447315394878387,True,True
b038109,0.0,False,True
b038110,0.0,False,True
b038111,0.0,False,True
b038112,0.0,False,True
b038113,0.0,False,True
b038114,0.0,False,True
b038115,0.0,False,True
b038116,0.0,False,True
b038117,0.0,False,True
b038118,0.0,False,True
b038119,0.0,False,True
b038120,0.20207412540912628,True,True
b038121,0.0,False,True
b038122,0.0,False,True
b038123,0.0,False,True
b038124,0.0,False,True
b038125,0.0,False,True
b038126,0.0,False,True
b038127,0.0,False,True
b038128,0.0,False,True
b038129,0.0,False,True
b038130,0.0,False,True
b038131,0.0,False,True
b038132,0.0,False,True
b038133,0.0,False,True
b038134,0.0,False,True
b038135,0.0,False,True
b038136,0.0,False,True
b038137,0.0,False,True
b038138,0.0,False,True
b038139,0.0,False,True
b038140,0.0,False,True
b038141,0.0,False,True
b038142,0.0,False,True
b038143,0.0,False,True
b038144,0.12470793724060059,True,True
b038145,0.0,False,True
b038146,0.0,False,True
b038147,0.0,False,True
b038148,0.0,False,True
b038149,0.0,False,True
b038150,0.0,False,True
b038151,0.0,False,True
b038152,0.0,False,True
b038153,0.0,False,True
b038154,0.0,False,True
b038155,0.0,False,True
b038156,0.0,False,True
b038157,0.0,False,True
b038158,0.0,False,True
b038159,0.0,False,True
b038160,0.0,False,True
b038161,0.0,False,True
b038162,0.0,False,True
b038163,0.0,False,True
b038164,0.0,False,True
b038165,0.0,False,True
b038166,0.0,False,True
b038167,0.0,False,True
b038168,0.0,False,True
b038169,0.0,False,True
b038170,0.0,False,True
b038171,0.0,False,True
b038172,0.0,False,True
b038173,0.0,False,True
b038174,0.0,False,True
b038175,0.0,False,True
b038176,0.0,False,True
b038177,0.0,False,True
b038178,0.0,False,True
b038179,0.0,False,True
b038180,0.0,False,True
b038181,0.0,False,True
b038182,0.0,False,True
b038183,0.0,False,True
b038184,0.0,False,True
b038185,0.0,False,True
b038186,0.0,False,True
b038187,0.0,False,True
b038188,0.0,False,True
b038189,0.0,False,True
b038190,0.0,False,True
b038191,0.0,False,True
b038192,0.0,False,True
b038193,0.30616694688796997,True,True
b038194,0.0,False,True
b038195,0.0,False,True
b038196,0.48396411538124084,True,True
b038197,0.0,False,True
b038198,0.0,False,True
b038199,0.0,False,True
b038200,0.0,False,True
b038201,0.0,False,True
b038202,0.0,False,True
b038203,0.0,False,True
b038204,0.0,False,True
b038205,0.0,False,True
b038206,0.0,False,True
b038207,0.0,False,True
b038208,0.0,False,True
b038209,0.0,False,True
b038210,0.0,False,True
b038211,0.0,False,True
b038212,0.0,False,True
b038213,0.0,False,True
b038214,0.0,False,True
b038215,0.0,False,True
b038216,0.0,False,True
b038217,0.0,False,True
b038218,0.0,False,True
b038219,0.0,False,True
b038220,0.0,False,True
b038221,0.0,False,True
b038222,0.0,False,True
b038223,0.0,False,True
b038224,0.0,False,True
b038225,0.0,False,True
b038226,0.0,False,True
b038227,0.0,False,True
b038228,0.0,False,True
b038229,0.0,False,True
b038230,0.4389056861400604,True,True
b038231,0.0,False,True
b038232,0.0,False,True
b038233,0.0,False,True
b038234,0.0,False,True
b038235,0.0,False,True
b038236,0.0,False,True
b038237,0.0,False,True
b038238,0.0,False,True
b038239,0.0,False,True
b038240,0.0,False,True
b038241,0.0,False,True
b038242,0.0,False,True
b038243,0.0,False,True
b038244,0.0,False,True
b038245,0.0,False,True
b038246,0.0,False,True
b038247,0.11787538230419159,True,True
b038248,0.0,False,True
b038249,0.0,False,True
b038250,0.0,False,True
b038251,0.0,False,True
b038252,0.0,False,True
b038253,0.0,False,True
b038254,0.0,False,True
b038255,0.0,False,True
b038256,0.0,False,True
b038257,0.0,False,True
b038258,0.0,False,True
b038259,0.0,False,True
b038260,0.0,False,True
b038261,0.0,False,True
b038262,0.0,False,True
b038263,0.0,False,True
b038264,0.0,False,True
b038265,0.0,False,True
b038266,0.1980176866054535,True,True
b038267,0.0,False,True
b038268,0.0,False,True
b038269,0.0,False,True
b038270,0.0,False,True
b038271,0.0,False,True
b038272,0.0,False,True
b038273,0.0,False,True
b038274,0.0,False,True
b038275,0.0,False,True
b038276,0.0,False,True
b038277,0.0,False,True
b038278,0.0,False,True
b038279,0.0,False,True
b038280,0.0,False,True
b038281,0.0,False,True
b038282,0.0,False,True
b038283,0.0,False,True
b038284,0.0,False,True
b038285,0.0,False,True
b038286,0.0,False,True
b038287,0.0,False,True
b038288,0.0,False,True
b038289,0.0,False,True
b038290,0.0,False,True
b038291,0.0,False,True
b038292,0.0,False,True
b038293,0.0,False,True
b038294,0.0,False,True
b038295,0.0,False,True
b038296,0.0,False,True
b038297,0.0,False,True
b038298,0.17293286323547363,True,True
b038299,0.0,False,True
b038300,0.0,False,True
b038301,0.0,False,True
b038302,0.0,False,True
b038303,0.0,False,True
b038304,0.0,False,True
b038305,0.19666922092437744,True,True
b038306,0.0,False,True
b038307,0.0,False,True
b038308,0.0,False,True
b038309,0.0,False,True
b038310,0.0,False,True
b038311,0.0,False,True
b038312,0.0,False,True
b038313,0.0,False,True
b038314,0.0,False,True
b038315,0.0,False,True
b038316,0.0,False,True
b038317,0.0,False,True
b038318,0.0,False,True
b038319,0.0,False,True
b038320,0.0,False,True
b038321,0.0,False,True
b038322,0.0,False,True
b038323,0.0,False,True
b038324,0.0,False,True
b038325,0.0,False,True
b038326,0.0,False,True
b038327,0.0,False,True
b038328,0.0,False,True
b038329,0.0,False,True
b038330,0.0,False,True
b038331,0.0,False,True
b038332,0.0,False,True
b038333,0.0,False,True
b038334,0.0,False,True
b038335,0.11657779663801193,True,True
b038336,0.0,False,True
b038337,0.0,False,True
b038338,0.0,False,True
b038339,0.0,False,True
b038340,0.0,False,True
b038341,0.0,False,True
b038342,0.0,False,True
b038343,0.0,False,True
b038344,0.0,False,True
b038345,0.0,False,True
b038346,0.0,False,True
b038347,0.0,False,True
b038348,0.0,False,True
b038349,0.0,False,True
b038350,0.0,False,True
b038351,0.0,False,True
b038352,0.0,False,True
b038353,0.0,False,True
b038354,0.0,False,True
b038355,0.0,False,True
b038356,0.0,False,True
b038357,0.0,False,True
b038358,0.0,False,True
b038359,0.0,False,True
b038360,0.0,False,True
b038361,0.0,False,True
b038362,0.0,False,True
b038363,0.0,False,True
b038364,0.0,False,True
b038365,0.0,False,True
b038366,0.3311031758785248,True,True
b038367,0.0,False,True
b038368,0.0,False,True
b038369,0.0,False,True
b038370,0.0,False,True
b038371,0.0,False,True
b038372,0.0,False,True
b038373,0.0,False,True
b038374,0.0,False,True
b038375,0.0,False,True
b038376,0.0,False,True
b038377,0.0,False,True
b038378,0.0,False,True
b038379,0.0,False,True
b038380,0.0,False,True
b038381,0.0,False,True
b038382,0.0,False,True
b038383,0.0,False,True
b038384,0.0,False,True
b038385,0.0,False,True
b038386,0.0,False,True
b038387,0.0,False,True
b038388,0.0,False,True
b038389,0.0,False,True
b038390,0.0,False,True
b038391,0.0,False,True
b038392,0.0,False,True
b038393,0.6686012744903564,True,True
b038394,0.0,False,True
b038395,0.0,False,True
b038396,0.0,False,True
b038397,0.0,False,True
b038398,0.0,False,True
b038399,0.0,False,True
b038400,0.0,False,True
b038401,0.0,False,True
b038402,0.0,False,True
b038403,0.0,False,True
b038404,0.0,False,True
b038405,0.0,False,True
b038406,0.0,False,True
b038407,0.0,False,True
b038408,0.0,False,True
b038409,0.0,False,True
b038410,0.0,False,True
b038411,0.0,False,True
b038412,0.0,False,True
b038413,0.0,False,True
b038414,0.0,False,True
b038415,0.0,False,True
b038416,0.0,False,True
b038417,0.0,False,True
b038418,0.0,False,True
b038419,0.0,False,True
b038420,0.1529541015625,True,True
b038421,0.0,False,True
b038422,0.0,False,True
b038423,0.0,False,True
b038424,0.0,False,True
b038425,0.0,False,True
b038426,0.0,False,True
b038427,0.0,False,True
b038428,0.0,False,True
b038429,0.16476456820964813,True,True
b038430,0.0,False,True
b038431,0.0,False,True
b038432,0.10447689890861511,True,True
b038433,0.0,False,True
b038434,0.0,False,True
b038435,0.0,False,True
b038436,0.0,False,True
b038437,0.0,False,True
b038438,0.0,False,True
b038439,0.0,False,True
b038440,0.0,False,True
b038441,0.0,False,True
b038442,0.0,False,True
b038443,0.0,False,True
b038444,0.0,False,True
b038445,0.0,False,True
b038446,0.0,False,True
b038447,0.0,False,True
b038448,0.0,False,True
b038449,0.0,False,True
b038450,0.0,False,True
b038451,0.0,False,True
b038452,0.0,False,True
b038453,0.0,False,True
b038454,0.0,False,True
b038455,0.0,False,True
b038456,0.0,False,True
b038457,0.0,False,True
b038458,0.0,False,True
b038459,0.0,False,True
b038460,0.0,False,True
b038461,0.0,False,True
b038462,0.6153371930122375,True,True
b038463,0.0,False,True
b038464,0.0,False,True
b038465,0.0,False,True
b038466,0.0,False,True
b038467,0.0,False,True
b038468,0.0,False,True
b038469,0.0,False,True
b038470,0.0,False,True
b038471,0.0,False,True
b038472,0.0,False,True
b038473,0.0,False,True
b038474,0.0,False,True
b038475,0.0,False,True
b038476,0.0,False,True
b038477,0.0,False,True
b038478,0.0,False,True
b038479,0.0,False,True
b038480,0.0,False,True
b038481,0.0,False,True
b038482,0.0,False,True
b038483,0.0,False,True
b038484,0.0,False,True
b038485,0.0,False,True
b038486,0.0,False,True
b038487,0.1279994249343872,True,True
b038488,0.0,False,True
b038489,0.14104127883911133,True,True
b038490,0.0,False,True
b038491,0.0,False,True
b038492,0.0,False,True
b038493,0.0,False,True
b038494,0.0,False,True
b038495,0.0,False,True
b038496,0.0,False,True
b038497,0.0,False,True
b038498,0.0,False,True
b038499,0.21300148963928223,True,True
b038500,0.0,False,True
b038501,0.0,False,True
b038502,0.0,False,True
b038503,0.0,False,True
b038504,0.0,False,True
b038505,0.0,False,True
b038506,0.0,False,True
b038507,0.44607025384902954,True,True
b038508,0.0,False,True
b038509,0.0,False,True
b038510,0.0,False,True
b038511,0.15597368776798248,True,True
b038512,0.0,False,True
b038513,0.0,False,True
b038514,0.0,False,True
b038515,0.0,False,True
b038516,0.0,False,True
b038517,0.0,False,True
b038518,0.0,False,True
b038519,0.0,False,True
b038520,0.0,False,True
b038521,0.0,False,True
b038522,0.0,False,True
b038523,0.0,False,True
b038524,0.0,False,True
b038525,0.0,False,True
b038526,0.0,False,True
b038527,0.0,False,True
b038528,0.0,False,True
b038529,0.0,False,True
b038530,0.0,False,True
b038531,0.0,False,True
b038532,0.0,False,True
b038533,0.0,False,True
b038534,0.0,False,True
b038535,0.0,False,True
b038536,0.0,False,True
b038537,0.0,False,True
b038538,0.0,False,True
b038539,0.0,False,True
b038540,0.0,False,True
b038541,0.0,False,True
b038542,0.0,False,True
b038543,0.0,False,True
b038544,0.0,False,True
b038545,0.0,False,True
b038546,0.0,False,True
b038547,0.0,False,True
b038548,0.13211950659751892,True,True
b038549,0.0,False,True
b038550,0.0,False,True
b038551,0.0,False,True
b038552,0.0,False,True
b038553,0.0,False,True
b038554,0.0,False,True
b038555,0.0,False,True
b038556,0.0,False,True
b038557,0.0,False,True
b038558,0.0,False,True
b038559,0.0,False,True
b038560,0.0,False,True
b038561,0.0,False,True
b038562,0.0,False,True
b038563,0.0,False,True
b038564,0.0,False,True
b038565,0.0,False,True
b038566,0.0,False,True
b038567,0.0,False,True
b038568,0.0,False,True
b038569,0.0,False,True
b038570,0.0,False,True
b038571,0.0,False,True
b038572,0.0,False,True
b038573,0.0,False,True
b038574,0.0,False,True
b038575,0.0,False,True
b038576,0.0,False,True
b038577,0.0,False,True
b038578,0.0,False,True
b038579,0.0,False,True
b038580,0.0,False,True
b038581,0.0,False,True
b038582,0.0,False,True
b038583,0.0,False,True
b038584,0.0,False,True
b038585,0.0,False,True
b038586,0.0,False,True
b038587,0.0,False,True
b038588,0.0,False,True
b038589,0.0,False,True
b038590,0.0,False,True
b038591,0.0,False,True
b038592,0.0,False,True
b038593,0.0,False,True
b038594,0.0,False,True
b038595,0.0,False,True
b038596,0.0,False,True
b038597,0.0,False,True
b038598,0.0,False,True
b038599,0.0,False,True
b038600,0.0,False,True
b038601,0.0,False,True
b038602,0.0,False,True
b038603,0.0,False,True
b038604,0.0,False,True
b038605,0.0,False,True
b038606,0.0,False,True
b038607,0.0,False,True
b038608,0.0,False,True
b038609,0.0,False,True
b038610,0.0,False,True
b038611,0.0,False,True
b038612,0.0,False,True
b038613,0.0,False,True
b038614,0.0,False,True
b038615,0.0,False,True
b038616,0.0,False,True
b038617,0.0,False,True
b038618,0.0,False,True
b038619,0.0,False,True
b038620,0.0,False,True
b038621,0.0,False,True
b038622,0.0,False,True
b038623,0.0,False,True
b038624,0.0,False,True
b038625,0.0,False,True
b038626,0.0,False,True
b038627,0.0,False,True
b038628,0.0,False,True
b038629,0.0,False,True
b038630,0.0,False,True
b038631,0.0,False,True
b038632,0.0,False,True
b038633,0.0,False,True
b038634,0.0,False,True
b038635,0.0,False,True
b038636,0.0,False,True
b038637,0.0,False,True
b038638,0.0,False,True
b038639,0.0,False,True
b038640,0.0,False,True
b038641,0.0,False,True
b038642,0.0,False,True
b038643,0.0,False,True
b038644,0.37269023060798645,True,True
b038645,0.0,False,True
b038646,0.0,False,True
b038647,0.11784957349300385,True,True
b038648,0.0,False,True
b038649,0.0,False,True
b038650,0.0,False,True
b038651,0.0,False,True
b038652,0.0,False,True
b038653,0.0,False,True
b038654,0.0,False,True
b038655,0.0,False,True
b038656,0.0,False,True
b038657,0.0,False,True
b038658,0.0,False,True
b038659,0.0,False,True
b038660,0.0,False,True
b038661,0.0,False,True
b038662,0.13901817798614502,True,True
b038663,0.0,False,True
b038664,0.0,False,True
b038665,0.0,False,True
b038666,0.0,False,True
b038667,0.0,False,True
b038668,0.0,False,True
b038669,0.0,False,True
b038670,0.0,False,True
b038671,0.0,False,True
b038672,0.14967748522758484,True,True
b038673,0.0,False,True
b038674,0.0,False,True
b038675,0.0,False,True
b038676,0.0,False,True
b038677,0.0,False,True
