{
"type": "FeatureCollection",
"name": "solar_rate",
"crs": { "type": "name", "properties": { "name": "urn:ogc:def:crs:EPSG::6668" } },
"features": [
{ "type": "Feature", "properties": { "KEY_CODE": "011091900", "S_NAME": "手稲本町", "n_candidates": 19, "n_panel": 1, "detached_households": null, "rate": null, "fill": "#cccccc", "fill-opacity": 0.7, "stroke": "#555555" }, "geometry": { "type": "MultiPolygon", "coordinates": [ [ [ [ 141.220684924246541, 43.117686639569797 ], [ 141.22150364460461, 43.117182718503756 ], [ 141.222523158396228, 43.118119166726828 ], [ 141.224053656786964, 43.117316176517278 ], [ 141.224535989629658, 43.116821660880468 ], [ 141.224606779641249, 43.116796483780256 ], [ 141.225427185888918, 43.116505221507396 ], [ 141.225504036946347, 43.116519552545611 ], [ 141.22571074460194, 43.116558890103917 ], [ 141.225812865794893, 43.1164568433406 ], [ 141.225977384612719, 43.11651036013599 ], [ 141.227520289535619, 43.116138338579127 ], [ 141.22928555839394, 43.11562495144981 ], [ 141.231144785117806, 43.115036138326971 ], [ 141.232117665245653, 43.115011816606305 ], [ 141.232492007220571, 43.115026750984477 ], [ 141.232801201299935, 43.114987446189836 ], [ 141.233099654162061, 43.114727279986283 ], [ 141.233427412305105, 43.114430664623583 ], [ 141.233580361692901, 43.114290100014784 ], [ 141.233639673658047, 43.114175006127667 ], [ 141.233767316142689, 43.113829209308811 ], [ 141.233893835883947, 43.113557034265853 ], [ 141.233895749440961, 43.113441431397057 ], [ 141.233776189097739, 43.113293241607195 ], [ 141.23388103411537, 43.113031355260063 ], [ 141.23412396745735, 43.113091322501496 ], [ 141.234495649818939, 43.113173457429276 ], [ 141.234680839902524, 43.113253938460218 ], [ 141.23479406292472, 43.113344261109255 ], [ 141.234885358587405, 43.113465964064702 ], [ 141.234947869194201, 43.113592688581555 ], [ 141.235007939056459, 43.113861244429067 ], [ 141.235102344214965, 43.114224765958376 ], [ 141.235196237036888, 43.114625065306107 ], [ 141.235256309033872, 43.114893620996646 ], [ 141.235263694241581, 43.114888130489383 ], [ 141.235935515763941, 43.114387223233344 ], [ 141.236262911487472, 43.114111551843507 ], [ 141.236854697959956, 43.113578916520986 ], [ 141.236992647526279, 43.113427453058506 ], [ 141.237172381127323, 43.113268763040963 ], [ 141.237933519023215, 43.11249526901706 ], [ 141.238198667079644, 43.112250055555045 ], [ 141.238624031297888, 43.111800685517977 ], [ 141.239486132139064, 43.110897892665818 ], [ 141.238721216340309, 43.110364237949845 ], [ 141.237278784445465, 43.109395513704136 ], [ 141.238156613998768, 43.108591403852586 ], [ 141.238353818817927, 43.108425553843766 ], [ 141.238337021991015, 43.107813478230867 ], [ 141.238257005200836, 43.107776269628687 ], [ 141.238196094168273, 43.107738809489462 ], [ 141.238107807371819, 43.107655955973051 ], [ 141.238025248935458, 43.107569073972059 ], [ 141.237941273099068, 43.107568331722334 ], [ 141.237823434782143, 43.10758374581841 ], [ 141.237604554800157, 43.107614585352536 ], [ 141.237380378611334, 43.10762905868166 ], [ 141.237263758452173, 43.107570568895447 ], [ 141.237158813608374, 43.107479339450279 ], [ 141.237042327726812, 43.107412693085635 ], [ 141.236913627248725, 43.107411554396478 ], [ 141.23668962639789, 43.107409572183464 ], [ 141.236466398748775, 43.107366593814071 ], [ 141.236315242248082, 43.107365255669478 ], [ 141.235948224358822, 43.107380431227597 ], [ 141.235718047635032, 43.107415315924058 ], [ 141.235623383673044, 43.107381703713315 ], [ 141.235585649383154, 43.107295217120175 ], [ 141.23543798906681, 43.107250798039971 ], [ 141.235325987501625, 43.107249805538764 ], [ 141.23519182913634, 43.107236309083085 ], [ 141.235096246220138, 43.10726415585863 ], [ 141.234950046370329, 43.107299781701855 ], [ 141.234827183449568, 43.107282305908839 ], [ 141.234726413646428, 43.107281412403971 ], [ 141.234547706272053, 43.107251133647807 ], [ 141.234380501480103, 43.10720449925801 ], [ 141.23426422292178, 43.10712554339711 ], [ 141.23412514868383, 43.107066852375105 ], [ 141.234042056120643, 43.107012806759094 ], [ 141.233970394214396, 43.106946483077117 ], [ 141.233904707097025, 43.106855668323789 ], [ 141.233844247232213, 43.106785366029818 ], [ 141.233778764107285, 43.106682246808781 ], [ 141.233740829434538, 43.106608064416676 ], [ 141.233692615343841, 43.106476334040508 ], [ 141.233666018713137, 43.106389943802832 ], [ 141.233651192642611, 43.106270817000421 ], [ 141.233641388017105, 43.106184577616801 ], [ 141.233654450806824, 43.106073926504713 ], [ 141.233639283557238, 43.105975331998849 ], [ 141.233718845604557, 43.105906273231462 ], [ 141.233815540777499, 43.105816902174404 ], [ 141.233819987943235, 43.105716441330749 ], [ 141.233889268768081, 43.10558990244472 ], [ 141.23388591607727, 43.105450341181623 ], [ 141.233960521618513, 43.105344315600739 ], [ 141.234068413955498, 43.105250963100517 ], [ 141.234087109054855, 43.105136210731537 ], [ 141.234089482834293, 43.104992692643052 ], [ 141.234093078978589, 43.104775268604236 ], [ 141.234118589228842, 43.104590883986646 ], [ 141.234171795105254, 43.104414902599146 ], [ 141.234109971165708, 43.104264623310613 ], [ 141.233994378823468, 43.104144601539261 ], [ 141.233817651358692, 43.103995344233333 ], [ 141.233640380103537, 43.103878922787523 ], [ 141.233461415045753, 43.103865024819498 ], [ 141.23327878179478, 43.103736247677844 ], [ 141.233119764528311, 43.103537844101155 ], [ 141.233054828515975, 43.103401885098371 ], [ 141.232938966975041, 43.103298315475598 ], [ 141.232885435734801, 43.103146071265336 ], [ 141.232849270963357, 43.10296521660139 ], [ 141.232795361838356, 43.102841662972239 ], [ 141.232710788328632, 43.102703488473459 ], [ 141.232549804922854, 43.102624062802981 ], [ 141.232468212589424, 43.102479796613309 ], [ 141.232408506410565, 43.102364348121057 ], [ 141.232322031289982, 43.102178966350969 ], [ 141.232211333250689, 43.10210005785882 ], [ 141.232116817698, 43.102058144873546 ], [ 141.231848390550084, 43.102039369058886 ], [ 141.2317710751839, 43.101973063156201 ], [ 141.231713398695774, 43.101908972680278 ], [ 141.231536209354914, 43.101788398568765 ], [ 141.231419946878475, 43.101709369430878 ], [ 141.231291436683733, 43.101691839413597 ], [ 141.230983790828617, 43.101676790200024 ], [ 141.230827150577909, 43.101671316517184 ], [ 141.230682935018137, 43.10158795793275 ], [ 141.230505340149733, 43.10149199304265 ], [ 141.230284589992209, 43.101301334777688 ], [ 141.23018580661028, 43.101181458699045 ], [ 141.230014322307369, 43.101052775540225 ], [ 141.22989304184344, 43.100940925359929 ], [ 141.229878157183549, 43.100825875247509 ], [ 141.229868292408781, 43.10074378475295 ], [ 141.229807872069216, 43.100677557883245 ], [ 141.229697520544391, 43.100578113567224 ], [ 141.229445257617016, 43.100430214148524 ], [ 141.229290708486076, 43.100293451475252 ], [ 141.229254146506292, 43.100137277158808 ], [ 141.229273599781123, 43.099977382493101 ], [ 141.229388924808291, 43.099777413821798 ], [ 141.229537739050414, 43.099577742181815 ], [ 141.229691874648637, 43.099398585612562 ], [ 141.229845397632857, 43.099256342550291 ], [ 141.230020325807629, 43.099009714375107 ], [ 141.230072338395388, 43.098911718251415 ], [ 141.230034114634634, 43.098849839355871 ], [ 141.229946083362449, 43.098758751866143 ], [ 141.229936696481019, 43.098647900686387 ], [ 141.229938671445439, 43.098528993824807 ], [ 141.230023655921883, 43.098468213715904 ], [ 141.230124957188366, 43.098436273090797 ], [ 141.230192878878029, 43.098391728903529 ], [ 141.230239392056546, 43.098289604050372 ], [ 141.23023163931029, 43.098080306379828 ], [ 141.23020473656814, 43.098018531219978 ], [ 141.230077257674736, 43.097939397933615 ], [ 141.229949913790819, 43.097852110893207 ], [ 141.229940143791055, 43.097770021209797 ], [ 141.230026917211291, 43.097428224664782 ], [ 141.230040527964775, 43.097284733469408 ], [ 141.230013830145907, 43.097210651487579 ], [ 141.229936594122734, 43.097140196733861 ], [ 141.229899324276005, 43.097020868946018 ], [ 141.229827882508602, 43.096942307133226 ], [ 141.22966295900315, 43.096760302525595 ], [ 141.229441891015483, 43.096590104214819 ], [ 141.229326526683366, 43.096457842749082 ], [ 141.229311166141798, 43.096371551521905 ], [ 141.229357108693364, 43.096298117606416 ], [ 141.22939826071925, 43.096183638265899 ], [ 141.229351997157153, 43.096103190962744 ], [ 141.229276467144018, 43.095930213013581 ], [ 141.229295508640405, 43.095794998234595 ], [ 141.229417073676615, 43.095554013166584 ], [ 141.229499009570986, 43.095341438767207 ], [ 141.229509755133591, 43.095029696039248 ], [ 141.229493031940336, 43.095025468869089 ], [ 141.229441044245249, 43.094787083377845 ], [ 141.229355175332017, 43.094560632690758 ], [ 141.229209077106191, 43.094430063812418 ], [ 141.229010276945218, 43.094260133691577 ], [ 141.228743456072408, 43.094146913695084 ], [ 141.228655092003464, 43.094076499791491 ], [ 141.22842280986066, 43.093906129436121 ], [ 141.228211997330902, 43.093789397560059 ], [ 141.228056267472994, 43.093730547476568 ], [ 141.227771563691874, 43.093682923479157 ], [ 141.227677746737641, 43.093600009982616 ], [ 141.227551576435928, 43.093442963998356 ], [ 141.227441406283162, 43.093339437809114 ], [ 141.227245049972652, 43.093196180751633 ], [ 141.227072572163252, 43.093128882271124 ], [ 141.226842677011859, 43.093155659553645 ], [ 141.226612826267484, 43.093173998952075 ], [ 141.226421259847712, 43.093250278882316 ], [ 141.226196627649216, 43.093289340345478 ], [ 141.226050663764426, 43.093312577871089 ], [ 141.225915649628291, 43.093352441129078 ], [ 141.225629788824392, 43.093374497343795 ], [ 141.225339321104457, 43.093339051108615 ], [ 141.225166363333528, 43.09330057918919 ], [ 141.224981730350635, 43.09329477459984 ], [ 141.224646863900062, 43.093234384341478 ], [ 141.224289711548408, 43.093169713563555 ], [ 141.22404573974697, 43.093027992259607 ], [ 141.216560146244603, 43.089773955158037 ], [ 141.213535809676813, 43.088500534446069 ], [ 141.207243158166904, 43.085855897529626 ], [ 141.204635400897956, 43.085752375526368 ], [ 141.203798519209442, 43.086258480691832 ], [ 141.202807778950046, 43.087058830326683 ], [ 141.201622271394285, 43.088075475459213 ], [ 141.200619859562522, 43.089560759739491 ], [ 141.199536915405247, 43.09078058302633 ], [ 141.214309816291234, 43.122074522395245 ], [ 141.217155902290273, 43.121769873009434 ], [ 141.218413037632018, 43.120646685323173 ], [ 141.218470590694977, 43.120598395601533 ], [ 141.218496981032445, 43.120576269823893 ], [ 141.218616520276385, 43.120535853615536 ], [ 141.218895848267351, 43.120430560696008 ], [ 141.219294782004965, 43.120280772846002 ], [ 141.219625290382851, 43.120163489909309 ], [ 141.21971664943095, 43.120114521393624 ], [ 141.219758034581076, 43.12001123118641 ], [ 141.219850462033975, 43.119904251100785 ], [ 141.220304899482812, 43.119570415089015 ], [ 141.220805185095486, 43.119215824609945 ], [ 141.221746141383875, 43.118597380807046 ], [ 141.221378736627855, 43.118282170748088 ], [ 141.220684924246541, 43.117686639569797 ] ] ] ] } },
{ "type": "Feature", "properties": { "KEY_CODE": "011092000", "S_NAME": "手稲富丘", "n_candidates": 1, "n_panel": 0, "detached_households": 0.0, "rate": null, "fill": "#cccccc", "fill-opacity": 0.7, "stroke": "#555555" }, "geometry": { "type": "MultiPolygon", "coordinates": [ [ [ [ 141.241079293478151, 43.108976643661464 ], [ 141.241620357539119, 43.107919801822433 ], [ 141.241737847447979, 43.107691636451932 ], [ 141.242451124441033, 43.106345567491431 ], [ 141.242492635213466, 43.106284254625159 ], [ 141.241962173223186, 43.106199481618724 ], [ 141.241320323374367, 43.106105848738608 ], [ 141.24121099044234, 43.106082873814472 ], [ 141.241002155643912, 43.106034404837011 ], [ 141.240748181702628, 43.10599918190573 ], [ 141.240288751134727, 43.105932046231651 ], [ 141.239874144879138, 43.105870792540919 ], [ 141.239549418731116, 43.105813069523791 ], [ 141.23912738008093, 43.105754489824363 ], [ 141.239424510632773, 43.105441617903779 ], [ 141.239963589130895, 43.104861451990246 ], [ 141.2406354981633, 43.104158465967302 ], [ 141.241416574360244, 43.104194885712538 ], [ 141.24215555603206, 43.104252309903146 ], [ 141.243290630132094, 43.104340499971912 ], [ 141.243639656090266, 43.104367619386807 ], [ 141.243766895661793, 43.104381326931467 ], [ 141.244329631603676, 43.103730596411403 ], [ 141.244935655386428, 43.103108376251512 ], [ 141.245004291063339, 43.103025638293843 ], [ 141.244241713440942, 43.102446047367486 ], [ 141.243891142156883, 43.102285430639853 ], [ 141.24496826258698, 43.101214632299225 ], [ 141.245289628895364, 43.101065752362679 ], [ 141.246414160341288, 43.101731219910015 ], [ 141.246618759153108, 43.101527087633919 ], [ 141.247400729932593, 43.100800890310545 ], [ 141.246566017950386, 43.100296074269878 ], [ 141.24717570997808, 43.099833863532105 ], [ 141.247676976650041, 43.099463606229968 ], [ 141.248181224533482, 43.099116019576954 ], [ 141.248693389200497, 43.098782917041042 ], [ 141.249213167339548, 43.099090013947965 ], [ 141.249843961241083, 43.098490622356152 ], [ 141.251421806582869, 43.097015238227492 ], [ 141.252728206170474, 43.095809997905945 ], [ 141.252917565250726, 43.095643350195203 ], [ 141.25333876689723, 43.095317453256037 ], [ 141.253554366901, 43.095165660296566 ], [ 141.253264627231687, 43.09500095972038 ], [ 141.253314169092363, 43.094952230866632 ], [ 141.253384243965712, 43.094885816547134 ], [ 141.253496127510317, 43.094685158928925 ], [ 141.25360517018143, 43.094476315040062 ], [ 141.253683977858657, 43.094374249389361 ], [ 141.25389142800455, 43.094168442657427 ], [ 141.254074826309477, 43.09400188190088 ], [ 141.254188102199237, 43.09390461764044 ], [ 141.254256400466943, 43.093823346695359 ], [ 141.25431377314834, 43.093729323110587 ], [ 141.254422472735286, 43.09354129471339 ], [ 141.25457028998008, 43.0934383501464 ], [ 141.254650362502957, 43.093388479977108 ], [ 141.254712133133779, 43.093336974878234 ], [ 141.254751669171355, 43.093277748546058 ], [ 141.254797383940058, 43.0931509214032 ], [ 141.254891092548235, 43.092880825971328 ], [ 141.255076739435594, 43.092699372567708 ], [ 141.255101121904062, 43.092669202170882 ], [ 141.255138919557083, 43.092622479734594 ], [ 141.255177939063401, 43.092535751127748 ], [ 141.255187492134013, 43.092490893745776 ], [ 141.255202026285389, 43.092422941319562 ], [ 141.255202322522081, 43.092280034933339 ], [ 141.255254272557295, 43.092147283193768 ], [ 141.255284599060843, 43.092028407809394 ], [ 141.255283857484784, 43.091949563414097 ], [ 141.255260809431746, 43.091867569796207 ], [ 141.255202265560143, 43.09171965124149 ], [ 141.255206526258945, 43.09164605520543 ], [ 141.255269474480116, 43.091521554961069 ], [ 141.255325897956908, 43.091420770935024 ], [ 141.255329008282359, 43.091347023689551 ], [ 141.255330470227364, 43.091345629252622 ], [ 141.255315039020076, 43.091213909247962 ], [ 141.255259507507077, 43.091069743774646 ], [ 141.255140590103451, 43.090887121328777 ], [ 141.255009273346502, 43.09071782337471 ], [ 141.254921582561963, 43.090615927529946 ], [ 141.254841208027784, 43.090566069590878 ], [ 141.254790238393269, 43.090537353798261 ], [ 141.254720440580542, 43.090498066737872 ], [ 141.254593484392387, 43.090438870905196 ], [ 141.254418295232483, 43.090348030587947 ], [ 141.25400550485594, 43.090145057654766 ], [ 141.254430520177976, 43.089533161557348 ], [ 141.255245157500269, 43.08836039634955 ], [ 141.255265691377076, 43.08833075581353 ], [ 141.255292511298677, 43.088292166255499 ], [ 141.25505513830916, 43.088106898049794 ], [ 141.254764602378117, 43.087880445506229 ], [ 141.254522959405449, 43.087686487339958 ], [ 141.254335254266323, 43.087574930602031 ], [ 141.253956804305403, 43.087356008993765 ], [ 141.253714110841372, 43.087227236340588 ], [ 141.253613673130474, 43.087142599421902 ], [ 141.253504652950767, 43.087060702567662 ], [ 141.253401487786249, 43.086972737362458 ], [ 141.253253381118299, 43.086857445429651 ], [ 141.253004524436307, 43.086676924573851 ], [ 141.252402798440954, 43.086357524061142 ], [ 141.252205924041732, 43.086285268418933 ], [ 141.251839534106182, 43.086199229360396 ], [ 141.251594126001919, 43.086155525916517 ], [ 141.251385561984733, 43.086106023986183 ], [ 141.250859272626116, 43.085833620670165 ], [ 141.250671678225302, 43.085733805633986 ], [ 141.250584395120853, 43.085708145534902 ], [ 141.25044013768408, 43.08570484769173 ], [ 141.249821426014165, 43.085823860115298 ], [ 141.249442516363871, 43.085900374482641 ], [ 141.248906639914367, 43.085970310879311 ], [ 141.248733265868395, 43.086022739038313 ], [ 141.248474469387872, 43.085929258393392 ], [ 141.248039952197416, 43.085772984537456 ], [ 141.247498300667132, 43.085679136925783 ], [ 141.247205309667521, 43.085599841059015 ], [ 141.247018531537947, 43.086221465926805 ], [ 141.246908115691639, 43.086908810501214 ], [ 141.246709083772515, 43.087975648877745 ], [ 141.246734245841338, 43.088298116854759 ], [ 141.246741781233112, 43.088424424211397 ], [ 141.246779319270928, 43.088470326299742 ], [ 141.246855575742501, 43.088495610514777 ], [ 141.246980223148626, 43.088489667610212 ], [ 141.24765640842287, 43.088337487322185 ], [ 141.24912290396, 43.087994727626572 ], [ 141.24991191831981, 43.087972573825581 ], [ 141.251551697517272, 43.088315318627821 ], [ 141.252228978869425, 43.088710069905574 ], [ 141.252171333069981, 43.088767800840984 ], [ 141.251164633600411, 43.088916986413267 ], [ 141.249240876171683, 43.090511574932286 ], [ 141.248528814060137, 43.091210257917965 ], [ 141.246339089565197, 43.093446964195081 ], [ 141.245571067592323, 43.093918473482752 ], [ 141.244562097206597, 43.094545895824027 ], [ 141.243778159687281, 43.094773984895824 ], [ 141.241480358290886, 43.095275627857085 ], [ 141.240022308796597, 43.095603741596811 ], [ 141.239596848764563, 43.095599990919823 ], [ 141.238777963887969, 43.095191471918454 ], [ 141.237995214477451, 43.094826939289483 ], [ 141.237282110050074, 43.094371520530672 ], [ 141.236453579773297, 43.093513851081092 ], [ 141.234994853464769, 43.092001815810406 ], [ 141.233457352653545, 43.090447564925732 ], [ 141.233123064834984, 43.090074452666023 ], [ 141.232960129179475, 43.089981506390131 ], [ 141.232758409341983, 43.089825902480101 ], [ 141.231106327688536, 43.089372480429532 ], [ 141.229095519572326, 43.088830522772177 ], [ 141.228896179577077, 43.088365134364651 ], [ 141.228197247939619, 43.086893022463805 ], [ 141.227498824828047, 43.085391853131433 ], [ 141.227087818161976, 43.084523246516767 ], [ 141.227062390668436, 43.083830683327847 ], [ 141.227000464877932, 43.08312316157631 ], [ 141.226863282917492, 43.082839063746107 ], [ 141.226482120101764, 43.082392850969185 ], [ 141.225832722365567, 43.08153034127794 ], [ 141.224973338027553, 43.080678538216048 ], [ 141.224840794525022, 43.080629526337674 ], [ 141.2239796109248, 43.080226694552152 ], [ 141.223781802897292, 43.080179204977185 ], [ 141.223488099477777, 43.080105890150705 ], [ 141.222077947887215, 43.080128542336944 ], [ 141.220847143574332, 43.080154905557393 ], [ 141.218170280508332, 43.086452138280187 ], [ 141.216560146244603, 43.089773955158037 ], [ 141.22404573974697, 43.093027992259607 ], [ 141.224289711548408, 43.093169713563562 ], [ 141.224646863900091, 43.093234384341478 ], [ 141.224981730350635, 43.093294774599869 ], [ 141.225166363333528, 43.093300579189226 ], [ 141.225339321104457, 43.093339051108636 ], [ 141.225629788824392, 43.093374497343795 ], [ 141.225915649628291, 43.09335244112907 ], [ 141.226050663764426, 43.093312577871089 ], [ 141.226196627649216, 43.09328934034545 ], [ 141.226421259847683, 43.093250278882316 ], [ 141.226612826267484, 43.093173998952075 ], [ 141.226842677011859, 43.093155659553631 ], [ 141.227072572163252, 43.093128882271095 ], [ 141.227245049972652, 43.093196180751633 ], [ 141.227441406283077, 43.093339437809107 ], [ 141.227551576435843, 43.093442963998349 ], [ 141.227677746737641, 43.093600009982623 ], [ 141.227771563691874, 43.093682923479129 ], [ 141.228056267472994, 43.093730547476568 ], [ 141.228211997330817, 43.09378939756003 ], [ 141.22842280986066, 43.093906129436157 ], [ 141.228655092003464, 43.094076499791527 ], [ 141.228743456072408, 43.094146913695148 ], [ 141.229010276945303, 43.094260133691584 ], [ 141.229209077106219, 43.094430063812418 ], [ 141.229355175332017, 43.094560632690758 ], [ 141.229441044245249, 43.094787083377845 ], [ 141.229493031940308, 43.095025468869089 ], [ 141.22950975513362, 43.095029696039234 ], [ 141.229499009571043, 43.095341438767214 ], [ 141.229417073676615, 43.095554013166563 ], [ 141.229295508640433, 43.095794998234574 ], [ 141.22927646714399, 43.095930213013581 ], [ 141.229351997157124, 43.096103190962758 ], [ 141.229398260719279, 43.096183638265906 ], [ 141.229357108693364, 43.096298117606402 ], [ 141.229311166141798, 43.096371551521905 ], [ 141.229326526683366, 43.096457842749082 ], [ 141.229441891015426, 43.096590104214833 ], [ 141.229662959003178, 43.096760302525588 ], [ 141.229827882508602, 43.096942307133219 ], [ 141.229899324276005, 43.097020868946046 ], [ 141.229936594122734, 43.097140196733861 ], [ 141.230013830145907, 43.097210651487622 ], [ 141.230040527964746, 43.097284733469408 ], [ 141.230026917211347, 43.097428224664782 ], [ 141.229940143791055, 43.097770021209811 ], [ 141.229949913790819, 43.097852110893186 ], [ 141.230077257674736, 43.097939397933615 ], [ 141.230204736568169, 43.098018531219978 ], [ 141.23023163931029, 43.098080306379828 ], [ 141.230239392056575, 43.098289604050372 ], [ 141.230192878878029, 43.098391728903557 ], [ 141.230124957188366, 43.09843627309079 ], [ 141.230023655921883, 43.098468213715897 ], [ 141.229938671445495, 43.098528993824807 ], [ 141.229936696481019, 43.098647900686387 ], [ 141.229946083362449, 43.09875875186615 ], [ 141.230034114634634, 43.098849839355871 ], [ 141.230072338395388, 43.098911718251379 ], [ 141.230020325807658, 43.099009714375107 ], [ 141.229845397632857, 43.099256342550291 ], [ 141.229691874648637, 43.099398585612512 ], [ 141.229537739050414, 43.099577742181815 ], [ 141.229388924808262, 43.099777413821819 ], [ 141.229273599781123, 43.099977382493101 ], [ 141.229254146506292, 43.100137277158794 ], [ 141.229290708486019, 43.100293451475252 ], [ 141.229445257617016, 43.100430214148524 ], [ 141.229697520544391, 43.100578113567217 ], [ 141.229807872069216, 43.100677557883266 ], [ 141.229868292408781, 43.100743784752943 ], [ 141.229878157183549, 43.100825875247509 ], [ 141.229893041843468, 43.100940925359907 ], [ 141.230014322307369, 43.101052775540225 ], [ 141.23018580661028, 43.101181458699045 ], [ 141.230284589992209, 43.101301334777688 ], [ 141.230505340149762, 43.101491993042693 ], [ 141.230682935018109, 43.101587957932765 ], [ 141.230827150577937, 43.101671316517198 ], [ 141.230983790828617, 43.101676790200024 ], [ 141.231291436683733, 43.101691839413597 ], [ 141.231419946878475, 43.101709369430871 ], [ 141.231536209354914, 43.101788398568765 ], [ 141.231713398695774, 43.101908972680278 ], [ 141.231771075183872, 43.101973063156201 ], [ 141.231848390550084, 43.102039369058922 ], [ 141.232116817698, 43.102058144873546 ], [ 141.232211333250689, 43.10210005785882 ], [ 141.232322031289982, 43.102178966350927 ], [ 141.232408506410565, 43.102364348121057 ], [ 141.232468212589424, 43.102479796613288 ], [ 141.232549804922854, 43.102624062802995 ], [ 141.23271078832866, 43.102703488473495 ], [ 141.232795361838384, 43.102841662972239 ], [ 141.232849270963357, 43.10296521660139 ], [ 141.232885435734801, 43.103146071265314 ], [ 141.232938966975098, 43.103298315475598 ], [ 141.233054828515975, 43.1034018850984 ], [ 141.23311976452834, 43.103537844101155 ], [ 141.233278781794752, 43.103736247677844 ], [ 141.233461415045781, 43.10386502481952 ], [ 141.233640380103537, 43.103878922787551 ], [ 141.233817651358692, 43.103995344233333 ], [ 141.233994378823468, 43.104144601539261 ], [ 141.23410997116568, 43.104264623310648 ], [ 141.234171795105254, 43.104414902599196 ], [ 141.234118589228871, 43.104590883986646 ], [ 141.234093078978589, 43.104775268604236 ], [ 141.234089482834293, 43.10499269264303 ], [ 141.234087109054855, 43.10513621073153 ], [ 141.23406841395547, 43.105250963100517 ], [ 141.233960521618513, 43.105344315600725 ], [ 141.233885916077298, 43.105450341181609 ], [ 141.23388926876811, 43.10558990244472 ], [ 141.233819987943235, 43.105716441330728 ], [ 141.233815540777499, 43.105816902174404 ], [ 141.233718845604557, 43.105906273231497 ], [ 141.233639283557267, 43.10597533199887 ], [ 141.233654450806853, 43.106073926504713 ], [ 141.233641388017134, 43.106184577616823 ], [ 141.233651192642611, 43.106270817000421 ], [ 141.233666018713137, 43.106389943802803 ], [ 141.233692615343841, 43.106476334040508 ], [ 141.233740829434538, 43.10660806441669 ], [ 141.233778764107285, 43.106682246808802 ], [ 141.233844247232241, 43.106785366029825 ], [ 141.233904707097025, 43.106855668323789 ], [ 141.233970394214452, 43.106946483077117 ], [ 141.234042056120643, 43.107012806759059 ], [ 141.23412514868383, 43.107066852375105 ], [ 141.23426422292178, 43.10712554339711 ], [ 141.234380501480103, 43.10720449925801 ], [ 141.234547706272025, 43.107251133647772 ], [ 141.234726413646456, 43.107281412403957 ], [ 141.234827183449624, 43.107282305908818 ], [ 141.234950046370329, 43.107299781701833 ], [ 141.235096246220166, 43.10726415585863 ], [ 141.23519182913634, 43.107236309083099 ], [ 141.235325987501653, 43.107249805538743 ], [ 141.235437989066725, 43.107250798039949 ], [ 141.235585649383211, 43.107295217120196 ], [ 141.235623383673101, 43.107381703713315 ], [ 141.235718047635032, 43.107415315924058 ], [ 141.235948224358822, 43.107380431227583 ], [ 141.236315242248082, 43.1073652556695 ], [ 141.236466398748803, 43.107366593814085 ], [ 141.23668962639789, 43.107409572183464 ], [ 141.236913627248725, 43.107411554396478 ], [ 141.237042327726812, 43.107412693085656 ], [ 141.237158813608374, 43.107479339450279 ], [ 141.237263758452173, 43.107570568895447 ], [ 141.237380378611363, 43.107629058681667 ], [ 141.237604554800157, 43.10761458535255 ], [ 141.237823434782172, 43.10758374581841 ], [ 141.23794127309904, 43.107568331722355 ], [ 141.238025248935458, 43.107569073972073 ], [ 141.238107807371819, 43.107655955973065 ], [ 141.238196094168273, 43.107738809489462 ], [ 141.238257005200808, 43.107776269628673 ], [ 141.238337021991015, 43.107813478230838 ], [ 141.238897079582529, 43.108054517495447 ], [ 141.239202549785261, 43.108612316626832 ], [ 141.239416333751819, 43.108704716534902 ], [ 141.239475296560016, 43.108767265560566 ], [ 141.239593012706507, 43.108905304859171 ], [ 141.239740408630155, 43.109065618194734 ], [ 141.239747903916935, 43.109251914078911 ], [ 141.239753677488807, 43.109326935154783 ], [ 141.239805892048025, 43.109373882435037 ], [ 141.23987926234733, 43.10941848562166 ], [ 141.239949381016288, 43.109444985113946 ], [ 141.240058835768878, 43.109443348538925 ], [ 141.240139233018112, 43.109422607533361 ], [ 141.240467766764368, 43.109267337279178 ], [ 141.240700164318611, 43.10950076580135 ], [ 141.241079293478151, 43.108976643661464 ] ] ] ] } },
{ "type": "Feature", "properties": { "KEY_CODE": "011092100", "S_NAME": "手稲金山", "n_candidates": 25, "n_panel": 1, "detached_households": 5.0, "rate": 0.2, "fill": "#253494", "fill-opacity": 0.7, "stroke": "#555555" }, "geometry": { "type": "MultiPolygon", "coordinates": [ [ [ [ 141.208656891529358, 43.123549930777365 ], [ 141.208628286574793, 43.123199220776037 ], [ 141.20971697348412, 43.123238672439072 ], [ 141.209707818154499, 43.123099268373565 ], [ 141.210140309911139, 43.123090543988077 ], [ 141.210315318568632, 43.123154095602821 ], [ 141.210468625984078, 43.123234750457641 ], [ 141.210569999674561, 43.123280964613386 ], [ 141.211014040651946, 43.12328767249371 ], [ 141.211104653142257, 43.123289058722861 ], [ 141.211499035523644, 43.123291377706494 ], [ 141.212051397266237, 43.123313975880819 ], [ 141.212364318252952, 43.123426460514679 ], [ 141.21239362914929, 43.123237683007567 ], [ 141.212040558679291, 43.122343764105601 ], [ 141.212339849672588, 43.12230829305792 ], [ 141.212853965118711, 43.122247271091091 ], [ 141.214309816291234, 43.122074522395287 ], [ 141.199536915405247, 43.09078058302633 ], [ 141.200619859562522, 43.089560759739491 ], [ 141.201622271394257, 43.088075475459213 ], [ 141.202807778950046, 43.087058830326683 ], [ 141.203798519209442, 43.086258480691832 ], [ 141.204635400897956, 43.085752375526368 ], [ 141.207243158166904, 43.085855897529626 ], [ 141.213535809676813, 43.088500534446069 ], [ 141.216560146244603, 43.089773955158037 ], [ 141.218170280508332, 43.086452138280194 ], [ 141.220847143574304, 43.080154905557393 ], [ 141.219958398008771, 43.080173928319518 ], [ 141.217859288553598, 43.080184229078483 ], [ 141.217692234427886, 43.080168167922082 ], [ 141.214017966455117, 43.079727454244598 ], [ 141.21094820090363, 43.078678903003478 ], [ 141.208463116704849, 43.077810569581025 ], [ 141.208207669581924, 43.077751843525981 ], [ 141.207173960263844, 43.077479272332141 ], [ 141.20530292430351, 43.076691713278649 ], [ 141.204984523459842, 43.076566649218549 ], [ 141.204088329914555, 43.076502071580478 ], [ 141.202529686885612, 43.07656773253477 ], [ 141.199690556857661, 43.076927015651883 ], [ 141.195840192597842, 43.076821189016236 ], [ 141.192291128379139, 43.076703888414315 ], [ 141.190643028502677, 43.07674968189766 ], [ 141.186795883522592, 43.077559825008436 ], [ 141.184546313200201, 43.077543533997101 ], [ 141.180469966718675, 43.077524341865889 ], [ 141.175762936842489, 43.077278111563075 ], [ 141.172510847779392, 43.078506839082273 ], [ 141.172314820596, 43.078721113753545 ], [ 141.171349273810762, 43.080774693500338 ], [ 141.170911133748461, 43.081635123622377 ], [ 141.170625295435372, 43.081848550771589 ], [ 141.17036483474925, 43.082081065276952 ], [ 141.167854289349464, 43.0834012302888 ], [ 141.16400821193227, 43.085406580031261 ], [ 141.164103519897111, 43.085774181160296 ], [ 141.163696296767966, 43.086739939805156 ], [ 141.162598467065976, 43.085996144410203 ], [ 141.162268644425723, 43.085943222791975 ], [ 141.161573165054278, 43.08594280900877 ], [ 141.160596052555576, 43.086045417463986 ], [ 141.159783091701883, 43.085981846086248 ], [ 141.159384156737673, 43.085757291171348 ], [ 141.157562919329109, 43.085161875939363 ], [ 141.156899226241364, 43.08528606606469 ], [ 141.155783789583694, 43.085781983944564 ], [ 141.155637608380516, 43.08589247592186 ], [ 141.154229505201528, 43.08638866054212 ], [ 141.153705570071168, 43.086756589154071 ], [ 141.153022213605567, 43.087508386095315 ], [ 141.15225419142817, 43.088013848933066 ], [ 141.152062263567416, 43.088310338366298 ], [ 141.151953017766033, 43.088732033103959 ], [ 141.152023297777191, 43.089068314632172 ], [ 141.152286405623755, 43.089530785994469 ], [ 141.153255121801635, 43.089373400739603 ], [ 141.154724265998567, 43.089225865661774 ], [ 141.155562011578411, 43.089067205690483 ], [ 141.157101275251762, 43.088715093406975 ], [ 141.157949289792015, 43.088685288918363 ], [ 141.158466863066053, 43.08870773987698 ], [ 141.158671581229669, 43.088959429202525 ], [ 141.158983877247977, 43.089324592898897 ], [ 141.159179004713053, 43.08978203585113 ], [ 141.159475313347315, 43.090037403851596 ], [ 141.159565802929023, 43.090102475528816 ], [ 141.159950600380796, 43.090676498105076 ], [ 141.160672221809051, 43.09150036299755 ], [ 141.161294506396132, 43.091941260163622 ], [ 141.162159202469638, 43.091964739268221 ], [ 141.162769438371043, 43.093076585095673 ], [ 141.163160747124863, 43.093697220509071 ], [ 141.163693625005067, 43.09446934174445 ], [ 141.164304971999314, 43.095097609705974 ], [ 141.164959849601217, 43.095837474635474 ], [ 141.165688255681545, 43.09628350171063 ], [ 141.166140027248133, 43.096487860983444 ], [ 141.167538150969079, 43.096840138634697 ], [ 141.168550272727828, 43.097193676046345 ], [ 141.169190894771418, 43.09738377492522 ], [ 141.169793119260248, 43.097667321659372 ], [ 141.170297096546733, 43.097933343605327 ], [ 141.170769389582006, 43.098265734425425 ], [ 141.171338531691077, 43.098630544335045 ], [ 141.17219993316391, 43.098935011634921 ], [ 141.172695185369378, 43.09926205235854 ], [ 141.17305340639075, 43.099610026927159 ], [ 141.17386682467793, 43.101279513265993 ], [ 141.174084505110585, 43.102287592280625 ], [ 141.17332335698984, 43.10326980384265 ], [ 141.173091040646511, 43.103962380307593 ], [ 141.173533448779864, 43.104711303386956 ], [ 141.174606676856854, 43.105416147056253 ], [ 141.175526062245694, 43.105802714285055 ], [ 141.176357211138793, 43.106207858160673 ], [ 141.177287690361169, 43.106652957630885 ], [ 141.177870803330308, 43.107169697908873 ], [ 141.178662234389492, 43.107933052685539 ], [ 141.179498789465868, 43.108718977547959 ], [ 141.179906355446462, 43.108961337405823 ], [ 141.179949604780177, 43.108996834915068 ], [ 141.180496332299981, 43.109301256035657 ], [ 141.180666266221692, 43.10938751868904 ], [ 141.180866391100238, 43.109564641872595 ], [ 141.181381323066489, 43.109981214762122 ], [ 141.182960160780397, 43.112680848873438 ], [ 141.183178059756045, 43.113249794470391 ], [ 141.183323328725209, 43.113629091090068 ], [ 141.183792718338765, 43.114923072010541 ], [ 141.18379012785212, 43.115530471015688 ], [ 141.183639161236783, 43.115843009185696 ], [ 141.183369995983838, 43.116421692292896 ], [ 141.183562313809546, 43.116938917361004 ], [ 141.184145914653072, 43.117849827937967 ], [ 141.184891563876135, 43.118634879901869 ], [ 141.186353150319235, 43.119447191111817 ], [ 141.186569908367176, 43.119592324321829 ], [ 141.18712352315984, 43.119739108893029 ], [ 141.188008484995606, 43.12020579609311 ], [ 141.188527168327312, 43.120296761611911 ], [ 141.189664124932477, 43.120482561537251 ], [ 141.190865833959066, 43.120844140177645 ], [ 141.191184908912362, 43.120952797059729 ], [ 141.191568660245139, 43.121202498031764 ], [ 141.191565787272367, 43.121368939331873 ], [ 141.192071886078111, 43.121527851149985 ], [ 141.192067399540122, 43.121787884795388 ], [ 141.194194261683606, 43.121682700450648 ], [ 141.194901555719554, 43.122112182477373 ], [ 141.195375310000827, 43.122773564056075 ], [ 141.196022764887545, 43.122831504335423 ], [ 141.196650145302044, 43.122677849578437 ], [ 141.196980947867559, 43.122708606105427 ], [ 141.197227033480885, 43.12284780351694 ], [ 141.197462055381152, 43.122943575347314 ], [ 141.197702376555924, 43.123004723571427 ], [ 141.197775449355078, 43.123021009630904 ], [ 141.197944971949539, 43.123067649886657 ], [ 141.198166324504797, 43.123132068957545 ], [ 141.198218331275598, 43.12313950862201 ], [ 141.198686077843035, 43.123185445655217 ], [ 141.199026470631338, 43.123205877104681 ], [ 141.199344614983289, 43.123146419867282 ], [ 141.199648553300705, 43.123086760630784 ], [ 141.199881013261177, 43.123057739866219 ], [ 141.20007436757902, 43.123097634478128 ], [ 141.200089453694204, 43.122771867594516 ], [ 141.200113287943537, 43.122299548181296 ], [ 141.200593546894396, 43.12240458954669 ], [ 141.200727181613843, 43.122433815296276 ], [ 141.200898773683861, 43.122477446206162 ], [ 141.201044035423564, 43.122511201856355 ], [ 141.201458202945048, 43.12257970384389 ], [ 141.201828158551336, 43.122651102779976 ], [ 141.202159201272849, 43.122673548795689 ], [ 141.20253026499924, 43.122680185452985 ], [ 141.202910545746022, 43.122664257780272 ], [ 141.203158204122701, 43.122650279861432 ], [ 141.203313019162636, 43.122641993097396 ], [ 141.203414566331361, 43.122649392478053 ], [ 141.203910111999534, 43.12274296318914 ], [ 141.204315397151191, 43.122814680051619 ], [ 141.204304245782339, 43.122950523170545 ], [ 141.204905472460268, 43.123192255475118 ], [ 141.205177018450712, 43.123337153383822 ], [ 141.205912166098642, 43.12377189109754 ], [ 141.206319748358283, 43.12387273702263 ], [ 141.207254582549012, 43.124151469462554 ], [ 141.207673339211937, 43.124120546214932 ], [ 141.208735184828043, 43.124027753796142 ], [ 141.208656891529358, 43.123549930777365 ] ] ] ] } },
{ "type": "Feature", "properties": { "KEY_CODE": "011092200", "S_NAME": "手稲星置", "n_candidates": 3, "n_panel": 0, "detached_households": 0.0, "rate": null, "fill": "#cccccc", "fill-opacity": 0.7, "stroke": "#555555" }, "geometry": { "type": "MultiPolygon", "coordinates": [ [ [ [ 141.189105093345091, 43.14007818002294 ], [ 141.189443697875589, 43.140162762897674 ], [ 141.189523522870104, 43.140045069200468 ], [ 141.189699389771647, 43.139727057094127 ], [ 141.190341814705334, 43.138740958961677 ], [ 141.190667974492982, 43.138350281497701 ], [ 141.190828768623305, 43.138281653701185 ], [ 141.190930981872469, 43.138224087216308 ], [ 141.191093659114642, 43.138046326941499 ], [ 141.191368938137657, 43.137826637796508 ], [ 141.192326139610884, 43.136883246331429 ], [ 141.19233375643563, 43.136664243407623 ], [ 141.193040434783569, 43.135767897947012 ], [ 141.192551877884966, 43.135587137052795 ], [ 141.191986121171567, 43.135372744733957 ], [ 141.191757715352736, 43.135230817840977 ], [ 141.191588655476608, 43.134988938989629 ], [ 141.191420389382529, 43.134600995477044 ], [ 141.19126709222769, 43.134169444710352 ], [ 141.191144377503548, 43.133879819648357 ], [ 141.191079755348994, 43.133735047153223 ], [ 141.189696454518185, 43.134014513836853 ], [ 141.189696565253456, 43.13403582558189 ], [ 141.189697330093566, 43.134147091149295 ], [ 141.189695982339714, 43.134225004305875 ], [ 141.189726672926582, 43.134299344572867 ], [ 141.18980578429489, 43.134339111215311 ], [ 141.189835372277543, 43.13437736174312 ], [ 141.189787798104732, 43.134451821557768 ], [ 141.189763627553134, 43.134516791365073 ], [ 141.189769376230288, 43.13456755254164 ], [ 141.189783847110732, 43.134685839065078 ], [ 141.189713812002225, 43.134731958777792 ], [ 141.18958550861791, 43.134765792577141 ], [ 141.189285796916664, 43.134860487240665 ], [ 141.189167610886273, 43.134925641230559 ], [ 141.189011967317043, 43.13500219103215 ], [ 141.188906567232834, 43.134938831816207 ], [ 141.188698542675724, 43.134968054984327 ], [ 141.188548449456391, 43.135029044888789 ], [ 141.188398018610229, 43.135109509506805 ], [ 141.188273644298732, 43.135221373830738 ], [ 141.188228813133605, 43.135353527679513 ], [ 141.188160194831994, 43.135317795817151 ], [ 141.188080340115732, 43.135320921409374 ], [ 141.188073814416725, 43.135387181370213 ], [ 141.188093104730541, 43.135504246115019 ], [ 141.1880492198882, 43.135581834475794 ], [ 141.187964548169788, 43.135707709532554 ], [ 141.187888352438335, 43.135804476469794 ], [ 141.187828568279514, 43.135874109843535 ], [ 141.187806174221009, 43.135936213207472 ], [ 141.187804351584219, 43.136041478458658 ], [ 141.187967032957999, 43.13694537567207 ], [ 141.187990322541594, 43.137136603367765 ], [ 141.187988973690295, 43.137214516012122 ], [ 141.187928851736331, 43.137303626996797 ], [ 141.187771582171024, 43.137473696446257 ], [ 141.18742668750852, 43.13771994681057 ], [ 141.187130485622873, 43.137915941335663 ], [ 141.186827906172311, 43.137870298273867 ], [ 141.186916032144211, 43.138315452730509 ], [ 141.187032674133633, 43.13833995812579 ], [ 141.187096526726549, 43.138340551820136 ], [ 141.18715802319511, 43.138327478735988 ], [ 141.187051580620789, 43.138634388558678 ], [ 141.187018389305422, 43.138704266724602 ], [ 141.187033045422254, 43.138778458683682 ], [ 141.187144179637954, 43.139126424071996 ], [ 141.187137317251114, 43.139212089386433 ], [ 141.187100641774379, 43.139488561511016 ], [ 141.18714626131981, 43.139621485735056 ], [ 141.187298644641061, 43.140193969336188 ], [ 141.189105093345091, 43.14007818002294 ] ] ], [ [ [ 141.206963873970608, 43.139928461382141 ], [ 141.206899135953762, 43.140782924115356 ], [ 141.208762945112397, 43.140846254142083 ], [ 141.208832910895609, 43.140004567474911 ], [ 141.208379922667262, 43.139992003365926 ], [ 141.207919396480605, 43.139970929353417 ], [ 141.207451046982726, 43.139963847859093 ], [ 141.206963873970608, 43.139928461382141 ] ] ] ] } },
{ "type": "Feature", "properties": { "KEY_CODE": "011092400", "S_NAME": "手稲山口", "n_candidates": 338, "n_panel": 4, "detached_households": 154.0, "rate": 0.025974025974025976, "fill": "#c7e9b4", "fill-opacity": 0.7, "stroke": "#555555" }, "geometry": { "type": "MultiPolygon", "coordinates": [ [ [ [ 141.226105055930077, 43.15935465781309 ], [ 141.22635061984127, 43.15922175602978 ], [ 141.226467639048764, 43.159123358357199 ], [ 141.226577975995014, 43.159028278202754 ], [ 141.226656215090173, 43.158951055488167 ], [ 141.226707903860017, 43.158835547252529 ], [ 141.226695659145605, 43.15875751626303 ], [ 141.226665202687997, 43.158682695993136 ], [ 141.226566304973034, 43.158569921738831 ], [ 141.226470741333742, 43.158464701113687 ], [ 141.226362256482133, 43.158316183885972 ], [ 141.226362229027615, 43.158185305055781 ], [ 141.226398705560143, 43.158031473739015 ], [ 141.226443359909752, 43.157865337926822 ], [ 141.226492867374191, 43.157748122978489 ], [ 141.2265704965059, 43.15757482670692 ], [ 141.22660625412189, 43.157464100109955 ], [ 141.226705882706085, 43.157261956364096 ], [ 141.226738298023264, 43.15721920526952 ], [ 141.226790910952559, 43.157186481081936 ], [ 141.226914000397329, 43.157132938059156 ], [ 141.227114567383126, 43.157053501907278 ], [ 141.227273508274237, 43.157021796833611 ], [ 141.227400408932198, 43.157016249475561 ], [ 141.227574731392224, 43.157012884288086 ], [ 141.227686029211924, 43.156992357647326 ], [ 141.227801341004294, 43.156932836214274 ], [ 141.227851977885621, 43.156880262735946 ], [ 141.227896636136336, 43.156782905518831 ], [ 141.227902502324724, 43.156701729364663 ], [ 141.227897033165277, 43.15662052396803 ], [ 141.227893953947046, 43.156534273600258 ], [ 141.22791714415817, 43.156503045487192 ], [ 141.227951796274198, 43.156458555886481 ], [ 141.228031921594777, 43.156406245646203 ], [ 141.228077767670214, 43.156370224349942 ], [ 141.228175714630368, 43.156337976289777 ], [ 141.228349035015441, 43.156325385991302 ], [ 141.228516465815119, 43.156331873529957 ], [ 141.228661367609249, 43.156329861187231 ], [ 141.228761193283873, 43.156317460582954 ], [ 141.228845583911436, 43.156280096135063 ], [ 141.228948553935822, 43.15621146055188 ], [ 141.229081152809869, 43.156134720220983 ], [ 141.229172884693838, 43.156065985315934 ], [ 141.229270652361663, 43.156038657116376 ], [ 141.229384269516828, 43.156011468516255 ], [ 141.229631900561117, 43.156024506161572 ], [ 141.22967457393608, 43.156046408337396 ], [ 141.229690230748872, 43.156058151340659 ], [ 141.229722827597641, 43.15614297408019 ], [ 141.229769693335555, 43.156317381806289 ], [ 141.229826646046916, 43.156433858932338 ], [ 141.229904855956647, 43.156490958351476 ], [ 141.230008179622445, 43.15653991201966 ], [ 141.230150292825755, 43.156572684865203 ], [ 141.230296031450393, 43.156589666216298 ], [ 141.230526981705395, 43.15658349566165 ], [ 141.230715353097452, 43.156555354517707 ], [ 141.230890498764182, 43.156502198968944 ], [ 141.231065685703555, 43.156452350004713 ], [ 141.231138767858511, 43.156413265176894 ], [ 141.231335169441564, 43.156312265867996 ], [ 141.231585110888489, 43.15618607378677 ], [ 141.231810876256901, 43.15608695085281 ], [ 141.231913348005094, 43.156048128097055 ], [ 141.232102158726349, 43.155993474814643 ], [ 141.232236466377316, 43.155946566526012 ], [ 141.232348256613392, 43.155896220097091 ], [ 141.232405434522889, 43.155860228706494 ], [ 141.232577351772136, 43.155729191064808 ], [ 141.232685051713844, 43.155583517024574 ], [ 141.232724583894992, 43.155522543205144 ], [ 141.232775983972459, 43.155423556494696 ], [ 141.232831116979241, 43.155377630080594 ], [ 141.232950370078242, 43.155282553869284 ], [ 141.233023779457994, 43.15522356884356 ], [ 141.233333963561932, 43.155015063289454 ], [ 141.23363159092753, 43.154810521684894 ], [ 141.233911076118005, 43.154610812254909 ], [ 141.234706987966433, 43.154050335547687 ], [ 141.23491999976855, 43.153896448917791 ], [ 141.235596694201035, 43.153422677611623 ], [ 141.23646828533353, 43.152803149929653 ], [ 141.237183866369463, 43.152299893175922 ], [ 141.237871138248295, 43.151794204688585 ], [ 141.237894279702715, 43.15177717981291 ], [ 141.237370586679845, 43.151351289820319 ], [ 141.236890201448432, 43.150996529859945 ], [ 141.236146194117794, 43.150447017606169 ], [ 141.23533573235747, 43.149839171770751 ], [ 141.234276694067802, 43.149051887251872 ], [ 141.233468950975492, 43.148473232479482 ], [ 141.232874656936758, 43.148015747231746 ], [ 141.23266776764288, 43.14786453175914 ], [ 141.23182806332585, 43.147227983164584 ], [ 141.229896201793878, 43.14576357217387 ], [ 141.227278200402395, 43.143778755476866 ], [ 141.225491697927453, 43.142417530009787 ], [ 141.224958901034285, 43.142011532390107 ], [ 141.224217911615568, 43.141684897203874 ], [ 141.223693385973178, 43.141480177513671 ], [ 141.222858154962523, 43.141339407058993 ], [ 141.222275203650781, 43.141360824574541 ], [ 141.22228605014314, 43.141156795691238 ], [ 141.222285537118154, 43.141156828625753 ], [ 141.221424005964337, 43.141123989102745 ], [ 141.217101241327924, 43.140959120875465 ], [ 141.216137488248393, 43.140922340171912 ], [ 141.216149416067822, 43.140641859763726 ], [ 141.216197748509842, 43.139904412202505 ], [ 141.216219925681315, 43.139488341424943 ], [ 141.216221885510976, 43.139451788450891 ], [ 141.216250912087901, 43.139039716286625 ], [ 141.21623433681043, 43.138712047793909 ], [ 141.216215614139202, 43.138537464485388 ], [ 141.216215244555684, 43.138534013411729 ], [ 141.216131665627387, 43.138250256984321 ], [ 141.216080491691059, 43.137992674226155 ], [ 141.214825185362287, 43.138095110965892 ], [ 141.211964331360491, 43.13830435867947 ], [ 141.210497562289078, 43.138410946030994 ], [ 141.209071171333534, 43.138520413838755 ], [ 141.208910657859008, 43.138493988410104 ], [ 141.208958499000715, 43.138600900065732 ], [ 141.208898692707663, 43.139296467163533 ], [ 141.208832910895609, 43.140004567474911 ], [ 141.208762945112397, 43.140846254142083 ], [ 141.206899135953762, 43.140782924115356 ], [ 141.206076232697711, 43.140745877987278 ], [ 141.20562319230433, 43.140736115738605 ], [ 141.205137670820136, 43.140721835434114 ], [ 141.203082257679085, 43.140648183050814 ], [ 141.201825132908851, 43.140613249670373 ], [ 141.200723657903353, 43.140563273426714 ], [ 141.199644688893954, 43.140528262795733 ], [ 141.19813136237866, 43.140469555233601 ], [ 141.196844072683547, 43.140418745761131 ], [ 141.196240227557041, 43.140399540726634 ], [ 141.195277332438224, 43.140367241302037 ], [ 141.194018616327156, 43.140319682354402 ], [ 141.192399378227748, 43.140266593325045 ], [ 141.191580165094422, 43.140239530533137 ], [ 141.189443697875589, 43.140162762897674 ], [ 141.189105093345091, 43.14007818002294 ], [ 141.187298644641061, 43.140193969336188 ], [ 141.187532074525421, 43.14024600286151 ], [ 141.187775549134955, 43.140300309902699 ], [ 141.188106445752709, 43.140364148131795 ], [ 141.188233629971705, 43.140473354210471 ], [ 141.188314139602426, 43.140615884366845 ], [ 141.188404546054841, 43.140724817633078 ], [ 141.188636502009558, 43.140978888232816 ], [ 141.18878104072158, 43.141012088774474 ], [ 141.189186919088911, 43.141105385850629 ], [ 141.189251978863808, 43.141091923898912 ], [ 141.189290875857921, 43.141064082266652 ], [ 141.189353539815727, 43.141055872392236 ], [ 141.189391613589294, 43.141075635534321 ], [ 141.189422212503331, 43.14111108456045 ], [ 141.189493960272159, 43.141132847990562 ], [ 141.189563212954198, 43.141154589877893 ], [ 141.189627364628791, 43.141199210973816 ], [ 141.189672885419327, 43.141204907887222 ], [ 141.189757334473086, 43.141186350861396 ], [ 141.189802824867826, 43.141193806480118 ], [ 141.189806774906543, 43.141243072305734 ], [ 141.189788632592638, 43.141320335260048 ], [ 141.189787872945686, 43.141364283856305 ], [ 141.189748641754107, 43.141411461269954 ], [ 141.189689928524416, 43.141468938833519 ], [ 141.189670205895226, 43.141498715308359 ], [ 141.189662396284433, 43.141533807978824 ], [ 141.18966926380142, 43.141553212594189 ], [ 141.189743535453772, 43.141567967258901 ], [ 141.189810356944832, 43.141591512253761 ], [ 141.189891588186498, 43.141620397092794 ], [ 141.189939173088305, 43.141645454512137 ], [ 141.189996331956735, 43.141672359187247 ], [ 141.190029884247593, 43.141681460856127 ], [ 141.190128491887322, 43.141671824841652 ], [ 141.190177525109419, 43.14168550043901 ], [ 141.190234506065764, 43.141728225909091 ], [ 141.190300658970358, 43.141790447902302 ], [ 141.190345451391693, 43.141838335514862 ], [ 141.190378242636484, 43.141891456006391 ], [ 141.190389577996399, 43.141930241542205 ], [ 141.190389151624373, 43.141954922652587 ], [ 141.190410453496128, 43.141972704196611 ], [ 141.190535412604902, 43.14197210264404 ], [ 141.190643476246095, 43.141976620936823 ], [ 141.190739076102943, 43.142002121656688 ], [ 141.190846561189346, 43.142040040486897 ], [ 141.190942591515494, 43.14204620466159 ], [ 141.191118419088582, 43.14201970220018 ], [ 141.191214783200536, 43.142006529142847 ], [ 141.191272458829019, 43.14200354804828 ], [ 141.191320263174163, 43.142021571884698 ], [ 141.191358004461193, 43.142060672239758 ], [ 141.191396080729788, 43.142080365809775 ], [ 141.191461615682044, 43.142111705802208 ], [ 141.191506711399171, 43.142142085339401 ], [ 141.191535310888014, 43.142159931240499 ], [ 141.191633525513112, 43.142173147931246 ], [ 141.191686100641078, 43.142192975109431 ], [ 141.19172162445517, 43.142221435471335 ], [ 141.191761827791765, 43.142257042339395 ], [ 141.191828565729622, 43.142291066304857 ], [ 141.191892806335971, 43.142325066839796 ], [ 141.191944896058686, 43.142373090368686 ], [ 141.191978050886661, 43.142399771883852 ], [ 141.19203991977227, 43.14243206332317 ], [ 141.192102099697166, 43.142451979768872 ], [ 141.192183965556694, 43.142438671718203 ], [ 141.192229732558076, 43.142435576915872 ], [ 141.192284492205033, 43.142462458282367 ], [ 141.192334301716386, 43.142498082700719 ], [ 141.192398605841731, 43.142533911820195 ], [ 141.192469989113562, 43.142571494291126 ], [ 141.192522535676488, 43.142593079874253 ], [ 141.192543565678477, 43.142626681096296 ], [ 141.192548686763047, 43.142675114584897 ], [ 141.192560233468242, 43.14270166498212 ], [ 141.192598284613126, 43.142728389976867 ], [ 141.192660187945336, 43.142758852593772 ], [ 141.192736861013572, 43.142773627578784 ], [ 141.192765518136724, 43.142782683187015 ], [ 141.192815688767467, 43.142797212975033 ], [ 141.192856049001932, 43.142829305047265 ], [ 141.192884525497163, 43.142848909353233 ], [ 141.192930256951399, 43.142842298614561 ], [ 141.193036529452115, 43.142811633242275 ], [ 141.193101739920593, 43.14278930938459 ], [ 141.193147296889123, 43.142798591771346 ], [ 141.193187685130852, 43.142823581344111 ], [ 141.193213332965115, 43.142867772525904 ], [ 141.193301253512203, 43.142926678799519 ], [ 141.193336810717739, 43.142953379128159 ], [ 141.193401147409929, 43.142987380561316 ], [ 141.193448707158694, 43.143014263788587 ], [ 141.193488760018994, 43.143058588071874 ], [ 141.193488245255423, 43.143088474096928 ], [ 141.193504323521864, 43.14313089107123 ], [ 141.193532614988214, 43.143161040890199 ], [ 141.193582792439599, 43.143180845615362 ], [ 141.193649343988852, 43.143220213191334 ], [ 141.193695554898198, 43.143258405398278 ], [ 141.193740233301895, 43.143318668002131 ], [ 141.193772904679605, 43.143373544980484 ], [ 141.193795850519905, 43.143435294340598 ], [ 141.193816728196822, 43.143477756451567 ], [ 141.193856995386767, 43.143509775353422 ], [ 141.193914133910198, 43.143543710000387 ], [ 141.193951908138388, 43.143581049990765 ], [ 141.193977317687825, 43.143639307022397 ], [ 141.194019866096454, 43.143683725344538 ], [ 141.194113039917937, 43.143710960785171 ], [ 141.194182697068698, 43.14371511961857 ], [ 141.194269574006029, 43.143689550527348 ], [ 141.194358951079408, 43.143663932483122 ], [ 141.194418967633823, 43.143664486793234 ], [ 141.194507586359663, 43.143682955242859 ], [ 141.194676844519591, 43.143692395017716 ], [ 141.194813143420049, 43.143730647439483 ], [ 141.194865475258524, 43.143759262048931 ], [ 141.194934464282568, 43.143802096143148 ], [ 141.194981571054143, 43.143855349215663 ], [ 141.195055091093366, 43.143914047650526 ], [ 141.19509778821876, 43.143944400675508 ], [ 141.195159752282848, 43.143971347216748 ], [ 141.195243481153142, 43.143994976228264 ], [ 141.195405825849235, 43.144054566119408 ], [ 141.195517818409598, 43.144110105598251 ], [ 141.195586835326566, 43.144145905413595 ], [ 141.195624948889929, 43.144169184520948 ], [ 141.195748704583963, 43.144238896531078 ], [ 141.195882835382832, 43.144330787922065 ], [ 141.195960912865587, 43.144398321555784 ], [ 141.196027351626782, 43.144449991115287 ], [ 141.196090812150004, 43.144529767201149 ], [ 141.196121270802593, 43.144579279662146 ], [ 141.196158393159038, 43.14463799301901 ], [ 141.196198411144053, 43.144701376693227 ], [ 141.19625552102184, 43.144737137483411 ], [ 141.196300562245881, 43.144770959526042 ], [ 141.196380082790967, 43.144827112115742 ], [ 141.196427705785851, 43.144850407066954 ], [ 141.196497244502211, 43.144861597921761 ], [ 141.196586011864156, 43.144865930716925 ], [ 141.196624338377916, 43.144876834070296 ], [ 141.196669197459215, 43.144921271904316 ], [ 141.196891644329639, 43.145032962334611 ], [ 141.197212625235096, 43.1451900086034 ], [ 141.197475197033896, 43.145320071237798 ], [ 141.197715302926071, 43.145438252540892 ], [ 141.198002673164666, 43.145578457772729 ], [ 141.198209042850124, 43.145681417192399 ], [ 141.198448110576692, 43.145798814489204 ], [ 141.198596304667262, 43.145866494900133 ], [ 141.198820695416032, 43.145982913345499 ], [ 141.199027191825394, 43.14608425339204 ], [ 141.199168569423961, 43.146151802800425 ], [ 141.199737493542585, 43.146436302759213 ], [ 141.199892424639671, 43.146508967304747 ], [ 141.199968355536612, 43.146567685642829 ], [ 141.200051105826731, 43.146626395901563 ], [ 141.200104457221926, 43.146679984190612 ], [ 141.200234664039499, 43.146811215282916 ], [ 141.200344070106581, 43.146895137093374 ], [ 141.200424414460542, 43.146965428649928 ], [ 141.200522658266294, 43.147039260100748 ], [ 141.200616571933182, 43.147108060056141 ], [ 141.200712579711677, 43.147183558701308 ], [ 141.20083579566051, 43.147257549904204 ], [ 141.200921106284824, 43.147301443037122 ], [ 141.201132838756706, 43.147428499338133 ], [ 141.201253919149252, 43.147492623638279 ], [ 141.201334576223047, 43.147544703050869 ], [ 141.201421549098797, 43.147615125165835 ], [ 141.201535454625514, 43.147705626934631 ], [ 141.201642628278393, 43.147791144169325 ], [ 141.201752163574668, 43.147873376382634 ], [ 141.201896625573397, 43.147963312905226 ], [ 141.201959073524392, 43.148018602448417 ], [ 141.202030665332643, 43.148067293110302 ], [ 141.202072887308333, 43.148109102768053 ], [ 141.202155895301985, 43.148152973795149 ], [ 141.20228402269791, 43.148203869873484 ], [ 141.202299133443773, 43.148247119079926 ], [ 141.202479128657359, 43.148315017574276 ], [ 141.202695318178712, 43.148378322947387 ], [ 141.202738622535577, 43.148424292166695 ], [ 141.202855570760903, 43.148471778429183 ], [ 141.202904640615316, 43.148512033124241 ], [ 141.202949026248433, 43.148562091474389 ], [ 141.202968537115709, 43.14861199143219 ], [ 141.202985446737728, 43.14868507763935 ], [ 141.203027990607495, 43.148713668903753 ], [ 141.203349335966834, 43.148845870404358 ], [ 141.203836970848442, 43.149055831196328 ], [ 141.204552701097185, 43.149358171631086 ], [ 141.204838255726997, 43.14947182908648 ], [ 141.204907912442337, 43.149498979322857 ], [ 141.204970366979012, 43.149554196477339 ], [ 141.205021714767327, 43.149596157192761 ], [ 141.205034495097578, 43.149641003574978 ], [ 141.205043844984601, 43.149689966907232 ], [ 141.205077277671478, 43.149723398223166 ], [ 141.205233390171259, 43.149857391987361 ], [ 141.205508003086038, 43.150083681608749 ], [ 141.205643954429434, 43.150205887088937 ], [ 141.205714414407112, 43.150253721742764 ], [ 141.205761476255503, 43.150282351456653 ], [ 141.205894604740934, 43.150305088486768 ], [ 141.205948680990446, 43.150322178484913 ], [ 141.205986799733182, 43.150345733476172 ], [ 141.206027070071315, 43.150372616259041 ], [ 141.206060352285846, 43.150409349654559 ], [ 141.206098470359962, 43.150432905971527 ], [ 141.206126928315257, 43.150487879881432 ], [ 141.206190818153175, 43.150594518539307 ], [ 141.206241338656326, 43.150679514209109 ], [ 141.206265605264321, 43.150721158344616 ], [ 141.206325702454308, 43.150779656923959 ], [ 141.206384969988619, 43.150819158158335 ], [ 141.206597837367127, 43.150948746231379 ], [ 141.207037428377532, 43.15118968752882 ], [ 141.207331150881402, 43.151354823084539 ], [ 141.207843784253612, 43.151622169260769 ], [ 141.207953561509981, 43.151691103888915 ], [ 141.208002833964429, 43.151719683750599 ], [ 141.208018062104713, 43.15175632410066 ], [ 141.208003507858081, 43.151815829932524 ], [ 141.208002832535328, 43.151855627632301 ], [ 141.208011495797791, 43.151877228856165 ], [ 141.208029383653297, 43.151887307426328 ], [ 141.20808379972641, 43.151884495983417 ], [ 141.208138176519014, 43.151878382028137 ], [ 141.208181006952429, 43.151890375485671 ], [ 141.208257825268475, 43.151897686613296 ], [ 141.208342994504562, 43.151882708221159 ], [ 141.20846342967053, 43.151855672916234 ], [ 141.208533906792553, 43.151834722903978 ], [ 141.208588238855668, 43.151836905134665 ], [ 141.208651345854037, 43.151854006969991 ], [ 141.208886654095181, 43.151992091450438 ], [ 141.209104300397286, 43.152106735827608 ], [ 141.209189530344162, 43.152150622966118 ], [ 141.20930165987798, 43.152211280942481 ], [ 141.209395817406659, 43.152266851321698 ], [ 141.209469697426755, 43.152317245608188 ], [ 141.209543483023879, 43.152367638984494 ], [ 141.209609377714798, 43.152418733361436 ], [ 141.209669884420464, 43.152459090118491 ], [ 141.20973517429502, 43.152477896040324 ], [ 141.209891118763835, 43.152492607832336 ], [ 141.21004695374404, 43.15251385533707 ], [ 141.210204909119085, 43.152540186872763 ], [ 141.210277185928987, 43.152549141925462 ], [ 141.210315532555029, 43.152559405968688 ], [ 141.210416612559385, 43.15260343598451 ], [ 141.210527037882969, 43.152634257995359 ], [ 141.210614855552166, 43.15266156944768 ], [ 141.210751835355808, 43.152724139277858 ], [ 141.211002153608234, 43.15284983796262 ], [ 141.211082899605486, 43.152891993526453 ], [ 141.211161492972991, 43.152930822709045 ], [ 141.211179242147779, 43.152949269880203 ], [ 141.211205103991176, 43.153027358097944 ], [ 141.211233609494002, 43.153085635925443 ], [ 141.211253410964815, 43.153118941435721 ], [ 141.21127349202942, 43.153135720237557 ], [ 141.211307060060705, 43.153155928220052 ], [ 141.21137022578597, 43.153169723923227 ], [ 141.211492352666966, 43.153179128916967 ], [ 141.211580310760155, 43.153198142465087 ], [ 141.211656767356232, 43.153227037876604 ], [ 141.211721611537655, 43.153272353832357 ], [ 141.211806283880293, 43.153349358131521 ], [ 141.211890447164905, 43.153394006119392 ], [ 141.211962585374806, 43.153411256957888 ], [ 141.212084825290134, 43.153414053439775 ], [ 141.212174628157499, 43.153454605486196 ], [ 141.212282669484267, 43.15349039575851 ], [ 141.212417415752327, 43.153554560527901 ], [ 141.212486954243758, 43.15359499756201 ], [ 141.212551713966036, 43.153645305533288 ], [ 141.212613593865598, 43.153735323399673 ], [ 141.212689240325915, 43.153812243545779 ], [ 141.212756165378124, 43.153870872169762 ], [ 141.212846604097166, 43.153942159103728 ], [ 141.212967810735847, 43.15400620214254 ], [ 141.213057502321817, 43.154053430298319 ], [ 141.213160556383485, 43.154117308661007 ], [ 141.213243386345084, 43.154172772908886 ], [ 141.21338236886055, 43.154253573038346 ], [ 141.213501327349718, 43.154314288344025 ], [ 141.213564130813609, 43.154349669048337 ], [ 141.21366543938376, 43.154380405369473 ], [ 141.213771105285019, 43.154426091360527 ], [ 141.213906980952316, 43.154486185232152 ], [ 141.214003704015994, 43.154526864355503 ], [ 141.21403278605365, 43.154545343028602 ], [ 141.214105206212338, 43.154545998496658 ], [ 141.214173057446658, 43.154549919348661 ], [ 141.214245198865768, 43.154567099778923 ], [ 141.214346506991205, 43.154597904431824 ], [ 141.214483590404001, 43.154660401592722 ], [ 141.214620636392794, 43.154719660420774 ], [ 141.214766718968946, 43.154783995456221 ], [ 141.214862871725046, 43.154852801418052 ], [ 141.214945705398833, 43.154908196828487 ], [ 141.215010272989389, 43.154970106492179 ], [ 141.215036813292159, 43.155008462192157 ], [ 141.21511842254904, 43.155068063863631 ], [ 141.215179105747097, 43.15509843147759 ], [ 141.215296122469567, 43.155137608097043 ], [ 141.215426725718061, 43.155180211155489 ], [ 141.215593161588401, 43.15523973606544 ], [ 141.21576662663486, 43.155292643107387 ], [ 141.215842865267263, 43.1553347544357 ], [ 141.215986563294763, 43.155403989796042 ], [ 141.216107745880208, 43.155469785969835 ], [ 141.216328852517137, 43.155580297508557 ], [ 141.21649512349353, 43.155649736603088 ], [ 141.216672547116076, 43.155735871269094 ], [ 141.216865764319039, 43.155825455802074 ], [ 141.217049884172894, 43.155913269759232 ], [ 141.217146598064829, 43.155948953879012 ], [ 141.217260994109836, 43.156012928249012 ], [ 141.217396083617331, 43.156057260350941 ], [ 141.217586332229814, 43.156117840192778 ], [ 141.217640154638019, 43.156144837794514 ], [ 141.21767794685141, 43.156188219996473 ], [ 141.217711268117569, 43.156223332428084 ], [ 141.217762993717429, 43.156243701631915 ], [ 141.217859750543653, 43.156282692013946 ], [ 141.217976409688504, 43.156343381743213 ], [ 141.218088554238477, 43.15640409960271 ], [ 141.218189688453208, 43.156451357767594 ], [ 141.218274984754146, 43.156491932614827 ], [ 141.218432607255693, 43.156544691863573 ], [ 141.218639583605523, 43.156616181875293 ], [ 141.218790217486912, 43.15667886472135 ], [ 141.218883559144672, 43.156715361424105 ], [ 141.218962023206728, 43.156762414664414 ], [ 141.219103284810899, 43.156839921294974 ], [ 141.219213196543137, 43.156902236805919 ], [ 141.219343219504538, 43.156979643567908 ], [ 141.219471160172276, 43.157043809012713 ], [ 141.219525165573515, 43.157065815176232 ], [ 141.219574447989032, 43.157094461019334 ], [ 141.219627744681731, 43.157152890728405 ], [ 141.219706681687086, 43.157240595945737 ], [ 141.219762422688291, 43.157290819805894 ], [ 141.219852111894056, 43.157344652904442 ], [ 141.220148750270482, 43.157471661273448 ], [ 141.220485577031042, 43.157637077795322 ], [ 141.220651761177152, 43.157718112512882 ], [ 141.220811319651943, 43.157787484732772 ], [ 141.220901275092388, 43.157819800227074 ], [ 141.221239382268578, 43.157977771504648 ], [ 141.221385386263364, 43.15804209702528 ], [ 141.221529069778825, 43.158112941384012 ], [ 141.221609675615042, 43.15817006711675 ], [ 141.221687659628969, 43.158240321858294 ], [ 141.221747958755572, 43.158293889898538 ], [ 141.221980683674218, 43.158451756846283 ], [ 141.222306631522457, 43.158659405907812 ], [ 141.222332759539114, 43.158722582469444 ], [ 141.222374061089482, 43.158820709534218 ], [ 141.222402441046228, 43.158887284478553 ], [ 141.222419971502376, 43.158918948547282 ], [ 141.222455546635587, 43.158957383433751 ], [ 141.222500718937511, 43.158967704491879 ], [ 141.2225603367838, 43.158918520485713 ], [ 141.22264291420845, 43.158857935982361 ], [ 141.222706519043669, 43.158840291377295 ], [ 141.222756316493275, 43.158844042781396 ], [ 141.222805380668092, 43.158885905901208 ], [ 141.222875069836618, 43.158918037867693 ], [ 141.222924218796578, 43.158954908165697 ], [ 141.222962447431712, 43.15903563514231 ], [ 141.222978047631386, 43.15905068533673 ], [ 141.22293269948733, 43.159194449554754 ], [ 141.222906241683262, 43.159288660887434 ], [ 141.222859184578169, 43.159390989621677 ], [ 141.222830696536931, 43.159468655497719 ], [ 141.222859354932893, 43.159518633855953 ], [ 141.222887974469444, 43.159634088099288 ], [ 141.222915011350409, 43.159775197104992 ], [ 141.222928642746552, 43.159907886101934 ], [ 141.222949458005417, 43.160019048455212 ], [ 141.222979408721898, 43.160123753665601 ], [ 141.222982620159911, 43.160201706664459 ], [ 141.223043909248872, 43.160259432076124 ], [ 141.223077236628285, 43.160294470833598 ], [ 141.223120297500373, 43.16029324060915 ], [ 141.22313942301966, 43.160235390897583 ], [ 141.223156186686566, 43.160180827589294 ], [ 141.223171061220484, 43.160101420100396 ], [ 141.22317158688071, 43.160069988721276 ], [ 141.223063971614721, 43.160007697996562 ], [ 141.223008336028471, 43.159950866400337 ], [ 141.222991124149331, 43.159894309939794 ], [ 141.223005900812183, 43.15982650561493 ], [ 141.223068073846861, 43.159762432635567 ], [ 141.223201517429999, 43.159636055764381 ], [ 141.223276870764579, 43.159524840848071 ], [ 141.223309482621431, 43.1594704886014 ], [ 141.223379667884018, 43.159335175024374 ], [ 141.223416934389178, 43.159272566952446 ], [ 141.223453617461303, 43.159244693747745 ], [ 141.223489747132646, 43.159250009847796 ], [ 141.223557355032, 43.159268831367392 ], [ 141.223662898131522, 43.159322806378817 ], [ 141.223669240914148, 43.15948362982099 ], [ 141.223663647186868, 43.159548211956938 ], [ 141.223728088004179, 43.159618411842828 ], [ 141.223794616324852, 43.159701855797287 ], [ 141.223827597141195, 43.159763476915018 ], [ 141.223847461041686, 43.159793473775601 ], [ 141.223874078251271, 43.159821912253832 ], [ 141.223914708947802, 43.15983387986978 ], [ 141.224011709579059, 43.159852964502008 ], [ 141.224095028348188, 43.159880224813541 ], [ 141.224162637147316, 43.15989904594494 ], [ 141.224224204331307, 43.159940175095414 ], [ 141.224229913728237, 43.159949159108756 ], [ 141.22425509855222, 43.159988556369022 ], [ 141.224290150365164, 43.160058424733052 ], [ 141.224323366744585, 43.160100145134344 ], [ 141.224439638735817, 43.160190713435114 ], [ 141.224486268225405, 43.160378412910752 ], [ 141.224550055094227, 43.160355775628304 ], [ 141.224701167577962, 43.16025269331859 ], [ 141.224844726564356, 43.16019933442179 ], [ 141.225019971213442, 43.160141196543897 ], [ 141.225166677226213, 43.160031531580842 ], [ 141.22524073687876, 43.159934369121217 ], [ 141.225291526265465, 43.159809711893587 ], [ 141.225335625453425, 43.159740481951886 ], [ 141.225407446553504, 43.159645059202639 ], [ 141.225491955411684, 43.159601014738158 ], [ 141.22567897268749, 43.159516538210269 ], [ 141.225897606734662, 43.159437265476932 ], [ 141.226105055930077, 43.15935465781309 ] ] ] ] } },
{ "type": "Feature", "properties": { "KEY_CODE": "011092500", "S_NAME": "手稲前田", "n_candidates": 327, "n_panel": 10, "detached_households": 54.0, "rate": 0.18518518518518517, "fill": "#2c7fb8", "fill-opacity": 0.7, "stroke": "#555555" }, "geometry": { "type": "MultiPolygon", "coordinates": [ [ [ [ 141.271580226598331, 43.141901312774294 ], [ 141.273191194235409, 43.140771413432567 ], [ 141.274552193425507, 43.139842466434196 ], [ 141.275084565950834, 43.139403871425763 ], [ 141.275097103442079, 43.139394483513939 ], [ 141.275430059254603, 43.13914611081821 ], [ 141.275808141062072, 43.138867951073046 ], [ 141.275831946447255, 43.138850431832701 ], [ 141.276176890531474, 43.138596602801123 ], [ 141.276562445984098, 43.138312948478138 ], [ 141.276947803385951, 43.138029432458453 ], [ 141.27704914673123, 43.13795483317152 ], [ 141.277333876884228, 43.137749014647184 ], [ 141.277711667432555, 43.137475910146094 ], [ 141.278148808179679, 43.137159846428943 ], [ 141.278605663272657, 43.136829601789636 ], [ 141.279010156216884, 43.136537169029246 ], [ 141.279416489747859, 43.136243414327986 ], [ 141.279822818400476, 43.135949658782636 ], [ 141.280236626796352, 43.135650476111188 ], [ 141.280659956549044, 43.135344404588011 ], [ 141.282268723818618, 43.134181277509086 ], [ 141.283044095413686, 43.133641656178249 ], [ 141.282795115244994, 43.133488903003432 ], [ 141.282336859117464, 43.133217209044624 ], [ 141.281374679445918, 43.132993922458432 ], [ 141.280988580042902, 43.132908224833947 ], [ 141.280680154585212, 43.132744273933795 ], [ 141.280224465113662, 43.132511487016558 ], [ 141.279703398160024, 43.132259856888169 ], [ 141.279514958727418, 43.132123224628721 ], [ 141.279472339059907, 43.132049578787587 ], [ 141.279051413997422, 43.131592801427779 ], [ 141.278675823848715, 43.131232547476998 ], [ 141.278495963828732, 43.131148593836514 ], [ 141.278196086020614, 43.131136902494951 ], [ 141.277860431174958, 43.131413258748225 ], [ 141.277704511722789, 43.131787353091177 ], [ 141.277270859920577, 43.131740200791874 ], [ 141.276870235818024, 43.131777934942008 ], [ 141.276279500371999, 43.131585266555902 ], [ 141.276085465439877, 43.13160190038824 ], [ 141.275983919932571, 43.131701747318196 ], [ 141.2760667283045, 43.131995445255868 ], [ 141.275893236086745, 43.132097000108978 ], [ 141.275693176160502, 43.132099867053292 ], [ 141.275367188447717, 43.132081335160997 ], [ 141.275124953629046, 43.132067525751921 ], [ 141.27442713852426, 43.131924220518187 ], [ 141.274227516472195, 43.131899659664462 ], [ 141.274114484673646, 43.131930765259909 ], [ 141.273909519427434, 43.132163353735763 ], [ 141.273604886673382, 43.132516126350076 ], [ 141.273334594783705, 43.132756453972902 ], [ 141.27301111935293, 43.133044009624392 ], [ 141.272930888986338, 43.133101416543219 ], [ 141.272854086915231, 43.133142535211178 ], [ 141.272777453619568, 43.133179084412333 ], [ 141.272622865652892, 43.133220663850743 ], [ 141.272521232661319, 43.133229148776586 ], [ 141.272416655220525, 43.133223613468843 ], [ 141.272328254538849, 43.13319725719245 ], [ 141.272235366723805, 43.133151171398922 ], [ 141.27205924207982, 43.133068012866893 ], [ 141.271594249451823, 43.132848404901331 ], [ 141.271222336354697, 43.133354335738979 ], [ 141.272047922079736, 43.133608957987022 ], [ 141.271734040987667, 43.133998709937295 ], [ 141.271795950167274, 43.134018439545315 ], [ 141.272353383694281, 43.134198397401121 ], [ 141.271434156320652, 43.134858730314818 ], [ 141.270419860675503, 43.135582533772421 ], [ 141.269448744567114, 43.136277294040497 ], [ 141.269067991324931, 43.136559072589513 ], [ 141.268319836001922, 43.137103681201836 ], [ 141.267076043924021, 43.136185639250854 ], [ 141.266725757540996, 43.135925933546716 ], [ 141.266379739011285, 43.135651775305739 ], [ 141.265942688, 43.135341807949018 ], [ 141.265602178465798, 43.135077960842032 ], [ 141.26519474926306, 43.134777670101165 ], [ 141.264885991370789, 43.134558049470705 ], [ 141.264433865621641, 43.134219042437962 ], [ 141.263986118303819, 43.133846804966588 ], [ 141.263385832505094, 43.133292858078839 ], [ 141.262018950464324, 43.134291137091083 ], [ 141.261480618428152, 43.134660570542884 ], [ 141.260952516711512, 43.13503831679143 ], [ 141.26039488677867, 43.135442531034514 ], [ 141.259808274463779, 43.135857040486272 ], [ 141.259250054247786, 43.136261378885408 ], [ 141.258670936800598, 43.136644859977125 ], [ 141.258187638340331, 43.13701102587202 ], [ 141.257551020818283, 43.137450974057892 ], [ 141.257122015449085, 43.137754873318265 ], [ 141.257079146570419, 43.137786853502696 ], [ 141.255784421442598, 43.138751857152364 ], [ 141.255693331233942, 43.138819989456969 ], [ 141.254719626911964, 43.139547598035293 ], [ 141.254610168816697, 43.139623023954272 ], [ 141.253364537876081, 43.140481605369047 ], [ 141.253274758910663, 43.140545597640738 ], [ 141.252748223241184, 43.140920794257624 ], [ 141.250921896252407, 43.139583638398676 ], [ 141.250885452453787, 43.139556949336061 ], [ 141.249640820982989, 43.138654331258287 ], [ 141.249828583156329, 43.138529868172292 ], [ 141.249800675287077, 43.138509862372544 ], [ 141.249736593915998, 43.138464223773312 ], [ 141.249644650011362, 43.138395763965924 ], [ 141.249584683695986, 43.138351074703671 ], [ 141.249208750852034, 43.138071331686533 ], [ 141.248831288463549, 43.137785525315962 ], [ 141.247465943100536, 43.136816348256367 ], [ 141.244535885936187, 43.13473318068759 ], [ 141.244222757573169, 43.134954143850678 ], [ 141.243084279425574, 43.135757553468004 ], [ 141.245198645745347, 43.137246651252262 ], [ 141.245807033209985, 43.137662925892066 ], [ 141.248480767521556, 43.139532878176681 ], [ 141.249823154885604, 43.14045985149162 ], [ 141.249847656972975, 43.140476804472307 ], [ 141.251616323432273, 43.141721906447515 ], [ 141.251324121225309, 43.14193709984476 ], [ 141.250851535352439, 43.142288917673156 ], [ 141.249796550871082, 43.143046658568636 ], [ 141.249505161811811, 43.143258340089659 ], [ 141.249171442218341, 43.143503689470073 ], [ 141.248988219485057, 43.143631356236689 ], [ 141.247928734498828, 43.144403449067518 ], [ 141.247719133134296, 43.144546630808541 ], [ 141.247192392258995, 43.144936556553795 ], [ 141.24672657416707, 43.145259640157491 ], [ 141.24644101184586, 43.145484014440854 ], [ 141.245957678362316, 43.145832247457832 ], [ 141.245458013815238, 43.146180260411526 ], [ 141.244896974442781, 43.146604177090794 ], [ 141.24461496094699, 43.146810355949427 ], [ 141.244377606131536, 43.146987458821982 ], [ 141.242648780394404, 43.148277636076244 ], [ 141.240987955625712, 43.14951691723455 ], [ 141.24095086122955, 43.149547181505469 ], [ 141.240511436287704, 43.149849857504904 ], [ 141.237894279702715, 43.15177717981291 ], [ 141.237871138248295, 43.151794204688585 ], [ 141.240224386051153, 43.153567949726721 ], [ 141.242316735173631, 43.15513265551278 ], [ 141.247513494180339, 43.15906891920794 ], [ 141.250628403375401, 43.156849804189164 ], [ 141.25087779420781, 43.156672223106689 ], [ 141.253593235709587, 43.154730934052459 ], [ 141.256288445147987, 43.15279433510738 ], [ 141.258600031176258, 43.151131928488851 ], [ 141.261254473308611, 43.149229004610078 ], [ 141.263040096152196, 43.147995349943038 ], [ 141.263238706848824, 43.147852963264612 ], [ 141.266158501302925, 43.145760276323493 ], [ 141.26824047291575, 43.144271112488525 ], [ 141.269323738754565, 43.143496313383615 ], [ 141.271580226598331, 43.141901312774294 ] ] ] ] } },
{ "type": "Feature", "properties": { "KEY_CODE": "01109270101", "S_NAME": "手稲本町一条一丁目", "n_candidates": 56, "n_panel": 3, "detached_households": 21.0, "rate": 0.14285714285714285, "fill": "#2c7fb8", "fill-opacity": 0.7, "stroke": "#555555" }, "geometry": { "type": "MultiPolygon", "coordinates": [ [ [ [ 141.24662481752182, 43.116234839664415 ], [ 141.245844098001186, 43.115702570467342 ], [ 141.245542173560295, 43.115949309052041 ], [ 141.245256776821236, 43.116194853986855 ], [ 141.244760522974872, 43.116595098594125 ], [ 141.24549040844127, 43.117042324722604 ], [ 141.245904761921167, 43.117268064159383 ], [ 141.245960382014545, 43.117298364183576 ], [ 141.246115217918771, 43.117387492195029 ], [ 141.246677197230895, 43.117693285973104 ], [ 141.247504532108877, 43.118143451869109 ], [ 141.248004189952837, 43.117846252365545 ], [ 141.248014660912816, 43.117840015436101 ], [ 141.248449269055897, 43.117581066639225 ], [ 141.247423528879466, 43.116806779245998 ], [ 141.247030168324216, 43.116526877384075 ], [ 141.246996200196065, 43.116502387022706 ], [ 141.246639903884812, 43.116245730943298 ], [ 141.24662481752182, 43.116234839664415 ] ] ] ] } },
{ "type": "Feature", "properties": { "KEY_CODE": "01109270102", "S_NAME": "手稲本町一条二丁目", "n_candidates": 64, "n_panel": 1, "detached_households": 31.0, "rate": 0.032258064516129031, "fill": "#c7e9b4", "fill-opacity": 0.7, "stroke": "#555555" }, "geometry": { "type": "MultiPolygon", "coordinates": [ [ [ [ 141.24549040844127, 43.117042324722604 ], [ 141.244760522974872, 43.116595098594125 ], [ 141.244417456271719, 43.116877908656456 ], [ 141.244277252297536, 43.116993485319838 ], [ 141.244206023719101, 43.117063469010731 ], [ 141.244163796298011, 43.117109515492835 ], [ 141.243985319637602, 43.117326810129782 ], [ 141.243937130369744, 43.117402692724212 ], [ 141.243536132603907, 43.118028961918391 ], [ 141.243907560241837, 43.118211423541148 ], [ 141.244293227481137, 43.1184039259361 ], [ 141.244980472623865, 43.118595066149979 ], [ 141.245071321569696, 43.118616822139053 ], [ 141.245788081180166, 43.118752937693493 ], [ 141.246339302538132, 43.118837945409318 ], [ 141.247248882075581, 43.118295728384673 ], [ 141.247297354560118, 43.118266895785659 ], [ 141.247489990706868, 43.118152116845025 ], [ 141.247504532108877, 43.118143451869109 ], [ 141.246677197230895, 43.117693285973104 ], [ 141.246115217918771, 43.117387492195029 ], [ 141.245960382014459, 43.117298364183583 ], [ 141.245904761921139, 43.117268064159383 ], [ 141.24549040844127, 43.117042324722604 ] ] ] ] } },
{ "type": "Feature", "properties": { "KEY_CODE": "01109270103", "S_NAME": "手稲本町一条三丁目", "n_candidates": 42, "n_panel": 2, "detached_households": 6.0, "rate": 0.33333333333333331, "fill": "#253494", "fill-opacity": 0.7, "stroke": "#555555" }, "geometry": { "type": "MultiPolygon", "coordinates": [ [ [ [ 141.243907560241837, 43.118211423541148 ], [ 141.243536132603907, 43.118028961918391 ], [ 141.243231975415426, 43.118469006506373 ], [ 141.24305599706301, 43.11876178425711 ], [ 141.24303390676846, 43.118797458673043 ], [ 141.242990931727178, 43.118871487287869 ], [ 141.24284536728544, 43.119223819069695 ], [ 141.242788149122987, 43.11935827675628 ], [ 141.242635391751151, 43.119704216563107 ], [ 141.243556289233879, 43.119915285627279 ], [ 141.243678608070894, 43.119950118764564 ], [ 141.244221663823453, 43.120076840626005 ], [ 141.245281954934626, 43.119467891185771 ], [ 141.245316265175262, 43.119448147459622 ], [ 141.246339302538132, 43.118837945409318 ], [ 141.245788081180166, 43.118752937693493 ], [ 141.245071321569696, 43.118616822139053 ], [ 141.244980472623865, 43.118595066149979 ], [ 141.244293227481137, 43.1184039259361 ], [ 141.243907560241837, 43.118211423541148 ] ] ] ] } },
{ "type": "Feature", "properties": { "KEY_CODE": "01109270104", "S_NAME": "手稲本町一条四丁目", "n_candidates": 4, "n_panel": 1, "detached_households": 1.0, "rate": 1.0, "fill": "#253494", "fill-opacity": 0.7, "stroke": "#555555" }, "geometry": { "type": "MultiPolygon", "coordinates": [ [ [ [ 141.243556289233879, 43.119915285627279 ], [ 141.242635391751151, 43.119704216563107 ], [ 141.242443221081999, 43.120164163940515 ], [ 141.242275058181576, 43.120582687586719 ], [ 141.242117133090943, 43.120862893932795 ], [ 141.241655087212109, 43.12121082171614 ], [ 141.242018226972647, 43.121349260764987 ], [ 141.242841760769949, 43.120924408814979 ], [ 141.242904408290315, 43.120892118407838 ], [ 141.244221663823453, 43.120076840626005 ], [ 141.243678608070894, 43.119950118764564 ], [ 141.243556289233879, 43.119915285627279 ] ] ] ] } },
{ "type": "Feature", "properties": { "KEY_CODE": "01109270201", "S_NAME": "手稲本町二条一丁目", "n_candidates": 56, "n_panel": 3, "detached_households": 23.0, "rate": 0.13043478260869565, "fill": "#2c7fb8", "fill-opacity": 0.7, "stroke": "#555555" }, "geometry": { "type": "MultiPolygon", "coordinates": [ [ [ [ 141.245844098001186, 43.115702570467342 ], [ 141.245787797386583, 43.115664171665216 ], [ 141.245779420287988, 43.115671621156991 ], [ 141.245094255578721, 43.115179288310379 ], [ 141.24507280566857, 43.115164188695289 ], [ 141.244616585554269, 43.114843422676287 ], [ 141.244258907768085, 43.115094518944758 ], [ 141.244027132309725, 43.115248965394244 ], [ 141.243809008429253, 43.115407819388338 ], [ 141.243338944883163, 43.11575624427882 ], [ 141.243729365783537, 43.115987278733016 ], [ 141.244069058517312, 43.116188290534851 ], [ 141.244760522974872, 43.116595098594175 ], [ 141.245256776821179, 43.116194853986862 ], [ 141.245542173560239, 43.115949309052084 ], [ 141.245844098001186, 43.115702570467342 ] ] ] ] } },
{ "type": "Feature", "properties": { "KEY_CODE": "01109270202", "S_NAME": "手稲本町二条二丁目", "n_candidates": 30, "n_panel": 0, "detached_households": 11.0, "rate": 0.0, "fill": "#ffffcc", "fill-opacity": 0.7, "stroke": "#555555" }, "geometry": { "type": "MultiPolygon", "coordinates": [ [ [ [ 141.243729365783537, 43.115987278733016 ], [ 141.243338944883163, 43.11575624427882 ], [ 141.242990864215329, 43.116012766819154 ], [ 141.24222892708795, 43.116555258210951 ], [ 141.242058266853405, 43.11669371061695 ], [ 141.241814024395211, 43.116881587534039 ], [ 141.241735672575544, 43.116940887875238 ], [ 141.242400243848266, 43.117400640669906 ], [ 141.242786422586164, 43.117614039731848 ], [ 141.243376681915635, 43.11794028215148 ], [ 141.243536132603907, 43.118028961918391 ], [ 141.243937130369744, 43.117402692724212 ], [ 141.243985319637602, 43.117326810129782 ], [ 141.244163796298011, 43.117109515492835 ], [ 141.244206023719101, 43.117063469010731 ], [ 141.244277252297536, 43.116993485319838 ], [ 141.244417456271719, 43.116877908656456 ], [ 141.244760522974872, 43.116595098594125 ], [ 141.244069058517312, 43.116188290534851 ], [ 141.243729365783537, 43.115987278733016 ] ] ] ] } },
{ "type": "Feature", "properties": { "KEY_CODE": "01109270203", "S_NAME": "手稲本町二条三丁目", "n_candidates": 82, "n_panel": 2, "detached_households": 39.0, "rate": 0.05128205128205128, "fill": "#7fcdbb", "fill-opacity": 0.7, "stroke": "#555555" }, "geometry": { "type": "MultiPolygon", "coordinates": [ [ [ [ 141.242400243848266, 43.117400640669906 ], [ 141.241735672575544, 43.116940887875238 ], [ 141.241212993675816, 43.117328998745357 ], [ 141.241012766149026, 43.117461210727392 ], [ 141.24066483185905, 43.117719273706456 ], [ 141.240445279315168, 43.117882188223462 ], [ 141.240146809710922, 43.118103552623225 ], [ 141.240082303845497, 43.118149681833899 ], [ 141.23945722333886, 43.118615930063683 ], [ 141.239197594503281, 43.118821882824186 ], [ 141.239453371769514, 43.118902416649505 ], [ 141.239715936286871, 43.118984766915453 ], [ 141.240116971695841, 43.119112083684129 ], [ 141.240178860169124, 43.119131759037955 ], [ 141.241203318425931, 43.119372875481247 ], [ 141.241322899250292, 43.119393058766263 ], [ 141.241680730630577, 43.119491577240716 ], [ 141.242635391751151, 43.119704216563107 ], [ 141.242788149122987, 43.11935827675628 ], [ 141.24284536728544, 43.119223819069695 ], [ 141.242990931727178, 43.118871487287883 ], [ 141.24303390676846, 43.118797458673065 ], [ 141.24305599706301, 43.11876178425711 ], [ 141.243231975415426, 43.118469006506373 ], [ 141.243536132603907, 43.118028961918391 ], [ 141.243376681915635, 43.11794028215148 ], [ 141.242786422586164, 43.117614039731848 ], [ 141.242400243848266, 43.117400640669906 ] ] ] ] } },
{ "type": "Feature", "properties": { "KEY_CODE": "01109270204", "S_NAME": "手稲本町二条四丁目", "n_candidates": 50, "n_panel": 3, "detached_households": 20.0, "rate": 0.15, "fill": "#2c7fb8", "fill-opacity": 0.7, "stroke": "#555555" }, "geometry": { "type": "MultiPolygon", "coordinates": [ [ [ [ 141.239453371769514, 43.118902416649505 ], [ 141.239197594503281, 43.118821882824186 ], [ 141.238361917995633, 43.119412786694731 ], [ 141.238943000781518, 43.119771251879257 ], [ 141.23904098803439, 43.119843431716518 ], [ 141.239070323377206, 43.119851779127664 ], [ 141.23938599214506, 43.120044523740624 ], [ 141.239692862780686, 43.120229454241375 ], [ 141.23969942200921, 43.120233378563015 ], [ 141.239793627005866, 43.120284565863521 ], [ 141.239819065640575, 43.120308210927263 ], [ 141.239828579855413, 43.120313428883428 ], [ 141.24023614465176, 43.120534692159367 ], [ 141.240470995165566, 43.120662230004861 ], [ 141.240735662905934, 43.12078665447558 ], [ 141.240808062517175, 43.120820704969262 ], [ 141.241152767567826, 43.120982820950481 ], [ 141.241174108531652, 43.120992854501864 ], [ 141.241655087212109, 43.12121082171614 ], [ 141.242117133090943, 43.120862893932795 ], [ 141.242275058181548, 43.120582687586726 ], [ 141.242443221081942, 43.120164163940515 ], [ 141.242635391751151, 43.119704216563107 ], [ 141.241680730630577, 43.119491577240716 ], [ 141.241322899250292, 43.119393058766263 ], [ 141.241203318425931, 43.119372875481247 ], [ 141.240178860169124, 43.119131759037955 ], [ 141.240116971695841, 43.119112083684129 ], [ 141.239715936286899, 43.118984766915439 ], [ 141.239453371769514, 43.118902416649505 ] ] ] ] } },
{ "type": "Feature", "properties": { "KEY_CODE": "01109270205", "S_NAME": "手稲本町二条五丁目", "n_candidates": 136, "n_panel": 2, "detached_households": 78.0, "rate": 0.02564102564102564, "fill": "#c7e9b4", "fill-opacity": 0.7, "stroke": "#555555" }, "geometry": { "type": "MultiPolygon", "coordinates": [ [ [ [ 141.238122539705472, 43.123136758966901 ], [ 141.238128009839102, 43.12304945958175 ], [ 141.238902961118271, 43.123193166346333 ], [ 141.238967858045982, 43.123152878546129 ], [ 141.239204059996808, 43.123006430161709 ], [ 141.239511200645524, 43.122790841365543 ], [ 141.239866355254946, 43.122609714159751 ], [ 141.240265271251587, 43.122406257466913 ], [ 141.240654952103284, 43.122215305847462 ], [ 141.240657960747626, 43.122213432948726 ], [ 141.240997061447842, 43.121997979492697 ], [ 141.242018226972647, 43.121349260764987 ], [ 141.241655087212109, 43.12121082171614 ], [ 141.241174108531652, 43.120992854501864 ], [ 141.241152767567826, 43.120982820950481 ], [ 141.240808062517175, 43.120820704969262 ], [ 141.240735662905934, 43.12078665447558 ], [ 141.240470995165538, 43.120662230004889 ], [ 141.24023614465176, 43.120534692159367 ], [ 141.239828579855413, 43.120313428883428 ], [ 141.239819065640575, 43.120308210927263 ], [ 141.239793627005866, 43.120284565863521 ], [ 141.23969942200921, 43.120233378563015 ], [ 141.239692862780657, 43.12022945424139 ], [ 141.239385992145003, 43.120044523740624 ], [ 141.239070323377206, 43.119851779127664 ], [ 141.23904098803439, 43.119843431716518 ], [ 141.238943000781518, 43.119771251879257 ], [ 141.238361917995633, 43.119412786694731 ], [ 141.23818430743114, 43.119552437262463 ], [ 141.237791674682569, 43.119841394533246 ], [ 141.2373701381172, 43.120171235949698 ], [ 141.237284633450855, 43.120244605545928 ], [ 141.23691465727515, 43.120521382216054 ], [ 141.236471259326635, 43.120813963439531 ], [ 141.236059481608009, 43.121051964885922 ], [ 141.236071992698555, 43.122015017444902 ], [ 141.23604238004026, 43.122761505021515 ], [ 141.236034107742654, 43.123145988542326 ], [ 141.236000993296614, 43.12391839713451 ], [ 141.236737565242976, 43.123665335751113 ], [ 141.23723654659571, 43.123496673136621 ], [ 141.237759616211207, 43.123293620128628 ], [ 141.238122539705472, 43.123136758966901 ] ] ] ] } },
{ "type": "Feature", "properties": { "KEY_CODE": "01109270301", "S_NAME": "手稲本町三条一丁目", "n_candidates": 53, "n_panel": 0, "detached_households": 30.0, "rate": 0.0, "fill": "#ffffcc", "fill-opacity": 0.7, "stroke": "#555555" }, "geometry": { "type": "MultiPolygon", "coordinates": [ [ [ [ 141.243429943087733, 43.1140172529309 ], [ 141.24266334327973, 43.113482200947722 ], [ 141.241700918189252, 43.113906531539662 ], [ 141.241534887627893, 43.113979758229085 ], [ 141.240990885653986, 43.114229906525267 ], [ 141.241537005796005, 43.114604928779308 ], [ 141.242214470223075, 43.115067046356714 ], [ 141.243338944883163, 43.11575624427882 ], [ 141.243809008429253, 43.115407819388338 ], [ 141.244027132309725, 43.115248965394244 ], [ 141.244258907768085, 43.115094518944758 ], [ 141.244616585554269, 43.114843422676287 ], [ 141.244131476008164, 43.114499122749763 ], [ 141.244113984089353, 43.114488630193591 ], [ 141.243817333422101, 43.11428439095927 ], [ 141.243429943087733, 43.1140172529309 ] ] ] ] } },
{ "type": "Feature", "properties": { "KEY_CODE": "01109270302", "S_NAME": "手稲本町三条二丁目", "n_candidates": 60, "n_panel": 6, "detached_households": 42.0, "rate": 0.14285714285714285, "fill": "#2c7fb8", "fill-opacity": 0.7, "stroke": "#555555" }, "geometry": { "type": "MultiPolygon", "coordinates": [ [ [ [ 141.241537005796005, 43.114604928779308 ], [ 141.240990885653986, 43.114229906525246 ], [ 141.240481409755859, 43.114639510534595 ], [ 141.240157276950612, 43.114881255103718 ], [ 141.239918034062299, 43.115313917094618 ], [ 141.239704471568729, 43.115702497553606 ], [ 141.239447259852483, 43.116229028824087 ], [ 141.239575038914154, 43.116240635087962 ], [ 141.239726486555099, 43.116243238118564 ], [ 141.239838834461779, 43.116247534387234 ], [ 141.240092366690419, 43.116294711206379 ], [ 141.240292344354543, 43.1163585055628 ], [ 141.24045379014558, 43.116447909977182 ], [ 141.240543595969257, 43.116509465852552 ], [ 141.240642080353211, 43.116586219388367 ], [ 141.240703564148873, 43.116636202512055 ], [ 141.240765684022819, 43.116676696837942 ], [ 141.240838915464053, 43.116712858370754 ], [ 141.240923013748898, 43.116747849722735 ], [ 141.241038312058578, 43.116771300768988 ], [ 141.241139304170616, 43.116783091177396 ], [ 141.241291862679702, 43.1167999786473 ], [ 141.241422197979773, 43.116825600777617 ], [ 141.241582677426777, 43.116839532958501 ], [ 141.241814024395211, 43.116881587534039 ], [ 141.242058266853405, 43.11669371061695 ], [ 141.24222892708795, 43.116555258210951 ], [ 141.242990864215329, 43.116012766819154 ], [ 141.243338944883163, 43.11575624427882 ], [ 141.242214470223104, 43.115067046356714 ], [ 141.241537005796005, 43.114604928779308 ] ] ] ] } },
{ "type": "Feature", "properties": { "KEY_CODE": "01109270303", "S_NAME": "手稲本町三条三丁目", "n_candidates": 66, "n_panel": 2, "detached_households": 53.0, "rate": 0.037735849056603772, "fill": "#c7e9b4", "fill-opacity": 0.7, "stroke": "#555555" }, "geometry": { "type": "MultiPolygon", "coordinates": [ [ [ [ 141.239575038914154, 43.116240635087962 ], [ 141.239447259852483, 43.116229028824087 ], [ 141.239120982053009, 43.116699459764369 ], [ 141.238785783299562, 43.117163200590134 ], [ 141.238429353647973, 43.117668386821165 ], [ 141.238229219990359, 43.117939986890811 ], [ 141.238145088983686, 43.118075891924342 ], [ 141.238716324366067, 43.118477592964481 ], [ 141.239197594503281, 43.118821882824186 ], [ 141.23945722333886, 43.118615930063683 ], [ 141.240082303845497, 43.118149681833899 ], [ 141.240146809710922, 43.118103552623225 ], [ 141.240445279315168, 43.117882188223462 ], [ 141.240664831859021, 43.117719273706463 ], [ 141.241012766149026, 43.117461210727392 ], [ 141.241212993675816, 43.117328998745357 ], [ 141.241735672575544, 43.116940887875238 ], [ 141.241814024395211, 43.116881587534039 ], [ 141.241582677426777, 43.116839532958501 ], [ 141.241422197979773, 43.116825600777617 ], [ 141.241291862679702, 43.1167999786473 ], [ 141.241139304170616, 43.116783091177396 ], [ 141.241038312058578, 43.116771300768988 ], [ 141.240923013748898, 43.116747849722735 ], [ 141.240838915464053, 43.116712858370754 ], [ 141.240765684022819, 43.116676696837942 ], [ 141.240703564148873, 43.116636202512055 ], [ 141.240642080353211, 43.116586219388367 ], [ 141.240543595969257, 43.116509465852552 ], [ 141.24045379014558, 43.116447909977182 ], [ 141.240292344354543, 43.1163585055628 ], [ 141.240092366690419, 43.116294711206379 ], [ 141.239838834461779, 43.116247534387234 ], [ 141.239726486555099, 43.116243238118564 ], [ 141.239575038914154, 43.116240635087962 ] ] ] ] } },
{ "type": "Feature", "properties": { "KEY_CODE": "01109270304", "S_NAME": "手稲本町三条四丁目", "n_candidates": 59, "n_panel": 4, "detached_households": 38.0, "rate": 0.10526315789473684, "fill": "#41b6c4", "fill-opacity": 0.7, "stroke": "#555555" }, "geometry": { "type": "MultiPolygon", "coordinates": [ [ [ [ 141.238716324366067, 43.118477592964481 ], [ 141.238145088983686, 43.118075891924342 ], [ 141.238029178220756, 43.118228920675953 ], [ 141.23796839991806, 43.118309160821703 ], [ 141.237870981780787, 43.118437771915325 ], [ 141.237797307688595, 43.118511409039279 ], [ 141.237726953018381, 43.118581730458907 ], [ 141.237699474602096, 43.118609194231141 ], [ 141.237437707631472, 43.118804570943233 ], [ 141.237227654987635, 43.118926282548664 ], [ 141.237057735803887, 43.119007131887884 ], [ 141.236927414710692, 43.119067728390313 ], [ 141.236706338267652, 43.11915340087517 ], [ 141.236401444739926, 43.119256687819529 ], [ 141.236011363562483, 43.119384958116775 ], [ 141.235779823941328, 43.119452955068631 ], [ 141.235400833447954, 43.119589621387576 ], [ 141.234999611578559, 43.119717862508011 ], [ 141.234542273194847, 43.119837302362725 ], [ 141.234386196417347, 43.120433078905613 ], [ 141.234198950739511, 43.121218044614984 ], [ 141.234141659465394, 43.121454332382847 ], [ 141.234507360270953, 43.121436971267812 ], [ 141.234839775284172, 43.12139462733785 ], [ 141.23522889261983, 43.121319801470314 ], [ 141.235607389504679, 43.121207887251451 ], [ 141.236059481608009, 43.121051964885922 ], [ 141.236471259326635, 43.120813963439538 ], [ 141.23691465727515, 43.120521382216054 ], [ 141.237284633450884, 43.120244605545928 ], [ 141.2373701381172, 43.120171235949691 ], [ 141.237791674682597, 43.119841394533246 ], [ 141.238184307431169, 43.119552437262463 ], [ 141.238361917995633, 43.119412786694731 ], [ 141.239197594503281, 43.118821882824186 ], [ 141.238716324366067, 43.118477592964481 ] ] ] ] } },
{ "type": "Feature", "properties": { "KEY_CODE": "01109270401", "S_NAME": "手稲本町四条一丁目", "n_candidates": 39, "n_panel": 2, "detached_households": 33.0, "rate": 0.060606060606060608, "fill": "#7fcdbb", "fill-opacity": 0.7, "stroke": "#555555" }, "geometry": { "type": "MultiPolygon", "coordinates": [ [ [ [ 141.24161226578363, 43.112734285220469 ], [ 141.241275563994293, 43.112497335350135 ], [ 141.240592870631701, 43.113021386249144 ], [ 141.239994661059399, 43.113509325038564 ], [ 141.240231160335668, 43.113698415848845 ], [ 141.240311067717698, 43.11375446876562 ], [ 141.2403676179907, 43.113800751487361 ], [ 141.240990885653986, 43.114229906525246 ], [ 141.241534887627893, 43.113979758229064 ], [ 141.241700918189252, 43.113906531539619 ], [ 141.24266334327973, 43.113482200947722 ], [ 141.242246356431053, 43.113188214204662 ], [ 141.241936607882565, 43.112969859345604 ], [ 141.24161226578363, 43.112734285220469 ] ] ] ] } },
{ "type": "Feature", "properties": { "KEY_CODE": "01109270402", "S_NAME": "手稲本町四条二丁目", "n_candidates": 37, "n_panel": 0, "detached_households": 26.0, "rate": 0.0, "fill": "#ffffcc", "fill-opacity": 0.7, "stroke": "#555555" }, "geometry": { "type": "MultiPolygon", "coordinates": [ [ [ [ 141.240311067717698, 43.11375446876562 ], [ 141.240231160335668, 43.113698415848845 ], [ 141.239558791849674, 43.114194419487262 ], [ 141.239068202593529, 43.11456409598064 ], [ 141.238770425616224, 43.114773296172707 ], [ 141.238712116408834, 43.114833826427912 ], [ 141.238685263571654, 43.115141136618064 ], [ 141.238637591633733, 43.115558327272161 ], [ 141.238611167750378, 43.11589778140624 ], [ 141.238712697838224, 43.115940945853822 ], [ 141.238888984354531, 43.116020778765346 ], [ 141.238991311475615, 43.116073866348998 ], [ 141.239086128530118, 43.116110852585507 ], [ 141.239201894736539, 43.11615815158914 ], [ 141.239317905964413, 43.116202286748717 ], [ 141.239447259852483, 43.116229028824087 ], [ 141.239704471568729, 43.115702497553606 ], [ 141.239918034062299, 43.115313917094618 ], [ 141.240157276950612, 43.114881255103718 ], [ 141.240481409755859, 43.114639510534595 ], [ 141.240990885653986, 43.114229906525246 ], [ 141.2403676179907, 43.113800751487361 ], [ 141.240311067717698, 43.11375446876562 ] ] ] ] } },
{ "type": "Feature", "properties": { "KEY_CODE": "01109270403", "S_NAME": "手稲本町四条三丁目", "n_candidates": 53, "n_panel": 2, "detached_households": 46.0, "rate": 0.043478260869565216, "fill": "#c7e9b4", "fill-opacity": 0.7, "stroke": "#555555" }, "geometry": { "type": "MultiPolygon", "coordinates": [ [ [ [ 141.238611167750378, 43.11589778140624 ], [ 141.23847092253007, 43.115873685522288 ], [ 141.238332030118272, 43.115872458244304 ], [ 141.238202414283933, 43.115867515583993 ], [ 141.238098213206626, 43.115869900064283 ], [ 141.238010890884453, 43.115879255534821 ], [ 141.23788887980453, 43.115890483912317 ], [ 141.2377725911048, 43.115886572308334 ], [ 141.237695620718341, 43.116048280670178 ], [ 141.237594511298937, 43.116259075917121 ], [ 141.237636107299579, 43.116263241501699 ], [ 141.237378002372367, 43.116749462923721 ], [ 141.237082505654371, 43.117296467409204 ], [ 141.23745852357581, 43.117397056594243 ], [ 141.237777244973131, 43.117479277775971 ], [ 141.238205786993092, 43.117596787447233 ], [ 141.238429353647973, 43.117668386821165 ], [ 141.238785783299562, 43.117163200590134 ], [ 141.239120982053009, 43.116699459764369 ], [ 141.239447259852483, 43.116229028824087 ], [ 141.239317905964413, 43.116202286748717 ], [ 141.239201894736539, 43.11615815158914 ], [ 141.239086128530118, 43.116110852585507 ], [ 141.238991311475615, 43.116073866348998 ], [ 141.238888984354531, 43.116020778765346 ], [ 141.238712697838224, 43.115940945853822 ], [ 141.238611167750378, 43.11589778140624 ] ] ] ] } },
{ "type": "Feature", "properties": { "KEY_CODE": "01109270404", "S_NAME": "手稲本町四条四丁目", "n_candidates": 86, "n_panel": 1, "detached_households": 75.0, "rate": 0.013333333333333334, "fill": "#ffffcc", "fill-opacity": 0.7, "stroke": "#555555" }, "geometry": { "type": "MultiPolygon", "coordinates": [ [ [ [ 141.237797307688595, 43.118511409039279 ], [ 141.237870981780787, 43.118437771915325 ], [ 141.23796839991806, 43.118309160821703 ], [ 141.238029178220756, 43.118228920675953 ], [ 141.238145088983686, 43.118075891924342 ], [ 141.238229219990359, 43.117939986890811 ], [ 141.238429353647973, 43.117668386821165 ], [ 141.238205786993092, 43.117596787447233 ], [ 141.237777244973131, 43.117479277775971 ], [ 141.23745852357581, 43.117397056594243 ], [ 141.237082505654371, 43.117296467409204 ], [ 141.236916716895905, 43.117237751800381 ], [ 141.236745366668515, 43.11720191497362 ], [ 141.236630819498146, 43.117197033020339 ], [ 141.236542192476946, 43.117203915412738 ], [ 141.236500373775044, 43.117207342406061 ], [ 141.236393908268639, 43.117213081061116 ], [ 141.236235666109508, 43.11713917105785 ], [ 141.236044357313943, 43.117062084499835 ], [ 141.235809130186425, 43.117336392020164 ], [ 141.235671407448166, 43.117508182039423 ], [ 141.234658278836861, 43.118256920508685 ], [ 141.234707571369825, 43.118335633463204 ], [ 141.234508774322023, 43.118461516766608 ], [ 141.233692715926338, 43.117801413320556 ], [ 141.233140805120087, 43.11738895408601 ], [ 141.232940957047475, 43.117572492741012 ], [ 141.232528417987538, 43.117752593142697 ], [ 141.232249812088781, 43.117891685550489 ], [ 141.233925501926365, 43.119908066727618 ], [ 141.234153136236984, 43.119908046794961 ], [ 141.234378634771133, 43.11986883546794 ], [ 141.234542273194847, 43.119837302362725 ], [ 141.234999611578559, 43.119717862508011 ], [ 141.235400833447954, 43.119589621387576 ], [ 141.235779823941328, 43.119452955068631 ], [ 141.236011363562483, 43.119384958116775 ], [ 141.236401444739926, 43.119256687819529 ], [ 141.236706338267652, 43.11915340087517 ], [ 141.236927414710692, 43.119067728390313 ], [ 141.237057735803887, 43.119007131887884 ], [ 141.237227654987635, 43.118926282548664 ], [ 141.237437707631472, 43.118804570943233 ], [ 141.237699474602096, 43.118609194231141 ], [ 141.237726953018381, 43.118581730458907 ], [ 141.237797307688595, 43.118511409039279 ] ] ] ] } },
{ "type": "Feature", "properties": { "KEY_CODE": "01109270501", "S_NAME": "手稲本町五条一丁目", "n_candidates": 102, "n_panel": 0, "detached_households": 93.0, "rate": 0.0, "fill": "#ffffcc", "fill-opacity": 0.7, "stroke": "#555555" }, "geometry": { "type": "MultiPolygon", "coordinates": [ [ [ [ 141.239900456774507, 43.111159303866337 ], [ 141.239486132139064, 43.110897892665818 ], [ 141.238624031297888, 43.111800685517977 ], [ 141.238198667079644, 43.112250055555045 ], [ 141.238562907138345, 43.112504346560698 ], [ 141.238743165468208, 43.11262802962252 ], [ 141.238848829297268, 43.112699643288394 ], [ 141.239214313335651, 43.11296618148819 ], [ 141.23957235683045, 43.113235888511703 ], [ 141.23961032581326, 43.113285382841745 ], [ 141.239994661059399, 43.113509325038564 ], [ 141.240592870631701, 43.113021386249144 ], [ 141.241275563994293, 43.112497335350135 ], [ 141.241522295252622, 43.112303010562265 ], [ 141.241155843544306, 43.112054124237083 ], [ 141.240981553671048, 43.111923324035331 ], [ 141.24083501672331, 43.111821181017277 ], [ 141.240681505632239, 43.111711240163636 ], [ 141.239900456774507, 43.111159303866337 ] ] ] ] } },
{ "type": "Feature", "properties": { "KEY_CODE": "01109270502", "S_NAME": "手稲本町五条二丁目", "n_candidates": 185, "n_panel": 4, "detached_households": 163.0, "rate": 0.024539877300613498, "fill": "#c7e9b4", "fill-opacity": 0.7, "stroke": "#555555" }, "geometry": { "type": "MultiPolygon", "coordinates": [ [ [ [ 141.23761101461028, 43.115892809414163 ], [ 141.2377725911048, 43.115886572308334 ], [ 141.23788887980453, 43.115890483912317 ], [ 141.238010890884453, 43.115879255534821 ], [ 141.238098213206626, 43.115869900064283 ], [ 141.238202414283933, 43.115867515583993 ], [ 141.238332030118272, 43.115872458244304 ], [ 141.23847092253007, 43.115873685522288 ], [ 141.238611167750378, 43.11589778140624 ], [ 141.238637591633733, 43.115558327272161 ], [ 141.238685263571654, 43.115141136618064 ], [ 141.238712116408834, 43.114833826427912 ], [ 141.238770425616224, 43.114773296172707 ], [ 141.239068202593529, 43.11456409598064 ], [ 141.239558791849674, 43.114194419487262 ], [ 141.240231160335668, 43.113698415848845 ], [ 141.239994661059399, 43.113509325038564 ], [ 141.23961032581326, 43.113285382841745 ], [ 141.23957235683045, 43.113235888511703 ], [ 141.239214313335651, 43.11296618148819 ], [ 141.238848829297268, 43.112699643288394 ], [ 141.238743165468208, 43.11262802962252 ], [ 141.238562907138345, 43.112504346560698 ], [ 141.238198667079644, 43.112250055555045 ], [ 141.237933519023215, 43.11249526901706 ], [ 141.237172381127323, 43.113268763040963 ], [ 141.236992647526279, 43.113427453058506 ], [ 141.236854697959956, 43.113578916520986 ], [ 141.236262911487472, 43.114111551843507 ], [ 141.235935515763941, 43.114387223233344 ], [ 141.235263694241581, 43.114888130489383 ], [ 141.235297272577753, 43.114947504213951 ], [ 141.235363209164916, 43.115041342812461 ], [ 141.235426251733003, 43.115130234364159 ], [ 141.235507617124682, 43.115202551667906 ], [ 141.235602019061645, 43.11527596737934 ], [ 141.235682267253281, 43.115334629243833 ], [ 141.235782697123369, 43.115397619786357 ], [ 141.235903787706718, 43.115476897975377 ], [ 141.236058856229931, 43.115550850676108 ], [ 141.23618829031517, 43.115601577582467 ], [ 141.236328154617155, 43.115648599495159 ], [ 141.236556614049704, 43.115696406091324 ], [ 141.236815891959566, 43.115767412681393 ], [ 141.237116988224898, 43.115834989827007 ], [ 141.237267692664773, 43.115859250772409 ], [ 141.237444349002942, 43.115887467376389 ], [ 141.23761101461028, 43.115892809414163 ] ] ] ] } },
{ "type": "Feature", "properties": { "KEY_CODE": "01109270503", "S_NAME": "手稲本町五条三丁目", "n_candidates": 75, "n_panel": 1, "detached_households": 64.0, "rate": 0.015625, "fill": "#ffffcc", "fill-opacity": 0.7, "stroke": "#555555" }, "geometry": { "type": "MultiPolygon", "coordinates": [ [ [ [ 141.237082505654371, 43.117296467409204 ], [ 141.237378002372367, 43.116749462923721 ], [ 141.237636107299579, 43.116263241501699 ], [ 141.237594511298937, 43.116259075917121 ], [ 141.237695620718341, 43.116048280670178 ], [ 141.2377725911048, 43.115886572308334 ], [ 141.23761101461028, 43.115892809414163 ], [ 141.237444349002942, 43.115887467376389 ], [ 141.237267692664773, 43.115859250772409 ], [ 141.237116988224898, 43.115834989827007 ], [ 141.236815891959566, 43.115767412681393 ], [ 141.236556614049704, 43.115696406091324 ], [ 141.236328154617155, 43.115648599495159 ], [ 141.23618829031517, 43.115601577582467 ], [ 141.236058856229931, 43.115550850676108 ], [ 141.235903787706718, 43.115476897975377 ], [ 141.235782697123369, 43.115397619786357 ], [ 141.235682267253281, 43.115334629243833 ], [ 141.235602019061645, 43.11527596737934 ], [ 141.235507617124682, 43.115202551667906 ], [ 141.235426251733003, 43.115130234364159 ], [ 141.235363209164916, 43.115041342812461 ], [ 141.235297272577753, 43.114947504213951 ], [ 141.235263694241581, 43.114888130489383 ], [ 141.235256309033872, 43.114893620996646 ], [ 141.233802515131032, 43.115866592158369 ], [ 141.234185357179058, 43.116162979189404 ], [ 141.234551844947987, 43.116421031266086 ], [ 141.235018711222779, 43.116617871915039 ], [ 141.235095188026662, 43.11664337648611 ], [ 141.235368978058716, 43.116783225561726 ], [ 141.235522989949885, 43.116834101805061 ], [ 141.235912611152202, 43.116994175116524 ], [ 141.236044357313943, 43.117062084499835 ], [ 141.236235666109508, 43.11713917105785 ], [ 141.236393908268639, 43.117213081061116 ], [ 141.236500373775044, 43.117207342406061 ], [ 141.236542192476946, 43.117203915412738 ], [ 141.236630819498146, 43.117197033020339 ], [ 141.236745366668515, 43.11720191497362 ], [ 141.236916716895905, 43.117237751800381 ], [ 141.237082505654371, 43.117296467409204 ] ] ] ] } },
{ "type": "Feature", "properties": { "KEY_CODE": "01109270504", "S_NAME": "手稲本町五条四丁目", "n_candidates": 179, "n_panel": 3, "detached_households": 171.0, "rate": 0.017543859649122806, "fill": "#ffffcc", "fill-opacity": 0.7, "stroke": "#555555" }, "geometry": { "type": "MultiPolygon", "coordinates": [ [ [ [ 141.235671407448166, 43.117508182039423 ], [ 141.235809130186425, 43.117336392020164 ], [ 141.236044357313943, 43.117062084499835 ], [ 141.235912611152202, 43.116994175116524 ], [ 141.235522989949885, 43.116834101805061 ], [ 141.235368978058716, 43.116783225561726 ], [ 141.235095188026662, 43.11664337648611 ], [ 141.235018711222779, 43.116617871915039 ], [ 141.234551844947987, 43.116421031266086 ], [ 141.234185357179058, 43.116162979189404 ], [ 141.233802515131032, 43.115866592158369 ], [ 141.233570069148499, 43.115984155337145 ], [ 141.233102144180179, 43.116245768874258 ], [ 141.232735380425481, 43.11643921636896 ], [ 141.232317628584866, 43.116644658868381 ], [ 141.232079931651072, 43.116760133317463 ], [ 141.23183169361451, 43.116880224913409 ], [ 141.23160446477209, 43.116977998400756 ], [ 141.231165486091243, 43.117177832940051 ], [ 141.230969050627891, 43.117248619943823 ], [ 141.230065999450147, 43.117574039976084 ], [ 141.23088005903864, 43.117600355051934 ], [ 141.230901384141504, 43.117634302814643 ], [ 141.23132750396789, 43.118313464762196 ], [ 141.231341117207592, 43.118389822267915 ], [ 141.231538395896564, 43.118275540391608 ], [ 141.231859343482995, 43.118089561533232 ], [ 141.232249812088781, 43.117891685550489 ], [ 141.232528417987538, 43.117752593142697 ], [ 141.232940957047475, 43.117572492741012 ], [ 141.233140805120087, 43.11738895408601 ], [ 141.233692715926338, 43.117801413320556 ], [ 141.234508774322023, 43.118461516766608 ], [ 141.234707571369825, 43.118335633463204 ], [ 141.234658278836861, 43.118256920508685 ], [ 141.235671407448166, 43.117508182039423 ] ] ] ] } },
{ "type": "Feature", "properties": { "KEY_CODE": "01109270603", "S_NAME": "手稲本町六条三丁目", "n_candidates": 7, "n_panel": 0, "detached_households": 7.0, "rate": 0.0, "fill": "#ffffcc", "fill-opacity": 0.7, "stroke": "#555555" }, "geometry": { "type": "MultiPolygon", "coordinates": [ [ [ [ 141.2352563090339, 43.114893620996611 ], [ 141.235196237036888, 43.114625065306107 ], [ 141.235102344214965, 43.114224765958348 ], [ 141.235007939056459, 43.113861244429067 ], [ 141.234947869194201, 43.113592688581576 ], [ 141.234885358587405, 43.113465964064702 ], [ 141.23479406292472, 43.113344261109255 ], [ 141.234680839902524, 43.113253938460218 ], [ 141.234495649818939, 43.113173457429276 ], [ 141.23412396745735, 43.113091322501511 ], [ 141.23388103411537, 43.113031355260063 ], [ 141.233776189097739, 43.113293241607195 ], [ 141.233895749440933, 43.113441431397057 ], [ 141.233893835883947, 43.113557034265853 ], [ 141.233767316142689, 43.113829209308811 ], [ 141.233639673658047, 43.114175006127688 ], [ 141.233580361692901, 43.114290100014784 ], [ 141.233427412305105, 43.114430664623583 ], [ 141.233099654162061, 43.114727279986283 ], [ 141.232801201299935, 43.114987446189836 ], [ 141.232492007220571, 43.11502675098447 ], [ 141.232713013065563, 43.115112830470025 ], [ 141.232960889659694, 43.115309493076943 ], [ 141.23323034760574, 43.115495798228139 ], [ 141.233550362439161, 43.11566686872424 ], [ 141.233802515131032, 43.115866592158376 ], [ 141.2352563090339, 43.114893620996611 ] ] ] ] } },
{ "type": "Feature", "properties": { "KEY_CODE": "01109270604", "S_NAME": "手稲本町六条四丁目", "n_candidates": 3, "n_panel": 0, "detached_households": 0.0, "rate": null, "fill": "#cccccc", "fill-opacity": 0.7, "stroke": "#555555" }, "geometry": { "type": "MultiPolygon", "coordinates": [ [ [ [ 141.230969050627891, 43.117248619943801 ], [ 141.231165486091243, 43.117177832940051 ], [ 141.23160446477209, 43.116977998400756 ], [ 141.231831693614453, 43.116880224913409 ], [ 141.232079931651072, 43.116760133317428 ], [ 141.232317628584866, 43.116644658868395 ], [ 141.232735380425453, 43.116439216368981 ], [ 141.233102144180179, 43.116245768874258 ], [ 141.23357006914847, 43.115984155337145 ], [ 141.233802515131032, 43.115866592158376 ], [ 141.233550362439161, 43.11566686872424 ], [ 141.23323034760574, 43.115495798228139 ], [ 141.232960889659694, 43.115309493076943 ], [ 141.232713013065563, 43.115112830470025 ], [ 141.232492007220571, 43.11502675098447 ], [ 141.232117665245653, 43.115011816606255 ], [ 141.231144785117806, 43.115036138326971 ], [ 141.22928555839394, 43.11562495144981 ], [ 141.227520289535562, 43.116138338579113 ], [ 141.227847275280538, 43.116921697530152 ], [ 141.228669132391474, 43.117534428277658 ], [ 141.230065999450147, 43.117574039976084 ], [ 141.230969050627891, 43.117248619943801 ] ] ] ] } },
{ "type": "Feature", "properties": { "KEY_CODE": "01109310103", "S_NAME": "富丘一条三丁目", "n_candidates": 66, "n_panel": 2, "detached_households": 58.0, "rate": 0.034482758620689655, "fill": "#c7e9b4", "fill-opacity": 0.7, "stroke": "#555555" }, "geometry": { "type": "MultiPolygon", "coordinates": [ [ [ [ 141.256441666711936, 43.106980868369192 ], [ 141.256347738198315, 43.106788127306977 ], [ 141.255818175340352, 43.107138975333946 ], [ 141.255364799450376, 43.107425708507556 ], [ 141.254887420185838, 43.107724469719905 ], [ 141.255476866262143, 43.108206203396527 ], [ 141.25559946731039, 43.108305656969556 ], [ 141.25589943177323, 43.10854315630025 ], [ 141.256407163107099, 43.108974102244211 ], [ 141.25689681895841, 43.10936571679013 ], [ 141.25719468470146, 43.109603124122501 ], [ 141.257339500923422, 43.109730126585774 ], [ 141.257415112867847, 43.109791404159793 ], [ 141.257509239594867, 43.109877247129951 ], [ 141.25784921142548, 43.110146805864055 ], [ 141.258935955172348, 43.111015132113508 ], [ 141.259216493753541, 43.110845393155891 ], [ 141.259532889472723, 43.110654373441903 ], [ 141.259578410349576, 43.110623330021227 ], [ 141.259966737088234, 43.11038229336517 ], [ 141.259746300854147, 43.110187970037806 ], [ 141.258984994441619, 43.109532538224379 ], [ 141.258892873373782, 43.109453255469873 ], [ 141.258407982567775, 43.109033137380969 ], [ 141.258303669122938, 43.108936166504812 ], [ 141.258023544646534, 43.108675917082934 ], [ 141.257619834962298, 43.108335478291544 ], [ 141.257387131135829, 43.108117131745303 ], [ 141.257289578684919, 43.108035620429568 ], [ 141.257203960425358, 43.107964057867328 ], [ 141.256983628960484, 43.107764314069506 ], [ 141.256813730630768, 43.107568101950378 ], [ 141.256663862611418, 43.107379870215766 ], [ 141.256617501000392, 43.107302598673456 ], [ 141.25653065406874, 43.107158657403915 ], [ 141.256441666711936, 43.106980868369192 ] ] ] ] } },
{ "type": "Feature", "properties": { "KEY_CODE": "01109310104", "S_NAME": "富丘一条四丁目", "n_candidates": 160, "n_panel": 2, "detached_households": 145.0, "rate": 0.013793103448275862, "fill": "#ffffcc", "fill-opacity": 0.7, "stroke": "#555555" }, "geometry": { "type": "MultiPolygon", "coordinates": [ [ [ [ 141.255476866262143, 43.108206203396527 ], [ 141.254887420185838, 43.107724469719905 ], [ 141.254077319006228, 43.108220210473874 ], [ 141.25354463459982, 43.108578334488925 ], [ 141.252503606355731, 43.109260325974617 ], [ 141.252894790002813, 43.109614036297629 ], [ 141.253161696957363, 43.109841763527584 ], [ 141.253356114181315, 43.110016896800687 ], [ 141.253480343403595, 43.110128801738135 ], [ 141.253757371324212, 43.110384046424599 ], [ 141.253771082515783, 43.110396678605348 ], [ 141.253874485048158, 43.110484294195594 ], [ 141.253904218773869, 43.1105095170795 ], [ 141.254167310067828, 43.110759922646231 ], [ 141.254384077165042, 43.110966322579301 ], [ 141.254944490955864, 43.111463983423171 ], [ 141.255217794000714, 43.111718484652528 ], [ 141.25549535632075, 43.111965004701766 ], [ 141.256254910588865, 43.112633176256331 ], [ 141.257401343218106, 43.111952484111278 ], [ 141.257896355713456, 43.111645213865067 ], [ 141.258038600050241, 43.111557127750544 ], [ 141.258457410894522, 43.111301942531881 ], [ 141.258935955172348, 43.111015132113508 ], [ 141.25784921142548, 43.110146805864055 ], [ 141.257509239594867, 43.109877247129951 ], [ 141.257415112867847, 43.109791404159793 ], [ 141.257339500923422, 43.109730126585774 ], [ 141.25719468470146, 43.109603124122501 ], [ 141.25689681895841, 43.10936571679013 ], [ 141.256407163107099, 43.108974102244211 ], [ 141.25589943177323, 43.10854315630025 ], [ 141.25559946731039, 43.108305656969556 ], [ 141.255476866262143, 43.108206203396527 ] ] ] ] } },
{ "type": "Feature", "properties": { "KEY_CODE": "01109310105", "S_NAME": "富丘一条五丁目", "n_candidates": 228, "n_panel": 12, "detached_households": 209.0, "rate": 0.057416267942583733, "fill": "#7fcdbb", "fill-opacity": 0.7, "stroke": "#555555" }, "geometry": { "type": "MultiPolygon", "coordinates": [ [ [ [ 141.256254910588865, 43.112633176256331 ], [ 141.25549535632075, 43.111965004701766 ], [ 141.255217794000686, 43.111718484652528 ], [ 141.254944490955864, 43.111463983423171 ], [ 141.254384077165042, 43.110966322579301 ], [ 141.254167310067828, 43.110759922646231 ], [ 141.253904218773869, 43.1105095170795 ], [ 141.253874485048158, 43.110484294195594 ], [ 141.253771082515783, 43.110396678605348 ], [ 141.253757371324212, 43.110384046424599 ], [ 141.253480343403595, 43.110128801738135 ], [ 141.253356114181315, 43.110016896800687 ], [ 141.253161696957363, 43.109841763527584 ], [ 141.252894790002813, 43.109614036297629 ], [ 141.252503606355731, 43.109260325974617 ], [ 141.25202036737204, 43.10957527123638 ], [ 141.251425047341087, 43.109999861369282 ], [ 141.251294064574125, 43.110109275859664 ], [ 141.251038714674507, 43.110322678081978 ], [ 141.250991764429955, 43.110541905394143 ], [ 141.25093556358263, 43.110816329297606 ], [ 141.250933270254933, 43.110827491573964 ], [ 141.250815244602762, 43.111155320287772 ], [ 141.25081391036548, 43.111160582760242 ], [ 141.250794359257213, 43.111235383822326 ], [ 141.251146651026204, 43.111294716909299 ], [ 141.25082803905633, 43.111885654530155 ], [ 141.250622545402678, 43.112320463385011 ], [ 141.250438577278999, 43.112612130218544 ], [ 141.250561691824544, 43.112573819917941 ], [ 141.250877104401326, 43.112469318437334 ], [ 141.251162144668854, 43.112390784528117 ], [ 141.251308907099173, 43.112368011199095 ], [ 141.25141682268162, 43.112349259564766 ], [ 141.251581190320337, 43.112341901175931 ], [ 141.251754295382028, 43.112352199743128 ], [ 141.251942088910141, 43.112380068046306 ], [ 141.252031452333284, 43.112398358148788 ], [ 141.252103836935646, 43.112415797046999 ], [ 141.25242722856396, 43.11249372369317 ], [ 141.252754638500306, 43.112566620722433 ], [ 141.252974975397819, 43.112612353245702 ], [ 141.25316997485919, 43.112657723192726 ], [ 141.255113374531334, 43.113080971113227 ], [ 141.255416109283487, 43.113148652395388 ], [ 141.25585035361263, 43.112878419681145 ], [ 141.256254910588865, 43.112633176256331 ] ] ] ] } },
{ "type": "Feature", "properties": { "KEY_CODE": "01109310106", "S_NAME": "富丘一条六丁目", "n_candidates": 198, "n_panel": 7, "detached_households": 184.0, "rate": 0.038043478260869568, "fill": "#c7e9b4", "fill-opacity": 0.7, "stroke": "#555555" }, "geometry": { "type": "MultiPolygon", "coordinates": [ [ [ [ 141.251754295382028, 43.112352199743128 ], [ 141.251581190320337, 43.112341901175931 ], [ 141.25141682268162, 43.112349259564766 ], [ 141.251308907099173, 43.112368011199095 ], [ 141.251162144668854, 43.112390784528117 ], [ 141.250877104401326, 43.112469318437334 ], [ 141.250561691824544, 43.112573819917969 ], [ 141.250438577278999, 43.112612130218544 ], [ 141.249791667751822, 43.112953767936382 ], [ 141.249191048217909, 43.11374760066947 ], [ 141.249060939375227, 43.113932132121825 ], [ 141.249001107428199, 43.114000438608883 ], [ 141.248904431128949, 43.114110806511199 ], [ 141.248688420549541, 43.114294375552568 ], [ 141.249062629919564, 43.114447092575737 ], [ 141.249280993488554, 43.114555197061961 ], [ 141.249399317910559, 43.114616782718713 ], [ 141.249737204478436, 43.11473071056691 ], [ 141.2501809572166, 43.114840077651891 ], [ 141.250352128021518, 43.115028644682923 ], [ 141.251299969042776, 43.115829653727332 ], [ 141.252211491909236, 43.115280237844672 ], [ 141.253466059297125, 43.114532166999027 ], [ 141.253636725133703, 43.114420914060091 ], [ 141.254068670671131, 43.114169234914826 ], [ 141.253868796378669, 43.114051103732329 ], [ 141.254241361694255, 43.11384989661444 ], [ 141.25454830362861, 43.113652055578939 ], [ 141.255213412501263, 43.113258293708185 ], [ 141.255416109283487, 43.113148652395388 ], [ 141.255113374531334, 43.113080971113227 ], [ 141.25316997485919, 43.112657723192726 ], [ 141.252974975397819, 43.112612353245652 ], [ 141.252754638500306, 43.112566620722433 ], [ 141.252427228563988, 43.112493723693163 ], [ 141.252103836935646, 43.112415797046999 ], [ 141.252031452333284, 43.112398358148788 ], [ 141.251942088910141, 43.112380068046306 ], [ 141.251754295382028, 43.112352199743128 ] ] ] ] } },
{ "type": "Feature", "properties": { "KEY_CODE": "01109310107", "S_NAME": "富丘一条七丁目", "n_candidates": 175, "n_panel": 6, "detached_households": 137.0, "rate": 0.043795620437956206, "fill": "#c7e9b4", "fill-opacity": 0.7, "stroke": "#555555" }, "geometry": { "type": "MultiPolygon", "coordinates": [ [ [ [ 141.249062629919536, 43.114447092575737 ], [ 141.248688420549485, 43.114294375552568 ], [ 141.248249324334921, 43.114723974423057 ], [ 141.2480531326066, 43.114981068882244 ], [ 141.247697254710204, 43.115358152141681 ], [ 141.247373301966746, 43.115619826195406 ], [ 141.247079443557254, 43.115884431897747 ], [ 141.24662481752182, 43.116234839664415 ], [ 141.246639903884812, 43.116245730943298 ], [ 141.246996200196065, 43.116502387022706 ], [ 141.247030168324216, 43.116526877384075 ], [ 141.247423528879466, 43.116806779245998 ], [ 141.248449269055897, 43.117581066639225 ], [ 141.248804144218781, 43.117354543337271 ], [ 141.249146082651833, 43.11714991992315 ], [ 141.249514037753926, 43.116927518480615 ], [ 141.249868977805789, 43.116708167608586 ], [ 141.250109948444049, 43.116554633540247 ], [ 141.25035522148147, 43.116413724227023 ], [ 141.250567746753092, 43.116279421555895 ], [ 141.250587767071039, 43.116268298510278 ], [ 141.250810135103137, 43.116144745910084 ], [ 141.251299969042776, 43.115829653727332 ], [ 141.250352128021547, 43.115028644682909 ], [ 141.250180957216543, 43.114840077651884 ], [ 141.249737204478436, 43.11473071056691 ], [ 141.249399317910559, 43.11461678271872 ], [ 141.249280993488554, 43.114555197061961 ], [ 141.249062629919536, 43.114447092575737 ] ] ] ] } },
{ "type": "Feature", "properties": { "KEY_CODE": "01109310202", "S_NAME": "富丘二条二丁目", "n_candidates": 72, "n_panel": 2, "detached_households": 62.0, "rate": 0.032258064516129031, "fill": "#c7e9b4", "fill-opacity": 0.7, "stroke": "#555555" }, "geometry": { "type": "MultiPolygon", "coordinates": [ [ [ [ 141.255260815705441, 43.099244030795013 ], [ 141.255222909065964, 43.098727557146702 ], [ 141.255028915087536, 43.098824614793713 ], [ 141.254810880618464, 43.098977795677882 ], [ 141.254507208791949, 43.099198028624834 ], [ 141.254229801975896, 43.099409560105038 ], [ 141.254169338883855, 43.099455662657427 ], [ 141.253969348594495, 43.099697402448975 ], [ 141.253738464728031, 43.099974038889663 ], [ 141.253561314175954, 43.100274913465888 ], [ 141.253436676926469, 43.100450495822848 ], [ 141.253371945858333, 43.100553808130314 ], [ 141.253004636591896, 43.101193770051921 ], [ 141.252898394330401, 43.101388783781729 ], [ 141.252845719566977, 43.101470609212065 ], [ 141.252774952650412, 43.101632382444478 ], [ 141.252489902129184, 43.102318422241851 ], [ 141.25231899174517, 43.102730819512153 ], [ 141.252097070411594, 43.103264157773957 ], [ 141.253116614167254, 43.103468826740659 ], [ 141.25374415329739, 43.103598062664076 ], [ 141.254279748649623, 43.103715243661043 ], [ 141.254804841334504, 43.103817280605419 ], [ 141.255329595500996, 43.103904754720759 ], [ 141.255905960900378, 43.104029665908762 ], [ 141.255904652566016, 43.1039561611735 ], [ 141.255902576593371, 43.103853041437439 ], [ 141.255899402326918, 43.103829665354354 ], [ 141.255791166505219, 43.103014250207629 ], [ 141.25573436534529, 43.102579618846434 ], [ 141.255729406069236, 43.102542021983446 ], [ 141.255700953916858, 43.102188371294041 ], [ 141.255678112184768, 43.101903342288104 ], [ 141.255594028872451, 43.101363612136012 ], [ 141.255588657826792, 43.101327768673727 ], [ 141.255398842908278, 43.100061236247178 ], [ 141.255366540422585, 43.099845697727318 ], [ 141.255260815705441, 43.099244030795013 ] ] ] ] } },
{ "type": "Feature", "properties": { "KEY_CODE": "01109310203", "S_NAME": "富丘二条三丁目", "n_candidates": 267, "n_panel": 7, "detached_households": 223.0, "rate": 0.031390134529147982, "fill": "#c7e9b4", "fill-opacity": 0.7, "stroke": "#555555" }, "geometry": { "type": "MultiPolygon", "coordinates": [ [ [ [ 141.253116614167254, 43.103468826740659 ], [ 141.252097070411594, 43.103264157773957 ], [ 141.251862380185713, 43.103832971731656 ], [ 141.251682620662081, 43.104269693751725 ], [ 141.251581728228359, 43.104489365268698 ], [ 141.251492196351933, 43.104712721893407 ], [ 141.251269440951518, 43.105278825392077 ], [ 141.252441818106178, 43.105696802848698 ], [ 141.252849548147537, 43.106011202971892 ], [ 141.253350937650595, 43.106410178484019 ], [ 141.253671043009319, 43.106718680954614 ], [ 141.254405360613958, 43.107339663893335 ], [ 141.254887420185838, 43.107724469719905 ], [ 141.255364799450376, 43.107425708507556 ], [ 141.255818175340352, 43.107138975333946 ], [ 141.256347738198315, 43.106788127306977 ], [ 141.256319348055769, 43.106745191693726 ], [ 141.256214890322298, 43.106307123493202 ], [ 141.256127480931525, 43.105503142776463 ], [ 141.256109260229778, 43.105335813710447 ], [ 141.256082220705252, 43.105155889659088 ], [ 141.255905960900378, 43.104029665908762 ], [ 141.255329595500996, 43.103904754720759 ], [ 141.254804841334504, 43.103817280605419 ], [ 141.254279748649623, 43.103715243661043 ], [ 141.25374415329739, 43.103598062664076 ], [ 141.253116614167254, 43.103468826740659 ] ] ] ] } },
{ "type": "Feature", "properties": { "KEY_CODE": "01109310204", "S_NAME": "富丘二条四丁目", "n_candidates": 150, "n_panel": 6, "detached_households": 119.0, "rate": 0.050420168067226892, "fill": "#7fcdbb", "fill-opacity": 0.7, "stroke": "#555555" }, "geometry": { "type": "MultiPolygon", "coordinates": [ [ [ [ 141.252441818106178, 43.105696802848698 ], [ 141.251269440951518, 43.105278825392077 ], [ 141.251254000446039, 43.105337064293664 ], [ 141.25100778300191, 43.105917239275307 ], [ 141.25097045133316, 43.106040900941473 ], [ 141.25088463887468, 43.106218225345607 ], [ 141.250624065717687, 43.106842510595754 ], [ 141.250548695844827, 43.10703863320694 ], [ 141.250414431143213, 43.107385658941887 ], [ 141.250313001826584, 43.107578669499048 ], [ 141.250140810221666, 43.108038453475352 ], [ 141.249936539100474, 43.108499151702134 ], [ 141.250385243225821, 43.10861404403061 ], [ 141.251062063346865, 43.108779522564333 ], [ 141.251437045306375, 43.108882937478889 ], [ 141.252286516354815, 43.109104064757297 ], [ 141.252503606355731, 43.109260325974617 ], [ 141.253544634599791, 43.108578334488968 ], [ 141.254077319006228, 43.108220210473874 ], [ 141.254887420185838, 43.107724469719905 ], [ 141.254405360613958, 43.107339663893335 ], [ 141.253671043009348, 43.106718680954565 ], [ 141.253350937650595, 43.106410178484019 ], [ 141.252849548147537, 43.106011202971871 ], [ 141.252441818106178, 43.105696802848698 ] ] ] ] } },
{ "type": "Feature", "properties": { "KEY_CODE": "01109310205", "S_NAME": "富丘二条五丁目", "n_candidates": 154, "n_panel": 2, "detached_households": 129.0, "rate": 0.015503875968992248, "fill": "#ffffcc", "fill-opacity": 0.7, "stroke": "#555555" }, "geometry": { "type": "MultiPolygon", "coordinates": [ [ [ [ 141.250385243225821, 43.10861404403061 ], [ 141.249936539100474, 43.108499151702134 ], [ 141.249713437621637, 43.109049212343493 ], [ 141.249335904371236, 43.109869112132927 ], [ 141.248979009778452, 43.110487980532326 ], [ 141.248928842737854, 43.110562371701008 ], [ 141.248692306546843, 43.110887053044202 ], [ 141.248665796957482, 43.110923392356575 ], [ 141.248645552678084, 43.110952121125777 ], [ 141.248463082340493, 43.111210461576924 ], [ 141.248426533762284, 43.111261974431656 ], [ 141.248353924398259, 43.11136437031125 ], [ 141.248144348122509, 43.111660100290152 ], [ 141.247952287987204, 43.111952888025989 ], [ 141.247909470709402, 43.112006032687489 ], [ 141.248153610904893, 43.11213996225851 ], [ 141.248253761614308, 43.11223824471049 ], [ 141.248329834933514, 43.112365009092635 ], [ 141.248379491176081, 43.112439921791385 ], [ 141.248421884626907, 43.112477495116529 ], [ 141.248479969775246, 43.112512393513782 ], [ 141.248596652252502, 43.112550687974242 ], [ 141.248890951430354, 43.112664025413395 ], [ 141.249096961670773, 43.112728699888429 ], [ 141.249238379811914, 43.112768967949677 ], [ 141.249326844397132, 43.112789291298462 ], [ 141.249539689326468, 43.112799800659936 ], [ 141.249776559146568, 43.11279103606693 ], [ 141.249981480475469, 43.112751612934204 ], [ 141.250237162907553, 43.112677959133642 ], [ 141.250438577278999, 43.112612130218544 ], [ 141.250622545402678, 43.112320463385011 ], [ 141.25082803905633, 43.111885654530155 ], [ 141.251146651026204, 43.111294716909299 ], [ 141.250794359257213, 43.111235383822326 ], [ 141.25081391036548, 43.111160582760242 ], [ 141.250815244602762, 43.111155320287772 ], [ 141.250933270254933, 43.110827491573964 ], [ 141.25093556358263, 43.110816329297606 ], [ 141.250991764429955, 43.110541905394143 ], [ 141.251038714674507, 43.110322678081978 ], [ 141.251294064574125, 43.110109275859664 ], [ 141.251425047341087, 43.109999861369282 ], [ 141.25202036737204, 43.10957527123638 ], [ 141.252503606355731, 43.109260325974617 ], [ 141.252286516354815, 43.109104064757297 ], [ 141.251437045306375, 43.108882937478889 ], [ 141.251062063346865, 43.108779522564333 ], [ 141.250385243225821, 43.10861404403061 ] ] ] ] } },
{ "type": "Feature", "properties": { "KEY_CODE": "01109310206", "S_NAME": "富丘二条六丁目", "n_candidates": 26, "n_panel": 0, "detached_households": 23.0, "rate": 0.0, "fill": "#ffffcc", "fill-opacity": 0.7, "stroke": "#555555" }, "geometry": { "type": "MultiPolygon", "coordinates": [ [ [ [ 141.249060939375227, 43.113932132121825 ], [ 141.249191048217909, 43.11374760066947 ], [ 141.249791667751822, 43.112953767936382 ], [ 141.250438577278999, 43.112612130218544 ], [ 141.250237162907553, 43.112677959133642 ], [ 141.249981480475469, 43.112751612934204 ], [ 141.249776559146568, 43.11279103606693 ], [ 141.249539689326468, 43.112799800659936 ], [ 141.249326844397132, 43.112789291298462 ], [ 141.249238379811914, 43.112768967949677 ], [ 141.249096961670773, 43.112728699888429 ], [ 141.248890951430354, 43.112664025413395 ], [ 141.248596652252502, 43.112550687974242 ], [ 141.248479969775246, 43.112512393513782 ], [ 141.248421884626907, 43.112477495116529 ], [ 141.248379491176081, 43.112439921791385 ], [ 141.248329834933514, 43.112365009092635 ], [ 141.248253761614308, 43.11223824471049 ], [ 141.248153610904893, 43.11213996225851 ], [ 141.247909470709402, 43.112006032687489 ], [ 141.247821135061116, 43.112148519286265 ], [ 141.247557481723902, 43.112492863588542 ], [ 141.247377665287615, 43.112723374752406 ], [ 141.247234757618401, 43.112856735181275 ], [ 141.24697680724546, 43.113086561980388 ], [ 141.246674189087202, 43.113312129045269 ], [ 141.246470101178915, 43.113453110431173 ], [ 141.246255048905908, 43.113624586768204 ], [ 141.246786711017478, 43.113881581737139 ], [ 141.247304664020419, 43.114125795101216 ], [ 141.247615928342526, 43.113817523478595 ], [ 141.248132132542906, 43.114057428293243 ], [ 141.248688420549485, 43.114294375552568 ], [ 141.248904431128949, 43.114110806511199 ], [ 141.249001107428199, 43.114000438608883 ], [ 141.249060939375227, 43.113932132121825 ] ] ] ] } },
{ "type": "Feature", "properties": { "KEY_CODE": "01109310207", "S_NAME": "富丘二条七丁目", "n_candidates": 79, "n_panel": 4, "detached_households": 53.0, "rate": 0.075471698113207544, "fill": "#7fcdbb", "fill-opacity": 0.7, "stroke": "#555555" }, "geometry": { "type": "MultiPolygon", "coordinates": [ [ [ [ 141.247079443557254, 43.115884431897747 ], [ 141.247373301966746, 43.115619826195406 ], [ 141.247697254710147, 43.115358152141681 ], [ 141.2480531326066, 43.114981068882244 ], [ 141.248249324334921, 43.114723974423057 ], [ 141.248688420549485, 43.114294375552568 ], [ 141.248132132542906, 43.114057428293243 ], [ 141.247615928342526, 43.113817523478595 ], [ 141.247304664020419, 43.114125795101216 ], [ 141.246786711017478, 43.113881581737139 ], [ 141.246255048905908, 43.113624586768204 ], [ 141.24602277795637, 43.113780577631012 ], [ 141.245707386829963, 43.114017843824321 ], [ 141.245698836762074, 43.114024097855257 ], [ 141.244990593693984, 43.114538596477878 ], [ 141.244616585554269, 43.114843422676287 ], [ 141.24507280566857, 43.115164188695289 ], [ 141.245094255578721, 43.115179288310379 ], [ 141.245779420287988, 43.115671621156991 ], [ 141.245787797386583, 43.115664171665216 ], [ 141.245844098001186, 43.115702570467342 ], [ 141.246624817521791, 43.116234839664422 ], [ 141.247079443557254, 43.115884431897747 ] ] ] ] } },
{ "type": "Feature", "properties": { "KEY_CODE": "01109310301", "S_NAME": "富丘三条一丁目", "n_candidates": 172, "n_panel": 8, "detached_households": 151.0, "rate": 0.052980132450331126, "fill": "#7fcdbb", "fill-opacity": 0.7, "stroke": "#555555" }, "geometry": { "type": "MultiPolygon", "coordinates": [ [ [ [ 141.254229801975896, 43.099409560105038 ], [ 141.254507208791949, 43.099198028624834 ], [ 141.254810880618464, 43.098977795677882 ], [ 141.255028915087536, 43.098824614793713 ], [ 141.255222909065964, 43.098727557146702 ], [ 141.25536278333999, 43.098469680477656 ], [ 141.255467219651365, 43.098266703116707 ], [ 141.255491413828111, 43.097933765067985 ], [ 141.25549760201406, 43.097895348322254 ], [ 141.255527464602579, 43.097710362295054 ], [ 141.255614753317019, 43.097535016446969 ], [ 141.255718015970956, 43.097392512150009 ], [ 141.256008398814487, 43.097108864554933 ], [ 141.25657369843529, 43.09670227380893 ], [ 141.256249170020936, 43.096545437303895 ], [ 141.255982952296961, 43.096414919328041 ], [ 141.25447275844499, 43.095634373362309 ], [ 141.254183093434818, 43.095482615395596 ], [ 141.254059607687054, 43.095700405545131 ], [ 141.253590513570288, 43.096174705211077 ], [ 141.253333039639017, 43.096446606524751 ], [ 141.253212842928605, 43.096573629197756 ], [ 141.253168855310264, 43.096611295496672 ], [ 141.253027596152208, 43.0967884205103 ], [ 141.252788940140107, 43.097083201388308 ], [ 141.252610103332614, 43.097429139641733 ], [ 141.252106473260625, 43.098379891896585 ], [ 141.251671716895544, 43.099201697531626 ], [ 141.252021584741868, 43.099299409323422 ], [ 141.252405347487382, 43.09941394247938 ], [ 141.252481350122508, 43.099260654549937 ], [ 141.252903100640196, 43.099370451982587 ], [ 141.253969348594495, 43.099697402448975 ], [ 141.254169338883855, 43.099455662657427 ], [ 141.254229801975896, 43.099409560105038 ] ] ] ] } },
{ "type": "Feature", "properties": { "KEY_CODE": "01109310302", "S_NAME": "富丘三条二丁目", "n_candidates": 92, "n_panel": 4, "detached_households": 88.0, "rate": 0.045454545454545456, "fill": "#c7e9b4", "fill-opacity": 0.7, "stroke": "#555555" }, "geometry": { "type": "MultiPolygon", "coordinates": [ [ [ [ 141.253969348594495, 43.099697402448975 ], [ 141.252903100640196, 43.099370451982587 ], [ 141.252481350122508, 43.099260654549937 ], [ 141.252405347487382, 43.09941394247938 ], [ 141.252021584741868, 43.099299409323422 ], [ 141.251671716895544, 43.099201697531626 ], [ 141.251494828945454, 43.099450457144243 ], [ 141.251301970045944, 43.099855137550755 ], [ 141.251222642900785, 43.100206935402845 ], [ 141.251023260686281, 43.10093000979046 ], [ 141.250686955800404, 43.101591474964259 ], [ 141.250452013026802, 43.102145659088322 ], [ 141.250921094511114, 43.102291110870418 ], [ 141.251196778547893, 43.102365883359525 ], [ 141.251608941223765, 43.102505842292786 ], [ 141.25231899174517, 43.102730819512153 ], [ 141.252489902129184, 43.102318422241851 ], [ 141.252774952650412, 43.101632382444478 ], [ 141.252845719566977, 43.101470609212065 ], [ 141.252898394330401, 43.101388783781729 ], [ 141.253004636591896, 43.101193770051921 ], [ 141.253371945858333, 43.100553808130314 ], [ 141.253436676926469, 43.100450495822848 ], [ 141.253561314175954, 43.100274913465888 ], [ 141.253738464728031, 43.099974038889663 ], [ 141.253969348594495, 43.099697402448975 ] ] ] ] } },
{ "type": "Feature", "properties": { "KEY_CODE": "01109310303", "S_NAME": "富丘三条三丁目", "n_candidates": 98, "n_panel": 0, "detached_households": 80.0, "rate": 0.0, "fill": "#ffffcc", "fill-opacity": 0.7, "stroke": "#555555" }, "geometry": { "type": "MultiPolygon", "coordinates": [ [ [ [ 141.250921094511114, 43.102291110870418 ], [ 141.250452013026802, 43.102145659088322 ], [ 141.250185268186158, 43.102855199844271 ], [ 141.24988408208435, 43.103722748305117 ], [ 141.24982660764158, 43.103869092847468 ], [ 141.249771331466917, 43.103957083785261 ], [ 141.249387507073351, 43.104345955053027 ], [ 141.249342656205357, 43.104388956166119 ], [ 141.249876916191738, 43.1046470852122 ], [ 141.250255062194782, 43.104837528851171 ], [ 141.250652693885911, 43.105033979349756 ], [ 141.251254000446039, 43.105337064293664 ], [ 141.251269440951518, 43.105278825392077 ], [ 141.251492196351933, 43.104712721893407 ], [ 141.251581728228416, 43.104489365268698 ], [ 141.251682620662081, 43.104269693751725 ], [ 141.251862380185713, 43.103832971731656 ], [ 141.252097070411594, 43.103264157773957 ], [ 141.25231899174517, 43.102730819512153 ], [ 141.251608941223765, 43.102505842292786 ], [ 141.251196778547893, 43.102365883359525 ], [ 141.250921094511114, 43.102291110870418 ] ] ] ] } },
{ "type": "Feature", "properties": { "KEY_CODE": "01109310304", "S_NAME": "富丘三条四丁目", "n_candidates": 102, "n_panel": 2, "detached_households": 87.0, "rate": 0.022988505747126436, "fill": "#c7e9b4", "fill-opacity": 0.7, "stroke": "#555555" }, "geometry": { "type": "MultiPolygon", "coordinates": [ [ [ [ 141.249876916191738, 43.1046470852122 ], [ 141.249342656205357, 43.104388956166119 ], [ 141.249162615643854, 43.104588031947529 ], [ 141.248953811751363, 43.104826450641184 ], [ 141.248589505537041, 43.105194883438195 ], [ 141.248366385472792, 43.105445694437797 ], [ 141.248072193516379, 43.105775565928589 ], [ 141.247790313345007, 43.106091830805852 ], [ 141.247398942396188, 43.106482739775934 ], [ 141.247304388652822, 43.106606745740791 ], [ 141.247224006098179, 43.107062404683603 ], [ 141.248064653363912, 43.107192199450914 ], [ 141.248790903794458, 43.107315011206957 ], [ 141.249133659303709, 43.107363085995473 ], [ 141.250313001826584, 43.107578669499048 ], [ 141.250414431143213, 43.107385658941887 ], [ 141.250548695844827, 43.10703863320694 ], [ 141.250624065717687, 43.106842510595754 ], [ 141.25088463887468, 43.106218225345607 ], [ 141.25097045133316, 43.106040900941473 ], [ 141.25100778300191, 43.105917239275307 ], [ 141.251254000446039, 43.105337064293664 ], [ 141.250652693885911, 43.105033979349756 ], [ 141.250255062194782, 43.104837528851171 ], [ 141.249876916191738, 43.1046470852122 ] ] ] ] } },
{ "type": "Feature", "properties": { "KEY_CODE": "01109310305", "S_NAME": "富丘三条五丁目", "n_candidates": 81, "n_panel": 2, "detached_households": 70.0, "rate": 0.028571428571428571, "fill": "#c7e9b4", "fill-opacity": 0.7, "stroke": "#555555" }, "geometry": { "type": "MultiPolygon", "coordinates": [ [ [ [ 141.248064653363912, 43.107192199450914 ], [ 141.247224006098179, 43.107062404683603 ], [ 141.247166096438917, 43.107387871534236 ], [ 141.247081819658433, 43.107634900530655 ], [ 141.24701041379825, 43.107804893291252 ], [ 141.246884976722669, 43.108103676450725 ], [ 141.246539561020626, 43.108894521397538 ], [ 141.246355032482995, 43.109337593582509 ], [ 141.246200292125565, 43.10970813480062 ], [ 141.246035212582996, 43.110094477954107 ], [ 141.245970569729025, 43.110235678621663 ], [ 141.245929097907066, 43.110326264031499 ], [ 141.245885166439166, 43.110424129932767 ], [ 141.245820572913942, 43.110488193688056 ], [ 141.245745378333652, 43.110554767669079 ], [ 141.246182587453802, 43.110699892594482 ], [ 141.246833507216934, 43.110915946272726 ], [ 141.247079617852222, 43.110969793177965 ], [ 141.247329334858108, 43.111026271621938 ], [ 141.247663312115947, 43.111101633013178 ], [ 141.248426533762284, 43.111261974431656 ], [ 141.248463082340493, 43.111210461576924 ], [ 141.248645552678084, 43.110952121125777 ], [ 141.248665796957482, 43.110923392356575 ], [ 141.248692306546843, 43.110887053044202 ], [ 141.248928842737854, 43.110562371701008 ], [ 141.248979009778452, 43.110487980532326 ], [ 141.249335904371236, 43.109869112132927 ], [ 141.249713437621637, 43.109049212343493 ], [ 141.249936539100474, 43.108499151702134 ], [ 141.250140810221666, 43.108038453475352 ], [ 141.250313001826584, 43.107578669499048 ], [ 141.249133659303709, 43.107363085995473 ], [ 141.248790903794458, 43.107315011206957 ], [ 141.248064653363912, 43.107192199450914 ] ] ] ] } },
{ "type": "Feature", "properties": { "KEY_CODE": "01109310306", "S_NAME": "富丘三条六丁目", "n_candidates": 7, "n_panel": 0, "detached_households": 3.0, "rate": 0.0, "fill": "#ffffcc", "fill-opacity": 0.7, "stroke": "#555555" }, "geometry": { "type": "MultiPolygon", "coordinates": [ [ [ [ 141.247518522200323, 43.111974270341349 ], [ 141.247658331010086, 43.111948347498007 ], [ 141.247767494355855, 43.111964844365609 ], [ 141.247909470709487, 43.112006032687482 ], [ 141.247952287987204, 43.111952888025968 ], [ 141.248144348122509, 43.111660100290152 ], [ 141.248353924398259, 43.111364370311229 ], [ 141.248426533762284, 43.111261974431656 ], [ 141.247663312115947, 43.111101633013178 ], [ 141.247329334858108, 43.111026271621938 ], [ 141.247079617852222, 43.110969793177965 ], [ 141.246833507216934, 43.110915946272726 ], [ 141.246182587453802, 43.110699892594482 ], [ 141.245745378333652, 43.110554767669079 ], [ 141.245696119846912, 43.11054399947124 ], [ 141.245251381915523, 43.111301543939547 ], [ 141.244930466734331, 43.111830061086025 ], [ 141.245676383649283, 43.111968474041284 ], [ 141.246165450012398, 43.112058141890742 ], [ 141.246306342646676, 43.112077453322328 ], [ 141.246439753636594, 43.112119974576181 ], [ 141.246527665213392, 43.112138818899574 ], [ 141.246672351119429, 43.112137553376421 ], [ 141.246862957462895, 43.112134017158439 ], [ 141.247100425368188, 43.112076668387395 ], [ 141.247309325907707, 43.1120345409431 ], [ 141.247518522200323, 43.111974270341349 ] ] ] ] } },
{ "type": "Feature", "properties": { "KEY_CODE": "01109310307", "S_NAME": "富丘三条七丁目", "n_candidates": 128, "n_panel": 3, "detached_households": 105.0, "rate": 0.028571428571428571, "fill": "#c7e9b4", "fill-opacity": 0.7, "stroke": "#555555" }, "geometry": { "type": "MultiPolygon", "coordinates": [ [ [ [ 141.247557481723902, 43.112492863588542 ], [ 141.247821135061116, 43.112148519286222 ], [ 141.247909470709487, 43.112006032687482 ], [ 141.247767494355855, 43.111964844365609 ], [ 141.247658331010086, 43.111948347498007 ], [ 141.247518522200323, 43.111974270341349 ], [ 141.247309325907707, 43.1120345409431 ], [ 141.247100425368188, 43.112076668387395 ], [ 141.246862957462895, 43.112134017158439 ], [ 141.246672351119429, 43.112137553376421 ], [ 141.246527665213392, 43.112138818899574 ], [ 141.246439753636622, 43.112119974576181 ], [ 141.246306342646676, 43.112077453322328 ], [ 141.246165450012398, 43.112058141890714 ], [ 141.245676383649283, 43.111968474041284 ], [ 141.244930466734331, 43.111830061086025 ], [ 141.24487283498047, 43.111896789944247 ], [ 141.244811746680853, 43.111963487324992 ], [ 141.24467951999668, 43.112065780958474 ], [ 141.244469340190989, 43.112215351794347 ], [ 141.243935252626954, 43.112582769483495 ], [ 141.243456758407262, 43.112919868357956 ], [ 141.24266334327973, 43.113482200947722 ], [ 141.243429943087733, 43.1140172529309 ], [ 141.243817333422101, 43.114284390959249 ], [ 141.244113984089353, 43.114488630193563 ], [ 141.244131476008164, 43.114499122749748 ], [ 141.244616585554269, 43.114843422676287 ], [ 141.244990593694013, 43.114538596477878 ], [ 141.245698836762102, 43.114024097855228 ], [ 141.245707386829963, 43.114017843824307 ], [ 141.246022777956455, 43.113780577631005 ], [ 141.246255048905908, 43.113624586768204 ], [ 141.246470101178915, 43.113453110431173 ], [ 141.246674189087202, 43.113312129045269 ], [ 141.246976807245517, 43.113086561980325 ], [ 141.247234757618457, 43.112856735181275 ], [ 141.247377665287672, 43.112723374752406 ], [ 141.247557481723902, 43.112492863588542 ] ] ] ] } },
{ "type": "Feature", "properties": { "KEY_CODE": "01109310401", "S_NAME": "富丘四条一丁目", "n_candidates": 74, "n_panel": 3, "detached_households": 72.0, "rate": 0.041666666666666664, "fill": "#c7e9b4", "fill-opacity": 0.7, "stroke": "#555555" }, "geometry": { "type": "MultiPolygon", "coordinates": [ [ [ [ 141.254183093434818, 43.095482615395596 ], [ 141.253554366900971, 43.095165660296566 ], [ 141.253338766897201, 43.095317453256037 ], [ 141.252917565250726, 43.095643350195239 ], [ 141.252728206170474, 43.095809997905967 ], [ 141.251421806582869, 43.097015238227492 ], [ 141.24984396124114, 43.098490622356152 ], [ 141.25032636879871, 43.09880013138887 ], [ 141.250707895689658, 43.099028162187871 ], [ 141.251082691575931, 43.099215833779155 ], [ 141.251494828945454, 43.099450457144243 ], [ 141.251671716895544, 43.099201697531626 ], [ 141.252106473260625, 43.098379891896585 ], [ 141.252610103332614, 43.097429139641733 ], [ 141.252788940140107, 43.097083201388308 ], [ 141.253027596152208, 43.0967884205103 ], [ 141.253168855310264, 43.096611295496672 ], [ 141.253212842928605, 43.096573629197756 ], [ 141.253333039639017, 43.096446606524751 ], [ 141.253590513570288, 43.096174705211077 ], [ 141.254059607687054, 43.095700405545131 ], [ 141.254183093434818, 43.095482615395596 ] ] ] ] } },
{ "type": "Feature", "properties": { "KEY_CODE": "01109310402", "S_NAME": "富丘四条二丁目", "n_candidates": 64, "n_panel": 3, "detached_households": 56.0, "rate": 0.053571428571428568, "fill": "#7fcdbb", "fill-opacity": 0.7, "stroke": "#555555" }, "geometry": { "type": "MultiPolygon", "coordinates": [ [ [ [ 141.251082691575931, 43.099215833779155 ], [ 141.250707895689658, 43.099028162187871 ], [ 141.250349412062661, 43.099318869203863 ], [ 141.250023911818204, 43.099623086092286 ], [ 141.249947866691883, 43.099701893697834 ], [ 141.249855652620766, 43.099830564684034 ], [ 141.249789931358265, 43.09997086077356 ], [ 141.249757921373259, 43.100115458817314 ], [ 141.249751143360498, 43.100189949091892 ], [ 141.249753426657435, 43.100244262581057 ], [ 141.249762695759529, 43.10039414459154 ], [ 141.249810805667323, 43.100764144244408 ], [ 141.249825298948252, 43.100882001744971 ], [ 141.249850799714721, 43.101090257936434 ], [ 141.249905419435038, 43.101508490289291 ], [ 141.249913586943507, 43.101631778208727 ], [ 141.249959685241322, 43.101995711786486 ], [ 141.250201909423623, 43.10207392109325 ], [ 141.250452013026802, 43.102145659088322 ], [ 141.250686955800404, 43.101591474964259 ], [ 141.251023260686281, 43.10093000979046 ], [ 141.251222642900785, 43.100206935402845 ], [ 141.251301970045944, 43.099855137550755 ], [ 141.251494828945454, 43.099450457144243 ], [ 141.251082691575931, 43.099215833779155 ] ] ] ] } },
{ "type": "Feature", "properties": { "KEY_CODE": "01109310403", "S_NAME": "富丘四条三丁目", "n_candidates": 53, "n_panel": 2, "detached_households": 48.0, "rate": 0.041666666666666664, "fill": "#c7e9b4", "fill-opacity": 0.7, "stroke": "#555555" }, "geometry": { "type": "MultiPolygon", "coordinates": [ [ [ [ 141.250201909423623, 43.10207392109325 ], [ 141.249959685241322, 43.101995711786486 ], [ 141.249764981710285, 43.102199865697962 ], [ 141.249615252850788, 43.102376913281404 ], [ 141.249537452835028, 43.102439389044193 ], [ 141.249378332237711, 43.102562481377952 ], [ 141.248852211790137, 43.102972825516154 ], [ 141.248468860394212, 43.103250297877373 ], [ 141.248428426243805, 43.10328138137276 ], [ 141.248066432617662, 43.103573104790655 ], [ 141.248532110502225, 43.103980931722347 ], [ 141.248964245681947, 43.10420328895956 ], [ 141.249342656205357, 43.104388956166119 ], [ 141.249387507073351, 43.104345955053027 ], [ 141.249771331466917, 43.103957083785261 ], [ 141.24982660764158, 43.103869092847468 ], [ 141.24988408208435, 43.103722748305117 ], [ 141.250185268186158, 43.102855199844271 ], [ 141.250452013026802, 43.102145659088322 ], [ 141.250201909423623, 43.10207392109325 ] ] ] ] } },
{ "type": "Feature", "properties": { "KEY_CODE": "01109310404", "S_NAME": "富丘四条四丁目", "n_candidates": 123, "n_panel": 7, "detached_households": 111.0, "rate": 0.063063063063063057, "fill": "#7fcdbb", "fill-opacity": 0.7, "stroke": "#555555" }, "geometry": { "type": "MultiPolygon", "coordinates": [ [ [ [ 141.248532110502225, 43.103980931722347 ], [ 141.248066432617662, 43.103573104790655 ], [ 141.247395080822628, 43.104088930064243 ], [ 141.246980169822621, 43.104405505343493 ], [ 141.246340280640766, 43.104897829291616 ], [ 141.245976959406704, 43.105175607725847 ], [ 141.245832215329955, 43.105304938719264 ], [ 141.245736885415084, 43.105411845563786 ], [ 141.245667796878166, 43.105551616066087 ], [ 141.245574575512876, 43.105805457718745 ], [ 141.245443730809797, 43.106176489392432 ], [ 141.245246821855119, 43.106772203095915 ], [ 141.245346335237514, 43.106785384899794 ], [ 141.245944278405261, 43.106864824887879 ], [ 141.246247065228658, 43.106914812084263 ], [ 141.246588163016241, 43.106964144867433 ], [ 141.246598121212287, 43.106965638911241 ], [ 141.247224006098179, 43.107062404683603 ], [ 141.247304388652822, 43.106606745740791 ], [ 141.247398942396188, 43.106482739775934 ], [ 141.247790313345007, 43.106091830805852 ], [ 141.248072193516379, 43.105775565928589 ], [ 141.248366385472792, 43.105445694437797 ], [ 141.248589505537041, 43.105194883438195 ], [ 141.248953811751363, 43.104826450641184 ], [ 141.249162615643854, 43.104588031947529 ], [ 141.249342656205357, 43.104388956166119 ], [ 141.248964245681947, 43.10420328895956 ], [ 141.248532110502225, 43.103980931722347 ] ] ] ] } },
{ "type": "Feature", "properties": { "KEY_CODE": "01109310405", "S_NAME": "富丘四条五丁目", "n_candidates": 75, "n_panel": 2, "detached_households": 70.0, "rate": 0.028571428571428571, "fill": "#c7e9b4", "fill-opacity": 0.7, "stroke": "#555555" }, "geometry": { "type": "MultiPolygon", "coordinates": [ [ [ [ 141.246539561020626, 43.108894521397538 ], [ 141.246884976722669, 43.108103676450725 ], [ 141.24701041379825, 43.107804893291252 ], [ 141.247081819658433, 43.107634900530655 ], [ 141.247166096438917, 43.107387871534236 ], [ 141.247224006098179, 43.107062404683603 ], [ 141.246598121212287, 43.106965638911241 ], [ 141.246588163016241, 43.106964144867433 ], [ 141.246247065228658, 43.106914812084263 ], [ 141.245944278405346, 43.106864824887879 ], [ 141.245346335237542, 43.106785384899808 ], [ 141.245246821855119, 43.106772203095915 ], [ 141.24468284073609, 43.106688061975248 ], [ 141.244471033056499, 43.107366631216316 ], [ 141.244450290240479, 43.107425806909482 ], [ 141.244310528817095, 43.107907032781135 ], [ 141.244243532249101, 43.108088735905149 ], [ 141.243799702340027, 43.108005435754798 ], [ 141.243762164158767, 43.10822860960878 ], [ 141.243131510909677, 43.109711288054442 ], [ 141.243593384074586, 43.109871618194596 ], [ 141.244034856232531, 43.110017631492795 ], [ 141.244295161304819, 43.110100110513045 ], [ 141.245696119846912, 43.11054399947124 ], [ 141.245745378333652, 43.110554767669079 ], [ 141.245820572913942, 43.110488193688056 ], [ 141.245885166439166, 43.110424129932767 ], [ 141.245929097907066, 43.110326264031499 ], [ 141.245970569729025, 43.110235678621663 ], [ 141.246035212582996, 43.110094477954107 ], [ 141.246200292125565, 43.10970813480062 ], [ 141.246355032482995, 43.109337593582509 ], [ 141.246539561020626, 43.108894521397538 ] ] ] ] } },
{ "type": "Feature", "properties": { "KEY_CODE": "01109310406", "S_NAME": "富丘四条六丁目", "n_candidates": 52, "n_panel": 0, "detached_households": 51.0, "rate": 0.0, "fill": "#ffffcc", "fill-opacity": 0.7, "stroke": "#555555" }, "geometry": { "type": "MultiPolygon", "coordinates": [ [ [ [ 141.243593384074586, 43.109871618194596 ], [ 141.243131510909677, 43.109711288054442 ], [ 141.24233266785015, 43.110987614725865 ], [ 141.242404983307324, 43.111096838793578 ], [ 141.242645216902275, 43.11129805300024 ], [ 141.242766008176602, 43.111354675766052 ], [ 141.242937819584284, 43.111426023398195 ], [ 141.243095340533216, 43.111502380458525 ], [ 141.243403759709025, 43.111631824464773 ], [ 141.243603875241121, 43.11169821589997 ], [ 141.243800481473642, 43.111761973062549 ], [ 141.243872522737149, 43.111776814076812 ], [ 141.2439255039057, 43.111777279679359 ], [ 141.244066594317587, 43.111778519472885 ], [ 141.244345332180927, 43.111786171522326 ], [ 141.244599265719359, 43.111796138547881 ], [ 141.244800218167597, 43.111805638463956 ], [ 141.244930466734331, 43.111830061086025 ], [ 141.245251381915523, 43.111301543939547 ], [ 141.245696119846912, 43.11054399947124 ], [ 141.244295161304819, 43.110100110513045 ], [ 141.244034856232531, 43.110017631492795 ], [ 141.243593384074586, 43.109871618194596 ] ] ] ] } },
{ "type": "Feature", "properties": { "KEY_CODE": "01109310407", "S_NAME": "富丘四条七丁目", "n_candidates": 70, "n_panel": 2, "detached_households": 63.0, "rate": 0.031746031746031744, "fill": "#c7e9b4", "fill-opacity": 0.7, "stroke": "#555555" }, "geometry": { "type": "MultiPolygon", "coordinates": [ [ [ [ 141.242937819584284, 43.111426023398195 ], [ 141.242766008176602, 43.111354675766052 ], [ 141.242380303625566, 43.111635691407045 ], [ 141.242022590493377, 43.111924757850559 ], [ 141.241522295252622, 43.112303010562265 ], [ 141.241275563994293, 43.112497335350135 ], [ 141.24161226578363, 43.112734285220469 ], [ 141.241936607882565, 43.112969859345604 ], [ 141.242246356431053, 43.113188214204662 ], [ 141.24266334327973, 43.113482200947722 ], [ 141.243456758407262, 43.112919868357956 ], [ 141.243935252626983, 43.112582769483495 ], [ 141.244469340190989, 43.112215351794347 ], [ 141.24467951999668, 43.112065780958474 ], [ 141.244811746680853, 43.111963487324992 ], [ 141.24487283498047, 43.111896789944247 ], [ 141.244930466734331, 43.111830061086025 ], [ 141.244800218167597, 43.111805638463956 ], [ 141.244599265719359, 43.111796138547881 ], [ 141.244345332180927, 43.111786171522326 ], [ 141.244066594317587, 43.111778519472885 ], [ 141.2439255039057, 43.111777279679359 ], [ 141.243872522737149, 43.111776814076812 ], [ 141.243800481473642, 43.111761973062549 ], [ 141.243603875241121, 43.11169821589997 ], [ 141.243403759709025, 43.111631824464773 ], [ 141.243095340533216, 43.111502380458525 ], [ 141.242937819584284, 43.111426023398195 ] ] ] ] } },
{ "type": "Feature", "properties": { "KEY_CODE": "01109310502", "S_NAME": "富丘五条二丁目", "n_candidates": 86, "n_panel": 8, "detached_households": 79.0, "rate": 0.10126582278481013, "fill": "#41b6c4", "fill-opacity": 0.7, "stroke": "#555555" }, "geometry": { "type": "MultiPolygon", "coordinates": [ [ [ [ 141.24947561293024, 43.101185443108633 ], [ 141.249825298948252, 43.100882001744971 ], [ 141.249810805667323, 43.100764144244408 ], [ 141.249762695759529, 43.10039414459154 ], [ 141.249753426657435, 43.100244262581057 ], [ 141.249751143360498, 43.100189949091892 ], [ 141.249757921373259, 43.100115458817314 ], [ 141.249789931358265, 43.09997086077356 ], [ 141.249855652620766, 43.099830564684034 ], [ 141.249947866691883, 43.099701893697834 ], [ 141.250023911818204, 43.099623086092286 ], [ 141.250349412062661, 43.099318869203863 ], [ 141.250707895689658, 43.099028162187871 ], [ 141.25032636879871, 43.098800131388892 ], [ 141.249843961241083, 43.098490622356167 ], [ 141.249213167339548, 43.099090013947965 ], [ 141.248004478719594, 43.10022630759569 ], [ 141.247400729932565, 43.100800890310552 ], [ 141.247860511364081, 43.101079900742441 ], [ 141.248026599525019, 43.100917977982625 ], [ 141.248383744509454, 43.101117108735686 ], [ 141.248740715273783, 43.101327136678684 ], [ 141.249087620472523, 43.101530606294013 ], [ 141.24947561293024, 43.101185443108633 ] ] ] ] } },
{ "type": "Feature", "properties": { "KEY_CODE": "01109310503", "S_NAME": "富丘五条三丁目", "n_candidates": 49, "n_panel": 1, "detached_households": 43.0, "rate": 0.023255813953488372, "fill": "#c7e9b4", "fill-opacity": 0.7, "stroke": "#555555" }, "geometry": { "type": "MultiPolygon", "coordinates": [ [ [ [ 141.249913586943507, 43.101631778208727 ], [ 141.249905419435038, 43.101508490289291 ], [ 141.249850799714693, 43.101090257936434 ], [ 141.249825298948224, 43.100882001744964 ], [ 141.24947561293024, 43.101185443108598 ], [ 141.249087620472523, 43.101530606294013 ], [ 141.248740715273783, 43.101327136678684 ], [ 141.248383744509425, 43.101117108735686 ], [ 141.248026599525019, 43.100917977982625 ], [ 141.247860511364081, 43.101079900742441 ], [ 141.247400729932565, 43.100800890310552 ], [ 141.246618759153108, 43.101527087633919 ], [ 141.24641416034126, 43.101731219910015 ], [ 141.246244314333154, 43.101899506700498 ], [ 141.246727485906604, 43.102315657151124 ], [ 141.24706417654167, 43.102627489047748 ], [ 141.247401767845474, 43.102949172221351 ], [ 141.247600605552066, 43.103133625613211 ], [ 141.247715673450983, 43.103240336648199 ], [ 141.248066432617662, 43.103573104790655 ], [ 141.248428426243805, 43.10328138137276 ], [ 141.248468860394212, 43.103250297877373 ], [ 141.248852211790137, 43.102972825516154 ], [ 141.249378332237683, 43.102562481377966 ], [ 141.249537452834971, 43.102439389044193 ], [ 141.249615252850788, 43.102376913281404 ], [ 141.249764981710285, 43.102199865697976 ], [ 141.249959685241294, 43.101995711786486 ], [ 141.249913586943507, 43.101631778208727 ] ] ] ] } },
{ "type": "Feature", "properties": { "KEY_CODE": "01109310504", "S_NAME": "富丘五条四丁目", "n_candidates": 167, "n_panel": 3, "detached_households": 148.0, "rate": 0.020270270270270271, "fill": "#c7e9b4", "fill-opacity": 0.7, "stroke": "#555555" }, "geometry": { "type": "MultiPolygon", "coordinates": [ [ [ [ 141.246727485906604, 43.102315657151124 ], [ 141.246244314333154, 43.101899506700498 ], [ 141.245004291063282, 43.103025638293872 ], [ 141.244935655386428, 43.103108376251562 ], [ 141.244329631603591, 43.103730596411424 ], [ 141.243766895661764, 43.104381326931488 ], [ 141.243205598666293, 43.105136786300719 ], [ 141.243017998351661, 43.10542095195153 ], [ 141.242838526223466, 43.105718621500415 ], [ 141.242672336029244, 43.105972943977775 ], [ 141.242492635213466, 43.106284254625159 ], [ 141.242451124441033, 43.106345567491459 ], [ 141.243188170241467, 43.106452550778805 ], [ 141.243679441195127, 43.106527619479749 ], [ 141.24370107783011, 43.106531044751215 ], [ 141.244122896766328, 43.106597835895535 ], [ 141.244131321560559, 43.106599176370061 ], [ 141.24464233775069, 43.106682010467388 ], [ 141.24468284073609, 43.106688061975248 ], [ 141.245246821855119, 43.106772203095915 ], [ 141.245443730809797, 43.106176489392432 ], [ 141.245574575512876, 43.105805457718745 ], [ 141.245667796878166, 43.105551616066087 ], [ 141.245736885415084, 43.105411845563786 ], [ 141.245832215329983, 43.105304938719264 ], [ 141.245976959406704, 43.105175607725847 ], [ 141.246340280640766, 43.104897829291616 ], [ 141.246980169822621, 43.104405505343493 ], [ 141.247395080822628, 43.104088930064243 ], [ 141.248066432617662, 43.103573104790655 ], [ 141.247715673450983, 43.103240336648199 ], [ 141.247600605552066, 43.103133625613211 ], [ 141.247401767845474, 43.102949172221351 ], [ 141.24706417654167, 43.102627489047727 ], [ 141.246727485906604, 43.102315657151124 ] ] ] ] } },
{ "type": "Feature", "properties": { "KEY_CODE": "01109310505", "S_NAME": "富丘五条五丁目", "n_candidates": 138, "n_panel": 4, "detached_households": 133.0, "rate": 0.03007518796992481, "fill": "#c7e9b4", "fill-opacity": 0.7, "stroke": "#555555" }, "geometry": { "type": "MultiPolygon", "coordinates": [ [ [ [ 141.243762164158767, 43.10822860960878 ], [ 141.243799702340027, 43.108005435754798 ], [ 141.244243532249101, 43.108088735905149 ], [ 141.244310528817095, 43.107907032781135 ], [ 141.244450290240479, 43.107425806909482 ], [ 141.244471033056499, 43.107366631216316 ], [ 141.24468284073609, 43.106688061975248 ], [ 141.24464233775069, 43.106682010467388 ], [ 141.244131321560559, 43.106599176370061 ], [ 141.244122896766328, 43.106597835895535 ], [ 141.24370107783011, 43.106531044751215 ], [ 141.243679441195127, 43.106527619479749 ], [ 141.243188170241467, 43.106452550778805 ], [ 141.242451124441033, 43.106345567491459 ], [ 141.241737847447979, 43.10769163645196 ], [ 141.241620357539119, 43.107919801822433 ], [ 141.241079293478123, 43.108976643661464 ], [ 141.241860202098792, 43.10926125046921 ], [ 141.242332368889919, 43.109419777643424 ], [ 141.242664841135621, 43.109550912784641 ], [ 141.242834747664517, 43.109597557932176 ], [ 141.243131510909677, 43.109711288054442 ], [ 141.243762164158767, 43.10822860960878 ] ] ] ] } },
{ "type": "Feature", "properties": { "KEY_CODE": "01109310506", "S_NAME": "富丘五条六丁目", "n_candidates": 37, "n_panel": 3, "detached_households": 34.0, "rate": 0.088235294117647065, "fill": "#41b6c4", "fill-opacity": 0.7, "stroke": "#555555" }, "geometry": { "type": "MultiPolygon", "coordinates": [ [ [ [ 141.241860202098792, 43.10926125046921 ], [ 141.241079293478123, 43.108976643661464 ], [ 141.240700164318582, 43.10950076580135 ], [ 141.240922028072674, 43.109586552996674 ], [ 141.240985477698871, 43.109633318562878 ], [ 141.241046182481114, 43.109689412493921 ], [ 141.241214035898537, 43.109861087067671 ], [ 141.241503374940066, 43.1101345408904 ], [ 141.242014388505396, 43.110599552628031 ], [ 141.242177100431888, 43.110792348440221 ], [ 141.24233266785015, 43.110987614725865 ], [ 141.243131510909677, 43.109711288054442 ], [ 141.242834747664517, 43.109597557932176 ], [ 141.24266484113565, 43.10955091278467 ], [ 141.242332368889919, 43.109419777643424 ], [ 141.241860202098792, 43.10926125046921 ] ] ] ] } },
{ "type": "Feature", "properties": { "KEY_CODE": "01109310507", "S_NAME": "富丘五条七丁目", "n_candidates": 54, "n_panel": 3, "detached_households": 51.0, "rate": 0.058823529411764705, "fill": "#7fcdbb", "fill-opacity": 0.7, "stroke": "#555555" }, "geometry": { "type": "MultiPolygon", "coordinates": [ [ [ [ 141.240922028072674, 43.109586552996674 ], [ 141.240700164318582, 43.10950076580135 ], [ 141.240323625357092, 43.109971882081368 ], [ 141.239935326679358, 43.110410611930149 ], [ 141.239526627952557, 43.110851973235292 ], [ 141.239486132139064, 43.110897892665818 ], [ 141.239900456774507, 43.111159303866337 ], [ 141.240681505632239, 43.111711240163636 ], [ 141.24083501672331, 43.111821181017277 ], [ 141.240981553671048, 43.111923324035331 ], [ 141.241155843544306, 43.112054124237083 ], [ 141.241522295252622, 43.112303010562265 ], [ 141.242022590493377, 43.111924757850559 ], [ 141.242380303625566, 43.111635691407045 ], [ 141.242766008176602, 43.111354675766052 ], [ 141.242645216902275, 43.11129805300024 ], [ 141.242404983307352, 43.11109683879355 ], [ 141.242332667850206, 43.110987614725836 ], [ 141.242177100431945, 43.110792348440221 ], [ 141.242014388505396, 43.110599552628031 ], [ 141.241503374940095, 43.110134540890449 ], [ 141.241214035898452, 43.109861087067671 ], [ 141.241046182481114, 43.109689412493921 ], [ 141.240985477698871, 43.109633318562878 ], [ 141.240922028072674, 43.109586552996674 ] ] ] ] } },
{ "type": "Feature", "properties": { "KEY_CODE": "01109310602", "S_NAME": "富丘六条二丁目", "n_candidates": 4, "n_panel": 0, "detached_households": 0.0, "rate": null, "fill": "#cccccc", "fill-opacity": 0.7, "stroke": "#555555" }, "geometry": { "type": "MultiPolygon", "coordinates": [ [ [ [ 141.248004478719594, 43.100226307595669 ], [ 141.249213167339548, 43.099090013947965 ], [ 141.248693389200497, 43.098782917041042 ], [ 141.248181224533482, 43.099116019576954 ], [ 141.247676976650041, 43.099463606229968 ], [ 141.24717570997808, 43.099833863532105 ], [ 141.246566017950386, 43.100296074269878 ], [ 141.247400729932593, 43.100800890310545 ], [ 141.248004478719594, 43.100226307595669 ] ] ] ] } },
{ "type": "Feature", "properties": { "KEY_CODE": "01109310603", "S_NAME": "富丘六条三丁目", "n_candidates": 1, "n_panel": 0, "detached_households": null, "rate": null, "fill": "#cccccc", "fill-opacity": 0.7, "stroke": "#555555" }, "geometry": { "type": "MultiPolygon", "coordinates": [ [ [ [ 141.246244314333154, 43.101899506700498 ], [ 141.246414160341288, 43.101731219910015 ], [ 141.245289628895364, 43.101065752362679 ], [ 141.24496826258698, 43.101214632299225 ], [ 141.243891142156883, 43.102285430639853 ], [ 141.244241713440942, 43.102446047367486 ], [ 141.245004291063339, 43.103025638293843 ], [ 141.246244314333154, 43.101899506700498 ] ] ] ] } },
{ "type": "Feature", "properties": { "KEY_CODE": "01109310604", "S_NAME": "富丘六条四丁目", "n_candidates": 147, "n_panel": 2, "detached_households": 144.0, "rate": 0.013888888888888888, "fill": "#ffffcc", "fill-opacity": 0.7, "stroke": "#555555" }, "geometry": { "type": "MultiPolygon", "coordinates": [ [ [ [ 141.241416574360244, 43.104194885712538 ], [ 141.2406354981633, 43.104158465967309 ], [ 141.239963589130895, 43.10486145199026 ], [ 141.239424510632716, 43.105441617903786 ], [ 141.23912738008093, 43.105754489824363 ], [ 141.239549418731116, 43.105813069523819 ], [ 141.23987414487911, 43.105870792540919 ], [ 141.240288751134671, 43.105932046231665 ], [ 141.240748181702628, 43.10599918190573 ], [ 141.241002155643912, 43.10603440483704 ], [ 141.24121099044234, 43.106082873814472 ], [ 141.241320323374367, 43.106105848738615 ], [ 141.241962173223186, 43.106199481618724 ], [ 141.242492635213495, 43.106284254625159 ], [ 141.242672336029244, 43.105972943977733 ], [ 141.242838526223494, 43.105718621500429 ], [ 141.243017998351661, 43.10542095195153 ], [ 141.243205598666293, 43.105136786300719 ], [ 141.243766895661764, 43.104381326931488 ], [ 141.243639656090266, 43.104367619386807 ], [ 141.243290630132094, 43.104340499971919 ], [ 141.242155556032031, 43.104252309903167 ], [ 141.241416574360244, 43.104194885712538 ] ] ] ] } },
{ "type": "Feature", "properties": { "KEY_CODE": "01109310607", "S_NAME": "富丘六条七丁目", "n_candidates": 53, "n_panel": 0, "detached_households": 45.0, "rate": 0.0, "fill": "#ffffcc", "fill-opacity": 0.7, "stroke": "#555555" }, "geometry": { "type": "MultiPolygon", "coordinates": [ [ [ [ 141.240700164318582, 43.10950076580135 ], [ 141.240467766764368, 43.109267337279185 ], [ 141.240139233018056, 43.109422607533361 ], [ 141.240058835768849, 43.109443348538925 ], [ 141.23994938101626, 43.109444985113967 ], [ 141.23987926234733, 43.10941848562166 ], [ 141.239805892047997, 43.109373882435037 ], [ 141.239753677488778, 43.109326935154783 ], [ 141.239747903916935, 43.109251914078911 ], [ 141.239740408630155, 43.109065618194741 ], [ 141.239593012706507, 43.108905304859157 ], [ 141.239475296560016, 43.108767265560566 ], [ 141.239416333751819, 43.108704716534902 ], [ 141.239202549785205, 43.108612316626811 ], [ 141.238897079582529, 43.108054517495432 ], [ 141.238337021991015, 43.107813478230867 ], [ 141.238353818817927, 43.108425553843766 ], [ 141.238156613998768, 43.108591403852586 ], [ 141.237278784445465, 43.109395513704136 ], [ 141.238721216340309, 43.110364237949845 ], [ 141.239486132139064, 43.110897892665818 ], [ 141.239526627952557, 43.110851973235292 ], [ 141.239935326679358, 43.110410611930149 ], [ 141.240323625357092, 43.109971882081368 ], [ 141.240700164318582, 43.10950076580135 ] ] ] ] } },
{ "type": "Feature", "properties": { "KEY_CODE": "01109320101", "S_NAME": "前田一条一丁目", "n_candidates": 61, "n_panel": 4, "detached_households": 53.0, "rate": 0.075471698113207544, "fill": "#7fcdbb", "fill-opacity": 0.7, "stroke": "#555555" }, "geometry": { "type": "MultiPolygon", "coordinates": [ [ [ [ 141.265779598215204, 43.109428635826966 ], [ 141.266209158699581, 43.1091642319602 ], [ 141.266486447880993, 43.109177724865887 ], [ 141.266494453246537, 43.108989244190418 ], [ 141.266487505011725, 43.108793318270855 ], [ 141.266511994658686, 43.107891636754033 ], [ 141.26651171829775, 43.107608562452597 ], [ 141.266530148288439, 43.106761685487299 ], [ 141.26653493935558, 43.10647985020681 ], [ 141.266257068454536, 43.106665593124916 ], [ 141.265766038231305, 43.106945715171314 ], [ 141.265493531487579, 43.107119828191024 ], [ 141.265352704700291, 43.107192743852792 ], [ 141.265061516003556, 43.10736458639964 ], [ 141.264963644627755, 43.107422327834101 ], [ 141.264675846748275, 43.107585970869671 ], [ 141.264613702801, 43.107630446727605 ], [ 141.264550265172403, 43.107665839056367 ], [ 141.264381202809432, 43.107763477883253 ], [ 141.264120666394689, 43.107922593847313 ], [ 141.264120252893406, 43.107922846878928 ], [ 141.264995414320254, 43.10871762986811 ], [ 141.265779598215204, 43.109428635826966 ] ] ] ] } },
{ "type": "Feature", "properties": { "KEY_CODE": "01109320102", "S_NAME": "前田一条二丁目", "n_candidates": 100, "n_panel": 1, "detached_households": 101.0, "rate": 0.0099009900990099011, "fill": "#ffffcc", "fill-opacity": 0.7, "stroke": "#555555" }, "geometry": { "type": "MultiPolygon", "coordinates": [ [ [ [ 141.264995414320254, 43.10871762986811 ], [ 141.264120252893406, 43.107922846878928 ], [ 141.263807626202492, 43.108096119783248 ], [ 141.263667351667493, 43.1081702342969 ], [ 141.263305827677812, 43.108375856948747 ], [ 141.263244798873899, 43.108410565474408 ], [ 141.262927452669004, 43.108590545267063 ], [ 141.262864248316902, 43.108653086394455 ], [ 141.262433662764408, 43.108885046315983 ], [ 141.263329619224208, 43.109723483655415 ], [ 141.264122190217989, 43.110437808801478 ], [ 141.264553447715372, 43.110170190878058 ], [ 141.264960881699409, 43.10993338142832 ], [ 141.265353383530993, 43.109681744169286 ], [ 141.265779598215204, 43.109428635826966 ], [ 141.264995414320254, 43.10871762986811 ] ] ] ] } },
{ "type": "Feature", "properties": { "KEY_CODE": "01109320103", "S_NAME": "前田一条三丁目", "n_candidates": 124, "n_panel": 3, "detached_households": 117.0, "rate": 0.02564102564102564, "fill": "#c7e9b4", "fill-opacity": 0.7, "stroke": "#555555" }, "geometry": { "type": "MultiPolygon", "coordinates": [ [ [ [ 141.263329619224208, 43.109723483655415 ], [ 141.262433662764408, 43.108885046315983 ], [ 141.26226337672361, 43.108998706423542 ], [ 141.262020060172063, 43.109147112461343 ], [ 141.261646019408289, 43.109378221079879 ], [ 141.261606935428517, 43.109379220233443 ], [ 141.261487660417629, 43.109454357734805 ], [ 141.261211191411377, 43.109628637759222 ], [ 141.261045771027142, 43.109726021318018 ], [ 141.26080970149988, 43.109865062808225 ], [ 141.260685471805317, 43.109949721397463 ], [ 141.259966737088234, 43.11038229336517 ], [ 141.260823272212093, 43.111152122155666 ], [ 141.260889922181235, 43.111209874026834 ], [ 141.261151750947164, 43.111433176282411 ], [ 141.261459526938097, 43.111706526160347 ], [ 141.261674487438739, 43.11192562503868 ], [ 141.262504999737786, 43.111401451603307 ], [ 141.262917407543711, 43.111172920155752 ], [ 141.263307397266374, 43.110923517739003 ], [ 141.263703099817434, 43.110682673106425 ], [ 141.264122190217989, 43.110437808801478 ], [ 141.263329619224208, 43.109723483655415 ] ] ] ] } },
{ "type": "Feature", "properties": { "KEY_CODE": "01109320104", "S_NAME": "前田一条四丁目", "n_candidates": 99, "n_panel": 1, "detached_households": 88.0, "rate": 0.011363636363636364, "fill": "#ffffcc", "fill-opacity": 0.7, "stroke": "#555555" }, "geometry": { "type": "MultiPolygon", "coordinates": [ [ [ [ 141.260823272212093, 43.111152122155666 ], [ 141.259966737088234, 43.11038229336517 ], [ 141.259578410349576, 43.110623330021227 ], [ 141.259532889472723, 43.110654373441903 ], [ 141.259216493753541, 43.110845393155891 ], [ 141.258935955172348, 43.111015132113508 ], [ 141.258457410894522, 43.111301942531881 ], [ 141.258038600050241, 43.111557127750544 ], [ 141.257896355713456, 43.111645213865067 ], [ 141.257401343218106, 43.111952484111278 ], [ 141.259267761575018, 43.113620444461368 ], [ 141.259729465153896, 43.113319206905594 ], [ 141.261778658296464, 43.112020131165622 ], [ 141.261674487438739, 43.11192562503868 ], [ 141.261459526938097, 43.111706526160347 ], [ 141.261151750947164, 43.111433176282411 ], [ 141.260889922181235, 43.111209874026834 ], [ 141.260823272212093, 43.111152122155666 ] ] ] ] } },
{ "type": "Feature", "properties": { "KEY_CODE": "01109320105", "S_NAME": "前田一条五丁目", "n_candidates": 13, "n_panel": 0, "detached_households": 0.0, "rate": null, "fill": "#cccccc", "fill-opacity": 0.7, "stroke": "#555555" }, "geometry": { "type": "MultiPolygon", "coordinates": [ [ [ [ 141.259837956134902, 43.118026324671213 ], [ 141.260329709160544, 43.117739128544358 ], [ 141.260747834114767, 43.117487022693943 ], [ 141.261977803399276, 43.116724506824809 ], [ 141.26249420178857, 43.11641964997586 ], [ 141.262133261975407, 43.116142963752374 ], [ 141.261211012460706, 43.115352818670885 ], [ 141.260839567291498, 43.115020242495035 ], [ 141.260315186723176, 43.11455072604052 ], [ 141.259267761575046, 43.113620444461333 ], [ 141.257401343218106, 43.111952484111278 ], [ 141.256254910588893, 43.112633176256317 ], [ 141.255850353612658, 43.112878419681145 ], [ 141.255416109283516, 43.113148652395388 ], [ 141.255213412501348, 43.113258293708171 ], [ 141.256557469868284, 43.114315107410583 ], [ 141.255843693205435, 43.114749949594511 ], [ 141.255193464604559, 43.115154744627489 ], [ 141.255742494123979, 43.115640980457876 ], [ 141.256929214257411, 43.116671245228055 ], [ 141.25801931546394, 43.117617324071318 ], [ 141.258405409940792, 43.117970479498382 ], [ 141.259057847906121, 43.118518848832167 ], [ 141.259837956134902, 43.118026324671213 ] ] ] ] } },
{ "type": "Feature", "properties": { "KEY_CODE": "01109320106", "S_NAME": "前田一条六丁目", "n_candidates": 27, "n_panel": 0, "detached_households": 22.0, "rate": 0.0, "fill": "#ffffcc", "fill-opacity": 0.7, "stroke": "#555555" }, "geometry": { "type": "MultiPolygon", "coordinates": [ [ [ [ 141.256557469868284, 43.11431510741059 ], [ 141.255213412501263, 43.113258293708185 ], [ 141.25454830362861, 43.113652055578939 ], [ 141.254241361694255, 43.11384989661444 ], [ 141.253868796378669, 43.114051103732329 ], [ 141.254068670671131, 43.114169234914826 ], [ 141.254921586052063, 43.114906164053288 ], [ 141.255193464604559, 43.115154744627517 ], [ 141.255843693205463, 43.114749949594533 ], [ 141.256557469868284, 43.11431510741059 ] ] ] ] } },
{ "type": "Feature", "properties": { "KEY_CODE": "01109320107", "S_NAME": "前田一条七丁目", "n_candidates": 143, "n_panel": 10, "detached_households": 116.0, "rate": 0.086206896551724144, "fill": "#41b6c4", "fill-opacity": 0.7, "stroke": "#555555" }, "geometry": { "type": "MultiPolygon", "coordinates": [ [ [ [ 141.254921586052063, 43.114906164053288 ], [ 141.254068670671131, 43.114169234914826 ], [ 141.253636725133703, 43.114420914060091 ], [ 141.253466059297125, 43.114532166999027 ], [ 141.252211491909236, 43.115280237844672 ], [ 141.252548147887211, 43.11558290964485 ], [ 141.252878873238558, 43.115884403020715 ], [ 141.253235208385007, 43.11618154762845 ], [ 141.253576538871471, 43.116474832672885 ], [ 141.253913070667721, 43.116768145295701 ], [ 141.254246180826442, 43.116556045421873 ], [ 141.255325235393371, 43.115898418539025 ], [ 141.25574249412395, 43.115640980457911 ], [ 141.255193464604559, 43.115154744627517 ], [ 141.254921586052063, 43.114906164053288 ] ] ] ] } },
{ "type": "Feature", "properties": { "KEY_CODE": "01109320108", "S_NAME": "前田一条八丁目", "n_candidates": 146, "n_panel": 5, "detached_households": 135.0, "rate": 0.037037037037037035, "fill": "#c7e9b4", "fill-opacity": 0.7, "stroke": "#555555" }, "geometry": { "type": "MultiPolygon", "coordinates": [ [ [ [ 141.252548147887211, 43.11558290964485 ], [ 141.252211491909236, 43.115280237844672 ], [ 141.251299969042776, 43.115829653727332 ], [ 141.250810135103137, 43.116144745910084 ], [ 141.250587767071039, 43.116268298510278 ], [ 141.250567746753092, 43.116279421555895 ], [ 141.25035522148147, 43.116413724227023 ], [ 141.251233334437529, 43.117194293746365 ], [ 141.252052916891273, 43.117909290494843 ], [ 141.252303176669244, 43.117758068960725 ], [ 141.252303440992847, 43.117757911190928 ], [ 141.252306942784372, 43.117755793539452 ], [ 141.252508421856504, 43.117633629410598 ], [ 141.253639358902404, 43.116928505890186 ], [ 141.253913070667721, 43.116768145295701 ], [ 141.253576538871471, 43.116474832672885 ], [ 141.253235208385007, 43.11618154762845 ], [ 141.252878873238558, 43.115884403020715 ], [ 141.252548147887211, 43.11558290964485 ] ] ] ] } },
{ "type": "Feature", "properties": { "KEY_CODE": "01109320109", "S_NAME": "前田一条九丁目", "n_candidates": 79, "n_panel": 9, "detached_households": 66.0, "rate": 0.13636363636363635, "fill": "#2c7fb8", "fill-opacity": 0.7, "stroke": "#555555" }, "geometry": { "type": "MultiPolygon", "coordinates": [ [ [ [ 141.251233334437529, 43.117194293746365 ], [ 141.250355221481442, 43.116413724227051 ], [ 141.25010994844402, 43.116554633540247 ], [ 141.249868977805789, 43.116708167608586 ], [ 141.249514037753926, 43.116927518480644 ], [ 141.249146082651777, 43.11714991992315 ], [ 141.248804144218781, 43.117354543337299 ], [ 141.248449269055897, 43.117581066639225 ], [ 141.248864435801892, 43.117937602392736 ], [ 141.249347127719346, 43.118321804414379 ], [ 141.249540824203734, 43.118489471168267 ], [ 141.249790648749183, 43.118676967303209 ], [ 141.249883212610399, 43.118776375909249 ], [ 141.250149639124572, 43.11902942341797 ], [ 141.250344631735032, 43.118917050326452 ], [ 141.250736754533875, 43.118726151511595 ], [ 141.251348587485893, 43.118342919522817 ], [ 141.251562151369654, 43.118210031210218 ], [ 141.252052916891273, 43.117909290494843 ], [ 141.251233334437529, 43.117194293746365 ] ] ] ] } },
{ "type": "Feature", "properties": { "KEY_CODE": "01109320110", "S_NAME": "前田一条十丁目", "n_candidates": 97, "n_panel": 3, "detached_households": 78.0, "rate": 0.038461538461538464, "fill": "#c7e9b4", "fill-opacity": 0.7, "stroke": "#555555" }, "geometry": { "type": "MultiPolygon", "coordinates": [ [ [ [ 141.247993700969715, 43.120160330738457 ], [ 141.248003574263151, 43.120155353384419 ], [ 141.248004878056889, 43.12015782409842 ], [ 141.249139331913995, 43.119532036069934 ], [ 141.250149639124572, 43.119029423417942 ], [ 141.249883212610399, 43.118776375909249 ], [ 141.249790648749183, 43.118676967303202 ], [ 141.249540824203734, 43.118489471168267 ], [ 141.249347127719346, 43.118321804414379 ], [ 141.248864435801892, 43.117937602392736 ], [ 141.248449269055897, 43.117581066639225 ], [ 141.248014660912816, 43.117840015436158 ], [ 141.248004189952837, 43.117846252365567 ], [ 141.247504532108877, 43.118143451869109 ], [ 141.247489990706868, 43.118152116845025 ], [ 141.247297354560118, 43.118266895785659 ], [ 141.247248882075581, 43.118295728384673 ], [ 141.246339302538132, 43.118837945409318 ], [ 141.245316265175262, 43.119448147459622 ], [ 141.245776062840235, 43.119801209153721 ], [ 141.245989831423685, 43.119965353219037 ], [ 141.24695404962273, 43.12070570823392 ], [ 141.247179456417285, 43.120587467419362 ], [ 141.247449811061074, 43.120445646566544 ], [ 141.247663201575705, 43.120333706731373 ], [ 141.247993700969715, 43.120160330738457 ] ] ] ] } },
{ "type": "Feature", "properties": { "KEY_CODE": "01109320111", "S_NAME": "前田一条十一丁目", "n_candidates": 0, "n_panel": 0, "detached_households": 0.0, "rate": null, "fill": "#cccccc", "fill-opacity": 0.7, "stroke": "#555555" }, "geometry": { "type": "MultiPolygon", "coordinates": [ [ [ [ 141.247122734160172, 43.121775621130851 ], [ 141.247421038847648, 43.121610988668124 ], [ 141.247850229853356, 43.121344749017943 ], [ 141.246954049622758, 43.120705708233913 ], [ 141.245989831423685, 43.119965353219037 ], [ 141.245776062840235, 43.119801209153721 ], [ 141.245316265175262, 43.119448147459622 ], [ 141.245281954934597, 43.119467891185771 ], [ 141.244221663823453, 43.120076840626005 ], [ 141.242904408290343, 43.120892118407838 ], [ 141.242841760769977, 43.12092440881495 ], [ 141.243588561900225, 43.121337758474311 ], [ 141.244348376743233, 43.121707544211368 ], [ 141.244356375598528, 43.121711483665521 ], [ 141.245895906858209, 43.122445165399078 ], [ 141.245919600811078, 43.122558038974532 ], [ 141.246018108084684, 43.122487590046362 ], [ 141.247122734160172, 43.121775621130851 ] ] ] ] } },
{ "type": "Feature", "properties": { "KEY_CODE": "01109320112", "S_NAME": "前田一条十二丁目", "n_candidates": 69, "n_panel": 1, "detached_households": 40.0, "rate": 0.025, "fill": "#c7e9b4", "fill-opacity": 0.7, "stroke": "#555555" }, "geometry": { "type": "MultiPolygon", "coordinates": [ [ [ [ 141.243588561900225, 43.121337758474333 ], [ 141.242841760769949, 43.120924408814979 ], [ 141.242018226972647, 43.121349260764987 ], [ 141.241979856712021, 43.122276911989047 ], [ 141.241955189535787, 43.122872943461346 ], [ 141.241957321711624, 43.123321869478694 ], [ 141.241946494482988, 43.123449210270955 ], [ 141.241920074259269, 43.123760041841656 ], [ 141.241914449814232, 43.123903814495485 ], [ 141.24191035485768, 43.124445451449368 ], [ 141.24188700484936, 43.12500203817666 ], [ 141.243197208479359, 43.124195787068281 ], [ 141.243390324662471, 43.124082638512242 ], [ 141.243702426541859, 43.123891837740736 ], [ 141.244141941727662, 43.123612837225991 ], [ 141.245560183996446, 43.122813063097368 ], [ 141.245919600811078, 43.122558038974553 ], [ 141.245895906858209, 43.122445165399078 ], [ 141.244356375598528, 43.121711483665536 ], [ 141.244348376743176, 43.121707544211397 ], [ 141.243588561900225, 43.121337758474333 ] ] ] ] } },
{ "type": "Feature", "properties": { "KEY_CODE": "01109320201", "S_NAME": "前田二条一丁目", "n_candidates": 1, "n_panel": 0, "detached_households": null, "rate": null, "fill": "#cccccc", "fill-opacity": 0.7, "stroke": "#555555" }, "geometry": { "type": "MultiPolygon", "coordinates": [ [ [ [ 141.266472590666524, 43.10941411983854 ], [ 141.266486447880993, 43.109177724865866 ], [ 141.266209158699581, 43.109164231960158 ], [ 141.265779598215204, 43.109428635826966 ], [ 141.266472082762732, 43.11004046026946 ], [ 141.266472590666524, 43.10941411983854 ] ] ] ] } },
{ "type": "Feature", "properties": { "KEY_CODE": "01109320202", "S_NAME": "前田二条二丁目", "n_candidates": 64, "n_panel": 3, "detached_households": 57.0, "rate": 0.052631578947368418, "fill": "#7fcdbb", "fill-opacity": 0.7, "stroke": "#555555" }, "geometry": { "type": "MultiPolygon", "coordinates": [ [ [ [ 141.266472082762789, 43.11004046026946 ], [ 141.265779598215204, 43.109428635826966 ], [ 141.265353383530993, 43.109681744169286 ], [ 141.264960881699409, 43.10993338142832 ], [ 141.264553447715372, 43.110170190878058 ], [ 141.264122190217989, 43.110437808801478 ], [ 141.264896844563111, 43.111145082668259 ], [ 141.265523593492986, 43.111696287033809 ], [ 141.265646726716483, 43.111613935163689 ], [ 141.265686607524884, 43.11158727157526 ], [ 141.265930543994784, 43.111424164391863 ], [ 141.266324981826529, 43.111184003324134 ], [ 141.266446943293118, 43.111096787952164 ], [ 141.266462262893583, 43.110396589343871 ], [ 141.266457269360956, 43.110192524348911 ], [ 141.266472082762789, 43.11004046026946 ] ] ] ] } },
{ "type": "Feature", "properties": { "KEY_CODE": "01109320203", "S_NAME": "前田二条三丁目", "n_candidates": 114, "n_panel": 5, "detached_households": 107.0, "rate": 0.046728971962616821, "fill": "#c7e9b4", "fill-opacity": 0.7, "stroke": "#555555" }, "geometry": { "type": "MultiPolygon", "coordinates": [ [ [ [ 141.264896844563111, 43.111145082668259 ], [ 141.264122190217989, 43.110437808801478 ], [ 141.263703099817434, 43.110682673106425 ], [ 141.263307397266374, 43.110923517739003 ], [ 141.262917407543711, 43.111172920155752 ], [ 141.262504999737786, 43.111401451603307 ], [ 141.261674487438739, 43.11192562503868 ], [ 141.261778658296464, 43.112020131165622 ], [ 141.262008131665226, 43.112214387261353 ], [ 141.262145380740037, 43.112317476913027 ], [ 141.262491807081943, 43.112629485788908 ], [ 141.262829538749685, 43.112957171617076 ], [ 141.263125119874559, 43.113201857957122 ], [ 141.263772720031568, 43.112806278209789 ], [ 141.263945204555682, 43.112693760302861 ], [ 141.264087137428589, 43.112606718483129 ], [ 141.264340783666626, 43.11244334737291 ], [ 141.264708095336374, 43.112189524861229 ], [ 141.265113090885905, 43.111956139587399 ], [ 141.265523593492986, 43.111696287033809 ], [ 141.264896844563111, 43.111145082668259 ] ] ] ] } },
{ "type": "Feature", "properties": { "KEY_CODE": "01109320204", "S_NAME": "前田二条四丁目", "n_candidates": 98, "n_panel": 1, "detached_households": 96.0, "rate": 0.010416666666666666, "fill": "#ffffcc", "fill-opacity": 0.7, "stroke": "#555555" }, "geometry": { "type": "MultiPolygon", "coordinates": [ [ [ [ 141.262008131665226, 43.112214387261353 ], [ 141.261778658296464, 43.112020131165622 ], [ 141.259729465153896, 43.113319206905594 ], [ 141.259267761575018, 43.113620444461368 ], [ 141.260315186723176, 43.11455072604052 ], [ 141.260839567291498, 43.115020242495056 ], [ 141.261211012460734, 43.115352818670914 ], [ 141.261696183575339, 43.115043055719582 ], [ 141.26207450565775, 43.11477499029683 ], [ 141.262143168077074, 43.114731766237362 ], [ 141.262598583358454, 43.114445092254293 ], [ 141.262917396376253, 43.114253660595963 ], [ 141.263746289065637, 43.113748101188122 ], [ 141.263578343222576, 43.113595378965577 ], [ 141.263308274055333, 43.11336983193226 ], [ 141.263125119874559, 43.113201857957122 ], [ 141.262829538749685, 43.112957171617104 ], [ 141.262491807081943, 43.112629485788915 ], [ 141.262145380740037, 43.112317476913027 ], [ 141.262008131665226, 43.112214387261353 ] ] ] ] } },
{ "type": "Feature", "properties": { "KEY_CODE": "01109320207", "S_NAME": "前田二条七丁目", "n_candidates": 104, "n_panel": 0, "detached_households": 101.0, "rate": 0.0, "fill": "#ffffcc", "fill-opacity": 0.7, "stroke": "#555555" }, "geometry": { "type": "MultiPolygon", "coordinates": [ [ [ [ 141.25521838708184, 43.117908680240532 ], [ 141.256630644756825, 43.117039571282639 ], [ 141.256520961811589, 43.116929682327218 ], [ 141.256929214257411, 43.116671245228083 ], [ 141.25574249412395, 43.115640980457911 ], [ 141.255325235393371, 43.115898418539025 ], [ 141.254246180826442, 43.116556045421873 ], [ 141.25391307066775, 43.116768145295701 ], [ 141.253639358902433, 43.116928505890186 ], [ 141.253954826959159, 43.117224448372987 ], [ 141.254300430629144, 43.117509328884623 ], [ 141.25455872784903, 43.117334626442094 ], [ 141.254902501625338, 43.117620052130228 ], [ 141.25521838708184, 43.117908680240532 ] ] ] ] } },
{ "type": "Feature", "properties": { "KEY_CODE": "01109320208", "S_NAME": "前田二条八丁目", "n_candidates": 95, "n_panel": 1, "detached_households": 89.0, "rate": 0.011235955056179775, "fill": "#ffffcc", "fill-opacity": 0.7, "stroke": "#555555" }, "geometry": { "type": "MultiPolygon", "coordinates": [ [ [ [ 141.253497595474641, 43.118779239273564 ], [ 141.253679412910657, 43.118667800875592 ], [ 141.25381064489207, 43.118763112298943 ], [ 141.25521838708184, 43.117908680240532 ], [ 141.254902501625338, 43.117620052130228 ], [ 141.25455872784903, 43.117334626442094 ], [ 141.254300430629115, 43.117509328884594 ], [ 141.253954826959159, 43.117224448372959 ], [ 141.253639358902404, 43.116928505890186 ], [ 141.252508421856504, 43.117633629410598 ], [ 141.252306942784372, 43.117755793539452 ], [ 141.252303440992847, 43.117757911190928 ], [ 141.252303176669244, 43.117758068960725 ], [ 141.252052916891273, 43.117909290494843 ], [ 141.25322069184071, 43.11894632208152 ], [ 141.25349628305392, 43.118780030963372 ], [ 141.253497595474641, 43.118779239273564 ] ] ] ] } },
{ "type": "Feature", "properties": { "KEY_CODE": "01109320209", "S_NAME": "前田二条九丁目", "n_candidates": 97, "n_panel": 7, "detached_households": 80.0, "rate": 0.0875, "fill": "#41b6c4", "fill-opacity": 0.7, "stroke": "#555555" }, "geometry": { "type": "MultiPolygon", "coordinates": [ [ [ [ 141.253220691840767, 43.118946322081527 ], [ 141.252052916891301, 43.117909290494836 ], [ 141.251562151369654, 43.118210031210197 ], [ 141.251348587485893, 43.118342919522817 ], [ 141.250736754533875, 43.118726151511581 ], [ 141.250344631735032, 43.118917050326452 ], [ 141.250149639124572, 43.119029423417942 ], [ 141.249139331913995, 43.119532036069913 ], [ 141.249340000479663, 43.119607775023397 ], [ 141.249671848929523, 43.119716867209917 ], [ 141.25042760423014, 43.119971370935382 ], [ 141.251146700633683, 43.120207476011103 ], [ 141.252268848932687, 43.119533653833599 ], [ 141.252721832081875, 43.119248545222064 ], [ 141.253220691840767, 43.118946322081527 ] ] ] ] } },
{ "type": "Feature", "properties": { "KEY_CODE": "01109320210", "S_NAME": "前田二条十丁目", "n_candidates": 77, "n_panel": 3, "detached_households": 70.0, "rate": 0.042857142857142858, "fill": "#c7e9b4", "fill-opacity": 0.7, "stroke": "#555555" }, "geometry": { "type": "MultiPolygon", "coordinates": [ [ [ [ 141.251146700633683, 43.120207476011103 ], [ 141.25042760423014, 43.119971370935382 ], [ 141.249671848929523, 43.119716867209917 ], [ 141.249340000479663, 43.119607775023397 ], [ 141.249139331913966, 43.119532036069934 ], [ 141.248004878056889, 43.12015782409842 ], [ 141.248003574263151, 43.120155353384419 ], [ 141.247993700969715, 43.120160330738457 ], [ 141.247663201575705, 43.120333706731373 ], [ 141.247449811061074, 43.120445646566544 ], [ 141.247179456417285, 43.120587467419362 ], [ 141.24695404962273, 43.12070570823392 ], [ 141.247850229853299, 43.121344749017965 ], [ 141.248183160290239, 43.12159971878048 ], [ 141.249067977116681, 43.122271989943464 ], [ 141.250846542730983, 43.121290213896962 ], [ 141.250847111920621, 43.121289898533355 ], [ 141.251798956236456, 43.120744238328626 ], [ 141.252174331491091, 43.12052904152474 ], [ 141.251746541669746, 43.12039752658761 ], [ 141.251146700633683, 43.120207476011103 ] ] ] ] } },
{ "type": "Feature", "properties": { "KEY_CODE": "01109320211", "S_NAME": "前田二条十一丁目", "n_candidates": 146, "n_panel": 4, "detached_households": 104.0, "rate": 0.038461538461538464, "fill": "#c7e9b4", "fill-opacity": 0.7, "stroke": "#555555" }, "geometry": { "type": "MultiPolygon", "coordinates": [ [ [ [ 141.248183160290239, 43.12159971878048 ], [ 141.247850229853299, 43.121344749017965 ], [ 141.247421038847648, 43.121610988668124 ], [ 141.247122734160172, 43.12177562113088 ], [ 141.246018108084655, 43.122487590046383 ], [ 141.245919600811078, 43.122558038974553 ], [ 141.245560183996446, 43.122813063097368 ], [ 141.245638105305432, 43.122856648311576 ], [ 141.245831816899454, 43.122964894775599 ], [ 141.246056362292933, 43.123107452527009 ], [ 141.246143881966333, 43.1231630060634 ], [ 141.246282210778304, 43.123246784773421 ], [ 141.246444307672363, 43.123344976748704 ], [ 141.246855307438807, 43.12359381318592 ], [ 141.247038414910435, 43.123704776781544 ], [ 141.24760004691862, 43.124060491921512 ], [ 141.24777048148124, 43.123971679847905 ], [ 141.248323610561584, 43.123671992130269 ], [ 141.248604876226807, 43.123510514286913 ], [ 141.249351438142241, 43.123112151815199 ], [ 141.24983295320115, 43.122869782859787 ], [ 141.249176186890764, 43.122354093491211 ], [ 141.249067977116681, 43.122271989943464 ], [ 141.248183160290239, 43.12159971878048 ] ] ] ] } },
{ "type": "Feature", "properties": { "KEY_CODE": "01109320212", "S_NAME": "前田二条十二丁目", "n_candidates": 1, "n_panel": 0, "detached_households": 0.0, "rate": null, "fill": "#cccccc", "fill-opacity": 0.7, "stroke": "#555555" }, "geometry": { "type": "MultiPolygon", "coordinates": [ [ [ [ 141.245638105305432, 43.122856648311576 ], [ 141.245560183996446, 43.122813063097368 ], [ 141.244141941727662, 43.123612837225991 ], [ 141.243702426541859, 43.123891837740736 ], [ 141.243390324662471, 43.124082638512242 ], [ 141.243197208479359, 43.124195787068281 ], [ 141.24335370781435, 43.12436004440972 ], [ 141.243792756940422, 43.124800999271372 ], [ 141.244155097960572, 43.125165673353642 ], [ 141.2444048030722, 43.125431389920074 ], [ 141.244633187271916, 43.125685875972771 ], [ 141.245102802623194, 43.125416209128325 ], [ 141.245483181754253, 43.125213203104614 ], [ 141.245916612754087, 43.124977466489348 ], [ 141.246189087350814, 43.124820069149642 ], [ 141.2468566131937, 43.124465761815983 ], [ 141.247600046918592, 43.124060491921512 ], [ 141.247038414910435, 43.123704776781544 ], [ 141.246855307438807, 43.12359381318592 ], [ 141.246444307672363, 43.123344976748704 ], [ 141.246282210778332, 43.12324678477345 ], [ 141.246143881966333, 43.1231630060634 ], [ 141.246056362292933, 43.123107452527009 ], [ 141.245831816899454, 43.122964894775599 ], [ 141.245638105305432, 43.122856648311576 ] ] ] ] } },
{ "type": "Feature", "properties": { "KEY_CODE": "01109320213", "S_NAME": "前田二条十三丁目", "n_candidates": 6, "n_panel": 0, "detached_households": 1.0, "rate": 0.0, "fill": "#ffffcc", "fill-opacity": 0.7, "stroke": "#555555" }, "geometry": { "type": "MultiPolygon", "coordinates": [ [ [ [ 141.24335370781435, 43.12436004440972 ], [ 141.243197208479359, 43.124195787068253 ], [ 141.24188700484936, 43.125002038176653 ], [ 141.241864110133235, 43.125530779208916 ], [ 141.241871718951757, 43.125786633037656 ], [ 141.241844536569317, 43.126576396562562 ], [ 141.241832280376286, 43.127176544485643 ], [ 141.242306835710053, 43.126923248755716 ], [ 141.242600453553564, 43.126765764543748 ], [ 141.243084149501499, 43.126516909061358 ], [ 141.243487432959256, 43.126282251900165 ], [ 141.243836911632997, 43.126102258088672 ], [ 141.244218243707166, 43.125900179064885 ], [ 141.244613413782048, 43.125697235670351 ], [ 141.244633187271916, 43.125685875972735 ], [ 141.2444048030722, 43.125431389920038 ], [ 141.244155097960572, 43.125165673353642 ], [ 141.243792756940422, 43.124800999271372 ], [ 141.24335370781435, 43.12436004440972 ] ] ] ] } },
{ "type": "Feature", "properties": { "KEY_CODE": "01109320303", "S_NAME": "前田三条三丁目", "n_candidates": 129, "n_panel": 3, "detached_households": 127.0, "rate": 0.023622047244094488, "fill": "#c7e9b4", "fill-opacity": 0.7, "stroke": "#555555" }, "geometry": { "type": "MultiPolygon", "coordinates": [ [ [ [ 141.266440159448734, 43.111394992366421 ], [ 141.266446943293118, 43.111096787952164 ], [ 141.266324981826529, 43.111184003324134 ], [ 141.265930543994784, 43.111424164391863 ], [ 141.265686607524884, 43.11158727157526 ], [ 141.265646726716483, 43.111613935163689 ], [ 141.265523593492986, 43.111696287033809 ], [ 141.265113090885905, 43.111956139587399 ], [ 141.264708095336374, 43.112189524861229 ], [ 141.264340783666626, 43.11244334737291 ], [ 141.264087137428589, 43.112606718483129 ], [ 141.263945204555682, 43.112693760302861 ], [ 141.263772720031568, 43.112806278209789 ], [ 141.263125119874559, 43.113201857957122 ], [ 141.263308274055333, 43.11336983193226 ], [ 141.263578343222576, 43.113595378965577 ], [ 141.263746289065637, 43.113748101188122 ], [ 141.264249196771345, 43.11419275290406 ], [ 141.264640984304549, 43.114539183719657 ], [ 141.264728288225143, 43.114620459785229 ], [ 141.2650089230807, 43.114870427408789 ], [ 141.265337484330814, 43.115149007582872 ], [ 141.265446860137359, 43.115248969325926 ], [ 141.265636269506018, 43.115476842733244 ], [ 141.265852367558466, 43.115842787879778 ], [ 141.265901624541129, 43.115926267925971 ], [ 141.265993499246605, 43.116070245562831 ], [ 141.266097495978727, 43.116200542233642 ], [ 141.266182281444316, 43.116277575503915 ], [ 141.266273732632982, 43.115889796778852 ], [ 141.266338039383982, 43.115554530245056 ], [ 141.266345569742384, 43.115461831792956 ], [ 141.266359549720619, 43.115205886297929 ], [ 141.266367198085447, 43.114991731825562 ], [ 141.266380075512359, 43.114516634308593 ], [ 141.266362788037412, 43.114288973244371 ], [ 141.266398583597748, 43.113737343558313 ], [ 141.266403218516672, 43.113069194227485 ], [ 141.266412688135603, 43.11247689973743 ], [ 141.266427772306088, 43.112289955191535 ], [ 141.266432228396297, 43.111891090949534 ], [ 141.266431585579483, 43.111601051791453 ], [ 141.266440159448734, 43.111394992366421 ] ] ] ] } },
{ "type": "Feature", "properties": { "KEY_CODE": "01109320304", "S_NAME": "前田三条四丁目", "n_candidates": 15, "n_panel": 0, "detached_households": 10.0, "rate": 0.0, "fill": "#ffffcc", "fill-opacity": 0.7, "stroke": "#555555" }, "geometry": { "type": "MultiPolygon", "coordinates": [ [ [ [ 141.264249196771345, 43.11419275290406 ], [ 141.263746289065637, 43.113748101188122 ], [ 141.262917396376253, 43.114253660595963 ], [ 141.262598583358454, 43.114445092254293 ], [ 141.262143168077074, 43.114731766237362 ], [ 141.26207450565775, 43.11477499029683 ], [ 141.261696183575339, 43.115043055719568 ], [ 141.261211012460706, 43.1153528186709 ], [ 141.262133261975379, 43.116142963752381 ], [ 141.26249420178857, 43.11641964997586 ], [ 141.263005518658275, 43.116125930558653 ], [ 141.264779938192873, 43.115009890656722 ], [ 141.2650089230807, 43.114870427408789 ], [ 141.264728288225143, 43.114620459785229 ], [ 141.264640984304549, 43.114539183719657 ], [ 141.264249196771345, 43.11419275290406 ] ] ] ] } },
{ "type": "Feature", "properties": { "KEY_CODE": "01109320307", "S_NAME": "前田三条七丁目", "n_candidates": 104, "n_panel": 3, "detached_households": 96.0, "rate": 0.03125, "fill": "#c7e9b4", "fill-opacity": 0.7, "stroke": "#555555" }, "geometry": { "type": "MultiPolygon", "coordinates": [ [ [ [ 141.258019315463883, 43.117617324071318 ], [ 141.256929214257411, 43.116671245228083 ], [ 141.256520961811589, 43.116929682327218 ], [ 141.256630644756825, 43.117039571282639 ], [ 141.25521838708184, 43.117908680240532 ], [ 141.255542828143348, 43.11817895532036 ], [ 141.255862492499944, 43.118471623408531 ], [ 141.255711656036937, 43.11856736891491 ], [ 141.256023889303606, 43.118850759002747 ], [ 141.255730644058588, 43.11905519348943 ], [ 141.256092926356587, 43.119372284371082 ], [ 141.256977594463876, 43.118834129889329 ], [ 141.258405409940792, 43.117970479498382 ], [ 141.258019315463883, 43.117617324071318 ] ] ] ] } },
{ "type": "Feature", "properties": { "KEY_CODE": "01109320308", "S_NAME": "前田三条八丁目", "n_candidates": 108, "n_panel": 3, "detached_households": 94.0, "rate": 0.031914893617021274, "fill": "#c7e9b4", "fill-opacity": 0.7, "stroke": "#555555" }, "geometry": { "type": "MultiPolygon", "coordinates": [ [ [ [ 141.256023889303606, 43.118850759002747 ], [ 141.255711656036937, 43.11856736891491 ], [ 141.255862492499944, 43.118471623408531 ], [ 141.255542828143348, 43.11817895532036 ], [ 141.25521838708184, 43.117908680240532 ], [ 141.25381064489207, 43.118763112298943 ], [ 141.253679412910657, 43.118667800875592 ], [ 141.253497595474641, 43.118779239273564 ], [ 141.25349628305392, 43.118780030963372 ], [ 141.25322069184071, 43.11894632208152 ], [ 141.254311805590476, 43.119917132548544 ], [ 141.254676898126149, 43.12024430955384 ], [ 141.254954816699325, 43.120074065386554 ], [ 141.256092926356587, 43.119372284371082 ], [ 141.255730644058588, 43.11905519348943 ], [ 141.256023889303606, 43.118850759002747 ] ] ] ] } },
{ "type": "Feature", "properties": { "KEY_CODE": "01109320309", "S_NAME": "前田三条九丁目", "n_candidates": 71, "n_panel": 2, "detached_households": 63.0, "rate": 0.031746031746031744, "fill": "#c7e9b4", "fill-opacity": 0.7, "stroke": "#555555" }, "geometry": { "type": "MultiPolygon", "coordinates": [ [ [ [ 141.254311805590476, 43.119917132548544 ], [ 141.25322069184071, 43.11894632208152 ], [ 141.252721832081875, 43.119248545222064 ], [ 141.252268848932687, 43.119533653833599 ], [ 141.251146700633683, 43.120207476011103 ], [ 141.251746541669746, 43.120397526587581 ], [ 141.252174331491091, 43.12052904152474 ], [ 141.252328813538924, 43.120581867845402 ], [ 141.252442939295918, 43.120607263650591 ], [ 141.252910232786661, 43.120747980244488 ], [ 141.253487476618659, 43.120946756904353 ], [ 141.253934919186804, 43.120707660321813 ], [ 141.254676898126149, 43.12024430955384 ], [ 141.254311805590476, 43.119917132548544 ] ] ] ] } },
{ "type": "Feature", "properties": { "KEY_CODE": "01109320310", "S_NAME": "前田三条十丁目", "n_candidates": 33, "n_panel": 3, "detached_households": 32.0, "rate": 0.09375, "fill": "#41b6c4", "fill-opacity": 0.7, "stroke": "#555555" }, "geometry": { "type": "MultiPolygon", "coordinates": [ [ [ [ 141.252328813538924, 43.120581867845402 ], [ 141.252174331491091, 43.12052904152474 ], [ 141.251798956236456, 43.120744238328626 ], [ 141.250847111920621, 43.121289898533355 ], [ 141.250846542730983, 43.121290213896962 ], [ 141.249067977116681, 43.122271989943464 ], [ 141.249176186890764, 43.122354093491211 ], [ 141.24983295320115, 43.122869782859787 ], [ 141.250699829496881, 43.122369501036935 ], [ 141.251835659973068, 43.121801717205557 ], [ 141.253487476618659, 43.120946756904353 ], [ 141.252910232786661, 43.120747980244488 ], [ 141.252442939295918, 43.120607263650591 ], [ 141.252328813538924, 43.120581867845402 ] ] ] ] } },
{ "type": "Feature", "properties": { "KEY_CODE": "01109320404", "S_NAME": "前田四条四丁目", "n_candidates": 94, "n_panel": 1, "detached_households": 87.0, "rate": 0.011494252873563218, "fill": "#ffffcc", "fill-opacity": 0.7, "stroke": "#555555" }, "geometry": { "type": "MultiPolygon", "coordinates": [ [ [ [ 141.265337484330814, 43.115149007582872 ], [ 141.2650089230807, 43.114870427408789 ], [ 141.264779938192873, 43.115009890656722 ], [ 141.263005518658275, 43.116125930558653 ], [ 141.26249420178857, 43.11641964997586 ], [ 141.263874180036566, 43.117566277887057 ], [ 141.264359357958199, 43.117256503108074 ], [ 141.265786593109652, 43.116383610287137 ], [ 141.266097495978727, 43.116200542233642 ], [ 141.265993499246605, 43.116070245562831 ], [ 141.265901624541129, 43.115926267925971 ], [ 141.265852367558466, 43.115842787879778 ], [ 141.265636269506018, 43.115476842733244 ], [ 141.265446860137359, 43.115248969325897 ], [ 141.265337484330814, 43.115149007582872 ] ] ] ] } },
{ "type": "Feature", "properties": { "KEY_CODE": "01109320405", "S_NAME": "前田四条五丁目", "n_candidates": 26, "n_panel": 1, "detached_households": 17.0, "rate": 0.058823529411764705, "fill": "#7fcdbb", "fill-opacity": 0.7, "stroke": "#555555" }, "geometry": { "type": "MultiPolygon", "coordinates": [ [ [ [ 141.263874180036623, 43.117566277887057 ], [ 141.262494201788599, 43.11641964997586 ], [ 141.261977803399276, 43.116724506824823 ], [ 141.260747834114767, 43.117487022693929 ], [ 141.262109449353318, 43.118634637757651 ], [ 141.263331926428663, 43.117890750053078 ], [ 141.263874180036623, 43.117566277887057 ] ] ] ] } },
{ "type": "Feature", "properties": { "KEY_CODE": "01109320406", "S_NAME": "前田四条六丁目", "n_candidates": 27, "n_panel": 0, "detached_households": 25.0, "rate": 0.0, "fill": "#ffffcc", "fill-opacity": 0.7, "stroke": "#555555" }, "geometry": { "type": "MultiPolygon", "coordinates": [ [ [ [ 141.262109449353289, 43.118634637757651 ], [ 141.260747834114767, 43.117487022693957 ], [ 141.260329709160544, 43.117739128544393 ], [ 141.259837956134902, 43.118026324671256 ], [ 141.259057847906121, 43.118518848832188 ], [ 141.259202786745277, 43.118645707094743 ], [ 141.259271891314285, 43.118708159836849 ], [ 141.259552437963066, 43.118961691642205 ], [ 141.259607230736293, 43.118999016524043 ], [ 141.259868527930678, 43.119227587411743 ], [ 141.260120808130836, 43.11944827140556 ], [ 141.260397550860262, 43.119690351622083 ], [ 141.260891781093534, 43.119399515475877 ], [ 141.261023740768962, 43.119317446036874 ], [ 141.2616704154361, 43.118915263537524 ], [ 141.262109449353289, 43.118634637757651 ] ] ] ] } },
{ "type": "Feature", "properties": { "KEY_CODE": "01109320407", "S_NAME": "前田四条七丁目", "n_candidates": 95, "n_panel": 3, "detached_households": 95.0, "rate": 0.031578947368421054, "fill": "#c7e9b4", "fill-opacity": 0.7, "stroke": "#555555" }, "geometry": { "type": "MultiPolygon", "coordinates": [ [ [ [ 141.260397550860262, 43.119690351622083 ], [ 141.260120808130836, 43.119448271405581 ], [ 141.259868527930678, 43.119227587411743 ], [ 141.259607230736293, 43.118999016524043 ], [ 141.259552437963066, 43.118961691642205 ], [ 141.259271891314256, 43.118708159836849 ], [ 141.259202786745277, 43.118645707094743 ], [ 141.259057847906121, 43.118518848832188 ], [ 141.258405409940792, 43.117970479498382 ], [ 141.256977594463876, 43.118834129889329 ], [ 141.256092926356587, 43.119372284371082 ], [ 141.25649256191366, 43.119724861027365 ], [ 141.256789450667384, 43.119544790080909 ], [ 141.257171562254314, 43.119871051777231 ], [ 141.257584245244772, 43.120236679590128 ], [ 141.258230731636843, 43.120785497542293 ], [ 141.258395064837259, 43.120936228570741 ], [ 141.259205755714561, 43.120431857953427 ], [ 141.260397550860262, 43.119690351622083 ] ] ] ] } },
{ "type": "Feature", "properties": { "KEY_CODE": "01109320408", "S_NAME": "前田四条八丁目", "n_candidates": 65, "n_panel": 2, "detached_households": 58.0, "rate": 0.034482758620689655, "fill": "#c7e9b4", "fill-opacity": 0.7, "stroke": "#555555" }, "geometry": { "type": "MultiPolygon", "coordinates": [ [ [ [ 141.257171562254314, 43.119871051777231 ], [ 141.256789450667384, 43.119544790080909 ], [ 141.25649256191366, 43.119724861027365 ], [ 141.256092926356587, 43.119372284371082 ], [ 141.254954816699325, 43.120074065386554 ], [ 141.254676898126149, 43.120244309553819 ], [ 141.253934919186776, 43.120707660321784 ], [ 141.253487476618659, 43.120946756904353 ], [ 141.25413379153747, 43.121125525087393 ], [ 141.25470004018527, 43.121304157462333 ], [ 141.25591005590573, 43.121671579074508 ], [ 141.256503553322887, 43.121851915296858 ], [ 141.256949987986729, 43.122001225028505 ], [ 141.256441220098822, 43.121479546241375 ], [ 141.256131355515436, 43.121132106768194 ], [ 141.25698406831836, 43.120606545866814 ], [ 141.25723552513611, 43.12045160899784 ], [ 141.257584245244772, 43.120236679590128 ], [ 141.257171562254314, 43.119871051777231 ] ] ] ] } },
{ "type": "Feature", "properties": { "KEY_CODE": "01109320409", "S_NAME": "前田四条九丁目", "n_candidates": 142, "n_panel": 3, "detached_households": 134.0, "rate": 0.022388059701492536, "fill": "#c7e9b4", "fill-opacity": 0.7, "stroke": "#555555" }, "geometry": { "type": "MultiPolygon", "coordinates": [ [ [ [ 141.25413379153747, 43.121125525087422 ], [ 141.253487476618659, 43.120946756904353 ], [ 141.251835659973068, 43.121801717205557 ], [ 141.252233716389156, 43.122091352049793 ], [ 141.253027020495551, 43.122696614876368 ], [ 141.254080422777889, 43.123480377247105 ], [ 141.254424180407597, 43.123744917489972 ], [ 141.254752447013004, 43.123514136793624 ], [ 141.255077198123189, 43.123292817915441 ], [ 141.255418052202089, 43.123055251759119 ], [ 141.255754224991733, 43.122839798110903 ], [ 141.255946451789072, 43.122708754457747 ], [ 141.256062953977278, 43.122617353298224 ], [ 141.256949987986729, 43.122001225028505 ], [ 141.256503553322887, 43.121851915296858 ], [ 141.25591005590573, 43.121671579074508 ], [ 141.25470004018527, 43.121304157462333 ], [ 141.25413379153747, 43.121125525087422 ] ] ] ] } },
{ "type": "Feature", "properties": { "KEY_CODE": "01109320410", "S_NAME": "前田四条十丁目", "n_candidates": 129, "n_panel": 2, "detached_households": 109.0, "rate": 0.01834862385321101, "fill": "#ffffcc", "fill-opacity": 0.7, "stroke": "#555555" }, "geometry": { "type": "MultiPolygon", "coordinates": [ [ [ [ 141.252233716389156, 43.122091352049793 ], [ 141.251835659973068, 43.121801717205557 ], [ 141.250699829496881, 43.122369501036935 ], [ 141.24983295320115, 43.122869782859787 ], [ 141.250421480744194, 43.123325585468862 ], [ 141.250830104716698, 43.1236209430824 ], [ 141.251238496599626, 43.123924948226808 ], [ 141.251601711770121, 43.124208655254336 ], [ 141.251991216947204, 43.124511438244355 ], [ 141.252402924831301, 43.124830659179253 ], [ 141.252597347268392, 43.124973009348004 ], [ 141.253089702106223, 43.124654554373677 ], [ 141.253452253246081, 43.124429842180284 ], [ 141.253760194215232, 43.124209577089296 ], [ 141.254087351167129, 43.123982445258406 ], [ 141.254424180407597, 43.123744917489972 ], [ 141.254080422777889, 43.123480377247105 ], [ 141.253027020495551, 43.122696614876368 ], [ 141.252233716389156, 43.122091352049793 ] ] ] ] } },
{ "type": "Feature", "properties": { "KEY_CODE": "01109320411", "S_NAME": "前田四条十一丁目", "n_candidates": 96, "n_panel": 8, "detached_households": 82.0, "rate": 0.097560975609756101, "fill": "#41b6c4", "fill-opacity": 0.7, "stroke": "#555555" }, "geometry": { "type": "MultiPolygon", "coordinates": [ [ [ [ 141.250421480744194, 43.123325585468862 ], [ 141.24983295320115, 43.122869782859787 ], [ 141.249351438142241, 43.123112151815199 ], [ 141.248604876226807, 43.123510514286913 ], [ 141.248323610561584, 43.123671992130269 ], [ 141.24777048148124, 43.123971679847905 ], [ 141.248059254521479, 43.124191662485089 ], [ 141.248415699347618, 43.124465825390352 ], [ 141.248794721958234, 43.124756923277559 ], [ 141.248925526345147, 43.124855119884337 ], [ 141.249187055173138, 43.125068179894804 ], [ 141.249597933644424, 43.12535519351276 ], [ 141.250465541567621, 43.124859420247034 ], [ 141.251601711770121, 43.124208655254336 ], [ 141.251238496599626, 43.123924948226808 ], [ 141.250830104716698, 43.1236209430824 ], [ 141.250421480744194, 43.123325585468862 ] ] ] ] } },
{ "type": "Feature", "properties": { "KEY_CODE": "01109320412", "S_NAME": "前田四条十二丁目", "n_candidates": 134, "n_panel": 11, "detached_households": 126.0, "rate": 0.087301587301587297, "fill": "#41b6c4", "fill-opacity": 0.7, "stroke": "#555555" }, "geometry": { "type": "MultiPolygon", "coordinates": [ [ [ [ 141.248429887844367, 43.126097367873435 ], [ 141.248753861741875, 43.125890548774706 ], [ 141.248996837085599, 43.125734221166994 ], [ 141.249342227151601, 43.125521046857443 ], [ 141.249597933644424, 43.12535519351276 ], [ 141.249187055173138, 43.125068179894804 ], [ 141.248925526345147, 43.124855119884337 ], [ 141.248794721958234, 43.124756923277559 ], [ 141.248415699347618, 43.124465825390352 ], [ 141.248059254521479, 43.124191662485089 ], [ 141.24777048148124, 43.123971679847905 ], [ 141.24760004691862, 43.124060491921512 ], [ 141.2468566131937, 43.124465761815983 ], [ 141.246189087350871, 43.124820069149607 ], [ 141.245916612754115, 43.124977466489348 ], [ 141.2462708873542, 43.125243180943855 ], [ 141.246654421457322, 43.125528207209079 ], [ 141.246752899499512, 43.125606712466464 ], [ 141.247076157788797, 43.125855341437223 ], [ 141.247479069015185, 43.126136103929269 ], [ 141.247645131387799, 43.126027281018871 ], [ 141.248078628639348, 43.126340307478721 ], [ 141.248429887844367, 43.126097367873435 ] ] ] ] } },
{ "type": "Feature", "properties": { "KEY_CODE": "01109320413", "S_NAME": "前田四条十三丁目", "n_candidates": 169, "n_panel": 7, "detached_households": 164.0, "rate": 0.042682926829268296, "fill": "#c7e9b4", "fill-opacity": 0.7, "stroke": "#555555" }, "geometry": { "type": "MultiPolygon", "coordinates": [ [ [ [ 141.248078628639348, 43.126340307478721 ], [ 141.247645131387799, 43.126027281018871 ], [ 141.247479069015185, 43.126136103929269 ], [ 141.247076157788797, 43.125855341437223 ], [ 141.246752899499512, 43.125606712466464 ], [ 141.246654421457322, 43.125528207209079 ], [ 141.2462708873542, 43.125243180943855 ], [ 141.245916612754115, 43.124977466489348 ], [ 141.245483181754253, 43.125213203104614 ], [ 141.245102802623194, 43.125416209128296 ], [ 141.244633187271916, 43.125685875972735 ], [ 141.244613413782048, 43.125697235670351 ], [ 141.244218243707166, 43.125900179064885 ], [ 141.243836911632997, 43.126102258088672 ], [ 141.243487432959256, 43.126282251900165 ], [ 141.243845468398462, 43.126546742017148 ], [ 141.244241643588708, 43.126827811034659 ], [ 141.244603580839879, 43.127106608775911 ], [ 141.244944658145499, 43.127340142029958 ], [ 141.245318485480595, 43.127620379160454 ], [ 141.245742004684274, 43.12793298071383 ], [ 141.245969829178222, 43.127788132599079 ], [ 141.246390754311875, 43.127490323732076 ], [ 141.246758647947161, 43.127240853163656 ], [ 141.247700677503673, 43.126583013060724 ], [ 141.248078628639348, 43.126340307478721 ] ] ] ] } },
{ "type": "Feature", "properties": { "KEY_CODE": "01109320414", "S_NAME": "前田四条十四丁目", "n_candidates": 132, "n_panel": 10, "detached_households": 120.0, "rate": 0.083333333333333329, "fill": "#41b6c4", "fill-opacity": 0.7, "stroke": "#555555" }, "geometry": { "type": "MultiPolygon", "coordinates": [ [ [ [ 141.244985109253577, 43.128470472466802 ], [ 141.245742004684274, 43.12793298071383 ], [ 141.245318485480595, 43.127620379160454 ], [ 141.244944658145499, 43.127340142029958 ], [ 141.244603580839879, 43.127106608775911 ], [ 141.244241643588708, 43.126827811034659 ], [ 141.243845468398462, 43.126546742017148 ], [ 141.243487432959256, 43.126282251900165 ], [ 141.243084149501499, 43.126516909061358 ], [ 141.242600453553564, 43.126765764543748 ], [ 141.242306835710053, 43.126923248755716 ], [ 141.241832280376286, 43.127176544485643 ], [ 141.241834850059917, 43.127312300498268 ], [ 141.241827707214412, 43.127747221201084 ], [ 141.241819992835815, 43.127924663183911 ], [ 141.241811447924732, 43.12857358219042 ], [ 141.242725207274077, 43.127911113115765 ], [ 141.243083226357868, 43.128188756872362 ], [ 141.243414651307006, 43.128425374415279 ], [ 141.243792417640634, 43.128693695393054 ], [ 141.244226390424757, 43.129001190607006 ], [ 141.244985109253577, 43.128470472466802 ] ] ] ] } },
{ "type": "Feature", "properties": { "KEY_CODE": "01109320415", "S_NAME": "前田四条十五丁目", "n_candidates": 94, "n_panel": 4, "detached_households": 96.0, "rate": 0.041666666666666664, "fill": "#c7e9b4", "fill-opacity": 0.7, "stroke": "#555555" }, "geometry": { "type": "MultiPolygon", "coordinates": [ [ [ [ 141.243083226357868, 43.128188756872362 ], [ 141.242725207274077, 43.127911113115765 ], [ 141.241811447924732, 43.12857358219042 ], [ 141.241810591864635, 43.128643200168831 ], [ 141.241788629644219, 43.129109286669568 ], [ 141.241779296230504, 43.129391082272697 ], [ 141.241768780250766, 43.130031333289153 ], [ 141.241762894056336, 43.130097391042099 ], [ 141.241759893521845, 43.130426221460581 ], [ 141.241754521515958, 43.130753273295838 ], [ 141.24241222074366, 43.130307203486694 ], [ 141.242772116716083, 43.130049873675411 ], [ 141.243125985321086, 43.129791013242453 ], [ 141.243491898861208, 43.129541118430076 ], [ 141.244226390424757, 43.129001190607006 ], [ 141.243792417640634, 43.128693695393054 ], [ 141.243414651307006, 43.128425374415279 ], [ 141.243083226357868, 43.128188756872362 ] ] ] ] } },
{ "type": "Feature", "properties": { "KEY_CODE": "01109320504", "S_NAME": "前田五条四丁目", "n_candidates": 44, "n_panel": 0, "detached_households": 41.0, "rate": 0.0, "fill": "#ffffcc", "fill-opacity": 0.7, "stroke": "#555555" }, "geometry": { "type": "MultiPolygon", "coordinates": [ [ [ [ 141.266182281444316, 43.116277575503915 ], [ 141.266097495978727, 43.116200542233642 ], [ 141.265786593109652, 43.116383610287137 ], [ 141.264359357958199, 43.117256503108074 ], [ 141.263874180036566, 43.117566277887057 ], [ 141.264592659226366, 43.118166377466963 ], [ 141.265255452683363, 43.118701643303986 ], [ 141.266203076785672, 43.118092646408108 ], [ 141.266190452717296, 43.117747437651268 ], [ 141.266164721981937, 43.117423424785912 ], [ 141.266150307217259, 43.117172229016056 ], [ 141.266121690250571, 43.116668573339261 ], [ 141.266097535686697, 43.116540157520895 ], [ 141.266096649657783, 43.116535578576084 ], [ 141.266139198449821, 43.116384246059837 ], [ 141.266182281444316, 43.116277575503915 ] ] ] ] } },
{ "type": "Feature", "properties": { "KEY_CODE": "01109320505", "S_NAME": "前田五条五丁目", "n_candidates": 80, "n_panel": 9, "detached_households": 66.0, "rate": 0.13636363636363635, "fill": "#2c7fb8", "fill-opacity": 0.7, "stroke": "#555555" }, "geometry": { "type": "MultiPolygon", "coordinates": [ [ [ [ 141.264592659226366, 43.118166377466963 ], [ 141.263874180036566, 43.117566277887057 ], [ 141.263331926428663, 43.1178907500531 ], [ 141.262109449353318, 43.118634637757651 ], [ 141.262485178248454, 43.11892397084754 ], [ 141.262786608351121, 43.119206684073767 ], [ 141.263073215478443, 43.119455655948123 ], [ 141.263505734820626, 43.119825441447546 ], [ 141.264707587400153, 43.119052588001978 ], [ 141.265255452683363, 43.118701643303986 ], [ 141.264592659226366, 43.118166377466963 ] ] ] ] } },
{ "type": "Feature", "properties": { "KEY_CODE": "01109320506", "S_NAME": "前田五条六丁目", "n_candidates": 76, "n_panel": 0, "detached_households": 60.0, "rate": 0.0, "fill": "#ffffcc", "fill-opacity": 0.7, "stroke": "#555555" }, "geometry": { "type": "MultiPolygon", "coordinates": [ [ [ [ 141.262485178248454, 43.11892397084754 ], [ 141.262109449353318, 43.118634637757651 ], [ 141.2616704154361, 43.118915263537495 ], [ 141.261023740768962, 43.119317446036874 ], [ 141.260891781093534, 43.119399515475877 ], [ 141.260397550860262, 43.119690351622083 ], [ 141.260889257121704, 43.120145826054504 ], [ 141.261349012881169, 43.120529006216572 ], [ 141.261835140094689, 43.120938152109737 ], [ 141.263505734820626, 43.119825441447546 ], [ 141.263073215478443, 43.119455655948123 ], [ 141.262786608351121, 43.119206684073767 ], [ 141.262485178248454, 43.11892397084754 ] ] ] ] } },
{ "type": "Feature", "properties": { "KEY_CODE": "01109320507", "S_NAME": "前田五条七丁目", "n_candidates": 29, "n_panel": 0, "detached_households": 19.0, "rate": 0.0, "fill": "#ffffcc", "fill-opacity": 0.7, "stroke": "#555555" }, "geometry": { "type": "MultiPolygon", "coordinates": [ [ [ [ 141.260889257121619, 43.120145826054497 ], [ 141.260397550860262, 43.119690351622083 ], [ 141.259205755714561, 43.120431857953427 ], [ 141.258395064837259, 43.120936228570741 ], [ 141.25867029151425, 43.121164154753068 ], [ 141.258857431644884, 43.121335546916569 ], [ 141.259354537924679, 43.121748033262953 ], [ 141.258976062336558, 43.121986061232938 ], [ 141.258653745840689, 43.122188774542806 ], [ 141.258340035859163, 43.122411253663515 ], [ 141.259152839286514, 43.122674773406828 ], [ 141.261482917419499, 43.121168467863669 ], [ 141.261835140094689, 43.120938152109737 ], [ 141.261349012881169, 43.120529006216572 ], [ 141.260889257121619, 43.120145826054497 ] ] ] ] } },
{ "type": "Feature", "properties": { "KEY_CODE": "01109320508", "S_NAME": "前田五条八丁目", "n_candidates": 5, "n_panel": 1, "detached_households": 0.0, "rate": null, "fill": "#cccccc", "fill-opacity": 0.7, "stroke": "#555555" }, "geometry": { "type": "MultiPolygon", "coordinates": [ [ [ [ 141.258230731636843, 43.120785497542293 ], [ 141.257584245244772, 43.120236679590128 ], [ 141.25723552513611, 43.12045160899784 ], [ 141.25698406831836, 43.120606545866814 ], [ 141.256131355515407, 43.121132106768208 ], [ 141.256441220098822, 43.121479546241382 ], [ 141.256949987986729, 43.122001225028505 ], [ 141.257242644449178, 43.122077465419352 ], [ 141.257819228308222, 43.122259336224666 ], [ 141.258340035859163, 43.122411253663515 ], [ 141.258653745840689, 43.122188774542806 ], [ 141.258976062336586, 43.121986061232938 ], [ 141.259354537924679, 43.121748033262953 ], [ 141.258857431644884, 43.121335546916569 ], [ 141.25867029151425, 43.121164154753068 ], [ 141.258395064837259, 43.120936228570741 ], [ 141.258230731636843, 43.120785497542293 ] ] ] ] } },
{ "type": "Feature", "properties": { "KEY_CODE": "01109320509", "S_NAME": "前田五条九丁目", "n_candidates": 117, "n_panel": 3, "detached_households": 105.0, "rate": 0.028571428571428571, "fill": "#c7e9b4", "fill-opacity": 0.7, "stroke": "#555555" }, "geometry": { "type": "MultiPolygon", "coordinates": [ [ [ [ 141.257242644449178, 43.122077465419352 ], [ 141.256949987986729, 43.122001225028505 ], [ 141.256062953977278, 43.122617353298224 ], [ 141.255946451789072, 43.122708754457747 ], [ 141.255754224991733, 43.122839798110903 ], [ 141.255418052202089, 43.123055251759119 ], [ 141.255077198123189, 43.123292817915441 ], [ 141.254752447013004, 43.123514136793624 ], [ 141.254424180407597, 43.123744917489972 ], [ 141.255425188825058, 43.124499307178056 ], [ 141.255857709917791, 43.124838810499838 ], [ 141.256873393907256, 43.124166060321954 ], [ 141.256973881625697, 43.124097304952492 ], [ 141.257969619884278, 43.123439281148499 ], [ 141.258207229937994, 43.123280214755809 ], [ 141.258542726092287, 43.123070512886187 ], [ 141.259152839286514, 43.122674773406828 ], [ 141.258340035859163, 43.122411253663515 ], [ 141.257819228308222, 43.122259336224666 ], [ 141.257242644449178, 43.122077465419352 ] ] ] ] } },
{ "type": "Feature", "properties": { "KEY_CODE": "01109320510", "S_NAME": "前田五条十丁目", "n_candidates": 82, "n_panel": 4, "detached_households": 67.0, "rate": 0.059701492537313432, "fill": "#7fcdbb", "fill-opacity": 0.7, "stroke": "#555555" }, "geometry": { "type": "MultiPolygon", "coordinates": [ [ [ [ 141.255425188825058, 43.124499307178056 ], [ 141.254424180407597, 43.123744917489972 ], [ 141.254087351167129, 43.123982445258406 ], [ 141.253760194215232, 43.124209577089296 ], [ 141.253452253246081, 43.124429842180284 ], [ 141.253089702106223, 43.124654554373677 ], [ 141.252597347268392, 43.124973009348004 ], [ 141.252855178771966, 43.125148543572365 ], [ 141.253069624125146, 43.125335093058695 ], [ 141.254025576691589, 43.126026439823619 ], [ 141.254498382232896, 43.125723421950823 ], [ 141.254848530295959, 43.125493955922849 ], [ 141.255755046653775, 43.124905435572131 ], [ 141.255857709917791, 43.124838810499838 ], [ 141.255425188825058, 43.124499307178056 ] ] ] ] } },
{ "type": "Feature", "properties": { "KEY_CODE": "01109320511", "S_NAME": "前田五条十一丁目", "n_candidates": 113, "n_panel": 6, "detached_households": 94.0, "rate": 0.063829787234042548, "fill": "#7fcdbb", "fill-opacity": 0.7, "stroke": "#555555" }, "geometry": { "type": "MultiPolygon", "coordinates": [ [ [ [ 141.251892733648418, 43.127096222133417 ], [ 141.254025576691589, 43.126026439823619 ], [ 141.253069624125146, 43.125335093058695 ], [ 141.252855178771966, 43.125148543572365 ], [ 141.252597347268392, 43.124973009348004 ], [ 141.252402924831301, 43.124830659179253 ], [ 141.251991216947204, 43.124511438244355 ], [ 141.251601711770121, 43.124208655254336 ], [ 141.250465541567621, 43.124859420247034 ], [ 141.249597933644424, 43.12535519351276 ], [ 141.249342227151601, 43.125521046857443 ], [ 141.250231929708946, 43.126115565757068 ], [ 141.25070435973916, 43.126444324587943 ], [ 141.250959980299683, 43.126620055300457 ], [ 141.251137229746462, 43.126755717067688 ], [ 141.251329932723138, 43.126903610355626 ], [ 141.251369384550827, 43.126933843941217 ], [ 141.251672801189187, 43.126933956461421 ], [ 141.251892733648418, 43.127096222133417 ] ] ] ] } },
{ "type": "Feature", "properties": { "KEY_CODE": "01109320512", "S_NAME": "前田五条十二丁目", "n_candidates": 104, "n_panel": 6, "detached_households": 96.0, "rate": 0.0625, "fill": "#7fcdbb", "fill-opacity": 0.7, "stroke": "#555555" }, "geometry": { "type": "MultiPolygon", "coordinates": [ [ [ [ 141.251892733648418, 43.127096222133417 ], [ 141.251672801189187, 43.126933956461421 ], [ 141.251369384550827, 43.126933843941217 ], [ 141.251329932723138, 43.126903610355626 ], [ 141.251137229746462, 43.126755717067688 ], [ 141.250959980299683, 43.126620055300457 ], [ 141.25070435973916, 43.126444324587943 ], [ 141.250231929708946, 43.126115565757068 ], [ 141.249342227151601, 43.125521046857443 ], [ 141.248996837085599, 43.125734221166994 ], [ 141.248753861741875, 43.125890548774706 ], [ 141.248429887844367, 43.126097367873435 ], [ 141.248078628639348, 43.126340307478721 ], [ 141.247700677503673, 43.126583013060724 ], [ 141.248084974779403, 43.126875073667904 ], [ 141.24811785380723, 43.126907923391109 ], [ 141.248286324555352, 43.126792790482199 ], [ 141.248747413803812, 43.127127717452176 ], [ 141.249127758676309, 43.127421287281337 ], [ 141.249766659040347, 43.127881613298477 ], [ 141.249775581252578, 43.127888020781008 ], [ 141.249995044554737, 43.128055349810786 ], [ 141.251892733648418, 43.127096222133417 ] ] ] ] } },
{ "type": "Feature", "properties": { "KEY_CODE": "01109320513", "S_NAME": "前田五条十三丁目", "n_candidates": 35, "n_panel": 4, "detached_households": 33.0, "rate": 0.12121212121212122, "fill": "#2c7fb8", "fill-opacity": 0.7, "stroke": "#555555" }, "geometry": { "type": "MultiPolygon", "coordinates": [ [ [ [ 141.247856017893525, 43.129113118456218 ], [ 141.248355949115648, 43.128863389835708 ], [ 141.248428652579321, 43.128827103165513 ], [ 141.249167120075754, 43.128458209715902 ], [ 141.249995044554709, 43.128055349810786 ], [ 141.249775581252578, 43.127888020781036 ], [ 141.249766659040347, 43.12788161329852 ], [ 141.249127758676281, 43.127421287281337 ], [ 141.248747413803784, 43.127127717452176 ], [ 141.248286324555323, 43.126792790482234 ], [ 141.24811785380723, 43.126907923391116 ], [ 141.248084974779346, 43.126875073667904 ], [ 141.247700677503673, 43.126583013060724 ], [ 141.246758647947161, 43.127240853163656 ], [ 141.246390754311875, 43.127490323732076 ], [ 141.245969829178222, 43.127788132599079 ], [ 141.245742004684274, 43.12793298071383 ], [ 141.246167003894527, 43.128243414422492 ], [ 141.246459203760992, 43.128454289475819 ], [ 141.24649305506756, 43.128515772674895 ], [ 141.246592480254179, 43.128612923123541 ], [ 141.246845193636346, 43.128825348396653 ], [ 141.246945950668788, 43.128911609739518 ], [ 141.246954118230434, 43.128905352175188 ], [ 141.247497764665582, 43.129300926875935 ], [ 141.247849625499697, 43.129116438342265 ], [ 141.247856017893525, 43.129113118456218 ] ] ] ] } },
{ "type": "Feature", "properties": { "KEY_CODE": "01109320514", "S_NAME": "前田五条十四丁目", "n_candidates": 88, "n_panel": 7, "detached_households": 74.0, "rate": 0.0945945945945946, "fill": "#41b6c4", "fill-opacity": 0.7, "stroke": "#555555" }, "geometry": { "type": "MultiPolygon", "coordinates": [ [ [ [ 141.247497764665582, 43.129300926875935 ], [ 141.246954118230434, 43.128905352175188 ], [ 141.246945950668788, 43.128911609739518 ], [ 141.246845193636346, 43.128825348396653 ], [ 141.246592480254179, 43.128612923123541 ], [ 141.24649305506756, 43.128515772674895 ], [ 141.246459203760992, 43.128454289475819 ], [ 141.246167003894527, 43.128243414422492 ], [ 141.245742004684274, 43.12793298071383 ], [ 141.244985109253577, 43.128470472466802 ], [ 141.244226390424757, 43.129001190607006 ], [ 141.244670470752681, 43.1293132730313 ], [ 141.244983730340863, 43.129498879533777 ], [ 141.245078043320945, 43.129544718222341 ], [ 141.245413049503071, 43.129792193033474 ], [ 141.245867920245047, 43.130132146327554 ], [ 141.246943156869577, 43.129593776642707 ], [ 141.247497764665582, 43.129300926875935 ] ] ] ] } },
{ "type": "Feature", "properties": { "KEY_CODE": "01109320515", "S_NAME": "前田五条十五丁目", "n_candidates": 132, "n_panel": 9, "detached_households": 110.0, "rate": 0.081818181818181818, "fill": "#41b6c4", "fill-opacity": 0.7, "stroke": "#555555" }, "geometry": { "type": "MultiPolygon", "coordinates": [ [ [ [ 141.244670470752681, 43.1293132730313 ], [ 141.244226390424757, 43.129001190607006 ], [ 141.243491898861208, 43.129541118430076 ], [ 141.243125985321086, 43.129791013242453 ], [ 141.242772116716083, 43.130049873675411 ], [ 141.24241222074366, 43.130307203486694 ], [ 141.241754521515958, 43.130753273295838 ], [ 141.241752635335388, 43.130868104123387 ], [ 141.241747606261043, 43.131174271306932 ], [ 141.24172636666728, 43.131309818150349 ], [ 141.241715603572658, 43.131678598262383 ], [ 141.24172684208699, 43.131859652655251 ], [ 141.24171197037839, 43.13219794417315 ], [ 141.242165116984211, 43.131968145400499 ], [ 141.242600607228184, 43.13174729706467 ], [ 141.243705622863502, 43.131205993936646 ], [ 141.245264905795693, 43.130447975544946 ], [ 141.245867920245047, 43.130132146327554 ], [ 141.245413049503071, 43.129792193033474 ], [ 141.245078043320945, 43.129544718222341 ], [ 141.244983730340863, 43.129498879533777 ], [ 141.244670470752681, 43.1293132730313 ] ] ] ] } },
{ "type": "Feature", "properties": { "KEY_CODE": "01109320605", "S_NAME": "前田六条五丁目", "n_candidates": 57, "n_panel": 2, "detached_households": 51.0, "rate": 0.039215686274509803, "fill": "#c7e9b4", "fill-opacity": 0.7, "stroke": "#555555" }, "geometry": { "type": "MultiPolygon", "coordinates": [ [ [ [ 141.266218531749814, 43.118488867990372 ], [ 141.266203076785672, 43.118092646408108 ], [ 141.265255452683363, 43.118701643303986 ], [ 141.264707587400153, 43.119052588001978 ], [ 141.263505734820626, 43.119825441447546 ], [ 141.263919626781643, 43.12017769461383 ], [ 141.264307726821158, 43.120522129249629 ], [ 141.264696023365389, 43.120854467853022 ], [ 141.266191520020527, 43.119863357335433 ], [ 141.266205062245263, 43.119635605853766 ], [ 141.266216748076033, 43.119523529961825 ], [ 141.266199849981632, 43.119038605198128 ], [ 141.266214538915818, 43.118738499185056 ], [ 141.266218531749814, 43.118488867990372 ] ] ] ] } },
{ "type": "Feature", "properties": { "KEY_CODE": "01109320606", "S_NAME": "前田六条六丁目", "n_candidates": 66, "n_panel": 3, "detached_households": 64.0, "rate": 0.046875, "fill": "#c7e9b4", "fill-opacity": 0.7, "stroke": "#555555" }, "geometry": { "type": "MultiPolygon", "coordinates": [ [ [ [ 141.263919626781643, 43.12017769461383 ], [ 141.263505734820626, 43.119825441447524 ], [ 141.261835140094689, 43.120938152109737 ], [ 141.262210767539102, 43.121275664487662 ], [ 141.262594070924081, 43.12159579978541 ], [ 141.262987773986509, 43.121932199308972 ], [ 141.263267791956878, 43.121755902701594 ], [ 141.264696023365389, 43.120854467853022 ], [ 141.264307726821158, 43.120522129249629 ], [ 141.263919626781643, 43.12017769461383 ] ] ] ] } },
{ "type": "Feature", "properties": { "KEY_CODE": "01109320607", "S_NAME": "前田六条七丁目", "n_candidates": 73, "n_panel": 2, "detached_households": 66.0, "rate": 0.030303030303030304, "fill": "#c7e9b4", "fill-opacity": 0.7, "stroke": "#555555" }, "geometry": { "type": "MultiPolygon", "coordinates": [ [ [ [ 141.262210767539102, 43.121275664487662 ], [ 141.261835140094689, 43.120938152109737 ], [ 141.261482917419499, 43.121168467863669 ], [ 141.259152839286514, 43.122674773406828 ], [ 141.259299516382811, 43.122712190363664 ], [ 141.259795720147594, 43.122865997614262 ], [ 141.26029755410957, 43.123010076290029 ], [ 141.260944919890051, 43.123209350718547 ], [ 141.261597692217094, 43.122804962329177 ], [ 141.262987773986509, 43.121932199308972 ], [ 141.262594070924081, 43.12159579978541 ], [ 141.262210767539102, 43.121275664487662 ] ] ] ] } },
{ "type": "Feature", "properties": { "KEY_CODE": "01109320608", "S_NAME": "前田六条八丁目", "n_candidates": 22, "n_panel": 2, "detached_households": 18.0, "rate": 0.1111111111111111, "fill": "#41b6c4", "fill-opacity": 0.7, "stroke": "#555555" }, "geometry": { "type": "MultiPolygon", "coordinates": [ [ [ [ 141.259299516382811, 43.122712190363664 ], [ 141.259152839286514, 43.122674773406828 ], [ 141.258542726092287, 43.123070512886187 ], [ 141.259007115633409, 43.12341084309827 ], [ 141.259367679364601, 43.123676286734529 ], [ 141.259780847546978, 43.123996126852802 ], [ 141.260400503964547, 43.123550388608358 ], [ 141.260944919890051, 43.123209350718547 ], [ 141.26029755410957, 43.123010076290029 ], [ 141.259795720147594, 43.122865997614262 ], [ 141.259299516382811, 43.122712190363664 ] ] ] ] } },
{ "type": "Feature", "properties": { "KEY_CODE": "01109320609", "S_NAME": "前田六条九丁目", "n_candidates": 105, "n_panel": 2, "detached_households": 103.0, "rate": 0.019417475728155338, "fill": "#ffffcc", "fill-opacity": 0.7, "stroke": "#555555" }, "geometry": { "type": "MultiPolygon", "coordinates": [ [ [ [ 141.259007115633409, 43.12341084309827 ], [ 141.258542726092287, 43.123070512886187 ], [ 141.258207229937994, 43.123280214755809 ], [ 141.257969619884278, 43.123439281148499 ], [ 141.256973881625697, 43.124097304952492 ], [ 141.256873393907256, 43.124166060321954 ], [ 141.255857709917791, 43.124838810499838 ], [ 141.256280289035999, 43.125146296656553 ], [ 141.257171054714803, 43.125827276894334 ], [ 141.257515831783422, 43.125590933657591 ], [ 141.25783562765946, 43.125367314139744 ], [ 141.257954234535049, 43.125282469372515 ], [ 141.25819850943688, 43.12511544329287 ], [ 141.258371982103853, 43.124992391465874 ], [ 141.258459997449165, 43.124928872417996 ], [ 141.258670097616033, 43.124773153323765 ], [ 141.259076489346171, 43.124484099754923 ], [ 141.259780847546978, 43.123996126852802 ], [ 141.259367679364601, 43.123676286734529 ], [ 141.259007115633409, 43.12341084309827 ] ] ] ] } },
{ "type": "Feature", "properties": { "KEY_CODE": "01109320610", "S_NAME": "前田六条十丁目", "n_candidates": 83, "n_panel": 3, "detached_households": 77.0, "rate": 0.03896103896103896, "fill": "#c7e9b4", "fill-opacity": 0.7, "stroke": "#555555" }, "geometry": { "type": "MultiPolygon", "coordinates": [ [ [ [ 141.256280289035914, 43.125146296656574 ], [ 141.255857709917791, 43.124838810499838 ], [ 141.255755046653775, 43.124905435572153 ], [ 141.254848530295931, 43.125493955922849 ], [ 141.254498382232896, 43.125723421950866 ], [ 141.254025576691589, 43.126026439823647 ], [ 141.254726733149141, 43.126568861520781 ], [ 141.255411089703045, 43.127076176932363 ], [ 141.255869104875643, 43.126767609941069 ], [ 141.256197563668053, 43.126519665418151 ], [ 141.256403395679001, 43.126379175871286 ], [ 141.256522117589981, 43.12628751135609 ], [ 141.256850049083113, 43.126065933858477 ], [ 141.25703092176758, 43.125924945150999 ], [ 141.257171054714803, 43.125827276894334 ], [ 141.256280289035914, 43.125146296656574 ] ] ] ] } },
{ "type": "Feature", "properties": { "KEY_CODE": "01109320611", "S_NAME": "前田六条十一丁目", "n_candidates": 7, "n_panel": 1, "detached_households": 0.0, "rate": null, "fill": "#cccccc", "fill-opacity": 0.7, "stroke": "#555555" }, "geometry": { "type": "MultiPolygon", "coordinates": [ [ [ [ 141.254726733149141, 43.126568861520781 ], [ 141.254025576691589, 43.126026439823619 ], [ 141.251892733648418, 43.127096222133417 ], [ 141.252366054247318, 43.127459795801812 ], [ 141.252126083493039, 43.127596815780628 ], [ 141.253358828852072, 43.128528149514658 ], [ 141.253564936960913, 43.128383305128239 ], [ 141.253818275843742, 43.128196487953169 ], [ 141.25432367886043, 43.127823790876562 ], [ 141.254426564679562, 43.127747918658031 ], [ 141.255411089703045, 43.127076176932334 ], [ 141.254726733149141, 43.126568861520781 ] ] ] ] } },
{ "type": "Feature", "properties": { "KEY_CODE": "01109320612", "S_NAME": "前田六条十二丁目", "n_candidates": 75, "n_panel": 4, "detached_households": 71.0, "rate": 0.056338028169014086, "fill": "#7fcdbb", "fill-opacity": 0.7, "stroke": "#555555" }, "geometry": { "type": "MultiPolygon", "coordinates": [ [ [ [ 141.253358828852072, 43.128528149514658 ], [ 141.252126083493039, 43.127596815780628 ], [ 141.252366054247318, 43.127459795801812 ], [ 141.251892733648418, 43.127096222133417 ], [ 141.249995044554737, 43.128055349810786 ], [ 141.250577720776676, 43.128484306044484 ], [ 141.250828158176603, 43.128359474878053 ], [ 141.252166483014349, 43.129370159154107 ], [ 141.252569166316903, 43.129088692785864 ], [ 141.252758955250215, 43.128949614846761 ], [ 141.252769528022043, 43.128942188259302 ], [ 141.252916953574356, 43.128838607471693 ], [ 141.25314182738623, 43.128680614622787 ], [ 141.253198208060724, 43.128641001684265 ], [ 141.253358828852072, 43.128528149514658 ] ] ] ] } },
{ "type": "Feature", "properties": { "KEY_CODE": "01109320613", "S_NAME": "前田六条十三丁目", "n_candidates": 98, "n_panel": 4, "detached_households": 79.0, "rate": 0.050632911392405063, "fill": "#7fcdbb", "fill-opacity": 0.7, "stroke": "#555555" }, "geometry": { "type": "MultiPolygon", "coordinates": [ [ [ [ 141.252166483014321, 43.129370159154128 ], [ 141.250828158176603, 43.12835947487806 ], [ 141.250577720776647, 43.128484306044527 ], [ 141.249995044554709, 43.128055349810786 ], [ 141.249167120075754, 43.128458209715902 ], [ 141.248428652579321, 43.128827103165513 ], [ 141.248355949115648, 43.128863389835708 ], [ 141.247856017893525, 43.129113118456218 ], [ 141.247849625499697, 43.129116438342265 ], [ 141.247497764665582, 43.129300926875935 ], [ 141.247658060869213, 43.129433984851453 ], [ 141.248336533157953, 43.12992371000086 ], [ 141.249037075326328, 43.130444427590227 ], [ 141.249832172937545, 43.131008867492262 ], [ 141.250144757727952, 43.130801031580496 ], [ 141.250287378249311, 43.130693476502195 ], [ 141.251173445370739, 43.130070844537705 ], [ 141.2519679490035, 43.129515276936992 ], [ 141.252166483014321, 43.129370159154128 ] ] ] ] } },
{ "type": "Feature", "properties": { "KEY_CODE": "01109320614", "S_NAME": "前田六条十四丁目", "n_candidates": 162, "n_panel": 10, "detached_households": 137.0, "rate": 0.072992700729927001, "fill": "#7fcdbb", "fill-opacity": 0.7, "stroke": "#555555" }, "geometry": { "type": "MultiPolygon", "coordinates": [ [ [ [ 141.247658060869213, 43.129433984851495 ], [ 141.247497764665582, 43.129300926875935 ], [ 141.246943156869577, 43.129593776642707 ], [ 141.245867920245047, 43.130132146327554 ], [ 141.245264905795693, 43.130447975544946 ], [ 141.245693103930734, 43.130769198930906 ], [ 141.245952093417458, 43.13097401886197 ], [ 141.246372190888707, 43.131286025363231 ], [ 141.246716491579662, 43.131559032876446 ], [ 141.247164339950416, 43.131894975559021 ], [ 141.247558118927941, 43.132190355989096 ], [ 141.247842061135685, 43.132414375897376 ], [ 141.248398516468484, 43.13202138998102 ], [ 141.248803970963138, 43.131754517731409 ], [ 141.248920482809183, 43.131675994133339 ], [ 141.249076908600415, 43.131564130397422 ], [ 141.249238394606152, 43.131430509236139 ], [ 141.249353687919609, 43.131361820977695 ], [ 141.249832172937545, 43.131008867492262 ], [ 141.249037075326328, 43.130444427590227 ], [ 141.248336533157982, 43.129923710000853 ], [ 141.247658060869213, 43.129433984851495 ] ] ] ] } },
{ "type": "Feature", "properties": { "KEY_CODE": "01109320615", "S_NAME": "前田六条十五丁目", "n_candidates": 151, "n_panel": 7, "detached_households": 142.0, "rate": 0.049295774647887321, "fill": "#c7e9b4", "fill-opacity": 0.7, "stroke": "#555555" }, "geometry": { "type": "MultiPolygon", "coordinates": [ [ [ [ 141.245693103930734, 43.130769198930906 ], [ 141.245264905795693, 43.130447975544946 ], [ 141.243705622863502, 43.131205993936646 ], [ 141.242600607228184, 43.13174729706467 ], [ 141.24306564055334, 43.132099869352899 ], [ 141.243646051005044, 43.132561057776854 ], [ 141.244044658144873, 43.132860084557457 ], [ 141.244443327879537, 43.133155523832556 ], [ 141.24488387354458, 43.133485931486774 ], [ 141.245282371701308, 43.133792338401733 ], [ 141.245571020925894, 43.134022175653087 ], [ 141.245655221775138, 43.13397037858126 ], [ 141.246321973314622, 43.133487865408568 ], [ 141.24671358574443, 43.13321131552658 ], [ 141.247842061135685, 43.132414375897376 ], [ 141.247558118927941, 43.132190355989096 ], [ 141.247164339950416, 43.131894975559021 ], [ 141.246716491579662, 43.131559032876446 ], [ 141.246372190888707, 43.131286025363231 ], [ 141.245952093417458, 43.13097401886197 ], [ 141.245693103930734, 43.130769198930906 ] ] ] ] } },
{ "type": "Feature", "properties": { "KEY_CODE": "01109320616", "S_NAME": "前田六条十六丁目", "n_candidates": 252, "n_panel": 14, "detached_households": 206.0, "rate": 0.067961165048543687, "fill": "#7fcdbb", "fill-opacity": 0.7, "stroke": "#555555" }, "geometry": { "type": "MultiPolygon", "coordinates": [ [ [ [ 141.24306564055334, 43.132099869352899 ], [ 141.242600607228184, 43.13174729706467 ], [ 141.242165116984211, 43.131968145400499 ], [ 141.24171197037839, 43.13219794417315 ], [ 141.241700483140562, 43.133166058921475 ], [ 141.241685469550305, 43.133548022697283 ], [ 141.24168876749664, 43.134393614191744 ], [ 141.241657412050017, 43.135068775518278 ], [ 141.241652605894075, 43.135413905981075 ], [ 141.241642369462937, 43.135779806956975 ], [ 141.241639285104043, 43.136227936255757 ], [ 141.241635512337297, 43.136776021433938 ], [ 141.241635225561311, 43.136787694385099 ], [ 141.241872925110982, 43.136623039568036 ], [ 141.242286304218027, 43.136327504679116 ], [ 141.242794880471706, 43.135965711604406 ], [ 141.243084279425574, 43.135757553468004 ], [ 141.244222757573169, 43.134954143850678 ], [ 141.244535885936187, 43.13473318068759 ], [ 141.244580460500089, 43.134702838159242 ], [ 141.245571020925865, 43.134022175653108 ], [ 141.245282371701308, 43.133792338401754 ], [ 141.24488387354458, 43.133485931486774 ], [ 141.244443327879537, 43.133155523832556 ], [ 141.244044658144873, 43.132860084557457 ], [ 141.243646051005044, 43.132561057776854 ], [ 141.24306564055334, 43.132099869352899 ] ] ] ] } },
{ "type": "Feature", "properties": { "KEY_CODE": "01109320706", "S_NAME": "前田七条六丁目", "n_candidates": 99, "n_panel": 6, "detached_households": 89.0, "rate": 0.06741573033707865, "fill": "#7fcdbb", "fill-opacity": 0.7, "stroke": "#555555" }, "geometry": { "type": "MultiPolygon", "coordinates": [ [ [ [ 141.266192991466681, 43.12016065231456 ], [ 141.266191520020527, 43.119863357335433 ], [ 141.264696023365389, 43.120854467853022 ], [ 141.263267791956878, 43.121755902701594 ], [ 141.263614268381247, 43.12206791152596 ], [ 141.264080432323539, 43.122448254199881 ], [ 141.264494876194959, 43.12280909137715 ], [ 141.264889112119789, 43.123143169692341 ], [ 141.264568823674665, 43.123333892508292 ], [ 141.264165162298724, 43.123598305627112 ], [ 141.263516716889768, 43.124002745842162 ], [ 141.263976981588797, 43.124141527499567 ], [ 141.264106470760964, 43.124185401760791 ], [ 141.264490313063391, 43.124330065217464 ], [ 141.264615185425356, 43.124380510206429 ], [ 141.264917984062237, 43.124537697402658 ], [ 141.265109299992417, 43.124647860602529 ], [ 141.26529258806886, 43.124809504894543 ], [ 141.265468391025081, 43.124958988529869 ], [ 141.265499392927325, 43.124989566861615 ], [ 141.265607701959965, 43.125096905755299 ], [ 141.265756036772984, 43.125229063014636 ], [ 141.265865690795607, 43.125384307614468 ], [ 141.266000860537503, 43.125600887549297 ], [ 141.266061676560923, 43.125694244672538 ], [ 141.266120923884074, 43.125783649854263 ], [ 141.266116795179698, 43.125604133640323 ], [ 141.266125724084702, 43.125436615218739 ], [ 141.266136634189365, 43.124140325882507 ], [ 141.266149797823743, 43.12360108213884 ], [ 141.266155478038741, 43.123450556030804 ], [ 141.266146267043524, 43.123055154387409 ], [ 141.266153951044117, 43.122899370201594 ], [ 141.266157277073631, 43.122506538216179 ], [ 141.266168159146872, 43.122336926547085 ], [ 141.266153705422369, 43.121765656637614 ], [ 141.266158161333834, 43.121667445114483 ], [ 141.266160979236076, 43.12154565804817 ], [ 141.266183024864091, 43.121123026786783 ], [ 141.266182668986175, 43.120457003223322 ], [ 141.266192991466681, 43.12016065231456 ] ] ] ] } },
{ "type": "Feature", "properties": { "KEY_CODE": "01109320707", "S_NAME": "前田七条七丁目", "n_candidates": 98, "n_panel": 5, "detached_households": 92.0, "rate": 0.05434782608695652, "fill": "#7fcdbb", "fill-opacity": 0.7, "stroke": "#555555" }, "geometry": { "type": "MultiPolygon", "coordinates": [ [ [ [ 141.263614268381247, 43.12206791152596 ], [ 141.263267791956878, 43.121755902701594 ], [ 141.262987773986509, 43.121932199308972 ], [ 141.261597692217094, 43.122804962329177 ], [ 141.260944919890051, 43.123209350718547 ], [ 141.261564454660316, 43.123396143903221 ], [ 141.262137957194113, 43.123567909832914 ], [ 141.263290077362257, 43.123934051742594 ], [ 141.263516716889768, 43.124002745842162 ], [ 141.264165162298724, 43.123598305627112 ], [ 141.264568823674665, 43.123333892508292 ], [ 141.264889112119789, 43.123143169692341 ], [ 141.264494876194959, 43.12280909137715 ], [ 141.264080432323539, 43.122448254199881 ], [ 141.263614268381247, 43.12206791152596 ] ] ] ] } },
{ "type": "Feature", "properties": { "KEY_CODE": "01109320708", "S_NAME": "前田七条八丁目", "n_candidates": 102, "n_panel": 10, "detached_households": 101.0, "rate": 0.099009900990099015, "fill": "#41b6c4", "fill-opacity": 0.7, "stroke": "#555555" }, "geometry": { "type": "MultiPolygon", "coordinates": [ [ [ [ 141.261773821547138, 43.125496853149748 ], [ 141.262708548890174, 43.124839455304489 ], [ 141.262801318519109, 43.124885968531167 ], [ 141.263163654370601, 43.124660589700817 ], [ 141.263976981588797, 43.124141527499567 ], [ 141.263516716889768, 43.124002745842162 ], [ 141.263290077362257, 43.123934051742594 ], [ 141.262137957194113, 43.123567909832914 ], [ 141.261564454660316, 43.123396143903221 ], [ 141.260944919890051, 43.123209350718547 ], [ 141.260400503964547, 43.123550388608358 ], [ 141.259780847546978, 43.123996126852802 ], [ 141.260233199997856, 43.124333394669499 ], [ 141.260422010523683, 43.124467454285906 ], [ 141.260629878354223, 43.124628404318621 ], [ 141.261037997836922, 43.124934482897004 ], [ 141.261404064880224, 43.125210939999526 ], [ 141.261773821547138, 43.125496853149748 ] ] ] ] } },
{ "type": "Feature", "properties": { "KEY_CODE": "01109320709", "S_NAME": "前田七条九丁目", "n_candidates": 158, "n_panel": 10, "detached_households": 151.0, "rate": 0.066225165562913912, "fill": "#7fcdbb", "fill-opacity": 0.7, "stroke": "#555555" }, "geometry": { "type": "MultiPolygon", "coordinates": [ [ [ [ 141.260233199997856, 43.124333394669499 ], [ 141.259780847546978, 43.123996126852802 ], [ 141.259076489346171, 43.124484099754923 ], [ 141.258670097616033, 43.124773153323765 ], [ 141.258459997449165, 43.124928872417996 ], [ 141.258371982103853, 43.124992391465874 ], [ 141.25819850943688, 43.12511544329287 ], [ 141.258255405854356, 43.1253319158495 ], [ 141.258298598647428, 43.125517043189127 ], [ 141.258339038940676, 43.125652706554817 ], [ 141.258400329445038, 43.125817103320401 ], [ 141.258504792601826, 43.125948115170885 ], [ 141.258622246328144, 43.126059477434808 ], [ 141.25900003431363, 43.12635320389704 ], [ 141.259209767266668, 43.126493917473219 ], [ 141.259439477095299, 43.126598654358602 ], [ 141.259851627667246, 43.126833881302517 ], [ 141.260358577666182, 43.1264897806874 ], [ 141.26048449240804, 43.126410131064745 ], [ 141.26070476522608, 43.126254565972459 ], [ 141.261081057751056, 43.125998159504036 ], [ 141.261773821547138, 43.125496853149748 ], [ 141.261404064880224, 43.125210939999526 ], [ 141.261037997836922, 43.124934482897004 ], [ 141.260629878354223, 43.124628404318621 ], [ 141.260422010523683, 43.124467454285906 ], [ 141.260233199997856, 43.124333394669499 ] ] ] ] } },
{ "type": "Feature", "properties": { "KEY_CODE": "01109320710", "S_NAME": "前田七条十丁目", "n_candidates": 196, "n_panel": 8, "detached_households": 181.0, "rate": 0.044198895027624308, "fill": "#c7e9b4", "fill-opacity": 0.7, "stroke": "#555555" }, "geometry": { "type": "MultiPolygon", "coordinates": [ [ [ [ 141.258255405854356, 43.12533191584955 ], [ 141.25819850943688, 43.12511544329287 ], [ 141.257954234535049, 43.125282469372515 ], [ 141.25783562765946, 43.125367314139744 ], [ 141.257515831783422, 43.125590933657591 ], [ 141.257171054714803, 43.125827276894334 ], [ 141.25703092176758, 43.125924945151006 ], [ 141.256850049083113, 43.126065933858477 ], [ 141.256522117589981, 43.12628751135609 ], [ 141.256403395679001, 43.126379175871286 ], [ 141.256197563668053, 43.126519665418151 ], [ 141.255869104875643, 43.126767609941069 ], [ 141.255411089703045, 43.127076176932363 ], [ 141.255751082803698, 43.12734947217556 ], [ 141.256099465986637, 43.127608772174725 ], [ 141.256572241446776, 43.127960226377823 ], [ 141.256710281160309, 43.128069306845155 ], [ 141.256943161947731, 43.128251296642119 ], [ 141.25730716035531, 43.128537172042471 ], [ 141.25863548390555, 43.127641570155134 ], [ 141.259851627667217, 43.126833881302524 ], [ 141.259439477095299, 43.126598654358602 ], [ 141.259209767266668, 43.126493917473219 ], [ 141.25900003431363, 43.12635320389704 ], [ 141.258622246328144, 43.126059477434865 ], [ 141.258504792601741, 43.125948115170907 ], [ 141.258400329445038, 43.125817103320401 ], [ 141.258339038940647, 43.125652706554817 ], [ 141.258298598647428, 43.125517043189163 ], [ 141.258255405854356, 43.12533191584955 ] ] ] ] } },
{ "type": "Feature", "properties": { "KEY_CODE": "01109320711", "S_NAME": "前田七条十一丁目", "n_candidates": 31, "n_panel": 1, "detached_households": 64.0, "rate": 0.015625, "fill": "#ffffcc", "fill-opacity": 0.7, "stroke": "#555555" }, "geometry": { "type": "MultiPolygon", "coordinates": [ [ [ [ 141.25686540869674, 43.130735900642946 ], [ 141.258283145145981, 43.129854512656507 ], [ 141.258701387012536, 43.129595101174431 ], [ 141.258434299851501, 43.129372239465361 ], [ 141.258059758549734, 43.129096473510955 ], [ 141.257688581185533, 43.128820665439015 ], [ 141.25730716035531, 43.128537172042471 ], [ 141.256943161947731, 43.128251296642119 ], [ 141.256710281160309, 43.128069306845155 ], [ 141.256572241446776, 43.127960226377823 ], [ 141.256099465986637, 43.127608772174725 ], [ 141.255751082803698, 43.12734947217556 ], [ 141.255411089703045, 43.127076176932363 ], [ 141.254426564679562, 43.127747918658031 ], [ 141.25432367886043, 43.127823790876562 ], [ 141.253818275843742, 43.128196487953169 ], [ 141.253564936960913, 43.128383305128239 ], [ 141.253358828852072, 43.128528149514658 ], [ 141.253198208060724, 43.128641001684265 ], [ 141.25314182738623, 43.128680614622787 ], [ 141.252916953574356, 43.128838607471693 ], [ 141.252769528022043, 43.128942188259302 ], [ 141.252758955250215, 43.128949614846761 ], [ 141.252569166316903, 43.129088692785864 ], [ 141.252166483014349, 43.129370159154107 ], [ 141.25243930450236, 43.129581410030852 ], [ 141.252706348796551, 43.12978857592838 ], [ 141.253026370422589, 43.130036837863202 ], [ 141.253321963530993, 43.130266146513399 ], [ 141.254293860473155, 43.129571026065882 ], [ 141.25482294068982, 43.129973964365966 ], [ 141.254877360514598, 43.130011007925511 ], [ 141.254989623224674, 43.130087375206756 ], [ 141.255118263057199, 43.130142573822461 ], [ 141.255289543886789, 43.130167761472947 ], [ 141.255419971457144, 43.130160172184048 ], [ 141.255640727157214, 43.130160260421945 ], [ 141.255716201205956, 43.130160283417318 ], [ 141.255857375217147, 43.130170930600777 ], [ 141.255972271003486, 43.130179592553979 ], [ 141.256046758315506, 43.130193109901349 ], [ 141.256085055237634, 43.130200054063124 ], [ 141.256211777607689, 43.130249257403328 ], [ 141.256306152651376, 43.13032145785094 ], [ 141.256480338231427, 43.130446044569759 ], [ 141.256618723138047, 43.130545986378273 ], [ 141.25686540869674, 43.130735900642946 ] ] ] ] } },
{ "type": "Feature", "properties": { "KEY_CODE": "01109320712", "S_NAME": "前田七条十二丁目", "n_candidates": 8, "n_panel": 0, "detached_households": 4.0, "rate": 0.0, "fill": "#ffffcc", "fill-opacity": 0.7, "stroke": "#555555" }, "geometry": { "type": "MultiPolygon", "coordinates": [ [ [ [ 141.256306152651376, 43.13032145785094 ], [ 141.256211777607746, 43.130249257403328 ], [ 141.256085055237691, 43.130200054063124 ], [ 141.256046758315506, 43.130193109901349 ], [ 141.255972271003486, 43.130179592553979 ], [ 141.255857375217147, 43.130170930600777 ], [ 141.255716201205956, 43.130160283417318 ], [ 141.255640727157299, 43.130160260421945 ], [ 141.255419971457144, 43.130160172184013 ], [ 141.255289543886846, 43.130167761472947 ], [ 141.255118263057199, 43.130142573822461 ], [ 141.254989623224674, 43.130087375206749 ], [ 141.254877360514627, 43.130011007925511 ], [ 141.25482294068982, 43.129973964365966 ], [ 141.254293860473155, 43.129571026065882 ], [ 141.253321963530993, 43.130266146513399 ], [ 141.253026370422589, 43.130036837863202 ], [ 141.252706348796551, 43.12978857592838 ], [ 141.25243930450236, 43.129581410030852 ], [ 141.252166483014349, 43.129370159154107 ], [ 141.2519679490035, 43.129515276936992 ], [ 141.251173445370739, 43.130070844537663 ], [ 141.251459414107018, 43.130282565063517 ], [ 141.251831422899414, 43.130576897634619 ], [ 141.252326839446908, 43.13097090329768 ], [ 141.252575147060355, 43.131165928929114 ], [ 141.252711029227925, 43.131272653103792 ], [ 141.252903301002021, 43.131424407323379 ], [ 141.253215560484279, 43.131673625163792 ], [ 141.253228172081094, 43.131683511111873 ], [ 141.25354276464904, 43.131931133489488 ], [ 141.253606944648311, 43.131982185947983 ], [ 141.253620780745678, 43.13199317808774 ], [ 141.254087885021818, 43.132364242624249 ], [ 141.254510375398411, 43.132058185668186 ], [ 141.254733570011922, 43.131896539967386 ], [ 141.255110036065531, 43.131615468883986 ], [ 141.255510844047905, 43.131331232323447 ], [ 141.256197971550108, 43.130834975415993 ], [ 141.256332397505872, 43.130742647181897 ], [ 141.256618723138047, 43.130545986378273 ], [ 141.256480338231427, 43.130446044569759 ], [ 141.256306152651376, 43.13032145785094 ] ] ] ] } },
{ "type": "Feature", "properties": { "KEY_CODE": "01109320713", "S_NAME": "前田七条十三丁目", "n_candidates": 67, "n_panel": 1, "detached_households": 59.0, "rate": 0.016949152542372881, "fill": "#ffffcc", "fill-opacity": 0.7, "stroke": "#555555" }, "geometry": { "type": "MultiPolygon", "coordinates": [ [ [ [ 141.252532190612072, 43.132952869960903 ], [ 141.253037015379334, 43.132597741676051 ], [ 141.253396867579994, 43.132855531578542 ], [ 141.253814832291567, 43.132556611445715 ], [ 141.254087885021818, 43.132364242624249 ], [ 141.253620780745678, 43.13199317808774 ], [ 141.253606944648311, 43.131982185947983 ], [ 141.25354276464904, 43.131931133489488 ], [ 141.253228172081094, 43.131683511111873 ], [ 141.253215560484279, 43.131673625163813 ], [ 141.252903301002021, 43.131424407323379 ], [ 141.252711029227925, 43.131272653103792 ], [ 141.252575147060355, 43.131165928929114 ], [ 141.252326839446908, 43.13097090329768 ], [ 141.251831422899414, 43.130576897634619 ], [ 141.251459414107018, 43.130282565063517 ], [ 141.251173445370739, 43.130070844537663 ], [ 141.250287378249311, 43.130693476502195 ], [ 141.250144757727952, 43.130801031580475 ], [ 141.249832172937573, 43.131008867492262 ], [ 141.250493017857906, 43.131478176192665 ], [ 141.250549060747602, 43.131517974405043 ], [ 141.251094791445212, 43.131918050438543 ], [ 141.252350177531099, 43.132825467956273 ], [ 141.252532190612072, 43.132952869960903 ] ] ] ] } },
{ "type": "Feature", "properties": { "KEY_CODE": "01109320714", "S_NAME": "前田七条十四丁目", "n_candidates": 92, "n_panel": 1, "detached_households": 58.0, "rate": 0.017241379310344827, "fill": "#ffffcc", "fill-opacity": 0.7, "stroke": "#555555" }, "geometry": { "type": "MultiPolygon", "coordinates": [ [ [ [ 141.251399725246529, 43.133407880472532 ], [ 141.251675336346096, 43.133188886279058 ], [ 141.251775094650156, 43.133248831253205 ], [ 141.252350177531099, 43.132825467956273 ], [ 141.251094791445212, 43.131918050438543 ], [ 141.250549060747602, 43.131517974405043 ], [ 141.250493017857906, 43.131478176192665 ], [ 141.249832172937545, 43.131008867492262 ], [ 141.249353687919609, 43.131361820977695 ], [ 141.249238394606152, 43.131430509236139 ], [ 141.249076908600358, 43.131564130397422 ], [ 141.248920482809126, 43.131675994133339 ], [ 141.248803970963138, 43.131754517731409 ], [ 141.249204777690693, 43.132055158505842 ], [ 141.250295223792165, 43.132829150112293 ], [ 141.251556131123152, 43.133745837487467 ], [ 141.251793032071021, 43.133911274382434 ], [ 141.251962602648831, 43.13380008495286 ], [ 141.251399725246529, 43.133407880472532 ] ] ] ] } },
{ "type": "Feature", "properties": { "KEY_CODE": "01109320715", "S_NAME": "前田七条十五丁目", "n_candidates": 50, "n_panel": 1, "detached_households": 40.0, "rate": 0.025, "fill": "#c7e9b4", "fill-opacity": 0.7, "stroke": "#555555" }, "geometry": { "type": "MultiPolygon", "coordinates": [ [ [ [ 141.249204777690693, 43.132055158505842 ], [ 141.248803970963138, 43.131754517731409 ], [ 141.248398516468484, 43.132021389981041 ], [ 141.247842061135685, 43.132414375897376 ], [ 141.24671358574443, 43.133211315526601 ], [ 141.246321973314593, 43.133487865408576 ], [ 141.245655221775138, 43.13397037858126 ], [ 141.245571020925865, 43.134022175653108 ], [ 141.244580460500089, 43.134702838159242 ], [ 141.244535885936187, 43.13473318068759 ], [ 141.247465943100536, 43.136816348256367 ], [ 141.247704853274371, 43.136635300018767 ], [ 141.248047812434436, 43.136357334922167 ], [ 141.24839112584371, 43.136104548775201 ], [ 141.248714420426353, 43.135883728316244 ], [ 141.24878657657041, 43.13583442518631 ], [ 141.249053479219953, 43.135626542987524 ], [ 141.249138490870706, 43.135560332332382 ], [ 141.249431450211603, 43.13533861213245 ], [ 141.2495033019174, 43.135284312007634 ], [ 141.24978228206038, 43.135071681979547 ], [ 141.249857932840371, 43.135014039008389 ], [ 141.250137158706565, 43.134809709084621 ], [ 141.250217534636818, 43.134750912063303 ], [ 141.250474362103262, 43.134553769376417 ], [ 141.250560619024554, 43.134487568552842 ], [ 141.250808688781746, 43.134297311868401 ], [ 141.250903795404668, 43.134224295721182 ], [ 141.251129597215765, 43.134056841765265 ], [ 141.251170937149936, 43.134030336443494 ], [ 141.251250705544351, 43.133979199262711 ], [ 141.251556131123152, 43.133745837487467 ], [ 141.250295223792165, 43.132829150112293 ], [ 141.249204777690693, 43.132055158505842 ] ] ] ] } },
{ "type": "Feature", "properties": { "KEY_CODE": "01109320717", "S_NAME": "前田七条十七丁目", "n_candidates": 172, "n_panel": 4, "detached_households": 162.0, "rate": 0.024691358024691357, "fill": "#c7e9b4", "fill-opacity": 0.7, "stroke": "#555555" }, "geometry": { "type": "MultiPolygon", "coordinates": [ [ [ [ 141.245198645745347, 43.137246651252262 ], [ 141.243084279425574, 43.135757553468004 ], [ 141.242794880471706, 43.135965711604406 ], [ 141.242286304218027, 43.136327504679116 ], [ 141.241872925110982, 43.136623039568036 ], [ 141.241635225561311, 43.136787694385099 ], [ 141.241623233963765, 43.137090916326699 ], [ 141.241600629319692, 43.137473093570236 ], [ 141.242232975074899, 43.137908797237337 ], [ 141.242765178886998, 43.138267379693424 ], [ 141.243193596585115, 43.138577715699988 ], [ 141.243435474001075, 43.138714805804845 ], [ 141.244064836868773, 43.139076136583682 ], [ 141.244382863836705, 43.138827156806514 ], [ 141.244685549807969, 43.138599912299107 ], [ 141.245044877113315, 43.138256419619289 ], [ 141.245549823572418, 43.1378698959752 ], [ 141.245807033209985, 43.137662925892066 ], [ 141.245198645745347, 43.137246651252262 ] ] ] ] } },
{ "type": "Feature", "properties": { "KEY_CODE": "01109320718", "S_NAME": "前田七条十八丁目", "n_candidates": 87, "n_panel": 4, "detached_households": 75.0, "rate": 0.053333333333333337, "fill": "#7fcdbb", "fill-opacity": 0.7, "stroke": "#555555" }, "geometry": { "type": "MultiPolygon", "coordinates": [ [ [ [ 141.242839803237814, 43.139595774131735 ], [ 141.243158893041084, 43.139346806556276 ], [ 141.243162787349746, 43.139349443009181 ], [ 141.243170766696352, 43.139343043016055 ], [ 141.243491600825593, 43.139092964969343 ], [ 141.243779525783822, 43.139286020125461 ], [ 141.244064836868773, 43.139076136583682 ], [ 141.243435474001075, 43.138714805804845 ], [ 141.243193596585115, 43.138577715699988 ], [ 141.242765178886998, 43.138267379693424 ], [ 141.242232975074899, 43.137908797237337 ], [ 141.241600629319692, 43.137473093570236 ], [ 141.241596864738199, 43.137579538556828 ], [ 141.241590510114747, 43.137755866314905 ], [ 141.241591824678267, 43.13792726944552 ], [ 141.241594399019988, 43.138249889232306 ], [ 141.241578342564765, 43.138397156556906 ], [ 141.241349052919475, 43.138546341188395 ], [ 141.241344005950452, 43.138631394344067 ], [ 141.241328325311429, 43.138995417779952 ], [ 141.241328199480989, 43.139008919769999 ], [ 141.241325919476196, 43.139404779588034 ], [ 141.241302588887237, 43.139532993885076 ], [ 141.242143221757146, 43.140128916628335 ], [ 141.242516388883217, 43.139838864146746 ], [ 141.242839803237814, 43.139595774131735 ] ] ] ] } },
{ "type": "Feature", "properties": { "KEY_CODE": "01109320808", "S_NAME": "前田八条八丁目", "n_candidates": 206, "n_panel": 10, "detached_households": 201.0, "rate": 0.04975124378109453, "fill": "#c7e9b4", "fill-opacity": 0.7, "stroke": "#555555" }, "geometry": { "type": "MultiPolygon", "coordinates": [ [ [ [ 141.265468391025081, 43.124958988529869 ], [ 141.26529258806886, 43.124809504894543 ], [ 141.265109299992417, 43.124647860602529 ], [ 141.264917984062237, 43.124537697402658 ], [ 141.264615185425356, 43.124380510206429 ], [ 141.264490313063391, 43.124330065217464 ], [ 141.264106470760964, 43.124185401760791 ], [ 141.263976981588797, 43.124141527499567 ], [ 141.263163654370601, 43.124660589700817 ], [ 141.262801318519109, 43.124885968531167 ], [ 141.262708548890174, 43.124839455304489 ], [ 141.261773821547138, 43.125496853149748 ], [ 141.262151404167895, 43.125780018513339 ], [ 141.262514986387885, 43.126056241340798 ], [ 141.262893377439667, 43.126343139624872 ], [ 141.263284495790572, 43.126621003678494 ], [ 141.263585157093956, 43.126911591014249 ], [ 141.263828071762674, 43.127133109602177 ], [ 141.264292904395376, 43.12761035509255 ], [ 141.264460951196696, 43.127507784365662 ], [ 141.264841799230425, 43.127260195222988 ], [ 141.264964488469559, 43.127177840160087 ], [ 141.265118387491498, 43.127101237846645 ], [ 141.265334874894108, 43.127031433674617 ], [ 141.265604666236214, 43.126990710054955 ], [ 141.265874782013043, 43.126935641911004 ], [ 141.266100389876783, 43.126901782554974 ], [ 141.266095066099382, 43.126736954962723 ], [ 141.266119143698972, 43.126127967550708 ], [ 141.266120923884074, 43.125783649854263 ], [ 141.266061676560923, 43.125694244672538 ], [ 141.266000860537503, 43.125600887549297 ], [ 141.265865690795607, 43.125384307614468 ], [ 141.265756036772984, 43.125229063014636 ], [ 141.265607701959965, 43.125096905755299 ], [ 141.265499392927325, 43.124989566861615 ], [ 141.265468391025081, 43.124958988529869 ] ] ] ] } },
{ "type": "Feature", "properties": { "KEY_CODE": "01109320809", "S_NAME": "前田八条九丁目", "n_candidates": 203, "n_panel": 6, "detached_households": 191.0, "rate": 0.031413612565445025, "fill": "#c7e9b4", "fill-opacity": 0.7, "stroke": "#555555" }, "geometry": { "type": "MultiPolygon", "coordinates": [ [ [ [ 141.262151404167895, 43.125780018513339 ], [ 141.261773821547138, 43.125496853149748 ], [ 141.261081057751056, 43.125998159504036 ], [ 141.26070476522608, 43.126254565972459 ], [ 141.26048449240804, 43.126410131064745 ], [ 141.260358577666182, 43.1264897806874 ], [ 141.259851627667246, 43.126833881302517 ], [ 141.260311920227196, 43.127066920128733 ], [ 141.260726638196957, 43.127274174979568 ], [ 141.26086371025545, 43.12736608250475 ], [ 141.261010768612181, 43.127511596854525 ], [ 141.261110542077859, 43.12765395984551 ], [ 141.261184099820781, 43.127844131639506 ], [ 141.261239577440222, 43.128018181587485 ], [ 141.261278116339014, 43.128117326280574 ], [ 141.261326999979076, 43.128301376856513 ], [ 141.261362125348626, 43.128373978632027 ], [ 141.261424837318827, 43.128558007310033 ], [ 141.261523758322312, 43.128789187995196 ], [ 141.261566130072652, 43.128864946168918 ], [ 141.261648331222915, 43.12897178170909 ], [ 141.261762998479867, 43.129077842913098 ], [ 141.261892023819911, 43.129151043078167 ], [ 141.262115502444857, 43.128993534511309 ], [ 141.262967579603497, 43.128462793288186 ], [ 141.263299573543719, 43.128256424859728 ], [ 141.263516373970873, 43.12811981437892 ], [ 141.263662343755186, 43.128022962977496 ], [ 141.263873598416524, 43.12789073419038 ], [ 141.264060397293122, 43.127756607158766 ], [ 141.264292904395376, 43.12761035509255 ], [ 141.263828071762674, 43.127133109602177 ], [ 141.263585157093956, 43.126911591014249 ], [ 141.263284495790572, 43.126621003678494 ], [ 141.262893377439667, 43.126343139624872 ], [ 141.262514986387885, 43.126056241340798 ], [ 141.262151404167895, 43.125780018513339 ] ] ] ] } },
{ "type": "Feature", "properties": { "KEY_CODE": "01109320810", "S_NAME": "前田八条十丁目", "n_candidates": 171, "n_panel": 7, "detached_households": 164.0, "rate": 0.042682926829268296, "fill": "#c7e9b4", "fill-opacity": 0.7, "stroke": "#555555" }, "geometry": { "type": "MultiPolygon", "coordinates": [ [ [ [ 141.260311920227196, 43.127066920128733 ], [ 141.259851627667246, 43.126833881302517 ], [ 141.25863548390555, 43.127641570155134 ], [ 141.25730716035531, 43.128537172042471 ], [ 141.257688581185533, 43.128820665439015 ], [ 141.258059758549734, 43.129096473510955 ], [ 141.258434299851501, 43.129372239465361 ], [ 141.258701387012536, 43.129595101174431 ], [ 141.258792115308495, 43.129655383545916 ], [ 141.259856760211903, 43.130437152564639 ], [ 141.260286534480684, 43.130176571486203 ], [ 141.26118157270875, 43.129603526223832 ], [ 141.261892023819911, 43.129151043078167 ], [ 141.261762998479867, 43.129077842913098 ], [ 141.261648331222915, 43.12897178170909 ], [ 141.261566130072652, 43.128864946168918 ], [ 141.261523758322312, 43.128789187995196 ], [ 141.261424837318827, 43.128558007310033 ], [ 141.261362125348626, 43.128373978632027 ], [ 141.261326999979076, 43.128301376856541 ], [ 141.261278116339014, 43.128117326280574 ], [ 141.261239577440222, 43.128018181587507 ], [ 141.261184099820753, 43.127844131639506 ], [ 141.261110542077859, 43.12765395984551 ], [ 141.261010768612181, 43.127511596854525 ], [ 141.26086371025545, 43.127366082504764 ], [ 141.260726638196957, 43.127274174979568 ], [ 141.260311920227196, 43.127066920128733 ] ] ] ] } },
{ "type": "Feature", "properties": { "KEY_CODE": "01109320811", "S_NAME": "前田八条十一丁目", "n_candidates": 63, "n_panel": 4, "detached_households": 61.0, "rate": 0.065573770491803282, "fill": "#7fcdbb", "fill-opacity": 0.7, "stroke": "#555555" }, "geometry": { "type": "MultiPolygon", "coordinates": [ [ [ [ 141.258792115308495, 43.129655383545916 ], [ 141.258701387012536, 43.129595101174431 ], [ 141.258283145145981, 43.129854512656507 ], [ 141.25686540869674, 43.130735900642946 ], [ 141.25731614611675, 43.1310801973056 ], [ 141.25767634361415, 43.131358724580792 ], [ 141.258099240546926, 43.131673449660013 ], [ 141.259444621808143, 43.130729322490211 ], [ 141.259856760211903, 43.130437152564639 ], [ 141.258792115308495, 43.129655383545916 ] ] ] ] } },
{ "type": "Feature", "properties": { "KEY_CODE": "01109320812", "S_NAME": "前田八条十二丁目", "n_candidates": 47, "n_panel": 5, "detached_households": 41.0, "rate": 0.12195121951219512, "fill": "#2c7fb8", "fill-opacity": 0.7, "stroke": "#555555" }, "geometry": { "type": "MultiPolygon", "coordinates": [ [ [ [ 141.25686540869674, 43.130735900642946 ], [ 141.256618723138047, 43.130545986378273 ], [ 141.256332397505872, 43.130742647181897 ], [ 141.256197971550108, 43.130834975415993 ], [ 141.255510844047905, 43.131331232323447 ], [ 141.255110036065531, 43.131615468883986 ], [ 141.254733570011922, 43.131896539967386 ], [ 141.254510375398411, 43.132058185668186 ], [ 141.254087885021818, 43.132364242624249 ], [ 141.255534277283459, 43.133487787487233 ], [ 141.255802160516879, 43.133288478231997 ], [ 141.256222698524823, 43.133013905514964 ], [ 141.256582065991779, 43.132756874465812 ], [ 141.257310704876915, 43.132235652641178 ], [ 141.257719145896431, 43.131954076277324 ], [ 141.258099240546926, 43.131673449660013 ], [ 141.25767634361415, 43.131358724580792 ], [ 141.25731614611675, 43.1310801973056 ], [ 141.25686540869674, 43.130735900642946 ] ] ] ] } },
{ "type": "Feature", "properties": { "KEY_CODE": "01109320813", "S_NAME": "前田八条十三丁目", "n_candidates": 54, "n_panel": 0, "detached_households": 44.0, "rate": 0.0, "fill": "#ffffcc", "fill-opacity": 0.7, "stroke": "#555555" }, "geometry": { "type": "MultiPolygon", "coordinates": [ [ [ [ 141.255534277283459, 43.133487787487233 ], [ 141.254087885021818, 43.132364242624249 ], [ 141.253814832291539, 43.132556611445715 ], [ 141.253396867579966, 43.132855531578556 ], [ 141.253037015379306, 43.132597741676051 ], [ 141.252532190612072, 43.132952869960903 ], [ 141.253590830631765, 43.133725707893987 ], [ 141.254108905799797, 43.134080729545438 ], [ 141.254404033996479, 43.134303774373393 ], [ 141.254891310181364, 43.133959034854492 ], [ 141.255250264414911, 43.133698559557764 ], [ 141.255534277283459, 43.133487787487233 ] ] ] ] } },
{ "type": "Feature", "properties": { "KEY_CODE": "01109320814", "S_NAME": "前田八条十四丁目", "n_candidates": 71, "n_panel": 4, "detached_households": 53.0, "rate": 0.075471698113207544, "fill": "#7fcdbb", "fill-opacity": 0.7, "stroke": "#555555" }, "geometry": { "type": "MultiPolygon", "coordinates": [ [ [ [ 141.253590830631765, 43.133725707893987 ], [ 141.252532190612072, 43.132952869960903 ], [ 141.252350177531099, 43.132825467956273 ], [ 141.251775094650156, 43.133248831253205 ], [ 141.251675336346096, 43.133188886279058 ], [ 141.251399725246529, 43.133407880472532 ], [ 141.251962602648831, 43.13380008495286 ], [ 141.251793032071021, 43.133911274382434 ], [ 141.252915863455343, 43.134735034463418 ], [ 141.252928485552246, 43.134744216136177 ], [ 141.253328155386527, 43.13503449373956 ], [ 141.253358737625803, 43.135061273630839 ], [ 141.253814079153159, 43.134732365623407 ], [ 141.254404033996479, 43.134303774373393 ], [ 141.254108905799797, 43.134080729545438 ], [ 141.253590830631765, 43.133725707893987 ] ] ] ] } },
{ "type": "Feature", "properties": { "KEY_CODE": "01109320815", "S_NAME": "前田八条十五丁目", "n_candidates": 249, "n_panel": 12, "detached_households": 235.0, "rate": 0.05106382978723404, "fill": "#7fcdbb", "fill-opacity": 0.7, "stroke": "#555555" }, "geometry": { "type": "MultiPolygon", "coordinates": [ [ [ [ 141.251793032071021, 43.133911274382434 ], [ 141.251556131123181, 43.133745837487467 ], [ 141.251250705544351, 43.133979199262711 ], [ 141.251170937149936, 43.134030336443494 ], [ 141.251129597215765, 43.134056841765243 ], [ 141.250903795404668, 43.134224295721182 ], [ 141.250808688781746, 43.134297311868416 ], [ 141.250560619024526, 43.134487568552821 ], [ 141.250474362103262, 43.134553769376417 ], [ 141.250217534636818, 43.134750912063289 ], [ 141.250137158706565, 43.134809709084621 ], [ 141.249857932840371, 43.135014039008361 ], [ 141.24978228206038, 43.135071681979547 ], [ 141.2495033019174, 43.135284312007599 ], [ 141.249431450211659, 43.13533861213245 ], [ 141.249138490870735, 43.135560332332339 ], [ 141.249053479219953, 43.135626542987524 ], [ 141.248786576570467, 43.135834425186282 ], [ 141.24871442042641, 43.135883728316244 ], [ 141.24839112584371, 43.13610454877518 ], [ 141.248047812434464, 43.136357334922167 ], [ 141.247704853274371, 43.136635300018767 ], [ 141.247465943100536, 43.136816348256367 ], [ 141.248831288463549, 43.137785525315962 ], [ 141.249208750852034, 43.138071331686533 ], [ 141.250131128717896, 43.137378483565932 ], [ 141.25013589255073, 43.137374868572216 ], [ 141.250815256425057, 43.136878433809137 ], [ 141.251913559904636, 43.136089210351209 ], [ 141.25198866904779, 43.13603528943068 ], [ 141.252493600333281, 43.135645774534261 ], [ 141.252575681783554, 43.135582419352161 ], [ 141.253328155386527, 43.13503449373956 ], [ 141.252928485552275, 43.134744216136177 ], [ 141.252915863455371, 43.134735034463404 ], [ 141.251793032071021, 43.133911274382434 ] ] ] ] } },
{ "type": "Feature", "properties": { "KEY_CODE": "01109320817", "S_NAME": "前田八条十七丁目", "n_candidates": 185, "n_panel": 8, "detached_households": 162.0, "rate": 0.049382716049382713, "fill": "#c7e9b4", "fill-opacity": 0.7, "stroke": "#555555" }, "geometry": { "type": "MultiPolygon", "coordinates": [ [ [ [ 141.248480767521556, 43.139532878176681 ], [ 141.245807033209985, 43.137662925892066 ], [ 141.245549823572418, 43.1378698959752 ], [ 141.245044877113315, 43.138256419619289 ], [ 141.244685549807969, 43.138599912299107 ], [ 141.244382863836705, 43.138827156806514 ], [ 141.244064836868773, 43.139076136583682 ], [ 141.245034197154723, 43.139747368877153 ], [ 141.245407342014801, 43.140009247827798 ], [ 141.246730401954181, 43.140941529343898 ], [ 141.247055455716378, 43.140691398784021 ], [ 141.247338249939816, 43.140435412437242 ], [ 141.247719657271176, 43.140115655699013 ], [ 141.248208895206432, 43.139732277549044 ], [ 141.248480767521556, 43.139532878176681 ] ] ] ] } },
{ "type": "Feature", "properties": { "KEY_CODE": "01109320818", "S_NAME": "前田八条十八丁目", "n_candidates": 213, "n_panel": 8, "detached_households": 205.0, "rate": 0.039024390243902439, "fill": "#c7e9b4", "fill-opacity": 0.7, "stroke": "#555555" }, "geometry": { "type": "MultiPolygon", "coordinates": [ [ [ [ 141.245034197154723, 43.139747368877153 ], [ 141.244064836868773, 43.139076136583682 ], [ 141.243779525783822, 43.139286020125461 ], [ 141.243491600825593, 43.139092964969343 ], [ 141.243170766696352, 43.139343043016055 ], [ 141.243162787349746, 43.139349443009181 ], [ 141.243158893041084, 43.139346806556276 ], [ 141.242839803237814, 43.139595774131735 ], [ 141.242516388883217, 43.139838864146746 ], [ 141.242143221757146, 43.140128916628335 ], [ 141.243019825424085, 43.140728526824297 ], [ 141.243907049748742, 43.141360857427657 ], [ 141.245139348587657, 43.142205656140455 ], [ 141.245503187334521, 43.141922192614317 ], [ 141.245829092543147, 43.141661744259707 ], [ 141.246117220331996, 43.141403213586933 ], [ 141.246448218434921, 43.141159964786119 ], [ 141.246730401954181, 43.140941529343898 ], [ 141.245407342014801, 43.140009247827798 ], [ 141.245034197154723, 43.139747368877153 ] ] ] ] } },
{ "type": "Feature", "properties": { "KEY_CODE": "01109320819", "S_NAME": "前田八条十九丁目", "n_candidates": 113, "n_panel": 2, "detached_households": 103.0, "rate": 0.019417475728155338, "fill": "#ffffcc", "fill-opacity": 0.7, "stroke": "#555555" }, "geometry": { "type": "MultiPolygon", "coordinates": [ [ [ [ 141.242143221757146, 43.140128916628335 ], [ 141.241302588887237, 43.139532993885076 ], [ 141.241293311106972, 43.139846226110066 ], [ 141.241279337917746, 43.140299159869947 ], [ 141.241265189315811, 43.14062240605638 ], [ 141.241258957782492, 43.140732767010967 ], [ 141.241241715848986, 43.141133277559568 ], [ 141.241238327421598, 43.141339450601819 ], [ 141.241245598389554, 43.141545647912551 ], [ 141.241229300376204, 43.141871125543609 ], [ 141.241228560720515, 43.14191612932261 ], [ 141.241222273580064, 43.142298661426189 ], [ 141.242899345396438, 43.142317457710639 ], [ 141.244066379608284, 43.142339548780427 ], [ 141.244969913801185, 43.142323936145559 ], [ 141.245139348587657, 43.142205656140455 ], [ 141.243907049748742, 43.141360857427657 ], [ 141.243019825424085, 43.140728526824297 ], [ 141.242143221757146, 43.140128916628335 ] ] ] ] } },
{ "type": "Feature", "properties": { "KEY_CODE": "01109320909", "S_NAME": "前田九条九丁目", "n_candidates": 174, "n_panel": 3, "detached_households": 168.0, "rate": 0.017857142857142856, "fill": "#ffffcc", "fill-opacity": 0.7, "stroke": "#555555" }, "geometry": { "type": "MultiPolygon", "coordinates": [ [ [ [ 141.266103675893248, 43.127002170331416 ], [ 141.266100389876783, 43.126901782554974 ], [ 141.265874782013043, 43.126935641911004 ], [ 141.265604666236214, 43.126990710054955 ], [ 141.265334874894108, 43.127031433674617 ], [ 141.265118387491498, 43.127101237846645 ], [ 141.264964488469559, 43.127177840160087 ], [ 141.264841799230425, 43.127260195222988 ], [ 141.264460951196696, 43.127507784365662 ], [ 141.264292904395376, 43.12761035509255 ], [ 141.264060397293122, 43.127756607158766 ], [ 141.263873598416524, 43.12789073419038 ], [ 141.263662343755186, 43.128022962977496 ], [ 141.263516373970873, 43.12811981437892 ], [ 141.263299573543719, 43.128256424859728 ], [ 141.262967579603497, 43.128462793288186 ], [ 141.262115502444857, 43.128993534511309 ], [ 141.261892023819911, 43.129151043078167 ], [ 141.262114131436903, 43.129323154152395 ], [ 141.262189741070728, 43.12937430234917 ], [ 141.262275831797723, 43.129436371526225 ], [ 141.262580311770648, 43.129657227206501 ], [ 141.26293317391, 43.129920766744668 ], [ 141.263337784163269, 43.130232715364066 ], [ 141.263783579434062, 43.129942298396621 ], [ 141.264322783178613, 43.129593044440377 ], [ 141.264633080949864, 43.129404419413667 ], [ 141.265009011524882, 43.129164736407759 ], [ 141.265409449853848, 43.128893474018739 ], [ 141.265803818260963, 43.128635309484054 ], [ 141.266091556827263, 43.128445853404891 ], [ 141.266089980946276, 43.127550481530761 ], [ 141.266103675893248, 43.127002170331416 ] ] ] ] } },
{ "type": "Feature", "properties": { "KEY_CODE": "01109320910", "S_NAME": "前田九条十丁目", "n_candidates": 121, "n_panel": 8, "detached_households": 110.0, "rate": 0.072727272727272724, "fill": "#7fcdbb", "fill-opacity": 0.7, "stroke": "#555555" }, "geometry": { "type": "MultiPolygon", "coordinates": [ [ [ [ 141.262114131436903, 43.129323154152395 ], [ 141.261892023819911, 43.129151043078167 ], [ 141.26118157270875, 43.129603526223832 ], [ 141.260286534480684, 43.130176571486203 ], [ 141.259856760211903, 43.130437152564639 ], [ 141.260777047907823, 43.131103522924448 ], [ 141.261146122162444, 43.131374029847031 ], [ 141.261423777660838, 43.131585374239165 ], [ 141.26181613629754, 43.1313049124457 ], [ 141.262654838505455, 43.130700355281142 ], [ 141.263037752288, 43.130445268211361 ], [ 141.263337784163269, 43.130232715364066 ], [ 141.26293317391, 43.129920766744668 ], [ 141.262580311770648, 43.129657227206501 ], [ 141.262275831797723, 43.129436371526225 ], [ 141.262189741070728, 43.12937430234917 ], [ 141.262114131436903, 43.129323154152395 ] ] ] ] } },
{ "type": "Feature", "properties": { "KEY_CODE": "01109320911", "S_NAME": "前田九条十一丁目", "n_candidates": 156, "n_panel": 8, "detached_households": 140.0, "rate": 0.057142857142857141, "fill": "#7fcdbb", "fill-opacity": 0.7, "stroke": "#555555" }, "geometry": { "type": "MultiPolygon", "coordinates": [ [ [ [ 141.260777047907823, 43.131103522924448 ], [ 141.259856760211903, 43.130437152564639 ], [ 141.259444621808143, 43.130729322490211 ], [ 141.258099240546926, 43.131673449660013 ], [ 141.257719145896431, 43.131954076277324 ], [ 141.257310704876915, 43.132235652641178 ], [ 141.257742972554382, 43.1325887189385 ], [ 141.258103312142026, 43.132876950333149 ], [ 141.259429576414874, 43.133903479748071 ], [ 141.259983343426455, 43.133518084589937 ], [ 141.260486341776385, 43.133195966288262 ], [ 141.260568195902806, 43.133145825259021 ], [ 141.261007122032794, 43.132848609365887 ], [ 141.261141494247852, 43.132769172881638 ], [ 141.261404913722942, 43.132589154794793 ], [ 141.261609751959071, 43.13245103877442 ], [ 141.262112938226892, 43.132116255175838 ], [ 141.26148976625845, 43.131631797648168 ], [ 141.261423777660838, 43.131585374239144 ], [ 141.261146122162444, 43.131374029847031 ], [ 141.260777047907823, 43.131103522924448 ] ] ] ] } },
{ "type": "Feature", "properties": { "KEY_CODE": "01109320912", "S_NAME": "前田九条十二丁目", "n_candidates": 131, "n_panel": 4, "detached_households": 113.0, "rate": 0.035398230088495575, "fill": "#c7e9b4", "fill-opacity": 0.7, "stroke": "#555555" }, "geometry": { "type": "MultiPolygon", "coordinates": [ [ [ [ 141.257742972554382, 43.1325887189385 ], [ 141.257310704876915, 43.132235652641157 ], [ 141.256582065991807, 43.132756874465812 ], [ 141.256222698524823, 43.133013905514964 ], [ 141.255802160516879, 43.133288478231997 ], [ 141.255534277283459, 43.133487787487233 ], [ 141.256329244400547, 43.134083966513586 ], [ 141.257303784974795, 43.134823760637197 ], [ 141.257668533598178, 43.135083478422807 ], [ 141.258272429093211, 43.134688113084813 ], [ 141.258878300342275, 43.134294730834746 ], [ 141.259429576414874, 43.133903479748071 ], [ 141.258103312142026, 43.132876950333149 ], [ 141.257742972554382, 43.1325887189385 ] ] ] ] } },
{ "type": "Feature", "properties": { "KEY_CODE": "01109320913", "S_NAME": "前田九条十三丁目", "n_candidates": 67, "n_panel": 3, "detached_households": 60.0, "rate": 0.05, "fill": "#7fcdbb", "fill-opacity": 0.7, "stroke": "#555555" }, "geometry": { "type": "MultiPolygon", "coordinates": [ [ [ [ 141.256329244400547, 43.134083966513586 ], [ 141.255534277283459, 43.133487787487233 ], [ 141.255250264414911, 43.133698559557764 ], [ 141.254891310181364, 43.133959034854492 ], [ 141.254404033996479, 43.134303774373393 ], [ 141.255371616460337, 43.134979876683026 ], [ 141.256559073819233, 43.135831658703523 ], [ 141.257094775571574, 43.13546756727618 ], [ 141.257668533598178, 43.135083478422807 ], [ 141.257303784974795, 43.134823760637197 ], [ 141.256329244400547, 43.134083966513586 ] ] ] ] } },
{ "type": "Feature", "properties": { "KEY_CODE": "01109320914", "S_NAME": "前田九条十四丁目", "n_candidates": 68, "n_panel": 6, "detached_households": 44.0, "rate": 0.13636363636363635, "fill": "#2c7fb8", "fill-opacity": 0.7, "stroke": "#555555" }, "geometry": { "type": "MultiPolygon", "coordinates": [ [ [ [ 141.25598689882591, 43.13631885368558 ], [ 141.256604711324883, 43.13586588206087 ], [ 141.256559073819233, 43.135831658703523 ], [ 141.255371616460337, 43.134979876683026 ], [ 141.254404033996479, 43.134303774373393 ], [ 141.253814079153159, 43.134732365623378 ], [ 141.253358737625859, 43.135061273630839 ], [ 141.253380305132708, 43.13507552693126 ], [ 141.253715684871707, 43.135339221308122 ], [ 141.253986967289734, 43.135552565436264 ], [ 141.2545920075205, 43.135994069999299 ], [ 141.2549948602136, 43.136284507018871 ], [ 141.255038139395936, 43.136250913616728 ], [ 141.255465207054272, 43.135930266823003 ], [ 141.25598689882591, 43.13631885368558 ] ] ] ] } },
{ "type": "Feature", "properties": { "KEY_CODE": "01109320915", "S_NAME": "前田九条十五丁目", "n_candidates": 194, "n_panel": 7, "detached_households": 169.0, "rate": 0.04142011834319527, "fill": "#c7e9b4", "fill-opacity": 0.7, "stroke": "#555555" }, "geometry": { "type": "MultiPolygon", "coordinates": [ [ [ [ 141.253358737625859, 43.135061273630839 ], [ 141.253328155386527, 43.13503449373956 ], [ 141.252575681783554, 43.135582419352161 ], [ 141.252493600333281, 43.135645774534261 ], [ 141.25198866904779, 43.13603528943068 ], [ 141.251913559904636, 43.136089210351209 ], [ 141.250815256425057, 43.136878433809137 ], [ 141.25013589255073, 43.137374868572216 ], [ 141.250131128717925, 43.137378483565925 ], [ 141.249208750852034, 43.138071331686533 ], [ 141.249584683695986, 43.138351074703671 ], [ 141.249644650011362, 43.138395763965924 ], [ 141.249736593915998, 43.138464223773312 ], [ 141.249800675287077, 43.138509862372544 ], [ 141.249828583156329, 43.138529868172292 ], [ 141.250038386692239, 43.138679458578594 ], [ 141.250381917730124, 43.138920586651352 ], [ 141.25063540214245, 43.139053677073228 ], [ 141.251005081394823, 43.139216827027106 ], [ 141.25104623450477, 43.139231462772422 ], [ 141.251118613080962, 43.139257128564935 ], [ 141.251298698795068, 43.139321148791005 ], [ 141.251304460231665, 43.139262122987525 ], [ 141.251308273265607, 43.139222561772513 ], [ 141.25132547118659, 43.139045131417937 ], [ 141.251430286704704, 43.138965940541986 ], [ 141.251876823083705, 43.138625639929835 ], [ 141.251930598037973, 43.138584684525711 ], [ 141.252205304787793, 43.138375316283629 ], [ 141.25227658132647, 43.138321009987123 ], [ 141.252550604031626, 43.138112268108159 ], [ 141.252649107794838, 43.138037170287845 ], [ 141.25290786178013, 43.137840040326552 ], [ 141.253001599081756, 43.137768627675413 ], [ 141.253024353305278, 43.13775131377178 ], [ 141.253264444710169, 43.137573642521751 ], [ 141.253363689395002, 43.13750016821929 ], [ 141.253616707915995, 43.137312902905947 ], [ 141.253703022341881, 43.13724909108484 ], [ 141.253981797655086, 43.137042779015459 ], [ 141.254072193617077, 43.136975909092222 ], [ 141.2543216113543, 43.13679135353636 ], [ 141.254418422609717, 43.136719685920347 ], [ 141.254652772750973, 43.136546252012963 ], [ 141.254724601734239, 43.136493145461209 ], [ 141.254760080668888, 43.136466868879332 ], [ 141.2549948602136, 43.136284507018871 ], [ 141.2545920075205, 43.135994069999299 ], [ 141.253986967289734, 43.135552565436264 ], [ 141.253715684871707, 43.135339221308122 ], [ 141.253380305132708, 43.13507552693126 ], [ 141.253358737625859, 43.135061273630839 ] ] ] ] } },
{ "type": "Feature", "properties": { "KEY_CODE": "01109320916", "S_NAME": "前田九条十六丁目", "n_candidates": 2, "n_panel": 0, "detached_households": null, "rate": null, "fill": "#cccccc", "fill-opacity": 0.7, "stroke": "#555555" }, "geometry": { "type": "MultiPolygon", "coordinates": [ [ [ [ 141.251118613080962, 43.139257128564935 ], [ 141.251046234504798, 43.139231462772422 ], [ 141.251005081394823, 43.139216827027099 ], [ 141.250635402142507, 43.139053677073207 ], [ 141.250381917730124, 43.138920586651352 ], [ 141.250038386692239, 43.138679458578579 ], [ 141.249828583156329, 43.138529868172292 ], [ 141.249640820982989, 43.138654331258287 ], [ 141.250885452453787, 43.139556949336061 ], [ 141.250921896252464, 43.139583638398705 ], [ 141.251118613080962, 43.139257128564935 ] ] ] ] } },
{ "type": "Feature", "properties": { "KEY_CODE": "01109320917", "S_NAME": "前田九条十七丁目", "n_candidates": 97, "n_panel": 3, "detached_households": 79.0, "rate": 0.037974683544303799, "fill": "#c7e9b4", "fill-opacity": 0.7, "stroke": "#555555" }, "geometry": { "type": "MultiPolygon", "coordinates": [ [ [ [ 141.249823154885604, 43.14045985149162 ], [ 141.248480767521556, 43.139532878176681 ], [ 141.248208895206432, 43.139732277549044 ], [ 141.247719657271176, 43.140115655699013 ], [ 141.247338249939816, 43.140435412437242 ], [ 141.247055455716378, 43.140691398784021 ], [ 141.246730401954181, 43.140941529343898 ], [ 141.248078605676, 43.141853663148332 ], [ 141.248395343528898, 43.141630533382077 ], [ 141.248685855203519, 43.14138410506856 ], [ 141.249039650487646, 43.141043707704604 ], [ 141.249549627891611, 43.140672390486344 ], [ 141.249823154885604, 43.14045985149162 ] ] ] ] } },
{ "type": "Feature", "properties": { "KEY_CODE": "01109320918", "S_NAME": "前田九条十八丁目", "n_candidates": 92, "n_panel": 2, "detached_households": 81.0, "rate": 0.024691358024691357, "fill": "#c7e9b4", "fill-opacity": 0.7, "stroke": "#555555" }, "geometry": { "type": "MultiPolygon", "coordinates": [ [ [ [ 141.247049511573266, 43.142500699125485 ], [ 141.247223407978481, 43.142373588112832 ], [ 141.247325398492706, 43.142450434690701 ], [ 141.247467426743754, 43.142333944729955 ], [ 141.247789536178175, 43.142070353786018 ], [ 141.248078605676, 43.141853663148332 ], [ 141.246730401954181, 43.140941529343898 ], [ 141.246448218434921, 43.141159964786119 ], [ 141.246117220331996, 43.141403213586933 ], [ 141.245829092543147, 43.141661744259707 ], [ 141.245503187334521, 43.141922192614317 ], [ 141.245139348587657, 43.142205656140455 ], [ 141.245791108810806, 43.142656495486385 ], [ 141.246351384991158, 43.143040558684405 ], [ 141.246705297902707, 43.142758962226189 ], [ 141.247049511573266, 43.142500699125485 ] ] ] ] } },
{ "type": "Feature", "properties": { "KEY_CODE": "01109320919", "S_NAME": "前田九条十九丁目", "n_candidates": 154, "n_panel": 3, "detached_households": 143.0, "rate": 0.02097902097902098, "fill": "#c7e9b4", "fill-opacity": 0.7, "stroke": "#555555" }, "geometry": { "type": "MultiPolygon", "coordinates": [ [ [ [ 141.245736350248535, 43.143514167528117 ], [ 141.245984577616071, 43.143317458086095 ], [ 141.246144839819749, 43.143190445077977 ], [ 141.246189793609574, 43.143160809967924 ], [ 141.246351384991158, 43.143040558684405 ], [ 141.245791108810806, 43.142656495486385 ], [ 141.245139348587657, 43.142205656140455 ], [ 141.244969913801185, 43.142323936145559 ], [ 141.244066379608284, 43.142339548780427 ], [ 141.242899345396438, 43.142317457710639 ], [ 141.241222273580064, 43.142298661426189 ], [ 141.24121215732157, 43.142715480059245 ], [ 141.241197641341955, 43.142955876274875 ], [ 141.241194888341624, 43.143129211943751 ], [ 141.24119362968429, 43.143205788114592 ], [ 141.241194503077281, 43.143474029588532 ], [ 141.242894250425053, 43.143470733489885 ], [ 141.244045406857367, 43.143484246877989 ], [ 141.245182693355588, 43.143494250990976 ], [ 141.245736350248535, 43.143514167528117 ] ] ] ] } },
{ "type": "Feature", "properties": { "KEY_CODE": "01109321009", "S_NAME": "前田十条九丁目", "n_candidates": 42, "n_panel": 3, "detached_households": 39.0, "rate": 0.076923076923076927, "fill": "#7fcdbb", "fill-opacity": 0.7, "stroke": "#555555" }, "geometry": { "type": "MultiPolygon", "coordinates": [ [ [ [ 141.266072125530513, 43.129094401391527 ], [ 141.266091556827263, 43.128445853404891 ], [ 141.265803818260963, 43.128635309484054 ], [ 141.265409449853848, 43.128893474018739 ], [ 141.265009011524882, 43.129164736407759 ], [ 141.264633080949864, 43.129404419413667 ], [ 141.264322783178613, 43.129593044440377 ], [ 141.263783579434062, 43.129942298396621 ], [ 141.263337784163269, 43.130232715364066 ], [ 141.263597918805942, 43.130357468323261 ], [ 141.263746223486862, 43.13040832785164 ], [ 141.263865698597499, 43.130430807966228 ], [ 141.264095172994246, 43.130461758388847 ], [ 141.264235039609787, 43.130476114280683 ], [ 141.264461301725788, 43.130485938198859 ], [ 141.264579788998759, 43.130492231223691 ], [ 141.264856180038038, 43.130507760853178 ], [ 141.265175689917669, 43.130528934694354 ], [ 141.266055365316191, 43.13057594950395 ], [ 141.266064237968948, 43.1302444239358 ], [ 141.266068832471007, 43.129862295589014 ], [ 141.266072125530513, 43.129094401391527 ] ] ] ] } },
{ "type": "Feature", "properties": { "KEY_CODE": "01109321010", "S_NAME": "前田十条十丁目", "n_candidates": 116, "n_panel": 5, "detached_households": 110.0, "rate": 0.045454545454545456, "fill": "#c7e9b4", "fill-opacity": 0.7, "stroke": "#555555" }, "geometry": { "type": "MultiPolygon", "coordinates": [ [ [ [ 141.263597918805942, 43.130357468323261 ], [ 141.263337784163269, 43.130232715364066 ], [ 141.263037752288, 43.130445268211361 ], [ 141.262654838505455, 43.130700355281142 ], [ 141.26181613629754, 43.1313049124457 ], [ 141.261423777660838, 43.131585374239144 ], [ 141.26148976625845, 43.131631797648168 ], [ 141.262112938226892, 43.132116255175838 ], [ 141.2627977707821, 43.132719884783377 ], [ 141.263385832505122, 43.133292858078839 ], [ 141.263660053883171, 43.133091759298651 ], [ 141.263951277806115, 43.132878146443147 ], [ 141.264340237837047, 43.132599897218668 ], [ 141.264795542171726, 43.132274183178616 ], [ 141.265058985660772, 43.132079879159718 ], [ 141.265148827585875, 43.132016372200432 ], [ 141.265343195267548, 43.131871969637189 ], [ 141.265462774647631, 43.13178642269029 ], [ 141.265633740570593, 43.131664113248121 ], [ 141.266045986261076, 43.131352019156978 ], [ 141.266047791489228, 43.131239508282086 ], [ 141.266046455552527, 43.131131261037396 ], [ 141.266048401355249, 43.130860369921706 ], [ 141.266055365316191, 43.13057594950395 ], [ 141.265175689917669, 43.130528934694354 ], [ 141.264856180038038, 43.130507760853178 ], [ 141.264579788998759, 43.130492231223691 ], [ 141.264461301725788, 43.130485938198859 ], [ 141.264235039609787, 43.130476114280683 ], [ 141.264095172994246, 43.130461758388847 ], [ 141.263865698597499, 43.130430807966228 ], [ 141.263746223486862, 43.13040832785164 ], [ 141.263597918805942, 43.130357468323261 ] ] ] ] } },
{ "type": "Feature", "properties": { "KEY_CODE": "01109321011", "S_NAME": "前田十条十一丁目", "n_candidates": 73, "n_panel": 1, "detached_households": 62.0, "rate": 0.016129032258064516, "fill": "#ffffcc", "fill-opacity": 0.7, "stroke": "#555555" }, "geometry": { "type": "MultiPolygon", "coordinates": [ [ [ [ 141.2627977707821, 43.132719884783377 ], [ 141.262112938226892, 43.132116255175838 ], [ 141.261609751959071, 43.13245103877442 ], [ 141.261404913722942, 43.132589154794793 ], [ 141.261141494247852, 43.132769172881638 ], [ 141.261007122032794, 43.132848609365887 ], [ 141.260568195902806, 43.133145825259021 ], [ 141.260486341776385, 43.133195966288262 ], [ 141.259983343426427, 43.133518084589937 ], [ 141.259429576414817, 43.133903479748092 ], [ 141.260952516711512, 43.13503831679143 ], [ 141.261480618428152, 43.134660570542884 ], [ 141.262018950464324, 43.134291137091083 ], [ 141.263385832505122, 43.133292858078839 ], [ 141.2627977707821, 43.132719884783377 ] ] ] ] } },
{ "type": "Feature", "properties": { "KEY_CODE": "01109321012", "S_NAME": "前田十条十二丁目", "n_candidates": 42, "n_panel": 0, "detached_households": 32.0, "rate": 0.0, "fill": "#ffffcc", "fill-opacity": 0.7, "stroke": "#555555" }, "geometry": { "type": "MultiPolygon", "coordinates": [ [ [ [ 141.260952516711512, 43.13503831679143 ], [ 141.259429576414817, 43.133903479748092 ], [ 141.258878300342246, 43.134294730834746 ], [ 141.258272429093182, 43.134688113084806 ], [ 141.257668533598149, 43.135083478422807 ], [ 141.259250054247786, 43.136261378885408 ], [ 141.259808274463779, 43.135857040486272 ], [ 141.26039488677867, 43.135442531034514 ], [ 141.260952516711512, 43.13503831679143 ] ] ] ] } },
{ "type": "Feature", "properties": { "KEY_CODE": "01109321013", "S_NAME": "前田十条十三丁目", "n_candidates": 36, "n_panel": 2, "detached_households": 29.0, "rate": 0.068965517241379309, "fill": "#7fcdbb", "fill-opacity": 0.7, "stroke": "#555555" }, "geometry": { "type": "MultiPolygon", "coordinates": [ [ [ [ 141.259250054247786, 43.136261378885408 ], [ 141.257668533598149, 43.135083478422807 ], [ 141.257094775571574, 43.135467567276216 ], [ 141.256559073819233, 43.135831658703523 ], [ 141.256604711324883, 43.13586588206087 ], [ 141.258187638340331, 43.13701102587202 ], [ 141.258670936800598, 43.136644859977125 ], [ 141.259250054247786, 43.136261378885408 ] ] ] ] } },
{ "type": "Feature", "properties": { "KEY_CODE": "01109321014", "S_NAME": "前田十条十四丁目", "n_candidates": 47, "n_panel": 3, "detached_households": 34.0, "rate": 0.088235294117647065, "fill": "#41b6c4", "fill-opacity": 0.7, "stroke": "#555555" }, "geometry": { "type": "MultiPolygon", "coordinates": [ [ [ [ 141.258187638340331, 43.13701102587202 ], [ 141.256604711324883, 43.13586588206087 ], [ 141.25598689882591, 43.136318853685601 ], [ 141.255465207054272, 43.135930266823024 ], [ 141.255038139395907, 43.136250913616728 ], [ 141.2549948602136, 43.136284507018871 ], [ 141.25611411738285, 43.137091315577713 ], [ 141.25613737481126, 43.137108044863325 ], [ 141.257079146570419, 43.137786853502696 ], [ 141.257122015449085, 43.137754873318265 ], [ 141.257551020818283, 43.137450974057892 ], [ 141.258187638340331, 43.13701102587202 ] ] ] ] } },
{ "type": "Feature", "properties": { "KEY_CODE": "01109321015", "S_NAME": "前田十条十五丁目", "n_candidates": 157, "n_panel": 8, "detached_households": 148.0, "rate": 0.054054054054054057, "fill": "#7fcdbb", "fill-opacity": 0.7, "stroke": "#555555" }, "geometry": { "type": "MultiPolygon", "coordinates": [ [ [ [ 141.256114117382879, 43.137091315577713 ], [ 141.2549948602136, 43.136284507018871 ], [ 141.254760080668888, 43.136466868879332 ], [ 141.254724601734239, 43.136493145461209 ], [ 141.254652772750973, 43.136546252012963 ], [ 141.254418422609717, 43.136719685920347 ], [ 141.2543216113543, 43.13679135353636 ], [ 141.254072193617077, 43.136975909092222 ], [ 141.253981797655086, 43.137042779015459 ], [ 141.253703022341881, 43.13724909108484 ], [ 141.253616707915995, 43.137312902905947 ], [ 141.253363689395002, 43.13750016821929 ], [ 141.253264444710169, 43.137573642521751 ], [ 141.253024353305278, 43.13775131377178 ], [ 141.253001599081756, 43.137768627675413 ], [ 141.25290786178013, 43.137840040326552 ], [ 141.252649107794838, 43.138037170287845 ], [ 141.252550604031626, 43.138112268108159 ], [ 141.25227658132647, 43.138321009987123 ], [ 141.252205304787736, 43.138375316283629 ], [ 141.251930598037944, 43.138584684525711 ], [ 141.251876823083705, 43.138625639929835 ], [ 141.251430286704704, 43.138965940541986 ], [ 141.25132547118659, 43.139045131417937 ], [ 141.251308273265607, 43.139222561772513 ], [ 141.251304460231665, 43.139262122987525 ], [ 141.251298698795068, 43.139321148791005 ], [ 141.251722922943031, 43.139484769477555 ], [ 141.252001392375774, 43.13960534499742 ], [ 141.252153753752594, 43.139703021313395 ], [ 141.25249964192281, 43.139947748512888 ], [ 141.252622385748936, 43.140036023223743 ], [ 141.25280837868246, 43.140197638137273 ], [ 141.253274758910663, 43.140545597640738 ], [ 141.253364537876081, 43.140481605369047 ], [ 141.254610168816725, 43.139623023954272 ], [ 141.254719626911964, 43.139547598035257 ], [ 141.255693331233942, 43.138819989456969 ], [ 141.255784421442598, 43.138751857152371 ], [ 141.257079146570419, 43.137786853502696 ], [ 141.256137374811289, 43.137108044863325 ], [ 141.256114117382879, 43.137091315577713 ] ] ] ] } },
{ "type": "Feature", "properties": { "KEY_CODE": "01109321016", "S_NAME": "前田十条十六丁目", "n_candidates": 12, "n_panel": 0, "detached_households": 11.0, "rate": 0.0, "fill": "#ffffcc", "fill-opacity": 0.7, "stroke": "#555555" }, "geometry": { "type": "MultiPolygon", "coordinates": [ [ [ [ 141.253274758910663, 43.140545597640738 ], [ 141.252808378682516, 43.140197638137273 ], [ 141.252622385748936, 43.140036023223743 ], [ 141.25249964192281, 43.139947748512881 ], [ 141.252153753752594, 43.139703021313395 ], [ 141.252001392375831, 43.139605344997392 ], [ 141.251722922943031, 43.139484769477555 ], [ 141.251298698795125, 43.139321148791005 ], [ 141.251118613080962, 43.139257128564935 ], [ 141.250921896252464, 43.139583638398705 ], [ 141.252748223241213, 43.140920794257624 ], [ 141.253274758910663, 43.140545597640738 ] ] ] ] } },
{ "type": "Feature", "properties": { "KEY_CODE": "01109321017", "S_NAME": "前田十条十七丁目", "n_candidates": 77, "n_panel": 3, "detached_households": 72.0, "rate": 0.041666666666666664, "fill": "#c7e9b4", "fill-opacity": 0.7, "stroke": "#555555" }, "geometry": { "type": "MultiPolygon", "coordinates": [ [ [ [ 141.249847656972975, 43.140476804472307 ], [ 141.249823154885604, 43.14045985149162 ], [ 141.249549627891611, 43.140672390486344 ], [ 141.249039650487646, 43.141043707704604 ], [ 141.248685855203519, 43.141384105068582 ], [ 141.248395343528898, 43.141630533382077 ], [ 141.248078605676, 43.141853663148332 ], [ 141.249068595063335, 43.142548853907009 ], [ 141.249281851476724, 43.142687574323034 ], [ 141.249796550871082, 43.143046658568636 ], [ 141.250851535352439, 43.142288917673156 ], [ 141.251324121225309, 43.14193709984476 ], [ 141.251616323432273, 43.141721906447515 ], [ 141.249847656972975, 43.140476804472307 ] ] ] ] } },
{ "type": "Feature", "properties": { "KEY_CODE": "01109321018", "S_NAME": "前田十条十八丁目", "n_candidates": 49, "n_panel": 0, "detached_households": 44.0, "rate": 0.0, "fill": "#ffffcc", "fill-opacity": 0.7, "stroke": "#555555" }, "geometry": { "type": "MultiPolygon", "coordinates": [ [ [ [ 141.249068595063335, 43.142548853907009 ], [ 141.248078605676, 43.141853663148325 ], [ 141.247789536178175, 43.142070353786018 ], [ 141.247467426743754, 43.142333944729955 ], [ 141.247325398492706, 43.142450434690709 ], [ 141.247223407978481, 43.142373588112832 ], [ 141.247049511573266, 43.14250069912552 ], [ 141.246705297902707, 43.142758962226189 ], [ 141.246351384991158, 43.143040558684419 ], [ 141.246189793609574, 43.143160809967924 ], [ 141.246144839819749, 43.143190445077991 ], [ 141.245984577616071, 43.143317458086095 ], [ 141.246754095065796, 43.143857012056451 ], [ 141.247255053632898, 43.144198613686846 ], [ 141.247719133134296, 43.144546630808541 ], [ 141.247928734498828, 43.144403449067518 ], [ 141.248988219485057, 43.143631356236689 ], [ 141.249171442218341, 43.143503689470073 ], [ 141.249505161811811, 43.143258340089659 ], [ 141.249796550871082, 43.143046658568636 ], [ 141.249281851476724, 43.142687574323034 ], [ 141.249068595063335, 43.142548853907009 ] ] ] ] } },
{ "type": "Feature", "properties": { "KEY_CODE": "01109321019", "S_NAME": "前田十条十九丁目", "n_candidates": 269, "n_panel": 7, "detached_households": 254.0, "rate": 0.027559055118110236, "fill": "#c7e9b4", "fill-opacity": 0.7, "stroke": "#555555" }, "geometry": { "type": "MultiPolygon", "coordinates": [ [ [ [ 141.244302460943544, 43.145252911742539 ], [ 141.24672657416707, 43.145259640157491 ], [ 141.247192392258995, 43.144936556553795 ], [ 141.247719133134296, 43.144546630808541 ], [ 141.247255053632898, 43.144198613686846 ], [ 141.246754095065796, 43.143857012056422 ], [ 141.245984577616071, 43.143317458086095 ], [ 141.245736350248535, 43.143514167528117 ], [ 141.245182693355588, 43.143494250990976 ], [ 141.244045406857367, 43.143484246877989 ], [ 141.242894250425053, 43.143470733489885 ], [ 141.241194503077281, 43.143474029588532 ], [ 141.241178766072892, 43.143636771127817 ], [ 141.241182313708521, 43.143794901084028 ], [ 141.241176950918543, 43.144121177672332 ], [ 141.241175322789701, 43.144483555061697 ], [ 141.2411493917011, 43.144863580836748 ], [ 141.24114347918109, 43.145223599620103 ], [ 141.242849170515882, 43.145235616373682 ], [ 141.244302460943544, 43.145252911742539 ] ] ] ] } },
{ "type": "Feature", "properties": { "KEY_CODE": "01109321020", "S_NAME": "前田十条二十丁目", "n_candidates": 160, "n_panel": 6, "detached_households": 161.0, "rate": 0.037267080745341616, "fill": "#c7e9b4", "fill-opacity": 0.7, "stroke": "#555555" }, "geometry": { "type": "MultiPolygon", "coordinates": [ [ [ [ 141.24644101184586, 43.145484014440854 ], [ 141.24672657416707, 43.145259640157491 ], [ 141.244302460943544, 43.145252911742539 ], [ 141.242849170515882, 43.145235616373682 ], [ 141.24114347918109, 43.145223599620103 ], [ 141.241140522879903, 43.145403609005925 ], [ 141.241132872031159, 43.145471828930269 ], [ 141.241115375736456, 43.145741798066211 ], [ 141.241109084033184, 43.146124880523111 ], [ 141.24109684910286, 43.146553974283378 ], [ 141.24109769444982, 43.146818337929936 ], [ 141.24109061946956, 43.146933259633421 ], [ 141.24106933160482, 43.14727028609483 ], [ 141.241075709812975, 43.14751936848706 ], [ 141.240996892927427, 43.148972881243509 ], [ 141.240987955625712, 43.14951691723455 ], [ 141.242648780394404, 43.148277636076244 ], [ 141.244377606131536, 43.146987458821982 ], [ 141.24461496094699, 43.146810355949427 ], [ 141.244896974442781, 43.146604177090794 ], [ 141.245458013815238, 43.146180260411526 ], [ 141.245957678362316, 43.145832247457832 ], [ 141.24644101184586, 43.145484014440854 ] ] ] ] } },
{ "type": "Feature", "properties": { "KEY_CODE": "011093211", "S_NAME": "前田十一条", "n_candidates": 145, "n_panel": 8, "detached_households": 123.0, "rate": 0.065040650406504072, "fill": "#7fcdbb", "fill-opacity": 0.7, "stroke": "#555555" }, "geometry": { "type": "MultiPolygon", "coordinates": [ [ [ [ 141.266899645742399, 43.13145928783657 ], [ 141.266215808774518, 43.131229065981195 ], [ 141.266045986261076, 43.131352019156978 ], [ 141.265633740570593, 43.131664113248121 ], [ 141.265462774647631, 43.13178642269029 ], [ 141.265343195267548, 43.131871969637189 ], [ 141.265148827585875, 43.132016372200432 ], [ 141.265058985660772, 43.132079879159718 ], [ 141.264795542171726, 43.132274183178616 ], [ 141.264340237837047, 43.132599897218668 ], [ 141.263951277806115, 43.132878146443147 ], [ 141.263660053883115, 43.133091759298672 ], [ 141.263385832505094, 43.133292858078839 ], [ 141.263986118303819, 43.133846804966588 ], [ 141.264433865621641, 43.134219042437962 ], [ 141.264885991370789, 43.134558049470705 ], [ 141.26519474926306, 43.134777670101165 ], [ 141.265602178465798, 43.135077960842032 ], [ 141.265942688, 43.135341807949018 ], [ 141.266670228181283, 43.134478229314375 ], [ 141.266815921997136, 43.134309355050505 ], [ 141.266872004504734, 43.13422537143601 ], [ 141.267232040904645, 43.13380423732621 ], [ 141.267524090208695, 43.133454746009747 ], [ 141.267604955918074, 43.133376178932537 ], [ 141.26773110679764, 43.133198063226565 ], [ 141.26803963875858, 43.132868334108935 ], [ 141.268528486665105, 43.132551683433931 ], [ 141.268763674929261, 43.132376257937338 ], [ 141.26905845519596, 43.132167303611148 ], [ 141.26916681543031, 43.132080460971942 ], [ 141.269033510916699, 43.13205189147245 ], [ 141.268957758987796, 43.132045123985399 ], [ 141.26870250544448, 43.132028379111908 ], [ 141.268564980052645, 43.132011516766312 ], [ 141.268458228642572, 43.131991824621622 ], [ 141.268429754979309, 43.131982929568345 ], [ 141.268395741542975, 43.131972229900711 ], [ 141.268324407753681, 43.131935468807931 ], [ 141.268127732404963, 43.131792633001695 ], [ 141.26800633552341, 43.131686098074141 ], [ 141.267990806716625, 43.131672461750895 ], [ 141.267814581867185, 43.131517844302927 ], [ 141.267770872180392, 43.131501083338897 ], [ 141.267290033469664, 43.131474030849063 ], [ 141.266899645742399, 43.13145928783657 ] ] ] ] } },
{ "type": "Feature", "properties": { "KEY_CODE": "011093212", "S_NAME": "前田十二条", "n_candidates": 198, "n_panel": 5, "detached_households": 184.0, "rate": 0.02717391304347826, "fill": "#c7e9b4", "fill-opacity": 0.7, "stroke": "#555555" }, "geometry": { "type": "MultiPolygon", "coordinates": [ [ [ [ 141.269540696779302, 43.133938170042427 ], [ 141.270135659055541, 43.133519108132063 ], [ 141.270438856512982, 43.133606729876057 ], [ 141.270516729588365, 43.133637074288778 ], [ 141.271303481517037, 43.133877434647644 ], [ 141.271531760779567, 43.133941770447422 ], [ 141.271734040987667, 43.133998709937295 ], [ 141.272047922079736, 43.133608957987022 ], [ 141.271222336354697, 43.133354335738979 ], [ 141.271594249451823, 43.132848404901331 ], [ 141.271554602283118, 43.132829710262655 ], [ 141.271421461391299, 43.13276682127804 ], [ 141.271019020480338, 43.132580454800703 ], [ 141.270877946638677, 43.132515108621398 ], [ 141.270805789598768, 43.132481718326225 ], [ 141.270711422004183, 43.132450036959618 ], [ 141.270462037828793, 43.132366322478411 ], [ 141.270351433578128, 43.132329226719769 ], [ 141.270183543695481, 43.132289602331618 ], [ 141.269823866406114, 43.13222146965078 ], [ 141.26916681543031, 43.132080460971942 ], [ 141.26905845519596, 43.132167303611148 ], [ 141.268763674929261, 43.132376257937338 ], [ 141.268528486665105, 43.132551683433931 ], [ 141.26803963875858, 43.132868334108935 ], [ 141.26773110679764, 43.133198063226565 ], [ 141.267604955918074, 43.133376178932537 ], [ 141.267524090208695, 43.133454746009747 ], [ 141.267232040904645, 43.13380423732621 ], [ 141.266872004504734, 43.13422537143601 ], [ 141.266815921997136, 43.134309355050505 ], [ 141.266670228181283, 43.134478229314375 ], [ 141.265942688, 43.135341807949018 ], [ 141.266379739011285, 43.135651775305739 ], [ 141.266725757540996, 43.135925933546716 ], [ 141.26788269285376, 43.135112875231954 ], [ 141.268831717815658, 43.134412727061054 ], [ 141.269041151892253, 43.134280895572303 ], [ 141.269540696779302, 43.133938170042427 ] ] ] ] } },
{ "type": "Feature", "properties": { "KEY_CODE": "011093213", "S_NAME": "前田十三条", "n_candidates": 192, "n_panel": 10, "detached_households": 173.0, "rate": 0.057803468208092484, "fill": "#7fcdbb", "fill-opacity": 0.7, "stroke": "#555555" }, "geometry": { "type": "MultiPolygon", "coordinates": [ [ [ [ 141.270438856512982, 43.133606729876057 ], [ 141.270135659055541, 43.133519108132063 ], [ 141.269540696779302, 43.133938170042427 ], [ 141.269041151892253, 43.134280895572303 ], [ 141.268831717815658, 43.134412727061054 ], [ 141.26788269285376, 43.135112875231954 ], [ 141.266725757540996, 43.135925933546716 ], [ 141.267076043924021, 43.136185639250854 ], [ 141.268319836001922, 43.137103681201836 ], [ 141.269067991324931, 43.136559072589513 ], [ 141.269448744567143, 43.136277294040497 ], [ 141.270419860675503, 43.135582533772421 ], [ 141.271434156320652, 43.134858730314804 ], [ 141.272353383694281, 43.134198397401121 ], [ 141.271795950167274, 43.134018439545315 ], [ 141.271734040987667, 43.133998709937295 ], [ 141.271531760779567, 43.133941770447422 ], [ 141.271303481517037, 43.133877434647644 ], [ 141.270516729588365, 43.133637074288778 ], [ 141.270438856512982, 43.133606729876057 ] ] ] ] } },
{ "type": "Feature", "properties": { "KEY_CODE": "01109330101", "S_NAME": "曙一条一丁目", "n_candidates": 243, "n_panel": 7, "detached_households": 203.0, "rate": 0.034482758620689655, "fill": "#c7e9b4", "fill-opacity": 0.7, "stroke": "#555555" }, "geometry": { "type": "MultiPolygon", "coordinates": [ [ [ [ 141.241979856712021, 43.122276911989047 ], [ 141.242018226972647, 43.121349260764987 ], [ 141.240997061447842, 43.121997979492697 ], [ 141.240657960747626, 43.122213432948726 ], [ 141.240654952103284, 43.122215305847462 ], [ 141.240265271251587, 43.122406257466913 ], [ 141.239866355254946, 43.122609714159751 ], [ 141.239511200645524, 43.122790841365543 ], [ 141.239204059996808, 43.123006430161709 ], [ 141.238967858045982, 43.123152878546129 ], [ 141.239009124451428, 43.123614529251775 ], [ 141.238942411011493, 43.123625262950078 ], [ 141.238582142379499, 43.123737491400512 ], [ 141.237816794950533, 43.124198834409107 ], [ 141.237193023110621, 43.124569153599445 ], [ 141.237233676374728, 43.124694768162065 ], [ 141.237269750283559, 43.124841933654785 ], [ 141.237411942906078, 43.125421220981373 ], [ 141.237476319129797, 43.125683485176836 ], [ 141.237554626090628, 43.126122677781076 ], [ 141.237633014426848, 43.126190182823265 ], [ 141.238442572671175, 43.125960965374716 ], [ 141.238493393835057, 43.125947340875548 ], [ 141.239099544170415, 43.125784828491589 ], [ 141.239185191863669, 43.125761462119399 ], [ 141.240004917956213, 43.125538019853366 ], [ 141.240442923435523, 43.125422606288083 ], [ 141.241795789830064, 43.12506045327266 ], [ 141.24188700484936, 43.12500203817666 ], [ 141.24191035485768, 43.124445451449368 ], [ 141.241914449814232, 43.123903814495485 ], [ 141.241920074259269, 43.123760041841656 ], [ 141.241946494482988, 43.123449210270955 ], [ 141.241957321711624, 43.123321869478694 ], [ 141.241955189535787, 43.122872943461346 ], [ 141.241979856712021, 43.122276911989047 ] ] ] ] } },
{ "type": "Feature", "properties": { "KEY_CODE": "01109330102", "S_NAME": "曙一条二丁目", "n_candidates": 40, "n_panel": 0, "detached_households": 32.0, "rate": 0.0, "fill": "#ffffcc", "fill-opacity": 0.7, "stroke": "#555555" }, "geometry": { "type": "MultiPolygon", "coordinates": [ [ [ [ 141.239009124451428, 43.123614529251775 ], [ 141.238967858045982, 43.123152878546129 ], [ 141.238902961118328, 43.123193166346333 ], [ 141.238128009839102, 43.12304945958175 ], [ 141.238122539705472, 43.123136758966901 ], [ 141.237759616211207, 43.123293620128628 ], [ 141.23723654659571, 43.123496673136621 ], [ 141.236737565243033, 43.123665335751113 ], [ 141.236000993296614, 43.12391839713451 ], [ 141.235967974781715, 43.12478364031162 ], [ 141.235945670253216, 43.125168983425105 ], [ 141.23592418243777, 43.125829118285424 ], [ 141.235902576132219, 43.126492891519547 ], [ 141.236388548766996, 43.126392475054203 ], [ 141.237554626090628, 43.126122677781076 ], [ 141.237476319129797, 43.125683485176836 ], [ 141.237411942906078, 43.125421220981373 ], [ 141.237269750283588, 43.124841933654764 ], [ 141.237233676374757, 43.124694768162051 ], [ 141.237193023110649, 43.124569153599445 ], [ 141.237816794950561, 43.1241988344091 ], [ 141.238582142379499, 43.123737491400512 ], [ 141.238942411011493, 43.123625262950078 ], [ 141.239009124451428, 43.123614529251775 ] ] ] ] } },
{ "type": "Feature", "properties": { "KEY_CODE": "01109330103", "S_NAME": "曙一条三丁目", "n_candidates": 26, "n_panel": 2, "detached_households": 0.0, "rate": null, "fill": "#cccccc", "fill-opacity": 0.7, "stroke": "#555555" }, "geometry": { "type": "MultiPolygon", "coordinates": [ [ [ [ 141.218631324317045, 43.131691923610475 ], [ 141.219101483886703, 43.131531383030165 ], [ 141.221396418822252, 43.130758677504417 ], [ 141.222187986552541, 43.130493201609198 ], [ 141.223075629131046, 43.130201225346148 ], [ 141.224363828513702, 43.129791447485793 ], [ 141.225417549357047, 43.129443273012932 ], [ 141.226315904669093, 43.12905410267831 ], [ 141.227066760922128, 43.128716632544432 ], [ 141.229545329162534, 43.127616474593232 ], [ 141.230065323384167, 43.127388465828709 ], [ 141.230605844132242, 43.127144322311601 ], [ 141.230968541224655, 43.126980523065058 ], [ 141.231698741415897, 43.126669774580968 ], [ 141.233094221594769, 43.126053171802688 ], [ 141.234765404240534, 43.125316268992627 ], [ 141.235967974781715, 43.124783640311641 ], [ 141.236000993296614, 43.12391839713451 ], [ 141.235323312619016, 43.124105022822675 ], [ 141.234764011488949, 43.124251199413855 ], [ 141.234144015536884, 43.124415471693538 ], [ 141.23298243750358, 43.124716075089239 ], [ 141.232391873479173, 43.124864841321141 ], [ 141.231537344247442, 43.125083974551586 ], [ 141.230958438596986, 43.125235721149075 ], [ 141.23054008551955, 43.125340368717104 ], [ 141.22986743090712, 43.125505551681968 ], [ 141.228613818897145, 43.125835244927153 ], [ 141.228135198070845, 43.125954677556585 ], [ 141.226870539003897, 43.126289248145511 ], [ 141.226545913453663, 43.126386419525105 ], [ 141.226059407791411, 43.126500359174848 ], [ 141.225653553189602, 43.126620080024537 ], [ 141.225622669736566, 43.126629509300471 ], [ 141.225453813968159, 43.12669607479657 ], [ 141.224888869486904, 43.126929778389048 ], [ 141.224809217740358, 43.126967393471425 ], [ 141.224486971434118, 43.127145810254881 ], [ 141.224096614789346, 43.127348865848568 ], [ 141.223731726281841, 43.127602289960279 ], [ 141.223311774383546, 43.127840873699931 ], [ 141.222725933951409, 43.128203359877389 ], [ 141.222386238025535, 43.128448356495142 ], [ 141.222013901237347, 43.128675546356632 ], [ 141.221653545711121, 43.12892105758651 ], [ 141.221230555438325, 43.129202365224288 ], [ 141.220828284578744, 43.129433290334248 ], [ 141.220543553259745, 43.129629192747529 ], [ 141.220489233074119, 43.12966752490707 ], [ 141.220106406521467, 43.129906639747674 ], [ 141.219922243204024, 43.130014622671524 ], [ 141.219200940255291, 43.130464343454804 ], [ 141.218924721215529, 43.130661585587518 ], [ 141.218609358883441, 43.130833857926973 ], [ 141.21808024518586, 43.131171302517473 ], [ 141.217718830522017, 43.131414964414013 ], [ 141.217585037163985, 43.131485138143411 ], [ 141.217302817699078, 43.131627465589155 ], [ 141.217423501828762, 43.131817035855889 ], [ 141.217577386983038, 43.132030889970899 ], [ 141.218631324317045, 43.131691923610475 ] ] ] ] } },
{ "type": "Feature", "properties": { "KEY_CODE": "01109330201", "S_NAME": "曙二条一丁目", "n_candidates": 88, "n_panel": 3, "detached_households": 68.0, "rate": 0.044117647058823532, "fill": "#c7e9b4", "fill-opacity": 0.7, "stroke": "#555555" }, "geometry": { "type": "MultiPolygon", "coordinates": [ [ [ [ 141.241827707214412, 43.127747221201119 ], [ 141.241834850059917, 43.127312300498268 ], [ 141.241832280376286, 43.127176544485643 ], [ 141.241844536569317, 43.126576396562562 ], [ 141.241871718951757, 43.125786633037656 ], [ 141.241864110133235, 43.125530779208916 ], [ 141.24188700484936, 43.125002038176653 ], [ 141.241795789830064, 43.125060453272653 ], [ 141.240442923435523, 43.125422606288083 ], [ 141.240004917956213, 43.125538019853366 ], [ 141.239185191863669, 43.125761462119399 ], [ 141.239099544170415, 43.125784828491589 ], [ 141.238493393835057, 43.125947340875548 ], [ 141.238442572671175, 43.125960965374716 ], [ 141.237633014426848, 43.126190182823265 ], [ 141.237717504053904, 43.126580620779727 ], [ 141.23826827605879, 43.126492586227442 ], [ 141.238320777487615, 43.126906884647873 ], [ 141.238364969321424, 43.127255592364691 ], [ 141.238646279646161, 43.1271989330222 ], [ 141.239962150449259, 43.127267519216915 ], [ 141.240045431021287, 43.127269511767267 ], [ 141.240051273007509, 43.127694784619059 ], [ 141.239932789055274, 43.127692255576392 ], [ 141.23978551636398, 43.127690955817741 ], [ 141.239770194138941, 43.128190226085152 ], [ 141.239754220706573, 43.128583291690944 ], [ 141.240998461632728, 43.12861860201231 ], [ 141.241810591864635, 43.128643200168831 ], [ 141.241811447924732, 43.12857358219042 ], [ 141.241819992835786, 43.127924663183926 ], [ 141.241827707214412, 43.127747221201119 ] ] ] ] } },
{ "type": "Feature", "properties": { "KEY_CODE": "01109330202", "S_NAME": "曙二条二丁目", "n_candidates": 75, "n_panel": 1, "detached_households": 61.0, "rate": 0.016393442622950821, "fill": "#ffffcc", "fill-opacity": 0.7, "stroke": "#555555" }, "geometry": { "type": "MultiPolygon", "coordinates": [ [ [ [ 141.239770194138941, 43.128190226085152 ], [ 141.23978551636398, 43.127690955817762 ], [ 141.239932789055274, 43.127692255576392 ], [ 141.240051273007538, 43.127694784619038 ], [ 141.240045431021287, 43.127269511767267 ], [ 141.239962150449259, 43.127267519216915 ], [ 141.238646279646161, 43.1271989330222 ], [ 141.238364969321509, 43.127255592364691 ], [ 141.238320777487644, 43.126906884647873 ], [ 141.23826827605879, 43.126492586227442 ], [ 141.237717504053904, 43.126580620779727 ], [ 141.237633014426848, 43.126190182823265 ], [ 141.237554626090628, 43.126122677781076 ], [ 141.236388548766996, 43.126392475054239 ], [ 141.235902576132219, 43.126492891519547 ], [ 141.235855326568014, 43.12774270514354 ], [ 141.235843631054905, 43.128456507159619 ], [ 141.236475341053847, 43.128469064430043 ], [ 141.237548474089408, 43.128509858762754 ], [ 141.238332144299989, 43.128530714154024 ], [ 141.238631284221498, 43.128540320304644 ], [ 141.239754220706573, 43.128583291690944 ], [ 141.239770194138941, 43.128190226085152 ] ] ] ] } },
{ "type": "Feature", "properties": { "KEY_CODE": "01109330203", "S_NAME": "曙二条三丁目", "n_candidates": 55, "n_panel": 3, "detached_households": 16.0, "rate": 0.1875, "fill": "#2c7fb8", "fill-opacity": 0.7, "stroke": "#555555" }, "geometry": { "type": "MultiPolygon", "coordinates": [ [ [ [ 141.232939055928881, 43.128353645863314 ], [ 141.233227181930118, 43.12829776481388 ], [ 141.233466108938728, 43.1283193702996 ], [ 141.233981409604894, 43.128351235176034 ], [ 141.234698770713948, 43.128380950727077 ], [ 141.234793537671976, 43.128387206111533 ], [ 141.235843631054905, 43.128456507159619 ], [ 141.2358553265681, 43.12774270514354 ], [ 141.235902576132219, 43.126492891519547 ], [ 141.23592418243777, 43.125829118285424 ], [ 141.235945670253216, 43.125168983425105 ], [ 141.235967974781715, 43.12478364031162 ], [ 141.234765404240562, 43.125316268992634 ], [ 141.233094221594769, 43.126053171802717 ], [ 141.231698741415897, 43.126669774580968 ], [ 141.230968541224655, 43.126980523065058 ], [ 141.23060584413227, 43.127144322311608 ], [ 141.230065323384224, 43.127388465828709 ], [ 141.229545329162562, 43.127616474593232 ], [ 141.229891460478598, 43.128865922963499 ], [ 141.230488680094936, 43.128769975418585 ], [ 141.231008741289344, 43.128671437869194 ], [ 141.231086060520767, 43.128658484123456 ], [ 141.231574019034156, 43.128579068090374 ], [ 141.232240585107121, 43.128464248413017 ], [ 141.232368500901003, 43.128445975465141 ], [ 141.232939055928881, 43.128353645863314 ] ] ] ] } },
{ "type": "Feature", "properties": { "KEY_CODE": "01109330204", "S_NAME": "曙二条四丁目", "n_candidates": 16, "n_panel": 0, "detached_households": 0.0, "rate": null, "fill": "#cccccc", "fill-opacity": 0.7, "stroke": "#555555" }, "geometry": { "type": "MultiPolygon", "coordinates": [ [ [ [ 141.229891460478598, 43.128865922963499 ], [ 141.229545329162562, 43.127616474593232 ], [ 141.227066760922128, 43.128716632544446 ], [ 141.226315904669093, 43.129054102678332 ], [ 141.225417549357047, 43.12944327301296 ], [ 141.224363828513702, 43.129791447485808 ], [ 141.224964859563357, 43.130917308383303 ], [ 141.225568325218916, 43.132036647157868 ], [ 141.22800750043973, 43.132083929975657 ], [ 141.23081448784896, 43.132129868018453 ], [ 141.230874200681257, 43.132130823237397 ], [ 141.230834381834683, 43.131966883290225 ], [ 141.230708743072597, 43.131529517201216 ], [ 141.230571963917981, 43.131115468831489 ], [ 141.230440724610617, 43.130697534024662 ], [ 141.230293774313509, 43.130190772561839 ], [ 141.230188197771298, 43.129892975201841 ], [ 141.229891460478598, 43.128865922963499 ] ] ] ] } },
{ "type": "Feature", "properties": { "KEY_CODE": "01109330205", "S_NAME": "曙二条五丁目", "n_candidates": 211, "n_panel": 6, "detached_households": 206.0, "rate": 0.029126213592233011, "fill": "#c7e9b4", "fill-opacity": 0.7, "stroke": "#555555" }, "geometry": { "type": "MultiPolygon", "coordinates": [ [ [ [ 141.224964859563357, 43.130917308383303 ], [ 141.224363828513702, 43.129791447485808 ], [ 141.223075629131046, 43.130201225346177 ], [ 141.222187986552541, 43.130493201609227 ], [ 141.221396418822223, 43.130758677504417 ], [ 141.219101483886675, 43.131531383030207 ], [ 141.218631324317045, 43.131691923610475 ], [ 141.21757738698301, 43.132030889970899 ], [ 141.217761851165278, 43.132270755733821 ], [ 141.218059164632876, 43.132549831882564 ], [ 141.218382520833728, 43.132816550614749 ], [ 141.218747543966515, 43.133038353749633 ], [ 141.219077963788294, 43.133227984907762 ], [ 141.219369561425992, 43.133379287812687 ], [ 141.219665282639028, 43.133536746216336 ], [ 141.220094671791372, 43.133385821164396 ], [ 141.220514699793029, 43.133231786689052 ], [ 141.221694710895349, 43.132796452060127 ], [ 141.222181137057049, 43.132645047553865 ], [ 141.222823603278471, 43.13249370637017 ], [ 141.223256834515297, 43.132421924020768 ], [ 141.224161553310466, 43.132207101590971 ], [ 141.224950850341713, 43.132049188604881 ], [ 141.225568325218916, 43.132036647157868 ], [ 141.224964859563357, 43.130917308383303 ] ] ] ] } },
{ "type": "Feature", "properties": { "KEY_CODE": "01109330301", "S_NAME": "曙三条一丁目", "n_candidates": 103, "n_panel": 1, "detached_households": 90.0, "rate": 0.011111111111111112, "fill": "#ffffcc", "fill-opacity": 0.7, "stroke": "#555555" }, "geometry": { "type": "MultiPolygon", "coordinates": [ [ [ [ 141.241779296230504, 43.129391082272697 ], [ 141.241788629644219, 43.129109286669568 ], [ 141.241810591864635, 43.128643200168831 ], [ 141.240998461632728, 43.12861860201231 ], [ 141.239754220706573, 43.128583291690944 ], [ 141.239750636543164, 43.128946930205728 ], [ 141.239737433251832, 43.129317446054358 ], [ 141.239177182812881, 43.129291611364813 ], [ 141.238611998938637, 43.129279656618408 ], [ 141.238582153284511, 43.129937106324384 ], [ 141.238561599427157, 43.130316207213234 ], [ 141.240252286045461, 43.130369396148147 ], [ 141.241759893521845, 43.130426221460581 ], [ 141.241762894056336, 43.130097391042099 ], [ 141.241768780250766, 43.130031333289153 ], [ 141.241779296230504, 43.129391082272697 ] ] ] ] } },
{ "type": "Feature", "properties": { "KEY_CODE": "01109330302", "S_NAME": "曙三条二丁目", "n_candidates": 157, "n_panel": 5, "detached_households": 151.0, "rate": 0.033112582781456956, "fill": "#c7e9b4", "fill-opacity": 0.7, "stroke": "#555555" }, "geometry": { "type": "MultiPolygon", "coordinates": [ [ [ [ 141.238582153284511, 43.129937106324363 ], [ 141.238611998938637, 43.129279656618408 ], [ 141.239177182812881, 43.129291611364813 ], [ 141.239737433251832, 43.129317446054358 ], [ 141.239750636543164, 43.12894693020575 ], [ 141.239754220706573, 43.128583291690944 ], [ 141.238631284221498, 43.128540320304644 ], [ 141.238332144299989, 43.128530714154024 ], [ 141.237548474089408, 43.128509858762754 ], [ 141.236475341053847, 43.128469064430043 ], [ 141.235843631054905, 43.128456507159619 ], [ 141.235819935138949, 43.129007392601743 ], [ 141.235813252572314, 43.129162056281743 ], [ 141.235807655494312, 43.129500848714116 ], [ 141.23579799841869, 43.129765621675794 ], [ 141.235797555555479, 43.129844736854885 ], [ 141.235795817016708, 43.130217392582182 ], [ 141.237224934226361, 43.130264369015187 ], [ 141.238561599427157, 43.130316207213234 ], [ 141.238582153284511, 43.129937106324363 ] ] ] ] } },
{ "type": "Feature", "properties": { "KEY_CODE": "01109330303", "S_NAME": "曙三条三丁目", "n_candidates": 208, "n_panel": 1, "detached_households": 192.0, "rate": 0.005208333333333333, "fill": "#ffffcc", "fill-opacity": 0.7, "stroke": "#555555" }, "geometry": { "type": "MultiPolygon", "coordinates": [ [ [ [ 141.233466108938728, 43.1283193702996 ], [ 141.233227181930118, 43.12829776481388 ], [ 141.23293905592891, 43.128353645863321 ], [ 141.232368500901003, 43.128445975465141 ], [ 141.232240585107121, 43.128464248413017 ], [ 141.231574019034156, 43.128579068090374 ], [ 141.231086060520681, 43.128658484123456 ], [ 141.231008741289344, 43.128671437869194 ], [ 141.230488680094936, 43.128769975418585 ], [ 141.229891460478598, 43.128865922963499 ], [ 141.230188197771298, 43.129892975201841 ], [ 141.230293774313509, 43.130190772561839 ], [ 141.230440724610617, 43.130697534024662 ], [ 141.231016778955336, 43.130593587626777 ], [ 141.231315348195778, 43.130545611017787 ], [ 141.231880675601275, 43.130445504188337 ], [ 141.232129967237938, 43.130398563083737 ], [ 141.232950037868903, 43.130258309882635 ], [ 141.233168787032071, 43.130217424991734 ], [ 141.233478140904737, 43.130161732132549 ], [ 141.233979386905219, 43.130080525099316 ], [ 141.234491192259156, 43.129999408394035 ], [ 141.235168518276737, 43.129884662018839 ], [ 141.235797998418661, 43.129765621675794 ], [ 141.235807655494312, 43.129500848714137 ], [ 141.235813252572314, 43.129162056281743 ], [ 141.235819935138949, 43.129007392601743 ], [ 141.235843631054905, 43.128456507159619 ], [ 141.234793537671976, 43.128387206111533 ], [ 141.234698770713919, 43.128380950727077 ], [ 141.233981409604894, 43.128351235176034 ], [ 141.233466108938728, 43.1283193702996 ] ] ] ] } },
{ "type": "Feature", "properties": { "KEY_CODE": "01109330401", "S_NAME": "曙四条一丁目", "n_candidates": 122, "n_panel": 1, "detached_households": 121.0, "rate": 0.0082644628099173556, "fill": "#ffffcc", "fill-opacity": 0.7, "stroke": "#555555" }, "geometry": { "type": "MultiPolygon", "coordinates": [ [ [ [ 141.240252286045461, 43.130369396148147 ], [ 141.238561599427157, 43.130316207213234 ], [ 141.238554375301277, 43.130754642069078 ], [ 141.23853294320827, 43.131192881528158 ], [ 141.238517245123546, 43.131568579122174 ], [ 141.23850458934777, 43.132045225739262 ], [ 141.238493348559103, 43.132301966047294 ], [ 141.239846906109847, 43.132333755872949 ], [ 141.24061155766924, 43.132357945153117 ], [ 141.240720535313528, 43.132376277619194 ], [ 141.240878490112323, 43.132452782358072 ], [ 141.241032238248778, 43.132516590075539 ], [ 141.24171197037839, 43.13219794417315 ], [ 141.24172684208699, 43.131859652655251 ], [ 141.241715603572658, 43.131678598262383 ], [ 141.24172636666728, 43.131309818150349 ], [ 141.241747606261043, 43.131174271306932 ], [ 141.241752635335388, 43.130868104123387 ], [ 141.241754521515958, 43.130753273295838 ], [ 141.241759893521845, 43.130426221460581 ], [ 141.240252286045461, 43.130369396148147 ] ] ] ] } },
{ "type": "Feature", "properties": { "KEY_CODE": "01109330402", "S_NAME": "曙四条二丁目", "n_candidates": 133, "n_panel": 4, "detached_households": 98.0, "rate": 0.040816326530612242, "fill": "#c7e9b4", "fill-opacity": 0.7, "stroke": "#555555" }, "geometry": { "type": "MultiPolygon", "coordinates": [ [ [ [ 141.237224934226361, 43.130264369015187 ], [ 141.235795817016708, 43.130217392582182 ], [ 141.235777695504623, 43.130669022181969 ], [ 141.235744022645065, 43.131097164819508 ], [ 141.235753972338387, 43.131140083100192 ], [ 141.235743093882235, 43.131478829688589 ], [ 141.23574129182029, 43.131587893309799 ], [ 141.235721637464394, 43.131957998942198 ], [ 141.235709360284659, 43.132230273143563 ], [ 141.23767399768704, 43.132281499013729 ], [ 141.238493348559103, 43.132301966047294 ], [ 141.23850458934777, 43.132045225739262 ], [ 141.238517245123546, 43.131568579122174 ], [ 141.23853294320827, 43.131192881528158 ], [ 141.238554375301277, 43.130754642069107 ], [ 141.238561599427157, 43.130316207213234 ], [ 141.237224934226361, 43.130264369015187 ] ] ] ] } },
{ "type": "Feature", "properties": { "KEY_CODE": "01109330403", "S_NAME": "曙四条三丁目", "n_candidates": 254, "n_panel": 1, "detached_households": 211.0, "rate": 0.0047393364928909956, "fill": "#ffffcc", "fill-opacity": 0.7, "stroke": "#555555" }, "geometry": { "type": "MultiPolygon", "coordinates": [ [ [ [ 141.235709360284659, 43.132230273143563 ], [ 141.235721637464394, 43.131957998942198 ], [ 141.23574129182029, 43.13158789330982 ], [ 141.235743093882235, 43.131478829688589 ], [ 141.235753972338387, 43.131140083100192 ], [ 141.235744022645065, 43.131097164819508 ], [ 141.235777695504623, 43.130669022181969 ], [ 141.235795817016708, 43.130217392582182 ], [ 141.23579755555545, 43.129844736854885 ], [ 141.235797998418661, 43.129765621675794 ], [ 141.235168518276737, 43.129884662018839 ], [ 141.234491192259156, 43.129999408394035 ], [ 141.233979386905219, 43.130080525099316 ], [ 141.233478140904737, 43.130161732132549 ], [ 141.233168787032071, 43.130217424991734 ], [ 141.232950037868903, 43.130258309882635 ], [ 141.232129967237938, 43.130398563083737 ], [ 141.231880675601275, 43.130445504188337 ], [ 141.231315348195778, 43.130545611017787 ], [ 141.231016778955336, 43.130593587626777 ], [ 141.230440724610617, 43.130697534024662 ], [ 141.230571963917981, 43.131115468831489 ], [ 141.230708743072597, 43.131529517201216 ], [ 141.230834381834683, 43.131966883290225 ], [ 141.230874200681257, 43.132130823237397 ], [ 141.231374216757814, 43.132141799927759 ], [ 141.231987036537504, 43.132155249501913 ], [ 141.232368039872767, 43.132163606341081 ], [ 141.232416014657787, 43.13216009484001 ], [ 141.232453172144005, 43.132160425464008 ], [ 141.23379556943587, 43.132187833620058 ], [ 141.235709360284659, 43.132230273143563 ] ] ] ] } },
{ "type": "Feature", "properties": { "KEY_CODE": "01109330501", "S_NAME": "曙五条一丁目", "n_candidates": 69, "n_panel": 0, "detached_households": 59.0, "rate": 0.0, "fill": "#ffffcc", "fill-opacity": 0.7, "stroke": "#555555" }, "geometry": { "type": "MultiPolygon", "coordinates": [ [ [ [ 141.241700483140562, 43.133166058921475 ], [ 141.24171197037839, 43.13219794417315 ], [ 141.241032238248778, 43.132516590075539 ], [ 141.240878490112294, 43.132452782358072 ], [ 141.240720535313528, 43.132376277619194 ], [ 141.24061155766924, 43.132357945153117 ], [ 141.239846906109847, 43.132333755872949 ], [ 141.23983019758009, 43.133197244656955 ], [ 141.239824694524287, 43.133531609498419 ], [ 141.23939580732025, 43.133538722550455 ], [ 141.239389829833669, 43.134589943066253 ], [ 141.239389553339265, 43.134641772839224 ], [ 141.239382511517022, 43.134993564587099 ], [ 141.240108497344039, 43.135005953381842 ], [ 141.240659518409927, 43.135029733792294 ], [ 141.241657412050017, 43.135068775518278 ], [ 141.24168876749664, 43.134393614191744 ], [ 141.241685469550305, 43.133548022697283 ], [ 141.241700483140562, 43.133166058921475 ] ] ] ] } },
{ "type": "Feature", "properties": { "KEY_CODE": "01109330502", "S_NAME": "曙五条二丁目", "n_candidates": 83, "n_panel": 4, "detached_households": 70.0, "rate": 0.057142857142857141, "fill": "#7fcdbb", "fill-opacity": 0.7, "stroke": "#555555" }, "geometry": { "type": "MultiPolygon", "coordinates": [ [ [ [ 141.23767399768704, 43.132281499013729 ], [ 141.235709360284659, 43.132230273143563 ], [ 141.235691247544082, 43.132704548955573 ], [ 141.235721926422116, 43.133184109906992 ], [ 141.235717257063783, 43.133222608004758 ], [ 141.23567105358083, 43.133606965830374 ], [ 141.235648817414926, 43.133987949873081 ], [ 141.235641852918036, 43.134246626218861 ], [ 141.235638638551279, 43.134441126410373 ], [ 141.235637073020257, 43.134861255092737 ], [ 141.236162735784461, 43.134873651104328 ], [ 141.236327339419176, 43.134879048006241 ], [ 141.237325373890229, 43.134915102835933 ], [ 141.237606766984499, 43.134925399652673 ], [ 141.238638602820998, 43.134961602060798 ], [ 141.239382511517022, 43.134993564587099 ], [ 141.239389553339265, 43.134641772839224 ], [ 141.239389829833669, 43.134589943066253 ], [ 141.23939580732025, 43.133538722550405 ], [ 141.239824694524287, 43.133531609498419 ], [ 141.23983019758009, 43.133197244656955 ], [ 141.239846906109847, 43.132333755872949 ], [ 141.238493348559103, 43.132301966047294 ], [ 141.23767399768704, 43.132281499013729 ] ] ] ] } },
{ "type": "Feature", "properties": { "KEY_CODE": "01109330503", "S_NAME": "曙五条三丁目", "n_candidates": 278, "n_panel": 4, "detached_households": 231.0, "rate": 0.017316017316017316, "fill": "#ffffcc", "fill-opacity": 0.7, "stroke": "#555555" }, "geometry": { "type": "MultiPolygon", "coordinates": [ [ [ [ 141.23379556943587, 43.132187833620058 ], [ 141.232453172144005, 43.132160425464008 ], [ 141.232416014657787, 43.13216009484001 ], [ 141.232368039872767, 43.132163606341081 ], [ 141.231987036537532, 43.132155249501913 ], [ 141.231374216757814, 43.132141799927759 ], [ 141.230874200681257, 43.132130823237397 ], [ 141.23081448784896, 43.132129868018453 ], [ 141.231112968866711, 43.133152080219624 ], [ 141.231355815704632, 43.133881791025729 ], [ 141.231608563633074, 43.13481962131501 ], [ 141.231728815948543, 43.13525250816614 ], [ 141.232229080002156, 43.135198589052685 ], [ 141.233548579628518, 43.13507030115769 ], [ 141.234878788174996, 43.134938150743679 ], [ 141.235637073020257, 43.134861255092737 ], [ 141.235638638551279, 43.134441126410373 ], [ 141.235641852918036, 43.134246626218861 ], [ 141.235648817414926, 43.133987949873081 ], [ 141.23567105358083, 43.133606965830374 ], [ 141.235717257063783, 43.133222608004758 ], [ 141.235721926422116, 43.133184109906992 ], [ 141.235691247544082, 43.132704548955573 ], [ 141.235709360284659, 43.132230273143563 ], [ 141.23379556943587, 43.132187833620058 ] ] ] ] } },
{ "type": "Feature", "properties": { "KEY_CODE": "01109330504", "S_NAME": "曙五条四丁目", "n_candidates": 6, "n_panel": 0, "detached_households": 0.0, "rate": null, "fill": "#cccccc", "fill-opacity": 0.7, "stroke": "#555555" }, "geometry": { "type": "MultiPolygon", "coordinates": [ [ [ [ 141.22800750043973, 43.132083929975657 ], [ 141.225568325218916, 43.132036647157868 ], [ 141.226500841298133, 43.13367225553494 ], [ 141.227700622733863, 43.135887149145503 ], [ 141.227550215804257, 43.136049739323582 ], [ 141.2282922299826, 43.137160311731179 ], [ 141.228643789213635, 43.13713890821488 ], [ 141.229008804917754, 43.13711670894665 ], [ 141.230398305817857, 43.137032263869798 ], [ 141.231835085087255, 43.136916927973097 ], [ 141.232175343092365, 43.13687023443245 ], [ 141.2318520162369, 43.135675716346036 ], [ 141.231728815948543, 43.135252508166161 ], [ 141.231608563633017, 43.134819621314989 ], [ 141.231355815704632, 43.133881791025729 ], [ 141.231112968866711, 43.133152080219624 ], [ 141.23081448784896, 43.132129868018453 ], [ 141.22800750043973, 43.132083929975657 ] ] ] ] } },
{ "type": "Feature", "properties": { "KEY_CODE": "01109330505", "S_NAME": "曙五条五丁目", "n_candidates": 26, "n_panel": 0, "detached_households": 0.0, "rate": null, "fill": "#cccccc", "fill-opacity": 0.7, "stroke": "#555555" }, "geometry": { "type": "MultiPolygon", "coordinates": [ [ [ [ 141.226500841298133, 43.133672255534933 ], [ 141.225568325218973, 43.13203664715784 ], [ 141.22495085034177, 43.132049188604881 ], [ 141.224161553310466, 43.132207101590971 ], [ 141.223256834515297, 43.132421924020768 ], [ 141.222823603278471, 43.13249370637017 ], [ 141.222181137057049, 43.132645047553865 ], [ 141.221694710895349, 43.132796452060127 ], [ 141.220514699793029, 43.133231786689052 ], [ 141.220094671791372, 43.133385821164396 ], [ 141.219665282639028, 43.133536746216336 ], [ 141.220061449946257, 43.13388323593044 ], [ 141.220420779872882, 43.134199012826883 ], [ 141.220569537369329, 43.134347548843337 ], [ 141.22121284517732, 43.135149947585212 ], [ 141.22219285025605, 43.136389293199329 ], [ 141.223062188233854, 43.137489721256898 ], [ 141.22373666515054, 43.13743712086319 ], [ 141.224282416614898, 43.137403970306231 ], [ 141.225906302547799, 43.137305295923404 ], [ 141.226543185007699, 43.137266620576248 ], [ 141.226819855996325, 43.137249826467148 ], [ 141.227283411199863, 43.137221622166038 ], [ 141.227736965405597, 43.137194100195572 ], [ 141.228198788360459, 43.137166017358773 ], [ 141.2282922299826, 43.137160311731179 ], [ 141.227550215804257, 43.136049739323582 ], [ 141.227700622733863, 43.135887149145503 ], [ 141.226500841298133, 43.133672255534933 ] ] ] ] } },
{ "type": "Feature", "properties": { "KEY_CODE": "01109330601", "S_NAME": "曙六条一丁目", "n_candidates": 134, "n_panel": 4, "detached_households": 122.0, "rate": 0.032786885245901641, "fill": "#c7e9b4", "fill-opacity": 0.7, "stroke": "#555555" }, "geometry": { "type": "MultiPolygon", "coordinates": [ [ [ [ 141.240953848835488, 43.137314354478733 ], [ 141.241604774113227, 43.136799874125138 ], [ 141.241635512337297, 43.136776021433938 ], [ 141.241639285104043, 43.136227936255757 ], [ 141.241642369462937, 43.135779806956975 ], [ 141.241652605894075, 43.135413905981075 ], [ 141.241657412050017, 43.135068775518278 ], [ 141.240659518409927, 43.135029733792294 ], [ 141.240108497344039, 43.135005953381842 ], [ 141.239382511517022, 43.134993564587099 ], [ 141.239360388120758, 43.135689762902658 ], [ 141.238630699786427, 43.13566847598775 ], [ 141.23862113517572, 43.13606834910528 ], [ 141.238584554958067, 43.136831511512675 ], [ 141.23858248346761, 43.137283705449143 ], [ 141.23914023647751, 43.137284767606175 ], [ 141.239639737273819, 43.137277507599343 ], [ 141.240149354173582, 43.13729755040869 ], [ 141.240244924771019, 43.137302332167032 ], [ 141.240953848835488, 43.137314354478733 ] ] ] ] } },
{ "type": "Feature", "properties": { "KEY_CODE": "01109330602", "S_NAME": "曙六条二丁目", "n_candidates": 157, "n_panel": 3, "detached_households": 134.0, "rate": 0.022388059701492536, "fill": "#c7e9b4", "fill-opacity": 0.7, "stroke": "#555555" }, "geometry": { "type": "MultiPolygon", "coordinates": [ [ [ [ 141.237350056110131, 43.137284475484307 ], [ 141.23858248346761, 43.137283705449143 ], [ 141.238584554958067, 43.136831511512696 ], [ 141.23862113517572, 43.13606834910528 ], [ 141.238630699786427, 43.13566847598775 ], [ 141.239360388120758, 43.135689762902658 ], [ 141.239382511517022, 43.134993564587099 ], [ 141.238638602820998, 43.134961602060798 ], [ 141.237606766984499, 43.134925399652673 ], [ 141.237325373890229, 43.134915102835933 ], [ 141.236327339419176, 43.134879048006241 ], [ 141.236162735784461, 43.134873651104328 ], [ 141.235637073020257, 43.134861255092737 ], [ 141.235613681720906, 43.135306227179228 ], [ 141.235598840587585, 43.135565045151424 ], [ 141.235595754944512, 43.135751739969493 ], [ 141.235567338888131, 43.136187172047457 ], [ 141.235567134466066, 43.136356450294095 ], [ 141.235549482049805, 43.136622766871035 ], [ 141.235542628080708, 43.137200382125293 ], [ 141.23553689914965, 43.137268127720603 ], [ 141.236155044120551, 43.137270021606035 ], [ 141.237350056110131, 43.137284475484307 ] ] ] ] } },
{ "type": "Feature", "properties": { "KEY_CODE": "01109330603", "S_NAME": "曙六条三丁目", "n_candidates": 151, "n_panel": 1, "detached_households": 120.0, "rate": 0.0083333333333333332, "fill": "#ffffcc", "fill-opacity": 0.7, "stroke": "#555555" }, "geometry": { "type": "MultiPolygon", "coordinates": [ [ [ [ 141.235542628080708, 43.137200382125293 ], [ 141.235549482049805, 43.136622766871035 ], [ 141.235567134466066, 43.136356450294095 ], [ 141.235567338888131, 43.136187172047457 ], [ 141.235595754944512, 43.135751739969493 ], [ 141.235598840587585, 43.135565045151424 ], [ 141.235613681720906, 43.135306227179228 ], [ 141.235637073020257, 43.134861255092737 ], [ 141.234878788174996, 43.134938150743679 ], [ 141.233548579628518, 43.13507030115769 ], [ 141.232229080002156, 43.135198589052685 ], [ 141.231728815948543, 43.13525250816614 ], [ 141.2318520162369, 43.135675716346036 ], [ 141.232175343092365, 43.136870234432436 ], [ 141.23227381154598, 43.136856694098626 ], [ 141.232473090095027, 43.13679840668884 ], [ 141.232492934995946, 43.136904849570605 ], [ 141.232569985751525, 43.137384046924218 ], [ 141.232600254487807, 43.137481579971194 ], [ 141.233941116579814, 43.137353477963075 ], [ 141.234829605926734, 43.137267971144574 ], [ 141.235542628080708, 43.137200382125293 ] ] ] ] } },
{ "type": "Feature", "properties": { "KEY_CODE": "01109330701", "S_NAME": "曙七条一丁目", "n_candidates": 173, "n_panel": 4, "detached_households": 159.0, "rate": 0.025157232704402517, "fill": "#c7e9b4", "fill-opacity": 0.7, "stroke": "#555555" }, "geometry": { "type": "MultiPolygon", "coordinates": [ [ [ [ 141.241293311106972, 43.139846226110102 ], [ 141.241302588887237, 43.139532993885076 ], [ 141.241325919476196, 43.139404779588055 ], [ 141.241328199480989, 43.139008919769999 ], [ 141.2413283253114, 43.138995417779952 ], [ 141.241344005950452, 43.138631394344067 ], [ 141.241349052919475, 43.138546341188395 ], [ 141.241578342564765, 43.138397156556906 ], [ 141.241594399019988, 43.138249889232334 ], [ 141.241591824678267, 43.13792726944552 ], [ 141.241590510114747, 43.137755866314905 ], [ 141.241596864738199, 43.137579538556828 ], [ 141.241600629319692, 43.137473093570236 ], [ 141.241623233963765, 43.137090916326699 ], [ 141.241635225561311, 43.136787694385099 ], [ 141.241635512337297, 43.136776021433938 ], [ 141.241604774113227, 43.136799874125138 ], [ 141.240953848835488, 43.137314354478733 ], [ 141.240244924771019, 43.137302332167032 ], [ 141.240149354173582, 43.13729755040869 ], [ 141.239639737273819, 43.137277507599343 ], [ 141.23914023647751, 43.137284767606175 ], [ 141.23858248346761, 43.137283705449143 ], [ 141.238560392599254, 43.13765695377009 ], [ 141.238543710067404, 43.138022514294839 ], [ 141.238529875806023, 43.138378395059142 ], [ 141.238525647153097, 43.138635055899897 ], [ 141.239012000968557, 43.13877945047583 ], [ 141.238802125260349, 43.138944836905281 ], [ 141.238518394529024, 43.139174342132236 ], [ 141.238488994186724, 43.13981632067032 ], [ 141.239144411170884, 43.139807487162869 ], [ 141.239735825220436, 43.139830366322713 ], [ 141.241293311106972, 43.139846226110102 ] ] ] ] } },
{ "type": "Feature", "properties": { "KEY_CODE": "01109330702", "S_NAME": "曙七条二丁目", "n_candidates": 169, "n_panel": 3, "detached_households": 153.0, "rate": 0.019607843137254902, "fill": "#ffffcc", "fill-opacity": 0.7, "stroke": "#555555" }, "geometry": { "type": "MultiPolygon", "coordinates": [ [ [ [ 141.238560392599254, 43.13765695377009 ], [ 141.23858248346761, 43.137283705449143 ], [ 141.237350056110131, 43.137284475484307 ], [ 141.236155044120551, 43.137270021606035 ], [ 141.23553689914965, 43.137268127720603 ], [ 141.23553011763164, 43.137632086427487 ], [ 141.235524269138665, 43.137986067325542 ], [ 141.235507258459023, 43.138213497972849 ], [ 141.235510676091479, 43.138326335279707 ], [ 141.23550062193496, 43.138533784623242 ], [ 141.235434073168307, 43.139910922939734 ], [ 141.235433439985314, 43.139931804791196 ], [ 141.235383134203829, 43.141546304669582 ], [ 141.236367547763621, 43.140808150650436 ], [ 141.236841228877807, 43.140434968118043 ], [ 141.23694865290156, 43.140362004736545 ], [ 141.237255399255275, 43.14012356684988 ], [ 141.237857842102471, 43.139669797741 ], [ 141.238461158474252, 43.139217272457188 ], [ 141.238518394529024, 43.139174342132236 ], [ 141.238802125260349, 43.138944836905281 ], [ 141.239012000968557, 43.13877945047583 ], [ 141.238525647153097, 43.138635055899897 ], [ 141.238529875806023, 43.138378395059142 ], [ 141.238543710067404, 43.138022514294839 ], [ 141.238560392599254, 43.13765695377009 ] ] ] ] } },
{ "type": "Feature", "properties": { "KEY_CODE": "01109330703", "S_NAME": "曙七条三丁目", "n_candidates": 80, "n_panel": 0, "detached_households": 73.0, "rate": 0.0, "fill": "#ffffcc", "fill-opacity": 0.7, "stroke": "#555555" }, "geometry": { "type": "MultiPolygon", "coordinates": [ [ [ [ 141.232777504408233, 43.138637170286181 ], [ 141.234162915023234, 43.138528661992353 ], [ 141.234714962250735, 43.138579277415992 ], [ 141.234881044981023, 43.138594535473082 ], [ 141.235500621935017, 43.13853378462322 ], [ 141.235510676091479, 43.1383263352797 ], [ 141.235507258459023, 43.138213497972849 ], [ 141.235524269138665, 43.137986067325542 ], [ 141.23553011763164, 43.137632086427487 ], [ 141.23553689914965, 43.137268127720603 ], [ 141.235542628080708, 43.137200382125293 ], [ 141.234829605926734, 43.137267971144574 ], [ 141.233941116579814, 43.137353477963075 ], [ 141.232600254487807, 43.137481579971194 ], [ 141.232679047210922, 43.137855723087831 ], [ 141.232744493296423, 43.138235654958208 ], [ 141.23276210594841, 43.138453617689926 ], [ 141.232777504408233, 43.138637170286181 ] ] ] ] } },
{ "type": "Feature", "properties": { "KEY_CODE": "01109330801", "S_NAME": "曙八条一丁目", "n_candidates": 160, "n_panel": 4, "detached_households": 143.0, "rate": 0.027972027972027972, "fill": "#c7e9b4", "fill-opacity": 0.7, "stroke": "#555555" }, "geometry": { "type": "MultiPolygon", "coordinates": [ [ [ [ 141.239735825220436, 43.139830366322713 ], [ 141.239144411170884, 43.139807487162869 ], [ 141.238488994186724, 43.13981632067032 ], [ 141.238469634045373, 43.140262663952193 ], [ 141.238468219157397, 43.140680753817072 ], [ 141.2384572354363, 43.141085044952106 ], [ 141.238449252415194, 43.141499559666968 ], [ 141.238437625558902, 43.141884575056636 ], [ 141.238420748390865, 43.142261808376468 ], [ 141.239676895153337, 43.142278754127652 ], [ 141.241222273580064, 43.142298661426189 ], [ 141.241228560720515, 43.14191612932261 ], [ 141.241229300376204, 43.141871125543609 ], [ 141.241245598389554, 43.141545647912551 ], [ 141.241238327421598, 43.141339450601819 ], [ 141.241241715848986, 43.141133277559568 ], [ 141.241258957782492, 43.140732767010981 ], [ 141.241265189315811, 43.14062240605638 ], [ 141.241279337917746, 43.140299159869947 ], [ 141.241293311106972, 43.139846226110102 ], [ 141.239735825220436, 43.139830366322713 ] ] ] ] } },
{ "type": "Feature", "properties": { "KEY_CODE": "01109330802", "S_NAME": "曙八条二丁目", "n_candidates": 144, "n_panel": 4, "detached_households": 130.0, "rate": 0.030769230769230771, "fill": "#c7e9b4", "fill-opacity": 0.7, "stroke": "#555555" }, "geometry": { "type": "MultiPolygon", "coordinates": [ [ [ [ 141.238420748390865, 43.142261808376489 ], [ 141.238437625558902, 43.141884575056636 ], [ 141.238449252415137, 43.141499559666968 ], [ 141.2384572354363, 43.141085044952106 ], [ 141.238468219157369, 43.140680753817087 ], [ 141.238469634045373, 43.140262663952193 ], [ 141.238488994186724, 43.13981632067032 ], [ 141.238518394529024, 43.139174342132236 ], [ 141.238461158474252, 43.139217272457188 ], [ 141.237857842102471, 43.139669797741 ], [ 141.237255399255275, 43.14012356684988 ], [ 141.23694865290156, 43.140362004736545 ], [ 141.236841228877807, 43.140434968118043 ], [ 141.236367547763621, 43.140808150650436 ], [ 141.235383134203829, 43.141546304669582 ], [ 141.235356137245589, 43.14221516764723 ], [ 141.23598297701858, 43.14221686166993 ], [ 141.237183263380047, 43.142243113892746 ], [ 141.237209956902888, 43.14224349178356 ], [ 141.238420748390865, 43.142261808376489 ] ] ] ] } },
{ "type": "Feature", "properties": { "KEY_CODE": "01109330901", "S_NAME": "曙九条一丁目", "n_candidates": 159, "n_panel": 0, "detached_households": 156.0, "rate": 0.0, "fill": "#ffffcc", "fill-opacity": 0.7, "stroke": "#555555" }, "geometry": { "type": "MultiPolygon", "coordinates": [ [ [ [ 141.239676895153337, 43.142278754127652 ], [ 141.238420748390865, 43.142261808376468 ], [ 141.238402035754206, 43.142721309062736 ], [ 141.238363751642936, 43.143138649886644 ], [ 141.238340613854149, 43.143586788414019 ], [ 141.238318456767587, 43.143981275027365 ], [ 141.238109404308631, 43.144282113369997 ], [ 141.239484899633311, 43.144805838975508 ], [ 141.240675761784217, 43.145268488494423 ], [ 141.241132872031159, 43.145471828930269 ], [ 141.241140522879903, 43.145403609005925 ], [ 141.24114347918109, 43.145223599620103 ], [ 141.2411493917011, 43.144863580836748 ], [ 141.241175322789701, 43.144483555061697 ], [ 141.241176950918543, 43.144121177672332 ], [ 141.241182313708521, 43.143794901084028 ], [ 141.241178766072892, 43.143636771127817 ], [ 141.241194503077281, 43.143474029588532 ], [ 141.24119362968429, 43.143205788114592 ], [ 141.241194888341624, 43.143129211943751 ], [ 141.241197641341955, 43.142955876274875 ], [ 141.24121215732157, 43.142715480059245 ], [ 141.241222273580064, 43.142298661426189 ], [ 141.239676895153337, 43.142278754127652 ] ] ] ] } },
{ "type": "Feature", "properties": { "KEY_CODE": "01109330902", "S_NAME": "曙九条二丁目", "n_candidates": 104, "n_panel": 4, "detached_households": 88.0, "rate": 0.045454545454545456, "fill": "#c7e9b4", "fill-opacity": 0.7, "stroke": "#555555" }, "geometry": { "type": "MultiPolygon", "coordinates": [ [ [ [ 141.237183263380047, 43.142243113892746 ], [ 141.23598297701858, 43.14221686166993 ], [ 141.235356137245589, 43.14221516764723 ], [ 141.235329432361084, 43.143243971940549 ], [ 141.235927610587396, 43.1434638507519 ], [ 141.237069207657839, 43.143893552074324 ], [ 141.238109404308631, 43.144282113369997 ], [ 141.238318456767587, 43.143981275027365 ], [ 141.238340613854149, 43.143586788414019 ], [ 141.238363751642936, 43.143138649886652 ], [ 141.238402035754149, 43.142721309062765 ], [ 141.238420748390865, 43.142261808376489 ], [ 141.237209956902888, 43.14224349178356 ], [ 141.237183263380047, 43.142243113892746 ] ] ] ] } },
{ "type": "Feature", "properties": { "KEY_CODE": "01109331001", "S_NAME": "曙十条一丁目", "n_candidates": 105, "n_panel": 1, "detached_households": 101.0, "rate": 0.0099009900990099011, "fill": "#ffffcc", "fill-opacity": 0.7, "stroke": "#555555" }, "geometry": { "type": "MultiPolygon", "coordinates": [ [ [ [ 141.239484899633311, 43.144805838975508 ], [ 141.238109404308631, 43.144282113369997 ], [ 141.237855526841116, 43.144651190817868 ], [ 141.237611194610622, 43.144982798587606 ], [ 141.237364253137656, 43.145356085709537 ], [ 141.238726831264614, 43.145877804602797 ], [ 141.240075543150283, 43.146403180370697 ], [ 141.240609135937888, 43.146610994692971 ], [ 141.24109769444982, 43.146818337929936 ], [ 141.24109684910286, 43.146553974283378 ], [ 141.241109084033184, 43.146124880523111 ], [ 141.241115375736456, 43.145741798066211 ], [ 141.241132872031159, 43.145471828930269 ], [ 141.240675761784217, 43.145268488494423 ], [ 141.239484899633311, 43.144805838975508 ] ] ] ] } },
{ "type": "Feature", "properties": { "KEY_CODE": "01109331002", "S_NAME": "曙十条二丁目", "n_candidates": 85, "n_panel": 0, "detached_households": 82.0, "rate": 0.0, "fill": "#ffffcc", "fill-opacity": 0.7, "stroke": "#555555" }, "geometry": { "type": "MultiPolygon", "coordinates": [ [ [ [ 141.235927610587396, 43.1434638507519 ], [ 141.235329432361084, 43.143243971940549 ], [ 141.235311176461323, 43.143715148443782 ], [ 141.235302155511448, 43.144103983364353 ], [ 141.235281216412005, 43.144580824781173 ], [ 141.236308512964456, 43.144959720011741 ], [ 141.237364253137656, 43.145356085709537 ], [ 141.237611194610565, 43.144982798587606 ], [ 141.237855526841116, 43.144651190817868 ], [ 141.238109404308631, 43.144282113369997 ], [ 141.237069207657839, 43.143893552074289 ], [ 141.235927610587396, 43.1434638507519 ] ] ] ] } },
{ "type": "Feature", "properties": { "KEY_CODE": "01109331101", "S_NAME": "曙十一条一丁目", "n_candidates": 42, "n_panel": 1, "detached_households": 34.0, "rate": 0.029411764705882353, "fill": "#c7e9b4", "fill-opacity": 0.7, "stroke": "#555555" }, "geometry": { "type": "MultiPolygon", "coordinates": [ [ [ [ 141.238726831264614, 43.145877804602797 ], [ 141.237364253137656, 43.145356085709537 ], [ 141.237310524431138, 43.145439931649413 ], [ 141.237099833621016, 43.145629916775093 ], [ 141.237047574642645, 43.145677065598143 ], [ 141.236962854421392, 43.145741507396984 ], [ 141.236734562230993, 43.145938721264166 ], [ 141.236110614967572, 43.146486873896691 ], [ 141.236338137144031, 43.146650855164431 ], [ 141.236367252357496, 43.146667568663887 ], [ 141.236407664902288, 43.146686493201344 ], [ 141.236578246871375, 43.146738991578317 ], [ 141.236614988779195, 43.146753382576911 ], [ 141.236712512216968, 43.146803756931803 ], [ 141.236736562702191, 43.146813043861449 ], [ 141.236946497987759, 43.146873062005561 ], [ 141.236974938300676, 43.146884145938799 ], [ 141.237011451798196, 43.146906550929657 ], [ 141.237123420515559, 43.146989544930399 ], [ 141.237265867239387, 43.147094185305932 ], [ 141.237287760301911, 43.147117869441217 ], [ 141.23733579846899, 43.147198537182319 ], [ 141.237345724776418, 43.147225700902567 ], [ 141.23735619333479, 43.147278188723249 ], [ 141.23736676006763, 43.147301418709297 ], [ 141.237392101725192, 43.147348973035605 ], [ 141.237407222912225, 43.147363946425763 ], [ 141.237467503521344, 43.147418702646142 ], [ 141.2374905101818, 43.147444855819082 ], [ 141.237509179054882, 43.147471815053969 ], [ 141.237532999369222, 43.147518442160703 ], [ 141.237536441855781, 43.147525153680505 ], [ 141.237554725390453, 43.147581365433687 ], [ 141.237742396923807, 43.147739503651628 ], [ 141.237975725789369, 43.147947977415875 ], [ 141.238797856751489, 43.148553025472175 ], [ 141.239420595837942, 43.149035553479706 ], [ 141.240511436287704, 43.149849857504904 ], [ 141.24095086122955, 43.149547181505469 ], [ 141.240987955625769, 43.14951691723455 ], [ 141.240996892927456, 43.148972881243509 ], [ 141.241075709812918, 43.14751936848706 ], [ 141.24106933160482, 43.14727028609483 ], [ 141.24109061946956, 43.146933259633421 ], [ 141.24109769444982, 43.146818337929936 ], [ 141.240609135937888, 43.146610994692971 ], [ 141.240075543150283, 43.146403180370697 ], [ 141.238726831264614, 43.145877804602797 ] ] ] ] } },
{ "type": "Feature", "properties": { "KEY_CODE": "01109331102", "S_NAME": "曙十一条二丁目", "n_candidates": 120, "n_panel": 2, "detached_households": 91.0, "rate": 0.02197802197802198, "fill": "#c7e9b4", "fill-opacity": 0.7, "stroke": "#555555" }, "geometry": { "type": "MultiPolygon", "coordinates": [ [ [ [ 141.235356137245589, 43.14221516764723 ], [ 141.235383134203829, 43.141546304669582 ], [ 141.233163536440713, 43.143244138351086 ], [ 141.232971025624295, 43.14339262735038 ], [ 141.232877704553289, 43.143464604473635 ], [ 141.232517465070572, 43.143742386199406 ], [ 141.231398897405683, 43.144604889495753 ], [ 141.231933257498326, 43.145019092916677 ], [ 141.232363500487878, 43.14532378342799 ], [ 141.23241220226754, 43.14535825463124 ], [ 141.233556583642184, 43.146202019433815 ], [ 141.233729572221876, 43.146329513834921 ], [ 141.23375273656805, 43.146346035575768 ], [ 141.233938888333768, 43.14647906048139 ], [ 141.234724683028674, 43.147064692692773 ], [ 141.235096493744578, 43.147366879369663 ], [ 141.235115401985212, 43.14735031261268 ], [ 141.235469661592646, 43.147040429546642 ], [ 141.235877034509798, 43.146684038922324 ], [ 141.236110614967572, 43.146486873896691 ], [ 141.236734562230993, 43.145938721264166 ], [ 141.236962854421392, 43.145741507396984 ], [ 141.237047574642645, 43.145677065598143 ], [ 141.237099833621016, 43.145629916775093 ], [ 141.237310524431138, 43.145439931649413 ], [ 141.237364253137656, 43.145356085709537 ], [ 141.236308512964456, 43.144959720011741 ], [ 141.235281216412005, 43.144580824781173 ], [ 141.235302155511448, 43.144103983364353 ], [ 141.235311176461323, 43.143715148443782 ], [ 141.235329432361084, 43.143243971940549 ], [ 141.235356137245589, 43.14221516764723 ] ] ] ] } },
{ "type": "Feature", "properties": { "KEY_CODE": "01109331201", "S_NAME": "曙十二条一丁目", "n_candidates": 68, "n_panel": 0, "detached_households": 60.0, "rate": 0.0, "fill": "#ffffcc", "fill-opacity": 0.7, "stroke": "#555555" }, "geometry": { "type": "MultiPolygon", "coordinates": [ [ [ [ 141.236338137144031, 43.146650855164431 ], [ 141.236110614967572, 43.146486873896691 ], [ 141.235877034509798, 43.146684038922324 ], [ 141.235469661592617, 43.147040429546664 ], [ 141.235115401985183, 43.14735031261268 ], [ 141.235096493744578, 43.147366879369663 ], [ 141.234765280338138, 43.147618737582064 ], [ 141.23450569430463, 43.14780800477228 ], [ 141.234431595348354, 43.147857208268498 ], [ 141.234034941463449, 43.148110380526944 ], [ 141.233468950975492, 43.148473232479482 ], [ 141.234276694067802, 43.149051887251872 ], [ 141.23533573235747, 43.149839171770751 ], [ 141.23614619411785, 43.150447017606169 ], [ 141.236890201448432, 43.150996529859924 ], [ 141.237370586679845, 43.151351289820305 ], [ 141.237894279702715, 43.15177717981291 ], [ 141.240511436287704, 43.149849857504904 ], [ 141.239420595837942, 43.149035553479706 ], [ 141.238797856751489, 43.148553025472175 ], [ 141.237975725789369, 43.147947977415875 ], [ 141.237742396923807, 43.147739503651628 ], [ 141.237554725390453, 43.147581365433687 ], [ 141.237536441855781, 43.147525153680505 ], [ 141.237532999369222, 43.147518442160703 ], [ 141.237509179054882, 43.147471815053969 ], [ 141.2374905101818, 43.147444855819082 ], [ 141.237467503521344, 43.147418702646142 ], [ 141.237407222912225, 43.147363946425763 ], [ 141.237392101725192, 43.147348973035605 ], [ 141.23736676006763, 43.147301418709297 ], [ 141.23735619333479, 43.147278188723249 ], [ 141.237345724776418, 43.147225700902567 ], [ 141.23733579846899, 43.147198537182319 ], [ 141.237287760301911, 43.147117869441217 ], [ 141.237265867239387, 43.147094185305932 ], [ 141.237123420515559, 43.146989544930399 ], [ 141.237011451798196, 43.146906550929657 ], [ 141.236974938300676, 43.146884145938799 ], [ 141.236946497987759, 43.146873062005561 ], [ 141.236736562702191, 43.146813043861449 ], [ 141.236712512216968, 43.146803756931803 ], [ 141.236614988779195, 43.146753382576911 ], [ 141.236578246871375, 43.146738991578317 ], [ 141.236407664902288, 43.146686493201344 ], [ 141.236367252357496, 43.146667568663887 ], [ 141.236338137144031, 43.146650855164431 ] ] ] ] } },
{ "type": "Feature", "properties": { "KEY_CODE": "01109331202", "S_NAME": "曙十二条二丁目", "n_candidates": 145, "n_panel": 2, "detached_households": 139.0, "rate": 0.014388489208633094, "fill": "#ffffcc", "fill-opacity": 0.7, "stroke": "#555555" }, "geometry": { "type": "MultiPolygon", "coordinates": [ [ [ [ 141.231933257498326, 43.145019092916677 ], [ 141.231398897405683, 43.144604889495753 ], [ 141.230250257384739, 43.145490553574554 ], [ 141.229896201793878, 43.14576357217387 ], [ 141.23182806332585, 43.147227983164584 ], [ 141.23266776764288, 43.14786453175914 ], [ 141.232874656936758, 43.148015747231746 ], [ 141.233468950975492, 43.148473232479482 ], [ 141.234034941463449, 43.148110380526944 ], [ 141.234431595348354, 43.147857208268498 ], [ 141.23450569430463, 43.14780800477228 ], [ 141.234765280338138, 43.147618737582064 ], [ 141.235096493744578, 43.147366879369663 ], [ 141.234724683028674, 43.147064692692773 ], [ 141.233938888333768, 43.14647906048139 ], [ 141.23375273656805, 43.146346035575775 ], [ 141.233729572221876, 43.146329513834921 ], [ 141.233556583642184, 43.146202019433858 ], [ 141.232412202267511, 43.145358254631283 ], [ 141.232363500487878, 43.14532378342799 ], [ 141.231933257498326, 43.145019092916677 ] ] ] ] } },
{ "type": "Feature", "properties": { "KEY_CODE": "01109340101", "S_NAME": "稲穂一条一丁目", "n_candidates": 208, "n_panel": 2, "detached_households": 177.0, "rate": 0.011299435028248588, "fill": "#ffffcc", "fill-opacity": 0.7, "stroke": "#555555" }, "geometry": { "type": "MultiPolygon", "coordinates": [ [ [ [ 141.23476401148892, 43.124251199413877 ], [ 141.235323312619016, 43.124105022822675 ], [ 141.236000993296614, 43.12391839713451 ], [ 141.236034107742711, 43.123145988542326 ], [ 141.23604238004026, 43.122761505021515 ], [ 141.235644169238441, 43.122723725928857 ], [ 141.235569484148584, 43.12272002953501 ], [ 141.23529806782102, 43.122706590061625 ], [ 141.235080176515623, 43.122695801408113 ], [ 141.234964569247211, 43.122684718265454 ], [ 141.234604904220305, 43.122673300613506 ], [ 141.234385946961311, 43.122658980356164 ], [ 141.234099881326415, 43.122615300443186 ], [ 141.233514141140319, 43.122509176256472 ], [ 141.233430264833572, 43.122483744704937 ], [ 141.233178196377594, 43.122427985044077 ], [ 141.233038269771981, 43.122389676687803 ], [ 141.232651981363148, 43.122287360961899 ], [ 141.232529087396244, 43.122240974483759 ], [ 141.232244009921629, 43.122143705988861 ], [ 141.231824985808061, 43.121983496477064 ], [ 141.231660860349905, 43.122232148752673 ], [ 141.231384943375872, 43.122650160442667 ], [ 141.231076965700339, 43.123116791118278 ], [ 141.230945786037495, 43.123332234609251 ], [ 141.230898627855822, 43.123518184753635 ], [ 141.230790898518876, 43.124073313253746 ], [ 141.230760112773993, 43.124071210366544 ], [ 141.23054008551955, 43.125340368717104 ], [ 141.230958438596957, 43.125235721149075 ], [ 141.231537344247414, 43.125083974551579 ], [ 141.232391873479145, 43.124864841321127 ], [ 141.23298243750358, 43.124716075089239 ], [ 141.234144015536856, 43.124415471693517 ], [ 141.23476401148892, 43.124251199413877 ] ] ] ] } },
{ "type": "Feature", "properties": { "KEY_CODE": "01109340102", "S_NAME": "稲穂一条二丁目", "n_candidates": 176, "n_panel": 4, "detached_households": 156.0, "rate": 0.02564102564102564, "fill": "#c7e9b4", "fill-opacity": 0.7, "stroke": "#555555" }, "geometry": { "type": "MultiPolygon", "coordinates": [ [ [ [ 141.228280609954197, 43.123340315771053 ], [ 141.227466007993172, 43.123030693330641 ], [ 141.227208572305585, 43.123325952369171 ], [ 141.22712164996733, 43.12342567404859 ], [ 141.226949652394524, 43.123692790918987 ], [ 141.226761526641923, 43.1238847929475 ], [ 141.226697320389832, 43.123957993195766 ], [ 141.226556783605218, 43.124088742287995 ], [ 141.226355622623345, 43.124273453639361 ], [ 141.226706754051406, 43.124509172888963 ], [ 141.227362989984613, 43.124971756412961 ], [ 141.227936006991314, 43.125381337346802 ], [ 141.228613818897145, 43.125835244927153 ], [ 141.229867430907092, 43.125505551681997 ], [ 141.23054008551955, 43.125340368717104 ], [ 141.230760112773993, 43.124071210366544 ], [ 141.230322099899666, 43.124041987874143 ], [ 141.230180564070224, 43.124007953362906 ], [ 141.229805815775507, 43.123863813400078 ], [ 141.228997977466946, 43.123579509517697 ], [ 141.22896692037736, 43.123570652731097 ], [ 141.228748472050626, 43.123496685917786 ], [ 141.228590700100739, 43.123440349871764 ], [ 141.228527764793967, 43.123420025480264 ], [ 141.228280609954197, 43.123340315771053 ] ] ] ] } },
{ "type": "Feature", "properties": { "KEY_CODE": "01109340103", "S_NAME": "稲穂一条三丁目", "n_candidates": 21, "n_panel": 0, "detached_households": 10.0, "rate": 0.0, "fill": "#ffffcc", "fill-opacity": 0.7, "stroke": "#555555" }, "geometry": { "type": "MultiPolygon", "coordinates": [ [ [ [ 141.226706754051406, 43.124509172888963 ], [ 141.226355622623345, 43.124273453639361 ], [ 141.226282327992976, 43.124327444576686 ], [ 141.226071485404646, 43.124505316473758 ], [ 141.225967998502597, 43.124573381730919 ], [ 141.225526319168836, 43.124907285274276 ], [ 141.225434645864311, 43.124974962589661 ], [ 141.225045529987398, 43.125214180400917 ], [ 141.22483920054998, 43.125316980048112 ], [ 141.22519204706748, 43.125653357782134 ], [ 141.225374135966689, 43.125826944721112 ], [ 141.225483855113936, 43.125932153430647 ], [ 141.226059407791382, 43.126500359174848 ], [ 141.226545913453663, 43.126386419525105 ], [ 141.226870539003869, 43.126289248145518 ], [ 141.228135198070817, 43.125954677556599 ], [ 141.228613818897145, 43.125835244927153 ], [ 141.227936006991314, 43.125381337346802 ], [ 141.227362989984613, 43.124971756412961 ], [ 141.226706754051406, 43.124509172888963 ] ] ] ] } },
{ "type": "Feature", "properties": { "KEY_CODE": "01109340104", "S_NAME": "稲穂一条四丁目", "n_candidates": 44, "n_panel": 0, "detached_households": 39.0, "rate": 0.0, "fill": "#ffffcc", "fill-opacity": 0.7, "stroke": "#555555" }, "geometry": { "type": "MultiPolygon", "coordinates": [ [ [ [ 141.225192047067452, 43.125653357782156 ], [ 141.22483920054998, 43.125316980048112 ], [ 141.224474202109718, 43.125445644721211 ], [ 141.224282668053291, 43.125507645349337 ], [ 141.223392302076661, 43.125754455402479 ], [ 141.22302299158585, 43.125842146029363 ], [ 141.22287050388843, 43.125883044122645 ], [ 141.222339895381225, 43.126027162557968 ], [ 141.222811381221277, 43.126930830504286 ], [ 141.223100380062988, 43.127482478711435 ], [ 141.223311774383546, 43.127840873699945 ], [ 141.223731726281841, 43.127602289960279 ], [ 141.224096614789318, 43.127348865848568 ], [ 141.224486971434118, 43.127145810254909 ], [ 141.224809217740329, 43.126967393471432 ], [ 141.224888869486904, 43.126929778389048 ], [ 141.22545381396813, 43.12669607479657 ], [ 141.225622669736538, 43.126629509300471 ], [ 141.225653553189574, 43.126620080024537 ], [ 141.226059407791382, 43.126500359174869 ], [ 141.225483855113936, 43.125932153430647 ], [ 141.225374135966661, 43.125826944721112 ], [ 141.225192047067452, 43.125653357782156 ] ] ] ] } },
{ "type": "Feature", "properties": { "KEY_CODE": "01109340105", "S_NAME": "稲穂一条五丁目", "n_candidates": 63, "n_panel": 2, "detached_households": 57.0, "rate": 0.035087719298245612, "fill": "#c7e9b4", "fill-opacity": 0.7, "stroke": "#555555" }, "geometry": { "type": "MultiPolygon", "coordinates": [ [ [ [ 141.223100380062988, 43.127482478711435 ], [ 141.222811381221277, 43.126930830504243 ], [ 141.222185752860128, 43.127066288201853 ], [ 141.221773625103907, 43.127193043073447 ], [ 141.22121224748949, 43.127327525934987 ], [ 141.22045077066835, 43.127536015892851 ], [ 141.220638905963767, 43.127929017387984 ], [ 141.221230555438297, 43.129202365224323 ], [ 141.221653545711121, 43.12892105758651 ], [ 141.222013901237318, 43.128675546356654 ], [ 141.222386238025479, 43.128448356495156 ], [ 141.222725933951409, 43.128203359877389 ], [ 141.223311774383546, 43.127840873699945 ], [ 141.223100380062988, 43.127482478711435 ] ] ] ] } },
{ "type": "Feature", "properties": { "KEY_CODE": "01109340106", "S_NAME": "稲穂一条六丁目", "n_candidates": 297, "n_panel": 11, "detached_households": 291.0, "rate": 0.037800687285223365, "fill": "#c7e9b4", "fill-opacity": 0.7, "stroke": "#555555" }, "geometry": { "type": "MultiPolygon", "coordinates": [ [ [ [ 141.220638905963767, 43.127929017387984 ], [ 141.22045077066835, 43.127536015892851 ], [ 141.219949233431493, 43.127663364420719 ], [ 141.219746532068172, 43.12772068354564 ], [ 141.219520968167842, 43.127790034492484 ], [ 141.21916974698982, 43.127880264288585 ], [ 141.219090738129353, 43.127902126733161 ], [ 141.218574007845945, 43.128024690110529 ], [ 141.218145347218524, 43.128151703762533 ], [ 141.217815392682979, 43.128233189707558 ], [ 141.217898106608061, 43.128453431185065 ], [ 141.217463939157341, 43.128559293549586 ], [ 141.21709060003397, 43.128650934900044 ], [ 141.216696967316324, 43.128744502041634 ], [ 141.216326327621374, 43.128846714438112 ], [ 141.215903889408821, 43.12894001808467 ], [ 141.215388712794294, 43.129066237959513 ], [ 141.215422492658945, 43.129112960312355 ], [ 141.216121685261726, 43.130043965102914 ], [ 141.216417867899537, 43.130428808770539 ], [ 141.216688381968908, 43.130798580089468 ], [ 141.21686386111827, 43.131030092444604 ], [ 141.217004203424608, 43.131215246976645 ], [ 141.217043532023354, 43.131274678225118 ], [ 141.217302817699078, 43.131627465589183 ], [ 141.217585037163985, 43.131485138143411 ], [ 141.217718830522017, 43.131414964414013 ], [ 141.21808024518586, 43.131171302517473 ], [ 141.218609358883441, 43.130833857926973 ], [ 141.218924721215529, 43.130661585587518 ], [ 141.219200940255291, 43.130464343454804 ], [ 141.219922243204024, 43.130014622671524 ], [ 141.220106406521495, 43.129906639747709 ], [ 141.22048923307409, 43.12966752490707 ], [ 141.220543553259716, 43.129629192747529 ], [ 141.220828284578715, 43.129433290334241 ], [ 141.221230555438297, 43.129202365224323 ], [ 141.220638905963767, 43.127929017387984 ] ] ] ] } },
{ "type": "Feature", "properties": { "KEY_CODE": "01109340107", "S_NAME": "稲穂一条七丁目", "n_candidates": 96, "n_panel": 0, "detached_households": 60.0, "rate": 0.0, "fill": "#ffffcc", "fill-opacity": 0.7, "stroke": "#555555" }, "geometry": { "type": "MultiPolygon", "coordinates": [ [ [ [ 141.217302817699078, 43.131627465589183 ], [ 141.217043532023354, 43.131274678225118 ], [ 141.217004203424608, 43.131215246976645 ], [ 141.21686386111827, 43.131030092444604 ], [ 141.216688381968908, 43.130798580089468 ], [ 141.216417867899537, 43.130428808770539 ], [ 141.216121685261726, 43.130043965102914 ], [ 141.215500907354169, 43.130276201285383 ], [ 141.215101100369878, 43.130433143664135 ], [ 141.214946811079216, 43.130483016130711 ], [ 141.214458539565811, 43.130664050628567 ], [ 141.213925373975201, 43.13088757781118 ], [ 141.213535504730686, 43.131103609500649 ], [ 141.213055314424736, 43.131345547313288 ], [ 141.212488257385644, 43.13126163509709 ], [ 141.21196023315332, 43.131186442422695 ], [ 141.211812172287154, 43.131588292596724 ], [ 141.211690125625182, 43.13212083840029 ], [ 141.211608382506597, 43.132388681576273 ], [ 141.212407758436655, 43.132505720168794 ], [ 141.212775686813529, 43.132565532741665 ], [ 141.212994506817893, 43.132578628871741 ], [ 141.213288430469447, 43.132585513354321 ], [ 141.213587972372039, 43.132600888530824 ], [ 141.214030114051099, 43.132588085693158 ], [ 141.21432093720918, 43.132556823007782 ], [ 141.214526733624382, 43.132533719697001 ], [ 141.214900085935682, 43.132488644896846 ], [ 141.214924816144276, 43.132485632558641 ], [ 141.215148369025314, 43.132451508291666 ], [ 141.215347465393904, 43.132409987685179 ], [ 141.215609609404964, 43.132336755782752 ], [ 141.215842288576027, 43.132279714219337 ], [ 141.216098754261679, 43.132195810256803 ], [ 141.216338954955688, 43.132114010854487 ], [ 141.216537471489943, 43.132038302226803 ], [ 141.217302817699078, 43.131627465589183 ] ] ] ] } },
{ "type": "Feature", "properties": { "KEY_CODE": "01109340108", "S_NAME": "稲穂一条八丁目", "n_candidates": 29, "n_panel": 0, "detached_households": 21.0, "rate": 0.0, "fill": "#ffffcc", "fill-opacity": 0.7, "stroke": "#555555" }, "geometry": { "type": "MultiPolygon", "coordinates": [ [ [ [ 141.204148463158162, 43.131995842215829 ], [ 141.204678367691628, 43.131976564030452 ], [ 141.205294499666991, 43.131996754249926 ], [ 141.205510889688128, 43.132005271157539 ], [ 141.206312760702275, 43.132023915108803 ], [ 141.206869355151326, 43.132038701244205 ], [ 141.207651175350748, 43.13206200501174 ], [ 141.207964660694159, 43.132081039039285 ], [ 141.208580575080447, 43.132114150034319 ], [ 141.209158769643921, 43.132158236221038 ], [ 141.209599839083722, 43.132214081564882 ], [ 141.20963198611102, 43.132079624911526 ], [ 141.21061227629545, 43.13223601834499 ], [ 141.210977603097405, 43.132284842410471 ], [ 141.211608382506597, 43.132388681576273 ], [ 141.211690125625182, 43.13212083840029 ], [ 141.211812172287154, 43.131588292596724 ], [ 141.210779465475014, 43.131459915415256 ], [ 141.210424039956365, 43.131433405030158 ], [ 141.210030884949447, 43.131423358914361 ], [ 141.209686751444139, 43.131387877635824 ], [ 141.209490971826995, 43.131335882558133 ], [ 141.209412384492083, 43.131289461957302 ], [ 141.209326877094952, 43.131238950898513 ], [ 141.209218114121256, 43.131140837541167 ], [ 141.20910398635948, 43.131014755292746 ], [ 141.209079272652247, 43.130987452106389 ], [ 141.208967591642818, 43.130795423121391 ], [ 141.208869312703371, 43.130600350707113 ], [ 141.208611467398669, 43.130652508388216 ], [ 141.208410426497238, 43.130684621192216 ], [ 141.208157874134855, 43.130724963073234 ], [ 141.207845422024576, 43.130775496219151 ], [ 141.206822022949154, 43.130921518832238 ], [ 141.206476731511287, 43.130960496046448 ], [ 141.205998099483537, 43.131037003184495 ], [ 141.205533042802728, 43.131094294135828 ], [ 141.20506918077902, 43.131160315431643 ], [ 141.204099905078664, 43.131296400288747 ], [ 141.203258251384199, 43.131414938649279 ], [ 141.202651109662241, 43.131509526669262 ], [ 141.202090319081293, 43.131588852976634 ], [ 141.202026500522322, 43.131597903114326 ], [ 141.201114577265116, 43.131731675810251 ], [ 141.200734396336202, 43.131761031198032 ], [ 141.199995291457981, 43.131778228440602 ], [ 141.199622118794593, 43.131773957565137 ], [ 141.199157727522447, 43.131786287609302 ], [ 141.199374526569017, 43.132347956736993 ], [ 141.199424577161807, 43.132413892139411 ], [ 141.199611464286392, 43.132395776391142 ], [ 141.200144333736489, 43.132355027459937 ], [ 141.200711447200945, 43.1322939125535 ], [ 141.201959072025119, 43.132183124076036 ], [ 141.202483731488286, 43.13212808151625 ], [ 141.203032599782802, 43.13207804113015 ], [ 141.203621047610511, 43.132038135472904 ], [ 141.204148463158162, 43.131995842215829 ] ] ] ] } },
{ "type": "Feature", "properties": { "KEY_CODE": "01109340201", "S_NAME": "稲穂二条一丁目", "n_candidates": 39, "n_panel": 0, "detached_households": 33.0, "rate": 0.0, "fill": "#ffffcc", "fill-opacity": 0.7, "stroke": "#555555" }, "geometry": { "type": "MultiPolygon", "coordinates": [ [ [ [ 141.236071992698555, 43.122015017444902 ], [ 141.236059481608009, 43.121051964885922 ], [ 141.235607389504679, 43.121207887251451 ], [ 141.23522889261983, 43.121319801470335 ], [ 141.234839775284172, 43.12139462733785 ], [ 141.234507360270896, 43.121436971267848 ], [ 141.234141659465394, 43.121454332382847 ], [ 141.233800829748418, 43.121494559360052 ], [ 141.233547059214288, 43.121507074013834 ], [ 141.233305685177726, 43.121518923581093 ], [ 141.233157241712888, 43.121537014336766 ], [ 141.232832455886353, 43.121576535026655 ], [ 141.232348403268361, 43.12160929361653 ], [ 141.232033289517034, 43.121627095281937 ], [ 141.231515200613472, 43.12168008282827 ], [ 141.231138169300976, 43.121697330656943 ], [ 141.231612692831789, 43.121903329028584 ], [ 141.231824985808061, 43.121983496477064 ], [ 141.232244009921601, 43.122143705988861 ], [ 141.232529087396216, 43.122240974483752 ], [ 141.232651981363091, 43.122287360961899 ], [ 141.233038269771981, 43.122389676687803 ], [ 141.233178196377594, 43.122427985044077 ], [ 141.233430264833572, 43.122483744704937 ], [ 141.233514141140319, 43.122509176256472 ], [ 141.234099881326415, 43.122615300443186 ], [ 141.234385946961311, 43.122658980356164 ], [ 141.234604904220305, 43.122673300613506 ], [ 141.234964569247211, 43.122684718265454 ], [ 141.235080176515623, 43.122695801408113 ], [ 141.235298067821049, 43.122706590061625 ], [ 141.235569484148584, 43.12272002953501 ], [ 141.235644169238441, 43.122723725928857 ], [ 141.23604238004026, 43.122761505021515 ], [ 141.236071992698555, 43.122015017444902 ] ] ] ] } },
{ "type": "Feature", "properties": { "KEY_CODE": "01109340202", "S_NAME": "稲穂二条二丁目", "n_candidates": 93, "n_panel": 1, "detached_households": 79.0, "rate": 0.012658227848101266, "fill": "#ffffcc", "fill-opacity": 0.7, "stroke": "#555555" }, "geometry": { "type": "MultiPolygon", "coordinates": [ [ [ [ 141.231612692831789, 43.121903329028584 ], [ 141.231138169300976, 43.121697330656943 ], [ 141.230944398561633, 43.12171600026997 ], [ 141.230837123683756, 43.121723554215478 ], [ 141.230626516961735, 43.121738485959725 ], [ 141.229186725612124, 43.121877905943265 ], [ 141.228671569071651, 43.1219620612207 ], [ 141.228323768956386, 43.122045670767591 ], [ 141.227832743791026, 43.122588862209533 ], [ 141.227583818210121, 43.122892214562619 ], [ 141.227548459332866, 43.122934165971138 ], [ 141.227466007993172, 43.123030693330641 ], [ 141.228280609954197, 43.123340315771053 ], [ 141.228527764793967, 43.123420025480264 ], [ 141.228590700100739, 43.123440349871764 ], [ 141.228748472050626, 43.123496685917786 ], [ 141.22896692037736, 43.123570652731097 ], [ 141.228997977466946, 43.123579509517697 ], [ 141.229805815775507, 43.123863813400078 ], [ 141.230180564070224, 43.124007953362906 ], [ 141.230322099899666, 43.124041987874143 ], [ 141.230760112773993, 43.124071210366544 ], [ 141.230790898518876, 43.124073313253746 ], [ 141.230898627855822, 43.123518184753635 ], [ 141.230945786037495, 43.123332234609251 ], [ 141.231076965700339, 43.123116791118278 ], [ 141.231384943375872, 43.122650160442667 ], [ 141.231660860349905, 43.122232148752673 ], [ 141.231824985808061, 43.121983496477064 ], [ 141.231612692831789, 43.121903329028584 ] ] ] ] } },
{ "type": "Feature", "properties": { "KEY_CODE": "01109340203", "S_NAME": "稲穂二条三丁目", "n_candidates": 37, "n_panel": 0, "detached_households": 13.0, "rate": 0.0, "fill": "#ffffcc", "fill-opacity": 0.7, "stroke": "#555555" }, "geometry": { "type": "MultiPolygon", "coordinates": [ [ [ [ 141.226761526641923, 43.1238847929475 ], [ 141.226949652394495, 43.123692790918994 ], [ 141.227121649967302, 43.123425674048619 ], [ 141.227208572305585, 43.123325952369171 ], [ 141.227466007993172, 43.123030693330662 ], [ 141.227548459332866, 43.122934165971202 ], [ 141.227583818210121, 43.122892214562619 ], [ 141.227832743791026, 43.122588862209533 ], [ 141.228323768956386, 43.122045670767591 ], [ 141.228063568421419, 43.12210973644482 ], [ 141.227755960287766, 43.122218458470996 ], [ 141.226817388574943, 43.122550245041396 ], [ 141.226742371551182, 43.122580940488746 ], [ 141.226665324075583, 43.122612392432941 ], [ 141.225883971366528, 43.122946351564195 ], [ 141.225297004465375, 43.123196034743252 ], [ 141.225260349106179, 43.123211953337361 ], [ 141.224910630352269, 43.12336368193106 ], [ 141.224608765083474, 43.12347856542069 ], [ 141.223836800298358, 43.123812455293653 ], [ 141.223934894127865, 43.123882256781506 ], [ 141.224105360608036, 43.123805872330365 ], [ 141.224492246800082, 43.124083294167782 ], [ 141.224539199956808, 43.12411696243003 ], [ 141.22450086415563, 43.124137048056255 ], [ 141.224364496547338, 43.124208496098824 ], [ 141.225434645864311, 43.124974962589661 ], [ 141.225526319168836, 43.124907285274276 ], [ 141.225967998502597, 43.124573381730919 ], [ 141.226071485404674, 43.124505316473758 ], [ 141.226282327992976, 43.124327444576686 ], [ 141.226355622623345, 43.124273453639361 ], [ 141.226556783605218, 43.124088742287995 ], [ 141.226697320389832, 43.123957993195766 ], [ 141.226761526641923, 43.1238847929475 ] ] ] ] } },
{ "type": "Feature", "properties": { "KEY_CODE": "01109340204", "S_NAME": "稲穂二条四丁目", "n_candidates": 55, "n_panel": 2, "detached_households": 39.0, "rate": 0.05128205128205128, "fill": "#7fcdbb", "fill-opacity": 0.7, "stroke": "#555555" }, "geometry": { "type": "MultiPolygon", "coordinates": [ [ [ [ 141.224492246800082, 43.124083294167782 ], [ 141.224105360608036, 43.123805872330365 ], [ 141.223934894127865, 43.123882256781506 ], [ 141.223836800298358, 43.123812455293631 ], [ 141.223542516874346, 43.123938656515087 ], [ 141.223060907685067, 43.124145248568844 ], [ 141.222718860126861, 43.124296898562726 ], [ 141.222182891607986, 43.124521073029086 ], [ 141.222008234189133, 43.124607343660138 ], [ 141.220989655486164, 43.125033797271456 ], [ 141.220860409944123, 43.125085802105403 ], [ 141.221188037873105, 43.125193189671784 ], [ 141.221331734188055, 43.125264248689277 ], [ 141.22156928737121, 43.1254241313205 ], [ 141.22175746777458, 43.125562331482577 ], [ 141.222006847381294, 43.125755725584682 ], [ 141.222056169648397, 43.125780432231913 ], [ 141.222100659940509, 43.1258414558216 ], [ 141.22215304345238, 43.125929908121819 ], [ 141.222200738925636, 43.126051722663099 ], [ 141.222339895381225, 43.126027162557968 ], [ 141.222870503888487, 43.125883044122645 ], [ 141.22302299158585, 43.125842146029363 ], [ 141.223392302076661, 43.125754455402479 ], [ 141.224282668053291, 43.125507645349337 ], [ 141.224474202109718, 43.125445644721211 ], [ 141.22483920054998, 43.125316980048112 ], [ 141.225045529987398, 43.125214180400917 ], [ 141.225434645864311, 43.124974962589661 ], [ 141.224364496547338, 43.124208496098824 ], [ 141.22450086415563, 43.124137048056255 ], [ 141.224539199956808, 43.12411696243003 ], [ 141.224492246800082, 43.124083294167782 ] ] ] ] } },
{ "type": "Feature", "properties": { "KEY_CODE": "01109340205", "S_NAME": "稲穂二条五丁目", "n_candidates": 84, "n_panel": 2, "detached_households": 70.0, "rate": 0.028571428571428571, "fill": "#c7e9b4", "fill-opacity": 0.7, "stroke": "#555555" }, "geometry": { "type": "MultiPolygon", "coordinates": [ [ [ [ 141.222811381221277, 43.126930830504286 ], [ 141.222339895381225, 43.126027162557968 ], [ 141.222200738925636, 43.126051722663099 ], [ 141.22215304345238, 43.125929908121819 ], [ 141.222100659940509, 43.1258414558216 ], [ 141.222056169648397, 43.125780432231913 ], [ 141.222006847381294, 43.125755725584682 ], [ 141.22175746777458, 43.125562331482577 ], [ 141.22156928737121, 43.1254241313205 ], [ 141.221331734188055, 43.125264248689277 ], [ 141.221188037873105, 43.125193189671784 ], [ 141.220860409944123, 43.125085802105403 ], [ 141.220562379013529, 43.125205771490563 ], [ 141.220141192463615, 43.125380963800239 ], [ 141.21974910355496, 43.125544250557425 ], [ 141.219240269459192, 43.125758103973936 ], [ 141.219117115213351, 43.125813115974744 ], [ 141.218420457907087, 43.12611318165289 ], [ 141.219509562950151, 43.126491597569128 ], [ 141.219954351983688, 43.126638162139976 ], [ 141.220236134015352, 43.12712610709157 ], [ 141.22045077066835, 43.127536015892851 ], [ 141.22121224748949, 43.127327525934987 ], [ 141.221773625103907, 43.127193043073447 ], [ 141.222185752860128, 43.127066288201853 ], [ 141.222811381221277, 43.126930830504286 ] ] ] ] } },
{ "type": "Feature", "properties": { "KEY_CODE": "01109340206", "S_NAME": "稲穂二条六丁目", "n_candidates": 132, "n_panel": 0, "detached_households": 113.0, "rate": 0.0, "fill": "#ffffcc", "fill-opacity": 0.7, "stroke": "#555555" }, "geometry": { "type": "MultiPolygon", "coordinates": [ [ [ [ 141.219509562950151, 43.126491597569128 ], [ 141.218420457907087, 43.12611318165289 ], [ 141.218305597682587, 43.126160179496623 ], [ 141.217612979631383, 43.126493614589279 ], [ 141.217481601250569, 43.126552066663734 ], [ 141.216874829238094, 43.126821849576089 ], [ 141.216183594200288, 43.127117804152086 ], [ 141.215877676426828, 43.127248731340153 ], [ 141.215560804637022, 43.127408533445276 ], [ 141.215421252501528, 43.127478935972597 ], [ 141.215030510731623, 43.127668943390972 ], [ 141.214781890206069, 43.127789838385056 ], [ 141.214526129061881, 43.127918402677132 ], [ 141.214813945055738, 43.128279895609303 ], [ 141.214926397807204, 43.128449843042283 ], [ 141.215214315497008, 43.128811336118851 ], [ 141.215388712794294, 43.129066237959513 ], [ 141.215903889408821, 43.12894001808467 ], [ 141.216326327621374, 43.128846714438112 ], [ 141.216696967316324, 43.128744502041634 ], [ 141.21709060003397, 43.128650934900044 ], [ 141.217463939157341, 43.128559293549586 ], [ 141.217898106608004, 43.128453431185065 ], [ 141.217815392682979, 43.128233189707558 ], [ 141.218145347218524, 43.128151703762533 ], [ 141.218574007845945, 43.128024690110529 ], [ 141.219090738129353, 43.127902126733161 ], [ 141.219169746989792, 43.127880264288564 ], [ 141.219520968167814, 43.127790034492484 ], [ 141.219746532068172, 43.12772068354564 ], [ 141.219949233431493, 43.127663364420719 ], [ 141.22045077066835, 43.127536015892851 ], [ 141.220236134015352, 43.12712610709157 ], [ 141.219954351983688, 43.126638162139976 ], [ 141.219509562950151, 43.126491597569128 ] ] ] ] } },
{ "type": "Feature", "properties": { "KEY_CODE": "01109340207", "S_NAME": "稲穂二条七丁目", "n_candidates": 145, "n_panel": 1, "detached_households": 100.0, "rate": 0.01, "fill": "#ffffcc", "fill-opacity": 0.7, "stroke": "#555555" }, "geometry": { "type": "MultiPolygon", "coordinates": [ [ [ [ 141.214813945055738, 43.128279895609303 ], [ 141.214526129061881, 43.127918402677132 ], [ 141.214439832319329, 43.127962350173398 ], [ 141.21330866659045, 43.128538427797082 ], [ 141.213096707578529, 43.128637285639563 ], [ 141.213080440547088, 43.128645296493559 ], [ 141.212926776619128, 43.128720772944803 ], [ 141.21210129842197, 43.129150444628053 ], [ 141.211124089940938, 43.12966509606813 ], [ 141.210929263786426, 43.129766777376581 ], [ 141.211308614034408, 43.130171379010598 ], [ 141.21152441822403, 43.130367587610579 ], [ 141.211790542790681, 43.130648645417587 ], [ 141.211961123979506, 43.130793736619921 ], [ 141.21196023315332, 43.131186442422695 ], [ 141.212488257385644, 43.131261635097097 ], [ 141.213055314424736, 43.131345547313288 ], [ 141.213535504730686, 43.131103609500649 ], [ 141.213925373975201, 43.13088757781118 ], [ 141.214458539565811, 43.130664050628567 ], [ 141.214946811079216, 43.130483016130711 ], [ 141.215101100369878, 43.130433143664135 ], [ 141.215500907354169, 43.130276201285383 ], [ 141.216121685261726, 43.130043965102914 ], [ 141.215422492658945, 43.129112960312355 ], [ 141.215388712794294, 43.129066237959513 ], [ 141.215214315497008, 43.128811336118851 ], [ 141.214926397807204, 43.128449843042283 ], [ 141.214813945055738, 43.128279895609303 ] ] ] ] } },
{ "type": "Feature", "properties": { "KEY_CODE": "01109340208", "S_NAME": "稲穂二条八丁目", "n_candidates": 60, "n_panel": 1, "detached_households": 55.0, "rate": 0.018181818181818181, "fill": "#ffffcc", "fill-opacity": 0.7, "stroke": "#555555" }, "geometry": { "type": "MultiPolygon", "coordinates": [ [ [ [ 141.211308614034408, 43.130171379010598 ], [ 141.210929263786426, 43.129766777376581 ], [ 141.210613018424112, 43.129933254197603 ], [ 141.21009144993269, 43.130197166907401 ], [ 141.209601986796429, 43.13039659676366 ], [ 141.209179881076977, 43.130525465520996 ], [ 141.208869312703371, 43.130600350707113 ], [ 141.208967591642818, 43.130795423121391 ], [ 141.209079272652247, 43.130987452106389 ], [ 141.20910398635948, 43.131014755292746 ], [ 141.209218114121256, 43.131140837541182 ], [ 141.209326877094924, 43.131238950898513 ], [ 141.209412384492083, 43.131289461957302 ], [ 141.209490971826995, 43.131335882558133 ], [ 141.209686751444139, 43.131387877635824 ], [ 141.210030884949447, 43.131423358914361 ], [ 141.210424039956365, 43.131433405030158 ], [ 141.210779465475014, 43.131459915415256 ], [ 141.211812172287154, 43.131588292596724 ], [ 141.21196023315332, 43.131186442422695 ], [ 141.211961123979506, 43.130793736619921 ], [ 141.211790542790681, 43.130648645417587 ], [ 141.21152441822403, 43.130367587610579 ], [ 141.211308614034408, 43.130171379010598 ] ] ] ] } },
{ "type": "Feature", "properties": { "KEY_CODE": "01109340301", "S_NAME": "稲穂三条一丁目", "n_candidates": 36, "n_panel": 0, "detached_households": 24.0, "rate": 0.0, "fill": "#ffffcc", "fill-opacity": 0.7, "stroke": "#555555" }, "geometry": { "type": "MultiPolygon", "coordinates": [ [ [ [ 141.234386196417347, 43.120433078905613 ], [ 141.234542273194847, 43.119837302362725 ], [ 141.234378634771133, 43.11986883546794 ], [ 141.234153136236984, 43.119908046794961 ], [ 141.233925501926365, 43.119908066727618 ], [ 141.233751832401964, 43.119901812099208 ], [ 141.233392104181661, 43.119866264786481 ], [ 141.233061334325299, 43.11980973344685 ], [ 141.232741521705549, 43.119769826946879 ], [ 141.232552359392344, 43.119748381552 ], [ 141.23246659472133, 43.119738616552446 ], [ 141.232235774372214, 43.119757098653253 ], [ 141.231937059999154, 43.119799732256517 ], [ 141.231520093939793, 43.119857839159494 ], [ 141.231577131711958, 43.120146624827449 ], [ 141.231590232046358, 43.120172904286648 ], [ 141.231653318861362, 43.120299634521402 ], [ 141.23175058823594, 43.120484129205991 ], [ 141.231805966470318, 43.120589340485459 ], [ 141.231964580070837, 43.12087262965656 ], [ 141.231967003258745, 43.120876943470918 ], [ 141.232015954375811, 43.120976259614203 ], [ 141.232065041749223, 43.121067279814085 ], [ 141.232088894026248, 43.121180441032664 ], [ 141.232091118591626, 43.121191078810895 ], [ 141.232089070649522, 43.121314558277668 ], [ 141.232033289517034, 43.121627095281937 ], [ 141.232348403268361, 43.12160929361653 ], [ 141.232832455886353, 43.121576535026655 ], [ 141.233157241712888, 43.121537014336766 ], [ 141.233305685177726, 43.121518923581093 ], [ 141.233547059214317, 43.121507074013856 ], [ 141.233800829748418, 43.121494559360052 ], [ 141.234141659465394, 43.121454332382847 ], [ 141.234198950739511, 43.121218044614984 ], [ 141.234386196417347, 43.120433078905613 ] ] ] ] } },
{ "type": "Feature", "properties": { "KEY_CODE": "01109340302", "S_NAME": "稲穂三条二丁目", "n_candidates": 109, "n_panel": 4, "detached_households": 80.0, "rate": 0.05, "fill": "#7fcdbb", "fill-opacity": 0.7, "stroke": "#555555" }, "geometry": { "type": "MultiPolygon", "coordinates": [ [ [ [ 141.231653318861362, 43.120299634521402 ], [ 141.231590232046358, 43.120172904286648 ], [ 141.231577131711958, 43.120146624827449 ], [ 141.231520093939793, 43.119857839159494 ], [ 141.230570845224491, 43.120015217875469 ], [ 141.230094035813266, 43.120086570597188 ], [ 141.230013284317096, 43.120098650710609 ], [ 141.229805966348493, 43.120129715769593 ], [ 141.229603611742732, 43.12016834971238 ], [ 141.229372841260016, 43.120212496690932 ], [ 141.22919505949821, 43.12022828137065 ], [ 141.229181630875502, 43.120227528017075 ], [ 141.228816844237343, 43.120207534139425 ], [ 141.228132025736983, 43.120132144366764 ], [ 141.228122036535694, 43.120132406217536 ], [ 141.228007737579901, 43.120135323418353 ], [ 141.227833980112706, 43.120186165600614 ], [ 141.22714589191915, 43.120387624535262 ], [ 141.227510531328505, 43.120790984341227 ], [ 141.227524491577611, 43.120805949026995 ], [ 141.227763999427793, 43.121061695579129 ], [ 141.227887760841952, 43.121193963757392 ], [ 141.228056155266387, 43.12134997988386 ], [ 141.228058235045211, 43.121351897888474 ], [ 141.228319394760234, 43.121616416104963 ], [ 141.228671569071651, 43.1219620612207 ], [ 141.229186725612124, 43.121877905943265 ], [ 141.230626516961735, 43.121738485959725 ], [ 141.230837123683756, 43.121723554215478 ], [ 141.230944398561633, 43.12171600026997 ], [ 141.231138169300976, 43.121697330656943 ], [ 141.231515200613472, 43.12168008282827 ], [ 141.232033289517034, 43.121627095281937 ], [ 141.232089070649522, 43.121314558277668 ], [ 141.232091118591626, 43.121191078810895 ], [ 141.232088894026248, 43.121180441032671 ], [ 141.232065041749223, 43.121067279814085 ], [ 141.232015954375811, 43.120976259614203 ], [ 141.231967003258745, 43.120876943470918 ], [ 141.231964580070894, 43.12087262965656 ], [ 141.231805966470318, 43.120589340485438 ], [ 141.23175058823594, 43.120484129205991 ], [ 141.231653318861362, 43.120299634521402 ] ] ] ] } },
{ "type": "Feature", "properties": { "KEY_CODE": "01109340303", "S_NAME": "稲穂三条三丁目", "n_candidates": 66, "n_panel": 0, "detached_households": 50.0, "rate": 0.0, "fill": "#ffffcc", "fill-opacity": 0.7, "stroke": "#555555" }, "geometry": { "type": "MultiPolygon", "coordinates": [ [ [ [ 141.227510531328505, 43.120790984341227 ], [ 141.22714589191915, 43.120387624535262 ], [ 141.22696490617929, 43.120422788337336 ], [ 141.226540582529708, 43.120541645452889 ], [ 141.22645492658782, 43.120565634656394 ], [ 141.225990377253282, 43.120695733409896 ], [ 141.225771165838609, 43.120777533138721 ], [ 141.225401143957896, 43.120915719734967 ], [ 141.225260893785503, 43.120971991002051 ], [ 141.225067724778143, 43.121049563220026 ], [ 141.224936607025285, 43.121102219452681 ], [ 141.224585129545318, 43.121250696878064 ], [ 141.224690113347634, 43.121518112501839 ], [ 141.224780854488358, 43.121752910203618 ], [ 141.224819768809652, 43.121900595746034 ], [ 141.224854490580526, 43.121948520508205 ], [ 141.225013698419957, 43.121975967826543 ], [ 141.225202691446214, 43.121990672106797 ], [ 141.225230110339169, 43.122125246475164 ], [ 141.22526924446376, 43.122259853818157 ], [ 141.225290977531387, 43.122372715473354 ], [ 141.225271915516061, 43.122450538545934 ], [ 141.225211333982202, 43.122536640580932 ], [ 141.225109015403206, 43.122644030348539 ], [ 141.224940956989968, 43.122789862677806 ], [ 141.224916237854501, 43.122815522054232 ], [ 141.224874711788203, 43.122858611834793 ], [ 141.22455992171794, 43.123138018018309 ], [ 141.2244758586111, 43.123215823523118 ], [ 141.224461486292938, 43.123271394880923 ], [ 141.224487271644506, 43.123337099778851 ], [ 141.224608765083417, 43.123478565420662 ], [ 141.224910630352269, 43.123363681931032 ], [ 141.225260349106208, 43.123211953337361 ], [ 141.225297004465375, 43.123196034743252 ], [ 141.225883971366528, 43.122946351564195 ], [ 141.226665324075583, 43.122612392432941 ], [ 141.226742371551182, 43.122580940488746 ], [ 141.226817388574943, 43.122550245041396 ], [ 141.227755960287766, 43.122218458470996 ], [ 141.228063568421419, 43.12210973644482 ], [ 141.228323768956386, 43.122045670767591 ], [ 141.228671569071651, 43.1219620612207 ], [ 141.228319394760234, 43.121616416104963 ], [ 141.228058235045211, 43.121351897888474 ], [ 141.228056155266387, 43.12134997988386 ], [ 141.227887760841952, 43.121193963757392 ], [ 141.227763999427793, 43.121061695579129 ], [ 141.227524491577611, 43.120805949026995 ], [ 141.227510531328505, 43.120790984341227 ] ] ] ] } },
{ "type": "Feature", "properties": { "KEY_CODE": "01109340304", "S_NAME": "稲穂三条四丁目", "n_candidates": 45, "n_panel": 1, "detached_households": 41.0, "rate": 0.024390243902439025, "fill": "#c7e9b4", "fill-opacity": 0.7, "stroke": "#555555" }, "geometry": { "type": "MultiPolygon", "coordinates": [ [ [ [ 141.224690113347634, 43.121518112501811 ], [ 141.224585129545346, 43.121250696878064 ], [ 141.224189790571899, 43.121438445711298 ], [ 141.224160557223058, 43.121452739895673 ], [ 141.2241232080911, 43.12146998870697 ], [ 141.223710688747929, 43.121726010914436 ], [ 141.223590464841863, 43.121841888530142 ], [ 141.223306243307661, 43.122101873621268 ], [ 141.223068696308331, 43.122320642814245 ], [ 141.222763964337787, 43.122463487322982 ], [ 141.222421778778482, 43.122618159986644 ], [ 141.222386569143652, 43.122633737904785 ], [ 141.220980308644386, 43.123255949066973 ], [ 141.221301682674721, 43.123575320002004 ], [ 141.22181986019109, 43.124131495456737 ], [ 141.222182891607986, 43.124521073029086 ], [ 141.222718860126861, 43.124296898562726 ], [ 141.223060907685067, 43.124145248568844 ], [ 141.223542516874289, 43.123938656515087 ], [ 141.223836800298358, 43.123812455293653 ], [ 141.224608765083417, 43.12347856542069 ], [ 141.224487271644477, 43.123337099778865 ], [ 141.22446148629291, 43.123271394880938 ], [ 141.2244758586111, 43.123215823523118 ], [ 141.224559921717912, 43.123138018018331 ], [ 141.224874711788203, 43.122858611834793 ], [ 141.224916237854501, 43.122815522054189 ], [ 141.224940956989968, 43.122789862677806 ], [ 141.225109015403206, 43.122644030348532 ], [ 141.225211333982202, 43.122536640580932 ], [ 141.225271915516032, 43.122450538545905 ], [ 141.225290977531387, 43.12237271547334 ], [ 141.22526924446376, 43.122259853818157 ], [ 141.225230110339169, 43.122125246475157 ], [ 141.22520269144627, 43.121990672106776 ], [ 141.225013698419957, 43.121975967826543 ], [ 141.224854490580526, 43.121948520508205 ], [ 141.224819768809652, 43.121900595746034 ], [ 141.224780854488358, 43.121752910203618 ], [ 141.224690113347634, 43.121518112501811 ] ] ] ] } },
{ "type": "Feature", "properties": { "KEY_CODE": "01109340305", "S_NAME": "稲穂三条五丁目", "n_candidates": 108, "n_panel": 2, "detached_households": 91.0, "rate": 0.02197802197802198, "fill": "#c7e9b4", "fill-opacity": 0.7, "stroke": "#555555" }, "geometry": { "type": "MultiPolygon", "coordinates": [ [ [ [ 141.221301682674721, 43.123575320002004 ], [ 141.220980308644386, 43.123255949066973 ], [ 141.219867265719046, 43.123745607910308 ], [ 141.219370424313865, 43.123966743293998 ], [ 141.218789708888153, 43.124225096825683 ], [ 141.2182688891032, 43.124455646239632 ], [ 141.217963592082384, 43.124590805171714 ], [ 141.218591682745796, 43.125164025174577 ], [ 141.219240269459249, 43.125758103973936 ], [ 141.21974910355496, 43.125544250557425 ], [ 141.220141192463615, 43.125380963800239 ], [ 141.220562379013529, 43.125205771490556 ], [ 141.220860409944123, 43.125085802105403 ], [ 141.220989655486164, 43.125033797271456 ], [ 141.222008234189133, 43.124607343660138 ], [ 141.222182891607986, 43.124521073029086 ], [ 141.22181986019109, 43.124131495456737 ], [ 141.221301682674721, 43.123575320002004 ] ] ] ] } },
{ "type": "Feature", "properties": { "KEY_CODE": "01109340306", "S_NAME": "稲穂三条六丁目", "n_candidates": 60, "n_panel": 0, "detached_households": 44.0, "rate": 0.0, "fill": "#ffffcc", "fill-opacity": 0.7, "stroke": "#555555" }, "geometry": { "type": "MultiPolygon", "coordinates": [ [ [ [ 141.218591682745796, 43.125164025174577 ], [ 141.217963592082384, 43.124590805171735 ], [ 141.217405350448701, 43.12485948207361 ], [ 141.217190486958287, 43.124960924534243 ], [ 141.217130577514666, 43.12498921740373 ], [ 141.216765289074402, 43.125168489803464 ], [ 141.216722122003148, 43.125188917249652 ], [ 141.216376402810397, 43.125352118506022 ], [ 141.216103167454236, 43.125498533218398 ], [ 141.215336713979525, 43.125877068742462 ], [ 141.215258093702744, 43.125915812939574 ], [ 141.214959582763811, 43.126063260473444 ], [ 141.214882243334017, 43.126101449175145 ], [ 141.214644031549909, 43.126219064329263 ], [ 141.214432351669359, 43.126324751400141 ], [ 141.214410952814404, 43.126335387059775 ], [ 141.214070674768038, 43.12650524263595 ], [ 141.214063315037095, 43.126508902810492 ], [ 141.214041044115675, 43.126519953570835 ], [ 141.213620694111796, 43.126729098360038 ], [ 141.213806162278871, 43.126918839804169 ], [ 141.213620312649851, 43.127007175744289 ], [ 141.214170457173338, 43.12715760097521 ], [ 141.214781890206069, 43.127789838385056 ], [ 141.215030510731651, 43.127668943390972 ], [ 141.215421252501528, 43.127478935972597 ], [ 141.215560804637022, 43.127408533445276 ], [ 141.215877676426828, 43.127248731340153 ], [ 141.216183594200317, 43.1271178041521 ], [ 141.216874829238094, 43.126821849576089 ], [ 141.217481601250569, 43.126552066663734 ], [ 141.217612979631383, 43.126493614589279 ], [ 141.218305597682587, 43.126160179496623 ], [ 141.218420457907087, 43.12611318165289 ], [ 141.219117115213351, 43.125813115974744 ], [ 141.219240269459192, 43.125758103973936 ], [ 141.218591682745796, 43.125164025174577 ] ] ] ] } },
{ "type": "Feature", "properties": { "KEY_CODE": "01109340307", "S_NAME": "稲穂三条七丁目", "n_candidates": 49, "n_panel": 3, "detached_households": 40.0, "rate": 0.075, "fill": "#7fcdbb", "fill-opacity": 0.7, "stroke": "#555555" }, "geometry": { "type": "MultiPolygon", "coordinates": [ [ [ [ 141.213806162278871, 43.126918839804169 ], [ 141.213620694111796, 43.126729098360038 ], [ 141.213189721994553, 43.126941521634677 ], [ 141.213022501662834, 43.127024048191238 ], [ 141.212775378250342, 43.127147132306433 ], [ 141.212749425860608, 43.127160117706509 ], [ 141.212582771590917, 43.127243140525245 ], [ 141.212332661269073, 43.127349669551343 ], [ 141.212086225237812, 43.127454683068791 ], [ 141.21142227312896, 43.12771962916257 ], [ 141.211024904812518, 43.12786342723583 ], [ 141.211348525663055, 43.128263865939033 ], [ 141.21210129842197, 43.129150444628053 ], [ 141.212926776619128, 43.128720772944803 ], [ 141.213080440547088, 43.128645296493559 ], [ 141.213096707578529, 43.128637285639563 ], [ 141.21330866659045, 43.128538427797082 ], [ 141.214439832319329, 43.127962350173398 ], [ 141.214526129061881, 43.127918402677132 ], [ 141.214781890206069, 43.127789838385056 ], [ 141.214170457173338, 43.12715760097521 ], [ 141.213620312649851, 43.127007175744289 ], [ 141.213806162278871, 43.126918839804169 ] ] ] ] } },
{ "type": "Feature", "properties": { "KEY_CODE": "01109340401", "S_NAME": "稲穂四条一丁目", "n_candidates": 0, "n_panel": 0, "detached_households": 0.0, "rate": null, "fill": "#cccccc", "fill-opacity": 0.7, "stroke": "#555555" }, "geometry": { "type": "MultiPolygon", "coordinates": [ [ [ [ 141.233925501926308, 43.119908066727618 ], [ 141.232249812088781, 43.117891685550489 ], [ 141.231859343482995, 43.118089561533232 ], [ 141.231538395896564, 43.118275540391608 ], [ 141.231341117207592, 43.118389822267915 ], [ 141.231347082875089, 43.118764938682745 ], [ 141.231397523466541, 43.11911548392581 ], [ 141.231447735303846, 43.119474185387631 ], [ 141.231520093939793, 43.119857839159494 ], [ 141.231937059999154, 43.119799732256517 ], [ 141.232235774372214, 43.119757098653253 ], [ 141.23246659472133, 43.119738616552446 ], [ 141.232552359392344, 43.119748381552 ], [ 141.232741521705549, 43.119769826946879 ], [ 141.233061334325299, 43.11980973344685 ], [ 141.233392104181661, 43.119866264786481 ], [ 141.233751832401964, 43.119901812099208 ], [ 141.233925501926308, 43.119908066727618 ] ] ] ] } },
{ "type": "Feature", "properties": { "KEY_CODE": "01109340402", "S_NAME": "稲穂四条二丁目", "n_candidates": 166, "n_panel": 4, "detached_households": 152.0, "rate": 0.026315789473684209, "fill": "#c7e9b4", "fill-opacity": 0.7, "stroke": "#555555" }, "geometry": { "type": "MultiPolygon", "coordinates": [ [ [ [ 141.228122036535694, 43.120132406217536 ], [ 141.228132025736983, 43.120132144366721 ], [ 141.2288168442374, 43.120207534139453 ], [ 141.22918163087553, 43.120227528017075 ], [ 141.22919505949821, 43.12022828137065 ], [ 141.229372841260016, 43.120212496690932 ], [ 141.22960361174276, 43.12016834971238 ], [ 141.229805966348493, 43.120129715769593 ], [ 141.230013284317096, 43.120098650710609 ], [ 141.230094035813266, 43.120086570597188 ], [ 141.23057084522452, 43.120015217875469 ], [ 141.231520093939793, 43.119857839159494 ], [ 141.231447735303902, 43.119474185387617 ], [ 141.231397523466541, 43.119115483925789 ], [ 141.231347082875089, 43.118764938682695 ], [ 141.231341117207592, 43.118389822267915 ], [ 141.23132750396789, 43.118313464762196 ], [ 141.230901384141504, 43.117634302814643 ], [ 141.23088005903864, 43.117600355051934 ], [ 141.230065999450147, 43.117574039976084 ], [ 141.229198988875936, 43.117862600887108 ], [ 141.228958302831529, 43.117931976346952 ], [ 141.22870557210689, 43.11800982440478 ], [ 141.228241054746604, 43.118133674619038 ], [ 141.228170948345223, 43.118152388183496 ], [ 141.227666223934222, 43.118269195647258 ], [ 141.227653599523393, 43.118272106394784 ], [ 141.227304046704006, 43.118352602908459 ], [ 141.226823534865588, 43.118439310933503 ], [ 141.226372225466832, 43.118547939515352 ], [ 141.22624478566118, 43.118561919629208 ], [ 141.226292306907737, 43.118855404526023 ], [ 141.226362805192821, 43.119290876973487 ], [ 141.226412612171828, 43.119459057037723 ], [ 141.226457961785883, 43.119612356751368 ], [ 141.226623551907409, 43.119964848603857 ], [ 141.22696490617929, 43.120422788337336 ], [ 141.22714589191915, 43.120387624535262 ], [ 141.227833980112706, 43.120186165600614 ], [ 141.228007737579901, 43.120135323418353 ], [ 141.228122036535694, 43.120132406217536 ] ] ] ] } },
{ "type": "Feature", "properties": { "KEY_CODE": "01109340403", "S_NAME": "稲穂四条三丁目", "n_candidates": 88, "n_panel": 1, "detached_households": 73.0, "rate": 0.013698630136986301, "fill": "#ffffcc", "fill-opacity": 0.7, "stroke": "#555555" }, "geometry": { "type": "MultiPolygon", "coordinates": [ [ [ [ 141.226292306907794, 43.118855404526016 ], [ 141.226244785661237, 43.118561919629208 ], [ 141.226069753959621, 43.118597204588475 ], [ 141.225538757986527, 43.118694285903302 ], [ 141.224610421188373, 43.118852787707162 ], [ 141.223688713990612, 43.119045098502561 ], [ 141.223654801298949, 43.119052178357073 ], [ 141.223405501813005, 43.119119286119535 ], [ 141.222626932695789, 43.119328907741938 ], [ 141.222855600598223, 43.119530764654982 ], [ 141.22319657464493, 43.119831667130903 ], [ 141.223527758412075, 43.120121089161913 ], [ 141.224062854873466, 43.120652440153343 ], [ 141.224464193454168, 43.121059021029922 ], [ 141.224585129545318, 43.121250696878064 ], [ 141.224936607025285, 43.121102219452681 ], [ 141.225067724778143, 43.121049563220026 ], [ 141.225260893785503, 43.120971991002051 ], [ 141.225401143957839, 43.120915719734967 ], [ 141.22577116583858, 43.120777533138721 ], [ 141.225990377253282, 43.120695733409896 ], [ 141.22645492658782, 43.120565634656394 ], [ 141.226540582529708, 43.120541645452889 ], [ 141.22696490617929, 43.120422788337336 ], [ 141.226623551907409, 43.119964848603857 ], [ 141.226457961785883, 43.119612356751368 ], [ 141.226412612171828, 43.119459057037723 ], [ 141.226362805192821, 43.119290876973487 ], [ 141.226292306907794, 43.118855404526016 ] ] ] ] } },
{ "type": "Feature", "properties": { "KEY_CODE": "01109340404", "S_NAME": "稲穂四条四丁目", "n_candidates": 284, "n_panel": 2, "detached_households": 276.0, "rate": 0.007246376811594203, "fill": "#ffffcc", "fill-opacity": 0.7, "stroke": "#555555" }, "geometry": { "type": "MultiPolygon", "coordinates": [ [ [ [ 141.222855600598223, 43.119530764654982 ], [ 141.222626932695789, 43.119328907741938 ], [ 141.221933072386264, 43.119536261641684 ], [ 141.221408504726099, 43.119701459471194 ], [ 141.221387045334126, 43.119710197123709 ], [ 141.220674591682524, 43.120001203484058 ], [ 141.220282484740352, 43.120173633046932 ], [ 141.220069314320568, 43.120290005540724 ], [ 141.219699779744673, 43.12046720957057 ], [ 141.218764796331982, 43.120904660224937 ], [ 141.218783383665055, 43.120924027640086 ], [ 141.21936759824726, 43.12152955064132 ], [ 141.219538212399073, 43.121706418683438 ], [ 141.219868272064133, 43.122027912019767 ], [ 141.220160839268459, 43.122358208692098 ], [ 141.220366053276848, 43.122601917399791 ], [ 141.220420744426434, 43.122666901887172 ], [ 141.220495371645455, 43.122745427236445 ], [ 141.220707741771605, 43.12296908575734 ], [ 141.220747554685147, 43.123011008437139 ], [ 141.220980308644386, 43.123255949066973 ], [ 141.222386569143652, 43.122633737904785 ], [ 141.222421778778482, 43.122618159986644 ], [ 141.222763964337787, 43.122463487322982 ], [ 141.223068696308331, 43.122320642814245 ], [ 141.223306243307661, 43.122101873621268 ], [ 141.223590464841863, 43.121841888530142 ], [ 141.223710688747929, 43.121726010914436 ], [ 141.2241232080911, 43.121469988706984 ], [ 141.224160557223058, 43.121452739895673 ], [ 141.224189790571899, 43.121438445711298 ], [ 141.224585129545318, 43.121250696878064 ], [ 141.224464193454168, 43.121059021029922 ], [ 141.224062854873466, 43.120652440153343 ], [ 141.223527758412075, 43.120121089161913 ], [ 141.22319657464493, 43.119831667130903 ], [ 141.222855600598223, 43.119530764654982 ] ] ] ] } },
{ "type": "Feature", "properties": { "KEY_CODE": "01109340405", "S_NAME": "稲穂四条五丁目", "n_candidates": 170, "n_panel": 5, "detached_households": 165.0, "rate": 0.030303030303030304, "fill": "#c7e9b4", "fill-opacity": 0.7, "stroke": "#555555" }, "geometry": { "type": "MultiPolygon", "coordinates": [ [ [ [ 141.21936759824726, 43.12152955064132 ], [ 141.218783383665055, 43.120924027640086 ], [ 141.218259297722142, 43.121196392160748 ], [ 141.218025988148696, 43.121317666447986 ], [ 141.217984808190863, 43.12133907232954 ], [ 141.217155902290273, 43.121769873009434 ], [ 141.215683014722686, 43.122543742673749 ], [ 141.216039895575307, 43.122864803732391 ], [ 141.216163937570826, 43.12297639554005 ], [ 141.216228534910726, 43.123034507514014 ], [ 141.216392836328851, 43.123181151661086 ], [ 141.21671896162465, 43.123490522053899 ], [ 141.216860302390302, 43.123615367580697 ], [ 141.216952543452578, 43.123696797853484 ], [ 141.217122267275101, 43.123846654118246 ], [ 141.217145920432074, 43.123867403801924 ], [ 141.217547925713575, 43.124221201662309 ], [ 141.217669874614671, 43.124329637143575 ], [ 141.217963592082384, 43.124590805171714 ], [ 141.2182688891032, 43.124455646239632 ], [ 141.218789708888153, 43.124225096825683 ], [ 141.219370424313865, 43.123966743293998 ], [ 141.219867265719046, 43.123745607910308 ], [ 141.220980308644386, 43.123255949066973 ], [ 141.220747554685175, 43.123011008437139 ], [ 141.220707741771605, 43.122969085757305 ], [ 141.220495371645455, 43.122745427236445 ], [ 141.220420744426434, 43.122666901887172 ], [ 141.220366053276848, 43.122601917399791 ], [ 141.220160839268459, 43.122358208692098 ], [ 141.219868272064133, 43.122027912019767 ], [ 141.219538212399073, 43.121706418683438 ], [ 141.21936759824726, 43.12152955064132 ] ] ] ] } },
{ "type": "Feature", "properties": { "KEY_CODE": "01109340406", "S_NAME": "稲穂四条六丁目", "n_candidates": 284, "n_panel": 12, "detached_households": 277.0, "rate": 0.043321299638989168, "fill": "#c7e9b4", "fill-opacity": 0.7, "stroke": "#555555" }, "geometry": { "type": "MultiPolygon", "coordinates": [ [ [ [ 141.216039895575307, 43.122864803732391 ], [ 141.215683014722629, 43.122543742673749 ], [ 141.214615941910381, 43.123072587655976 ], [ 141.214119489950463, 43.123292509166085 ], [ 141.213158145051153, 43.123716455088918 ], [ 141.213133575038938, 43.123727273272877 ], [ 141.212729190515375, 43.123879031372041 ], [ 141.212408485066874, 43.123999336581669 ], [ 141.212403716626369, 43.124229971446006 ], [ 141.212493837776435, 43.124396623984431 ], [ 141.212125716927034, 43.124555460729304 ], [ 141.212206440549522, 43.124641994102625 ], [ 141.212438077319632, 43.124922739148452 ], [ 141.212265198648112, 43.125005142859564 ], [ 141.212655003081295, 43.125477210073534 ], [ 141.213050124961654, 43.125992858596234 ], [ 141.213307622978078, 43.126328973913175 ], [ 141.213620694111796, 43.126729098360038 ], [ 141.214041044115675, 43.126519953570835 ], [ 141.214063315037095, 43.126508902810492 ], [ 141.214070674768038, 43.12650524263595 ], [ 141.214410952814404, 43.126335387059775 ], [ 141.214432351669359, 43.126324751400141 ], [ 141.214644031549909, 43.126219064329263 ], [ 141.214882243334017, 43.126101449175145 ], [ 141.214959582763811, 43.126063260473444 ], [ 141.215258093702744, 43.125915812939574 ], [ 141.215336713979525, 43.125877068742462 ], [ 141.216103167454236, 43.125498533218398 ], [ 141.216376402810397, 43.125352118506022 ], [ 141.216722122003148, 43.125188917249652 ], [ 141.216765289074402, 43.125168489803464 ], [ 141.217130577514695, 43.12498921740373 ], [ 141.217190486958287, 43.124960924534214 ], [ 141.217405350448729, 43.124859482073582 ], [ 141.217963592082384, 43.124590805171714 ], [ 141.217669874614671, 43.124329637143575 ], [ 141.217547925713575, 43.124221201662309 ], [ 141.217145920432074, 43.123867403801924 ], [ 141.217122267275101, 43.123846654118246 ], [ 141.216952543452578, 43.123696797853484 ], [ 141.216860302390302, 43.123615367580697 ], [ 141.21671896162465, 43.123490522053899 ], [ 141.216392836328851, 43.123181151661086 ], [ 141.216228534910698, 43.123034507514014 ], [ 141.216163937570826, 43.122976395540078 ], [ 141.216039895575307, 43.122864803732391 ] ] ] ] } },
{ "type": "Feature", "properties": { "KEY_CODE": "01109340407", "S_NAME": "稲穂四条七丁目", "n_candidates": 132, "n_panel": 1, "detached_households": 120.0, "rate": 0.0083333333333333332, "fill": "#ffffcc", "fill-opacity": 0.7, "stroke": "#555555" }, "geometry": { "type": "MultiPolygon", "coordinates": [ [ [ [ 141.212403716626369, 43.124229971446006 ], [ 141.212408485066874, 43.123999336581669 ], [ 141.212218976461514, 43.124060349416872 ], [ 141.21158859088456, 43.1242562572873 ], [ 141.211586467362878, 43.124256940917356 ], [ 141.211051984255562, 43.124408143680235 ], [ 141.210417511138928, 43.124589800740928 ], [ 141.209838415308099, 43.124738693313233 ], [ 141.209706021847268, 43.125309261785858 ], [ 141.209703349290294, 43.125466702970257 ], [ 141.209766257740569, 43.125601462685779 ], [ 141.209783252245444, 43.125646698054041 ], [ 141.209808427670055, 43.125713458126356 ], [ 141.20989116989216, 43.125980827237846 ], [ 141.209948074225736, 43.126129879256432 ], [ 141.209823663126542, 43.126218768054009 ], [ 141.209776626915357, 43.126274603036919 ], [ 141.209882091887096, 43.126419525584112 ], [ 141.209971539491931, 43.126557691766045 ], [ 141.210404204551793, 43.127072424324226 ], [ 141.210736948776827, 43.12750614382341 ], [ 141.211024904812518, 43.12786342723583 ], [ 141.21142227312896, 43.12771962916257 ], [ 141.21208622523784, 43.127454683068798 ], [ 141.212332661269073, 43.127349669551343 ], [ 141.212582771590917, 43.127243140525245 ], [ 141.212749425860636, 43.127160117706509 ], [ 141.212775378250342, 43.127147132306433 ], [ 141.213022501662834, 43.127024048191238 ], [ 141.213189721994553, 43.126941521634677 ], [ 141.213620694111796, 43.126729098360038 ], [ 141.213307622978078, 43.126328973913175 ], [ 141.213050124961711, 43.125992858596227 ], [ 141.212655003081295, 43.125477210073534 ], [ 141.212265198648112, 43.125005142859564 ], [ 141.212438077319632, 43.124922739148452 ], [ 141.212206440549579, 43.12464199410261 ], [ 141.212125716927034, 43.124555460729304 ], [ 141.212493837776435, 43.124396623984431 ], [ 141.212403716626369, 43.124229971446006 ] ] ] ] } },
{ "type": "Feature", "properties": { "KEY_CODE": "01109340502", "S_NAME": "稲穂五条二丁目", "n_candidates": 36, "n_panel": 0, "detached_households": 35.0, "rate": 0.0, "fill": "#ffffcc", "fill-opacity": 0.7, "stroke": "#555555" }, "geometry": { "type": "MultiPolygon", "coordinates": [ [ [ [ 141.229198988875936, 43.117862600887108 ], [ 141.230065999450147, 43.117574039976084 ], [ 141.228669132391474, 43.117534428277658 ], [ 141.227847275280567, 43.116921697530152 ], [ 141.227520289535619, 43.116138338579127 ], [ 141.225977384612719, 43.11651036013599 ], [ 141.225812865794893, 43.1164568433406 ], [ 141.22571074460194, 43.116558890103917 ], [ 141.225504036946347, 43.116519552545611 ], [ 141.225476817455757, 43.116792676396109 ], [ 141.225426232473382, 43.117349718853632 ], [ 141.225389273666138, 43.117757646378386 ], [ 141.225625052299335, 43.117654616256665 ], [ 141.225598852828455, 43.117947230263944 ], [ 141.225538757986527, 43.118694285903302 ], [ 141.226069753959621, 43.118597204588475 ], [ 141.226244785661237, 43.118561919629208 ], [ 141.226372225466861, 43.118547939515324 ], [ 141.226823534865645, 43.118439310933503 ], [ 141.227304046704035, 43.118352602908459 ], [ 141.227653599523393, 43.118272106394784 ], [ 141.227666223934222, 43.118269195647258 ], [ 141.228170948345223, 43.118152388183496 ], [ 141.228241054746604, 43.118133674619038 ], [ 141.22870557210689, 43.11800982440478 ], [ 141.228958302831529, 43.117931976346952 ], [ 141.229198988875936, 43.117862600887108 ] ] ] ] } },
{ "type": "Feature", "properties": { "KEY_CODE": "01109340503", "S_NAME": "稲穂五条三丁目", "n_candidates": 56, "n_panel": 2, "detached_households": 55.0, "rate": 0.036363636363636362, "fill": "#c7e9b4", "fill-opacity": 0.7, "stroke": "#555555" }, "geometry": { "type": "MultiPolygon", "coordinates": [ [ [ [ 141.225538757986499, 43.118694285903288 ], [ 141.225598852828455, 43.117947230263944 ], [ 141.225625052299335, 43.117654616256665 ], [ 141.225389273666138, 43.117757646378386 ], [ 141.225426232473382, 43.117349718853632 ], [ 141.225476817455757, 43.116792676396109 ], [ 141.225504036946347, 43.116519552545611 ], [ 141.225427185888918, 43.116505221507396 ], [ 141.224606779641249, 43.116796483780256 ], [ 141.224535989629658, 43.116821660880468 ], [ 141.224053656786964, 43.117316176517278 ], [ 141.222523158396228, 43.118119166726828 ], [ 141.22150364460461, 43.117182718503756 ], [ 141.220684924246541, 43.117686639569797 ], [ 141.221378736627855, 43.118282170748088 ], [ 141.221746141383875, 43.118597380807046 ], [ 141.222079253378865, 43.118874024330928 ], [ 141.222626932695789, 43.119328907741938 ], [ 141.223405501813005, 43.119119286119535 ], [ 141.223654801298949, 43.119052178357073 ], [ 141.223688713990612, 43.119045098502561 ], [ 141.224610421188373, 43.118852787707162 ], [ 141.225538757986499, 43.118694285903288 ] ] ] ] } },
{ "type": "Feature", "properties": { "KEY_CODE": "01109340504", "S_NAME": "稲穂五条四丁目", "n_candidates": 0, "n_panel": 0, "detached_households": 0.0, "rate": null, "fill": "#cccccc", "fill-opacity": 0.7, "stroke": "#555555" }, "geometry": { "type": "MultiPolygon", "coordinates": [ [ [ [ 141.221387045334126, 43.119710197123709 ], [ 141.221408504726099, 43.11970145947118 ], [ 141.221933072386264, 43.11953626164167 ], [ 141.222626932695874, 43.119328907741938 ], [ 141.222079253378865, 43.118874024330928 ], [ 141.221746141383932, 43.118597380807046 ], [ 141.220805185095486, 43.119215824609945 ], [ 141.220304899482812, 43.119570415089015 ], [ 141.219850462033975, 43.119904251100785 ], [ 141.219758034581105, 43.120011231186396 ], [ 141.219716649430893, 43.120114521393624 ], [ 141.219625290382936, 43.120163489909302 ], [ 141.219294782004965, 43.120280772846002 ], [ 141.218895848267294, 43.120430560696008 ], [ 141.218616520276413, 43.120535853615536 ], [ 141.218496981032445, 43.1205762698239 ], [ 141.218470590694949, 43.120598395601519 ], [ 141.218764796331953, 43.120904660224937 ], [ 141.219699779744616, 43.12046720957057 ], [ 141.220069314320597, 43.120290005540703 ], [ 141.220282484740352, 43.120173633046932 ], [ 141.220674591682524, 43.120001203484058 ], [ 141.221387045334126, 43.119710197123709 ] ] ] ] } },
{ "type": "Feature", "properties": { "KEY_CODE": "01109340505", "S_NAME": "稲穂五条五丁目", "n_candidates": 0, "n_panel": 0, "detached_households": 0.0, "rate": null, "fill": "#cccccc", "fill-opacity": 0.7, "stroke": "#555555" }, "geometry": { "type": "MultiPolygon", "coordinates": [ [ [ [ 141.217984808190863, 43.12133907232954 ], [ 141.218025988148696, 43.121317666447936 ], [ 141.218259297722113, 43.121196392160726 ], [ 141.218783383665055, 43.120924027640093 ], [ 141.218764796331982, 43.120904660224937 ], [ 141.218470590694949, 43.120598395601519 ], [ 141.218413037632018, 43.120646685323152 ], [ 141.217155902290273, 43.121769873009434 ], [ 141.217984808190863, 43.12133907232954 ] ] ] ] } },
{ "type": "Feature", "properties": { "KEY_CODE": "01109340506", "S_NAME": "稲穂五条六丁目", "n_candidates": 39, "n_panel": 0, "detached_households": 36.0, "rate": 0.0, "fill": "#ffffcc", "fill-opacity": 0.7, "stroke": "#555555" }, "geometry": { "type": "MultiPolygon", "coordinates": [ [ [ [ 141.215683014722629, 43.122543742673749 ], [ 141.217155902290273, 43.12176987300947 ], [ 141.214309816291234, 43.122074522395287 ], [ 141.212853965118711, 43.122247271091091 ], [ 141.212339849672617, 43.12230829305792 ], [ 141.212040558679405, 43.12234376410558 ], [ 141.21239362914929, 43.123237683007567 ], [ 141.212364318253009, 43.123426460514651 ], [ 141.212380538532443, 43.12363668016792 ], [ 141.212392420810914, 43.12379129965376 ], [ 141.212408485066874, 43.123999336581669 ], [ 141.212729190515375, 43.123879031372041 ], [ 141.213133575038938, 43.123727273272877 ], [ 141.213158145051153, 43.123716455088918 ], [ 141.214119489950463, 43.123292509166085 ], [ 141.214615941910381, 43.123072587655976 ], [ 141.215683014722629, 43.122543742673749 ] ] ] ] } },
{ "type": "Feature", "properties": { "KEY_CODE": "01109340507", "S_NAME": "稲穂五条七丁目", "n_candidates": 59, "n_panel": 3, "detached_households": 58.0, "rate": 0.051724137931034482, "fill": "#7fcdbb", "fill-opacity": 0.7, "stroke": "#555555" }, "geometry": { "type": "MultiPolygon", "coordinates": [ [ [ [ 141.212051397266237, 43.123313975880819 ], [ 141.211499035523673, 43.123291377706487 ], [ 141.211104653142257, 43.123289058722861 ], [ 141.211014040651946, 43.12328767249371 ], [ 141.210569999674561, 43.123280964613386 ], [ 141.210468625984078, 43.123234750457641 ], [ 141.210315318568689, 43.123154095602821 ], [ 141.210140309911139, 43.123090543988077 ], [ 141.209707818154527, 43.123099268373565 ], [ 141.209716973484177, 43.123238672439072 ], [ 141.209722988424915, 43.123280219505602 ], [ 141.209747759440035, 43.123449938917027 ], [ 141.209771798447804, 43.12361753959361 ], [ 141.209814970601968, 43.123919360985681 ], [ 141.209926909681229, 43.124372805355868 ], [ 141.209939485071658, 43.124423836875891 ], [ 141.209910148679768, 43.12442687521682 ], [ 141.209838415308099, 43.124738693313233 ], [ 141.210417511138928, 43.124589800740928 ], [ 141.211051984255562, 43.124408143680235 ], [ 141.211586467362878, 43.124256940917356 ], [ 141.21158859088456, 43.1242562572873 ], [ 141.212218976461514, 43.124060349416872 ], [ 141.212408485066874, 43.123999336581669 ], [ 141.212392420810886, 43.123791299653789 ], [ 141.212380538532443, 43.12363668016792 ], [ 141.212364318253009, 43.123426460514651 ], [ 141.212051397266237, 43.123313975880819 ] ] ] ] } },
{ "type": "Feature", "properties": { "KEY_CODE": "01109350101", "S_NAME": "星置一条一丁目", "n_candidates": 258, "n_panel": 4, "detached_households": 244.0, "rate": 0.016393442622950821, "fill": "#ffffcc", "fill-opacity": 0.7, "stroke": "#555555" }, "geometry": { "type": "MultiPolygon", "coordinates": [ [ [ [ 141.217423501828762, 43.131817035855889 ], [ 141.217302817699078, 43.131627465589183 ], [ 141.216537471489943, 43.132038302226803 ], [ 141.216338954955688, 43.132114010854487 ], [ 141.216098754261679, 43.132195810256803 ], [ 141.215842288576027, 43.132279714219337 ], [ 141.215609609404964, 43.132336755782752 ], [ 141.215347465393904, 43.132409987685179 ], [ 141.215148369025314, 43.132451508291666 ], [ 141.214924816144276, 43.132485632558641 ], [ 141.214900085935682, 43.132488644896846 ], [ 141.214526733624382, 43.132533719697001 ], [ 141.21432093720918, 43.132556823007782 ], [ 141.214030114051099, 43.132588085693158 ], [ 141.213587972372039, 43.132600888530824 ], [ 141.213537394861817, 43.133496485619688 ], [ 141.213517261296857, 43.133954563785103 ], [ 141.21350900107322, 43.134443061415183 ], [ 141.213531670169289, 43.134567678069729 ], [ 141.213614038826307, 43.134847629444764 ], [ 141.213895148923996, 43.135255339445983 ], [ 141.214360942692736, 43.135276226148832 ], [ 141.214634506529421, 43.13527265564106 ], [ 141.214832827199643, 43.135266292423992 ], [ 141.215003680775965, 43.135248639243109 ], [ 141.215490833925173, 43.135113515652144 ], [ 141.21719197423613, 43.134491576244322 ], [ 141.217638250135195, 43.134319574048988 ], [ 141.21909193786891, 43.133739328679198 ], [ 141.219665282639028, 43.133536746216336 ], [ 141.219369561425992, 43.133379287812687 ], [ 141.219077963788294, 43.133227984907762 ], [ 141.218747543966515, 43.133038353749633 ], [ 141.218382520833728, 43.132816550614749 ], [ 141.218059164632876, 43.132549831882564 ], [ 141.217761851165278, 43.132270755733821 ], [ 141.21757738698301, 43.132030889970899 ], [ 141.217423501828762, 43.131817035855889 ] ] ] ] } },
{ "type": "Feature", "properties": { "KEY_CODE": "01109350102", "S_NAME": "星置一条二丁目", "n_candidates": 1, "n_panel": 0, "detached_households": 0.0, "rate": null, "fill": "#cccccc", "fill-opacity": 0.7, "stroke": "#555555" }, "geometry": { "type": "MultiPolygon", "coordinates": [ [ [ [ 141.211608382506569, 43.13238868157628 ], [ 141.210977603097405, 43.132284842410471 ], [ 141.210837032592281, 43.132685984241 ], [ 141.210743104883448, 43.133088747084741 ], [ 141.211507688622703, 43.133208007949115 ], [ 141.212338166844745, 43.13334910196734 ], [ 141.21233287127518, 43.133633462125893 ], [ 141.212308243772242, 43.133874255207743 ], [ 141.212189257496277, 43.135173128058099 ], [ 141.213895148923996, 43.135255339445983 ], [ 141.213614038826307, 43.134847629444764 ], [ 141.213531670169289, 43.134567678069729 ], [ 141.21350900107322, 43.134443061415183 ], [ 141.213517261296857, 43.133954563785103 ], [ 141.213537394861817, 43.133496485619688 ], [ 141.213587972372039, 43.132600888530824 ], [ 141.213288430469447, 43.132585513354364 ], [ 141.212994506817921, 43.132578628871762 ], [ 141.212775686813501, 43.132565532741687 ], [ 141.212407758436626, 43.132505720168794 ], [ 141.211608382506569, 43.13238868157628 ] ] ] ] } },
{ "type": "Feature", "properties": { "KEY_CODE": "01109350103", "S_NAME": "星置一条三丁目", "n_candidates": 18, "n_panel": 0, "detached_households": 11.0, "rate": 0.0, "fill": "#ffffcc", "fill-opacity": 0.7, "stroke": "#555555" }, "geometry": { "type": "MultiPolygon", "coordinates": [ [ [ [ 141.21061227629545, 43.132236018345004 ], [ 141.209631986110992, 43.132079624911526 ], [ 141.209599839083666, 43.132214081564904 ], [ 141.209579022159062, 43.132484236054061 ], [ 141.209554657430033, 43.132658006344606 ], [ 141.209504007676543, 43.133282486215286 ], [ 141.209464923405733, 43.133650019340479 ], [ 141.209430173411135, 43.133999799101645 ], [ 141.209403546407202, 43.134210542713681 ], [ 141.209335447087796, 43.13505365562191 ], [ 141.21106275128335, 43.135135541637894 ], [ 141.211441601895388, 43.135152626747228 ], [ 141.212189257496277, 43.135173128058071 ], [ 141.212308243772242, 43.133874255207743 ], [ 141.21233287127518, 43.133633462125893 ], [ 141.212338166844745, 43.13334910196734 ], [ 141.211507688622703, 43.133208007949115 ], [ 141.210743104883448, 43.133088747084741 ], [ 141.210837032592281, 43.132685984241 ], [ 141.210977603097405, 43.132284842410471 ], [ 141.21061227629545, 43.132236018345004 ] ] ] ] } },
{ "type": "Feature", "properties": { "KEY_CODE": "01109350104", "S_NAME": "星置一条四丁目", "n_candidates": 99, "n_panel": 4, "detached_households": 93.0, "rate": 0.043010752688172046, "fill": "#c7e9b4", "fill-opacity": 0.7, "stroke": "#555555" }, "geometry": { "type": "MultiPolygon", "coordinates": [ [ [ [ 141.209329648570588, 43.135168872027016 ], [ 141.209335447087796, 43.13505365562191 ], [ 141.209403546407202, 43.134210542713681 ], [ 141.209430173411107, 43.133999799101645 ], [ 141.209464923405733, 43.133650019340479 ], [ 141.209504007676543, 43.133282486215286 ], [ 141.209554657430033, 43.132658006344606 ], [ 141.209579022159062, 43.132484236054061 ], [ 141.209599839083722, 43.132214081564882 ], [ 141.209158769643921, 43.132158236221038 ], [ 141.208580575080447, 43.132114150034319 ], [ 141.207964660694159, 43.132081039039285 ], [ 141.207651175350748, 43.13206200501174 ], [ 141.206869355151355, 43.132038701244184 ], [ 141.206312760702275, 43.132023915108803 ], [ 141.205510889688128, 43.132005271157539 ], [ 141.205294499666991, 43.131996754249926 ], [ 141.20527562749578, 43.132281483974943 ], [ 141.205190870386048, 43.133197584299509 ], [ 141.205691503344156, 43.133206024692868 ], [ 141.205997028694497, 43.133213387134191 ], [ 141.206223614993689, 43.133209829072122 ], [ 141.206753309742908, 43.133225915344966 ], [ 141.207263734948384, 43.133234509531057 ], [ 141.20722312033314, 43.134142644686001 ], [ 141.207182009250232, 43.134809055839526 ], [ 141.207183917134472, 43.135080612743721 ], [ 141.207298685100369, 43.135079830249836 ], [ 141.207358231333046, 43.135079389171217 ], [ 141.207360724565433, 43.135079552013003 ], [ 141.207623808895136, 43.135098548136412 ], [ 141.207682048342264, 43.135101541080481 ], [ 141.208161011360716, 43.135125878812545 ], [ 141.208705845707783, 43.135156159935683 ], [ 141.209329648570588, 43.135168872027016 ] ] ] ] } },
{ "type": "Feature", "properties": { "KEY_CODE": "01109350105", "S_NAME": "星置一条五丁目", "n_candidates": 149, "n_panel": 3, "detached_households": 145.0, "rate": 0.020689655172413793, "fill": "#c7e9b4", "fill-opacity": 0.7, "stroke": "#555555" }, "geometry": { "type": "MultiPolygon", "coordinates": [ [ [ [ 141.206753309742908, 43.133225915344966 ], [ 141.206223614993689, 43.133209829072122 ], [ 141.205997028694497, 43.133213387134191 ], [ 141.205691503344156, 43.133206024692882 ], [ 141.205190870386048, 43.133197584299509 ], [ 141.20527562749578, 43.132281483974964 ], [ 141.205294499666991, 43.131996754249926 ], [ 141.204678367691628, 43.131976564030452 ], [ 141.204148463158162, 43.131995842215829 ], [ 141.20362104761054, 43.132038135472889 ], [ 141.203602534622803, 43.132323853970043 ], [ 141.203569526644372, 43.132918461441804 ], [ 141.203565087695864, 43.133167244362816 ], [ 141.2035408909598, 43.133684501026963 ], [ 141.203526919389532, 43.13405282525175 ], [ 141.203498594195423, 43.134361941980352 ], [ 141.203485572228374, 43.134567745232921 ], [ 141.203476099915264, 43.134891873829858 ], [ 141.204025262322915, 43.134944018789923 ], [ 141.204064403537842, 43.134946276248193 ], [ 141.204543877476482, 43.13497429146345 ], [ 141.205076056232116, 43.134997581433723 ], [ 141.205594914504985, 43.1350136446137 ], [ 141.206142504101194, 43.13504558069085 ], [ 141.206645855980213, 43.13505868439411 ], [ 141.207183917134472, 43.135080612743721 ], [ 141.207182009250232, 43.134809055839526 ], [ 141.20722312033314, 43.134142644686001 ], [ 141.207263734948384, 43.133234509531057 ], [ 141.206753309742908, 43.133225915344966 ] ] ] ] } },
{ "type": "Feature", "properties": { "KEY_CODE": "01109350106", "S_NAME": "星置一条六丁目", "n_candidates": 249, "n_panel": 5, "detached_households": 248.0, "rate": 0.020161290322580645, "fill": "#c7e9b4", "fill-opacity": 0.7, "stroke": "#555555" }, "geometry": { "type": "MultiPolygon", "coordinates": [ [ [ [ 141.203602534622803, 43.132323853970043 ], [ 141.203621047610511, 43.132038135472904 ], [ 141.203032599782802, 43.13207804113015 ], [ 141.202483731488286, 43.13212808151625 ], [ 141.201959072025119, 43.132183124076036 ], [ 141.200711447200945, 43.1322939125535 ], [ 141.200650608168559, 43.132650484169986 ], [ 141.200581973386875, 43.133047351790431 ], [ 141.200538564971822, 43.133395361972894 ], [ 141.200463067871226, 43.133761082299451 ], [ 141.200417650501294, 43.134086146247853 ], [ 141.200376860718563, 43.134292397640031 ], [ 141.200323276681672, 43.13462322439716 ], [ 141.200269759054692, 43.134950183645259 ], [ 141.200833039145266, 43.135002121908656 ], [ 141.201629702841274, 43.135074623491896 ], [ 141.201817458131586, 43.135096036780979 ], [ 141.202085912475439, 43.1351210024918 ], [ 141.203458575220907, 43.135243286571857 ], [ 141.203476099915264, 43.134891873829858 ], [ 141.203485572228374, 43.134567745232921 ], [ 141.203498594195423, 43.134361941980352 ], [ 141.20352691938956, 43.134052825251722 ], [ 141.2035408909598, 43.133684501026963 ], [ 141.203565087695864, 43.133167244362816 ], [ 141.203569526644372, 43.132918461441804 ], [ 141.203602534622803, 43.132323853970043 ] ] ] ] } },
{ "type": "Feature", "properties": { "KEY_CODE": "01109350107", "S_NAME": "星置一条七丁目", "n_candidates": 234, "n_panel": 4, "detached_households": 227.0, "rate": 0.017621145374449341, "fill": "#ffffcc", "fill-opacity": 0.7, "stroke": "#555555" }, "geometry": { "type": "MultiPolygon", "coordinates": [ [ [ [ 141.198177030804715, 43.135474735080621 ], [ 141.19829309270591, 43.134760488460813 ], [ 141.198772361556479, 43.134828191426138 ], [ 141.200269759054692, 43.134950183645259 ], [ 141.200323276681672, 43.13462322439716 ], [ 141.200376860718563, 43.134292397640031 ], [ 141.200417650501294, 43.134086146247853 ], [ 141.200463067871226, 43.133761082299451 ], [ 141.200538564971822, 43.133395361972894 ], [ 141.200581973386875, 43.133047351790431 ], [ 141.20065060816853, 43.132650484169979 ], [ 141.200711447200973, 43.1322939125535 ], [ 141.200144333736489, 43.132355027459937 ], [ 141.199611464286448, 43.132395776391128 ], [ 141.199424577161807, 43.132413892139382 ], [ 141.199374526569017, 43.132347956736993 ], [ 141.198591897525915, 43.132427829947495 ], [ 141.197662178554083, 43.132506343639378 ], [ 141.197063893184264, 43.132565116884578 ], [ 141.197049502639999, 43.132950104208525 ], [ 141.197052772712084, 43.133173498510367 ], [ 141.197054373412044, 43.133281538245718 ], [ 141.197032306751737, 43.133923436698119 ], [ 141.197048085274304, 43.134441623654297 ], [ 141.197052958411035, 43.134929468776804 ], [ 141.197043466238171, 43.135387081423275 ], [ 141.19704453263077, 43.13551508901223 ], [ 141.197053167329727, 43.13606935931886 ], [ 141.19774521749963, 43.1361333998898 ], [ 141.19806951274802, 43.136155864143866 ], [ 141.198177030804715, 43.135474735080621 ] ] ] ] } },
{ "type": "Feature", "properties": { "KEY_CODE": "01109350108", "S_NAME": "星置一条八丁目", "n_candidates": 206, "n_panel": 5, "detached_households": 188.0, "rate": 0.026595744680851064, "fill": "#c7e9b4", "fill-opacity": 0.7, "stroke": "#555555" }, "geometry": { "type": "MultiPolygon", "coordinates": [ [ [ [ 141.197049502639999, 43.132950104208525 ], [ 141.197063893184264, 43.132565116884578 ], [ 141.196440177026915, 43.132633989923832 ], [ 141.195872081239457, 43.132740717060472 ], [ 141.195324060270281, 43.132841437516269 ], [ 141.194852499316823, 43.132940680818081 ], [ 141.194454836854732, 43.133019928341788 ], [ 141.194096824571659, 43.133099609907269 ], [ 141.194268630070212, 43.133829239998235 ], [ 141.194324653111295, 43.134144830198821 ], [ 141.194330018285683, 43.134257125003906 ], [ 141.193780974725797, 43.134488639569859 ], [ 141.193414461057898, 43.13525042999283 ], [ 141.193337944970693, 43.135377439875178 ], [ 141.193040434783569, 43.135767897947012 ], [ 141.193657309523587, 43.135992391852938 ], [ 141.195398206407077, 43.136045175019767 ], [ 141.195949573183782, 43.136060700619772 ], [ 141.196534660480722, 43.136077172507918 ], [ 141.197053167329727, 43.13606935931886 ], [ 141.19704453263077, 43.13551508901223 ], [ 141.197043466238171, 43.135387081423275 ], [ 141.197052958411035, 43.134929468776804 ], [ 141.197048085274304, 43.134441623654297 ], [ 141.197032306751737, 43.133923436698119 ], [ 141.197054373412044, 43.133281538245718 ], [ 141.197052772712084, 43.133173498510367 ], [ 141.197049502639999, 43.132950104208525 ] ] ] ] } },
{ "type": "Feature", "properties": { "KEY_CODE": "01109350109", "S_NAME": "星置一条九丁目", "n_candidates": 0, "n_panel": 0, "detached_households": 0.0, "rate": null, "fill": "#cccccc", "fill-opacity": 0.7, "stroke": "#555555" }, "geometry": { "type": "MultiPolygon", "coordinates": [ [ [ [ 141.194268630070212, 43.133829239998235 ], [ 141.194096824571659, 43.133099609907269 ], [ 141.19397151383842, 43.133144025587178 ], [ 141.191903636420335, 43.13356439138159 ], [ 141.191079755348994, 43.133735047153223 ], [ 141.191144377503548, 43.133879819648357 ], [ 141.19126709222769, 43.134169444710352 ], [ 141.191420389382557, 43.134600995477037 ], [ 141.191588655476608, 43.134988938989629 ], [ 141.191757715352736, 43.135230817840977 ], [ 141.191986121171567, 43.135372744733957 ], [ 141.192551877884995, 43.135587137052795 ], [ 141.193040434783569, 43.135767897947012 ], [ 141.193337944970693, 43.135377439875178 ], [ 141.193414461057898, 43.13525042999283 ], [ 141.193780974725797, 43.134488639569859 ], [ 141.194330018285683, 43.134257125003906 ], [ 141.194324653111295, 43.134144830198821 ], [ 141.194268630070212, 43.133829239998235 ] ] ] ] } },
{ "type": "Feature", "properties": { "KEY_CODE": "01109350201", "S_NAME": "星置二条一丁目", "n_candidates": 170, "n_panel": 5, "detached_households": 156.0, "rate": 0.032051282051282048, "fill": "#c7e9b4", "fill-opacity": 0.7, "stroke": "#555555" }, "geometry": { "type": "MultiPolygon", "coordinates": [ [ [ [ 141.22219285025605, 43.136389293199329 ], [ 141.22121284517732, 43.135149947585212 ], [ 141.220569537369329, 43.134347548843337 ], [ 141.220420779872882, 43.134199012826883 ], [ 141.220061449946257, 43.13388323593044 ], [ 141.219665282639028, 43.133536746216336 ], [ 141.21909193786891, 43.133739328679198 ], [ 141.217638250135195, 43.134319574048988 ], [ 141.21719197423613, 43.134491576244322 ], [ 141.215490833925173, 43.135113515652115 ], [ 141.215003680775965, 43.135248639243109 ], [ 141.214832827199643, 43.135266292423992 ], [ 141.214634506529421, 43.13527265564106 ], [ 141.214360942692736, 43.135276226148832 ], [ 141.213895148924024, 43.135255339445948 ], [ 141.215132606102031, 43.136635626738617 ], [ 141.215551877593214, 43.137121590831235 ], [ 141.215731244190692, 43.137351428961843 ], [ 141.215968582325246, 43.137748889819449 ], [ 141.216080491691059, 43.137992674226126 ], [ 141.217224330863303, 43.137928110792743 ], [ 141.219161130613628, 43.137773139234163 ], [ 141.219551158645146, 43.1377433196444 ], [ 141.219666553032397, 43.137734986428086 ], [ 141.222969881490741, 43.137496417950942 ], [ 141.223030074211181, 43.137492034455128 ], [ 141.223062188233854, 43.137489721256898 ], [ 141.22219285025605, 43.136389293199329 ] ] ] ] } },
{ "type": "Feature", "properties": { "KEY_CODE": "01109350202", "S_NAME": "星置二条二丁目", "n_candidates": 222, "n_panel": 4, "detached_households": 213.0, "rate": 0.018779342723004695, "fill": "#ffffcc", "fill-opacity": 0.7, "stroke": "#555555" }, "geometry": { "type": "MultiPolygon", "coordinates": [ [ [ [ 141.213895148924024, 43.135255339445948 ], [ 141.212189257496277, 43.135173128058071 ], [ 141.212157555200577, 43.135576456487037 ], [ 141.212053246785331, 43.136963862478076 ], [ 141.212023175538945, 43.137356725215312 ], [ 141.211986868450168, 43.137703747554831 ], [ 141.211964405860442, 43.138055537203321 ], [ 141.211964331360491, 43.13830435867947 ], [ 141.214825185362287, 43.138095110965892 ], [ 141.216080491691059, 43.137992674226155 ], [ 141.215968582325246, 43.137748889819449 ], [ 141.215731244190692, 43.137351428961843 ], [ 141.215551877593157, 43.137121590831242 ], [ 141.215132606102031, 43.136635626738617 ], [ 141.213895148924024, 43.135255339445948 ] ] ] ] } },
{ "type": "Feature", "properties": { "KEY_CODE": "01109350203", "S_NAME": "星置二条三丁目", "n_candidates": 199, "n_panel": 1, "detached_households": 187.0, "rate": 0.0053475935828877002, "fill": "#ffffcc", "fill-opacity": 0.7, "stroke": "#555555" }, "geometry": { "type": "MultiPolygon", "coordinates": [ [ [ [ 141.21106275128335, 43.135135541637894 ], [ 141.209335447087796, 43.13505365562191 ], [ 141.209329648570588, 43.135168872027016 ], [ 141.20931120138826, 43.13547470400858 ], [ 141.20919179248412, 43.136842420907797 ], [ 141.209121576170958, 43.137926035675214 ], [ 141.209071171333534, 43.138520413838719 ], [ 141.210497562289106, 43.138410946030994 ], [ 141.211964331360491, 43.13830435867947 ], [ 141.211964405860442, 43.138055537203321 ], [ 141.211986868450168, 43.137703747554831 ], [ 141.212023175538945, 43.137356725215312 ], [ 141.212053246785331, 43.136963862478076 ], [ 141.212157555200577, 43.135576456487037 ], [ 141.212189257496277, 43.135173128058071 ], [ 141.211441601895388, 43.135152626747228 ], [ 141.21106275128335, 43.135135541637894 ] ] ] ] } },
{ "type": "Feature", "properties": { "KEY_CODE": "01109350204", "S_NAME": "星置二条四丁目", "n_candidates": 124, "n_panel": 1, "detached_households": 118.0, "rate": 0.0084745762711864406, "fill": "#ffffcc", "fill-opacity": 0.7, "stroke": "#555555" }, "geometry": { "type": "MultiPolygon", "coordinates": [ [ [ [ 141.207623808895136, 43.135098548136412 ], [ 141.207360724565433, 43.135079552013003 ], [ 141.207336547622532, 43.135382940912159 ], [ 141.207261101242182, 43.136330492581763 ], [ 141.207234596621674, 43.136664311910835 ], [ 141.207228839543262, 43.136743237789119 ], [ 141.207198159550273, 43.137164648349298 ], [ 141.207174370698766, 43.137491177135125 ], [ 141.207146963043016, 43.137866762750974 ], [ 141.208465177119933, 43.137908806955821 ], [ 141.209121576170958, 43.137926035675214 ], [ 141.20919179248412, 43.136842420907797 ], [ 141.20931120138826, 43.13547470400858 ], [ 141.209329648570588, 43.135168872027016 ], [ 141.208705845707783, 43.135156159935683 ], [ 141.208161011360716, 43.135125878812545 ], [ 141.207682048342264, 43.135101541080481 ], [ 141.207623808895136, 43.135098548136412 ] ] ] ] } },
{ "type": "Feature", "properties": { "KEY_CODE": "01109350205", "S_NAME": "星置二条五丁目", "n_candidates": 276, "n_panel": 11, "detached_households": 270.0, "rate": 0.040740740740740744, "fill": "#c7e9b4", "fill-opacity": 0.7, "stroke": "#555555" }, "geometry": { "type": "MultiPolygon", "coordinates": [ [ [ [ 141.207336547622532, 43.135382940912159 ], [ 141.207360724565433, 43.135079552013003 ], [ 141.207358231333046, 43.135079389171217 ], [ 141.207298685100369, 43.135079830249836 ], [ 141.207183917134472, 43.135080612743721 ], [ 141.206645855980213, 43.13505868439411 ], [ 141.206142504101223, 43.13504558069085 ], [ 141.205594914505014, 43.135013644613728 ], [ 141.205076056232116, 43.134997581433694 ], [ 141.204543877476482, 43.134974291463408 ], [ 141.204064403537842, 43.134946276248172 ], [ 141.204025262322915, 43.134944018789923 ], [ 141.203476099915264, 43.134891873829858 ], [ 141.203458575220907, 43.135243286571857 ], [ 141.203435458282684, 43.135584802642377 ], [ 141.203418371872715, 43.135910830047948 ], [ 141.203389576930647, 43.136248073606076 ], [ 141.203371029663202, 43.136547434030348 ], [ 141.203332951236462, 43.137091287858674 ], [ 141.203311932331815, 43.137422976786191 ], [ 141.203284935665863, 43.137772895323806 ], [ 141.204747300252194, 43.13782002866855 ], [ 141.205297162931316, 43.137827233366494 ], [ 141.206089090341351, 43.137842131518539 ], [ 141.206626556843645, 43.137855475897119 ], [ 141.207106459355998, 43.137865479663176 ], [ 141.207146963043016, 43.137866762750974 ], [ 141.207174370698766, 43.137491177135125 ], [ 141.207198159550273, 43.137164648349298 ], [ 141.207228839543262, 43.136743237789119 ], [ 141.207234596621674, 43.136664311910835 ], [ 141.207261101242182, 43.136330492581763 ], [ 141.207336547622532, 43.135382940912159 ] ] ] ] } },
{ "type": "Feature", "properties": { "KEY_CODE": "01109350206", "S_NAME": "星置二条六丁目", "n_candidates": 193, "n_panel": 4, "detached_households": 193.0, "rate": 0.02072538860103627, "fill": "#c7e9b4", "fill-opacity": 0.7, "stroke": "#555555" }, "geometry": { "type": "MultiPolygon", "coordinates": [ [ [ [ 141.203371029663202, 43.136547434030348 ], [ 141.203389576930647, 43.136248073606076 ], [ 141.203418371872715, 43.135910830047948 ], [ 141.203435458282684, 43.135584802642377 ], [ 141.203458575220907, 43.135243286571857 ], [ 141.202085912475439, 43.1351210024918 ], [ 141.201817458131586, 43.135096036780979 ], [ 141.201629702841274, 43.135074623491896 ], [ 141.200833039145266, 43.135002121908656 ], [ 141.200766718579501, 43.135611545193264 ], [ 141.200748767952774, 43.135835587857613 ], [ 141.200690273847187, 43.136347536400514 ], [ 141.200424546697263, 43.13632561666293 ], [ 141.200158591007863, 43.136311501242474 ], [ 141.199882072244691, 43.136297287098031 ], [ 141.199859934117427, 43.136659558051392 ], [ 141.199840981889849, 43.136992672372365 ], [ 141.19981413265424, 43.137315937913229 ], [ 141.199808464819512, 43.137647203894815 ], [ 141.200868800637437, 43.137690272843074 ], [ 141.201413799801202, 43.137706524029213 ], [ 141.201919068875355, 43.137721212907266 ], [ 141.20262491140312, 43.137755177679573 ], [ 141.203284935665863, 43.137772895323806 ], [ 141.203311932331815, 43.137422976786191 ], [ 141.203332951236462, 43.137091287858674 ], [ 141.203371029663202, 43.136547434030348 ] ] ] ] } },
{ "type": "Feature", "properties": { "KEY_CODE": "01109350207", "S_NAME": "星置二条七丁目", "n_candidates": 89, "n_panel": 2, "detached_households": 77.0, "rate": 0.025974025974025976, "fill": "#c7e9b4", "fill-opacity": 0.7, "stroke": "#555555" }, "geometry": { "type": "MultiPolygon", "coordinates": [ [ [ [ 141.199859934117427, 43.136659558051392 ], [ 141.199882072244691, 43.136297287098031 ], [ 141.200158591007863, 43.136311501242474 ], [ 141.200424546697263, 43.13632561666293 ], [ 141.200690273847187, 43.136347536400514 ], [ 141.200748767952774, 43.135835587857613 ], [ 141.200766718579501, 43.135611545193264 ], [ 141.200833039145266, 43.135002121908656 ], [ 141.200269759054692, 43.134950183645259 ], [ 141.198772361556479, 43.134828191426138 ], [ 141.19829309270591, 43.134760488460813 ], [ 141.198177030804715, 43.135474735080621 ], [ 141.19806951274802, 43.136155864143866 ], [ 141.19774521749963, 43.1361333998898 ], [ 141.197053167329727, 43.13606935931886 ], [ 141.197093378646031, 43.136899187496702 ], [ 141.197052384929663, 43.137586836651671 ], [ 141.197658826643789, 43.137604093469037 ], [ 141.198735991914305, 43.137628769774096 ], [ 141.198920076438753, 43.137635033249694 ], [ 141.199808464819512, 43.137647203894815 ], [ 141.19981413265424, 43.137315937913229 ], [ 141.199840981889849, 43.136992672372365 ], [ 141.199859934117427, 43.136659558051392 ] ] ] ] } },
{ "type": "Feature", "properties": { "KEY_CODE": "01109350208", "S_NAME": "星置二条八丁目", "n_candidates": 112, "n_panel": 1, "detached_households": 99.0, "rate": 0.010101010101010102, "fill": "#ffffcc", "fill-opacity": 0.7, "stroke": "#555555" }, "geometry": { "type": "MultiPolygon", "coordinates": [ [ [ [ 141.197093378646031, 43.136899187496702 ], [ 141.197053167329727, 43.13606935931886 ], [ 141.196534660480722, 43.136077172507918 ], [ 141.195949573183782, 43.136060700619772 ], [ 141.195398206407077, 43.136045175019767 ], [ 141.193657309523587, 43.135992391852938 ], [ 141.19365133491732, 43.136456576763663 ], [ 141.193589141218212, 43.137480762239285 ], [ 141.194097949171265, 43.137496012078131 ], [ 141.196032895938913, 43.137558877506947 ], [ 141.196463056418452, 43.137562842047771 ], [ 141.197052384929663, 43.137586836651671 ], [ 141.197093378646031, 43.136899187496702 ] ] ] ] } },
{ "type": "Feature", "properties": { "KEY_CODE": "01109350209", "S_NAME": "星置二条九丁目", "n_candidates": 0, "n_panel": 0, "detached_households": 0.0, "rate": null, "fill": "#cccccc", "fill-opacity": 0.7, "stroke": "#555555" }, "geometry": { "type": "MultiPolygon", "coordinates": [ [ [ [ 141.193566528975055, 43.137862578979494 ], [ 141.193589141218212, 43.137480762239285 ], [ 141.19365133491732, 43.136456576763663 ], [ 141.193657309523502, 43.135992391852966 ], [ 141.193040434783569, 43.135767897947012 ], [ 141.19233375643563, 43.136664243407608 ], [ 141.192326139610884, 43.136883246331429 ], [ 141.191368938137742, 43.137826637796508 ], [ 141.19179023613205, 43.137837852453956 ], [ 141.191853123264792, 43.137838715310068 ], [ 141.193566528975055, 43.137862578979494 ] ] ] ] } },
{ "type": "Feature", "properties": { "KEY_CODE": "01109350301", "S_NAME": "星置三条一丁目", "n_candidates": 382, "n_panel": 4, "detached_households": 376.0, "rate": 0.010638297872340425, "fill": "#ffffcc", "fill-opacity": 0.7, "stroke": "#555555" }, "geometry": { "type": "MultiPolygon", "coordinates": [ [ [ [ 141.223063874365636, 43.137584187075198 ], [ 141.223030074211181, 43.137492034455128 ], [ 141.222969881490741, 43.137496417950942 ], [ 141.219666553032397, 43.137734986428086 ], [ 141.219551158645146, 43.1377433196444 ], [ 141.219161130613628, 43.137773139234163 ], [ 141.217224330863303, 43.137928110792743 ], [ 141.216080491691059, 43.137992674226126 ], [ 141.216131665627387, 43.138250256984321 ], [ 141.216215244555684, 43.138534013411729 ], [ 141.216215614139202, 43.138537464485388 ], [ 141.21623433681043, 43.138712047793909 ], [ 141.216250912087901, 43.139039716286625 ], [ 141.216221885510976, 43.139451788450863 ], [ 141.216219925681315, 43.139488341424943 ], [ 141.216197748509842, 43.139904412202505 ], [ 141.216149416067822, 43.140641859763726 ], [ 141.216137488248393, 43.140922340171912 ], [ 141.217101241327953, 43.140959120875465 ], [ 141.221424005964337, 43.141123989102745 ], [ 141.222285537118154, 43.141156828625753 ], [ 141.22228605014314, 43.141156795691238 ], [ 141.222298513227116, 43.14092234611374 ], [ 141.222301655280575, 43.140863238314886 ], [ 141.222328333298151, 43.140361375567387 ], [ 141.222382145067343, 43.140190273951603 ], [ 141.222424496438009, 43.140055609173217 ], [ 141.222540952870531, 43.139834279181343 ], [ 141.222675009331255, 43.139579621656388 ], [ 141.222805748002543, 43.13933126149805 ], [ 141.222983744397254, 43.138993124855254 ], [ 141.223157822744156, 43.138662316315532 ], [ 141.223256210516894, 43.138223227020866 ], [ 141.223170975280482, 43.137875814399237 ], [ 141.223063874365636, 43.137584187075198 ] ] ] ] } },
{ "type": "Feature", "properties": { "KEY_CODE": "01109350304", "S_NAME": "星置三条四丁目", "n_candidates": 81, "n_panel": 1, "detached_households": 70.0, "rate": 0.014285714285714285, "fill": "#ffffcc", "fill-opacity": 0.7, "stroke": "#555555" }, "geometry": { "type": "MultiPolygon", "coordinates": [ [ [ [ 141.208898692707663, 43.139296467163533 ], [ 141.208958499000715, 43.138600900065732 ], [ 141.208910657859008, 43.138493988410069 ], [ 141.209071171333534, 43.138520413838719 ], [ 141.209121576170958, 43.137926035675214 ], [ 141.208465177119933, 43.137908806955821 ], [ 141.207146963043016, 43.137866762750974 ], [ 141.207106632404361, 43.138420935220104 ], [ 141.207086017788072, 43.138730122848074 ], [ 141.207043816589191, 43.138726924852975 ], [ 141.207040509877118, 43.139034862637949 ], [ 141.207000664037707, 43.139571668286244 ], [ 141.206963873970636, 43.139928461382098 ], [ 141.207451046982754, 43.139963847859093 ], [ 141.207919396480634, 43.139970929353417 ], [ 141.208379922667262, 43.139992003365926 ], [ 141.208832910895609, 43.140004567474911 ], [ 141.208898692707663, 43.139296467163533 ] ] ] ] } },
{ "type": "Feature", "properties": { "KEY_CODE": "01109350305", "S_NAME": "星置三条五丁目", "n_candidates": 167, "n_panel": 5, "detached_households": 153.0, "rate": 0.032679738562091505, "fill": "#c7e9b4", "fill-opacity": 0.7, "stroke": "#555555" }, "geometry": { "type": "MultiPolygon", "coordinates": [ [ [ [ 141.207040509877118, 43.139034862637949 ], [ 141.207043816589191, 43.138726924852975 ], [ 141.207086017788072, 43.138730122848074 ], [ 141.207106632404361, 43.138420935220104 ], [ 141.207146963043016, 43.137866762750974 ], [ 141.207106459355998, 43.137865479663176 ], [ 141.206626556843645, 43.137855475897119 ], [ 141.206089090341351, 43.137842131518539 ], [ 141.205297162931316, 43.137827233366494 ], [ 141.204747300252194, 43.13782002866855 ], [ 141.203284935665863, 43.137772895323806 ], [ 141.203275438314677, 43.138099062834385 ], [ 141.203262095333542, 43.138211396156372 ], [ 141.203251249192817, 43.138396964412081 ], [ 141.203228128709526, 43.138671596988054 ], [ 141.203196557146754, 43.139013808313607 ], [ 141.203178009578522, 43.139313097729001 ], [ 141.203173257596433, 43.139366503968667 ], [ 141.203149738512309, 43.139619401316097 ], [ 141.203132174500325, 43.139973626338168 ], [ 141.203110289706018, 43.140355943227028 ], [ 141.203082257679085, 43.140648183050814 ], [ 141.205137670820136, 43.140721835434114 ], [ 141.20562319230433, 43.140736115738605 ], [ 141.206076232697711, 43.140745877987278 ], [ 141.206899135953762, 43.140782924115356 ], [ 141.206963873970608, 43.139928461382141 ], [ 141.207000664037707, 43.139571668286244 ], [ 141.207040509877118, 43.139034862637949 ] ] ] ] } },
{ "type": "Feature", "properties": { "KEY_CODE": "01109350306", "S_NAME": "星置三条六丁目", "n_candidates": 251, "n_panel": 3, "detached_households": 228.0, "rate": 0.013157894736842105, "fill": "#ffffcc", "fill-opacity": 0.7, "stroke": "#555555" }, "geometry": { "type": "MultiPolygon", "coordinates": [ [ [ [ 141.200868800637437, 43.137690272843074 ], [ 141.199808464819512, 43.137647203894815 ], [ 141.199769186657846, 43.137989555548849 ], [ 141.199765485694826, 43.138290036136304 ], [ 141.199752282826296, 43.138595844209213 ], [ 141.199732674773486, 43.138810096903256 ], [ 141.19973359593962, 43.139003157647963 ], [ 141.199724739125315, 43.139273841251565 ], [ 141.199699019897906, 43.139530867427069 ], [ 141.199696885158602, 43.139655610925779 ], [ 141.199680943092716, 43.139891346953483 ], [ 141.199659178582607, 43.140265225372872 ], [ 141.199644688893954, 43.140528262795733 ], [ 141.200723657903353, 43.140563273426714 ], [ 141.201825132908851, 43.140613249670373 ], [ 141.203082257679085, 43.140648183050814 ], [ 141.203110289706018, 43.140355943227028 ], [ 141.203132174500325, 43.139973626338126 ], [ 141.203149738512337, 43.139619401316104 ], [ 141.203173257596461, 43.139366503968667 ], [ 141.203178009578522, 43.139313097728987 ], [ 141.203196557146754, 43.139013808313607 ], [ 141.203228128709526, 43.138671596988054 ], [ 141.203251249192817, 43.138396964412081 ], [ 141.203262095333542, 43.138211396156372 ], [ 141.203275438314677, 43.138099062834385 ], [ 141.203284935665863, 43.137772895323806 ], [ 141.20262491140312, 43.137755177679573 ], [ 141.201919068875355, 43.137721212907266 ], [ 141.201413799801202, 43.137706524029213 ], [ 141.200868800637437, 43.137690272843074 ] ] ] ] } },
{ "type": "Feature", "properties": { "KEY_CODE": "01109350307", "S_NAME": "星置三条七丁目", "n_candidates": 211, "n_panel": 7, "detached_households": 193.0, "rate": 0.036269430051813469, "fill": "#c7e9b4", "fill-opacity": 0.7, "stroke": "#555555" }, "geometry": { "type": "MultiPolygon", "coordinates": [ [ [ [ 141.197658826643789, 43.137604093469037 ], [ 141.197052384929663, 43.137586836651671 ], [ 141.197003959628944, 43.138237354036896 ], [ 141.196977628671959, 43.138529398563463 ], [ 141.196955066272693, 43.13891515516098 ], [ 141.196918673184456, 43.139479981550089 ], [ 141.196886321649998, 43.139814940909524 ], [ 141.196858880573046, 43.140177162698933 ], [ 141.196844072683547, 43.140418745761131 ], [ 141.19813136237866, 43.140469555233601 ], [ 141.199644688893954, 43.140528262795733 ], [ 141.199659178582607, 43.140265225372872 ], [ 141.199680943092716, 43.139891346953483 ], [ 141.199696885158602, 43.139655610925779 ], [ 141.199699019897906, 43.139530867427069 ], [ 141.199724739125315, 43.139273841251565 ], [ 141.19973359593962, 43.139003157647963 ], [ 141.199732674773486, 43.138810096903256 ], [ 141.199752282826296, 43.138595844209213 ], [ 141.199765485694826, 43.138290036136304 ], [ 141.199769186657846, 43.137989555548849 ], [ 141.199808464819512, 43.137647203894815 ], [ 141.198920076438753, 43.137635033249694 ], [ 141.198735991914305, 43.137628769774096 ], [ 141.197658826643789, 43.137604093469037 ] ] ] ] } },
{ "type": "Feature", "properties": { "KEY_CODE": "01109350308", "S_NAME": "星置三条八丁目", "n_candidates": 66, "n_panel": 2, "detached_households": 57.0, "rate": 0.035087719298245612, "fill": "#c7e9b4", "fill-opacity": 0.7, "stroke": "#555555" }, "geometry": { "type": "MultiPolygon", "coordinates": [ [ [ [ 141.196886321649998, 43.139814940909524 ], [ 141.196918673184456, 43.139479981550089 ], [ 141.196955066272693, 43.13891515516098 ], [ 141.196977628671959, 43.138529398563463 ], [ 141.197003959628944, 43.138237354036896 ], [ 141.197052384929663, 43.137586836651671 ], [ 141.196463056418452, 43.137562842047771 ], [ 141.196032895938913, 43.137558877506947 ], [ 141.194097949171265, 43.137496012078131 ], [ 141.193589141218212, 43.137480762239285 ], [ 141.193566528975055, 43.137862578979494 ], [ 141.193544613373916, 43.138320990655579 ], [ 141.193480774548249, 43.139423717630031 ], [ 141.193475410055612, 43.139740779655547 ], [ 141.194037843267552, 43.139704834207464 ], [ 141.194018616327156, 43.140319682354402 ], [ 141.19527733243828, 43.14036724130203 ], [ 141.196240227557041, 43.140399540726598 ], [ 141.196844072683547, 43.140418745761124 ], [ 141.196858880573046, 43.140177162698933 ], [ 141.196886321649998, 43.139814940909524 ] ] ] ] } },
{ "type": "Feature", "properties": { "KEY_CODE": "01109350309", "S_NAME": "星置三条九丁目", "n_candidates": 126, "n_panel": 1, "detached_households": 117.0, "rate": 0.0085470085470085479, "fill": "#ffffcc", "fill-opacity": 0.7, "stroke": "#555555" }, "geometry": { "type": "MultiPolygon", "coordinates": [ [ [ [ 141.194018616327156, 43.140319682354402 ], [ 141.194037843267552, 43.139704834207464 ], [ 141.193475410055612, 43.139740779655547 ], [ 141.193480774548249, 43.139423717630031 ], [ 141.193544613373916, 43.138320990655579 ], [ 141.193566528975055, 43.137862578979494 ], [ 141.191853123264792, 43.137838715310068 ], [ 141.19179023613205, 43.137837852453956 ], [ 141.191368938137742, 43.137826637796508 ], [ 141.191093659114671, 43.138046326941456 ], [ 141.190930981872469, 43.138224087216308 ], [ 141.190828768623334, 43.138281653701185 ], [ 141.190667974492982, 43.138350281497701 ], [ 141.190341814705334, 43.138740958961677 ], [ 141.189699389771675, 43.139727057094127 ], [ 141.189523522870104, 43.140045069200468 ], [ 141.189443697875589, 43.140162762897674 ], [ 141.191580165094422, 43.140239530533137 ], [ 141.192399378227748, 43.140266593325045 ], [ 141.194018616327156, 43.140319682354402 ] ] ] ] } },
{ "type": "Feature", "properties": { "KEY_CODE": "01109420101", "S_NAME": "西宮の沢一条一丁目", "n_candidates": 8, "n_panel": 0, "detached_households": 0.0, "rate": null, "fill": "#cccccc", "fill-opacity": 0.7, "stroke": "#555555" }, "geometry": { "type": "MultiPolygon", "coordinates": [ [ [ [ 141.270025355979215, 43.102102199329266 ], [ 141.269896691486707, 43.101997083747179 ], [ 141.268033696836795, 43.103108005330462 ], [ 141.268756393656531, 43.103748208459429 ], [ 141.269672184351094, 43.10455940880059 ], [ 141.271495726771207, 43.103431456559157 ], [ 141.271512778632541, 43.103421404276951 ], [ 141.271236729042641, 43.103174726788545 ], [ 141.270768457815677, 43.102751356931144 ], [ 141.270621532036529, 43.102623508274881 ], [ 141.270292750320351, 43.102337414040726 ], [ 141.270025355979215, 43.102102199329266 ] ] ] ] } },
{ "type": "Feature", "properties": { "KEY_CODE": "01109420102", "S_NAME": "西宮の沢一条二丁目", "n_candidates": 7, "n_panel": 0, "detached_households": 0.0, "rate": null, "fill": "#cccccc", "fill-opacity": 0.7, "stroke": "#555555" }, "geometry": { "type": "MultiPolygon", "coordinates": [ [ [ [ 141.268756393656531, 43.103748208459429 ], [ 141.268033696836795, 43.103108005330462 ], [ 141.26711855033588, 43.103653715276906 ], [ 141.266972905491087, 43.103740516561849 ], [ 141.266568423622232, 43.103982000383986 ], [ 141.266133218453348, 43.104241784627987 ], [ 141.266552730692979, 43.104633669776128 ], [ 141.266845440131192, 43.104900405817453 ], [ 141.267759435508935, 43.105733336946976 ], [ 141.268134120397463, 43.10548892275353 ], [ 141.268355753757561, 43.105358377255044 ], [ 141.268690935739414, 43.105160950049928 ], [ 141.268874967012238, 43.105052549828613 ], [ 141.269498796883227, 43.104666664564022 ], [ 141.269672184351094, 43.10455940880059 ], [ 141.268756393656531, 43.103748208459429 ] ] ] ] } },
{ "type": "Feature", "properties": { "KEY_CODE": "01109420103", "S_NAME": "西宮の沢一条三丁目", "n_candidates": 157, "n_panel": 6, "detached_households": 149.0, "rate": 0.040268456375838924, "fill": "#c7e9b4", "fill-opacity": 0.7, "stroke": "#555555" }, "geometry": { "type": "MultiPolygon", "coordinates": [ [ [ [ 141.266133218453348, 43.104241784627987 ], [ 141.266097660172164, 43.104208566128747 ], [ 141.265926135500933, 43.104310967791186 ], [ 141.265814451502081, 43.104374570123895 ], [ 141.265758561427759, 43.10440637083726 ], [ 141.265392910164593, 43.104637915612074 ], [ 141.26501775272618, 43.10487542577868 ], [ 141.265008542206687, 43.104881184418744 ], [ 141.264610858178713, 43.105128697268214 ], [ 141.264207116414525, 43.10537671927829 ], [ 141.263830511978369, 43.10560809460749 ], [ 141.263421836307913, 43.105870067362517 ], [ 141.263004402373042, 43.106121271671746 ], [ 141.262999653703872, 43.106124185116244 ], [ 141.264675846748275, 43.107585970869671 ], [ 141.264963644627755, 43.107422327834101 ], [ 141.265061516003556, 43.10736458639964 ], [ 141.265352704700291, 43.107192743852792 ], [ 141.265493531487579, 43.107119828191024 ], [ 141.265766038231305, 43.106945715171314 ], [ 141.266257068454536, 43.106665593124916 ], [ 141.266534939355552, 43.10647985020681 ], [ 141.266751326345684, 43.106345410594763 ], [ 141.267149529414496, 43.106113437218433 ], [ 141.267576407809571, 43.105852732833448 ], [ 141.267759435508935, 43.105733336946976 ], [ 141.266845440131192, 43.104900405817453 ], [ 141.266552730692979, 43.104633669776128 ], [ 141.266133218453348, 43.104241784627987 ] ] ] ] } },
{ "type": "Feature", "properties": { "KEY_CODE": "01109420104", "S_NAME": "西宮の沢一条四丁目", "n_candidates": 157, "n_panel": 3, "detached_households": 128.0, "rate": 0.0234375, "fill": "#c7e9b4", "fill-opacity": 0.7, "stroke": "#555555" }, "geometry": { "type": "MultiPolygon", "coordinates": [ [ [ [ 141.262999653703872, 43.106124185116244 ], [ 141.262312485464065, 43.10550907791626 ], [ 141.261878153254173, 43.10577244182447 ], [ 141.261839866086092, 43.105795742041472 ], [ 141.261495313425854, 43.105996934686431 ], [ 141.261273040966842, 43.106126672393415 ], [ 141.261205656059246, 43.106168708383613 ], [ 141.26080812954342, 43.106416772240919 ], [ 141.260446207077848, 43.106629276311494 ], [ 141.260067671406517, 43.106859988193165 ], [ 141.259953726564731, 43.10693812448384 ], [ 141.25963810057948, 43.107130417577466 ], [ 141.259509368002597, 43.107208847052462 ], [ 141.259317100638611, 43.107346436053128 ], [ 141.259974155916012, 43.107976982446104 ], [ 141.260593701686446, 43.10857126366669 ], [ 141.261487660417629, 43.109454357734805 ], [ 141.261606935428432, 43.109379220233443 ], [ 141.261646019408261, 43.109378221079879 ], [ 141.262020060172063, 43.109147112461343 ], [ 141.26226337672361, 43.108998706423542 ], [ 141.262433662764408, 43.108885046315983 ], [ 141.262864248316902, 43.108653086394455 ], [ 141.262927452669004, 43.108590545267063 ], [ 141.263244798873899, 43.108410565474408 ], [ 141.263305827677812, 43.108375856948747 ], [ 141.263667351667493, 43.1081702342969 ], [ 141.263807626202492, 43.108096119783248 ], [ 141.264120252893406, 43.107922846878928 ], [ 141.264120666394689, 43.107922593847363 ], [ 141.264381202809432, 43.107763477883289 ], [ 141.264550265172346, 43.107665839056367 ], [ 141.264613702801, 43.107630446727605 ], [ 141.264675846748275, 43.107585970869671 ], [ 141.262999653703872, 43.106124185116244 ] ] ] ] } },
{ "type": "Feature", "properties": { "KEY_CODE": "01109420105", "S_NAME": "西宮の沢一条五丁目", "n_candidates": 92, "n_panel": 1, "detached_households": 84.0, "rate": 0.011904761904761904, "fill": "#ffffcc", "fill-opacity": 0.7, "stroke": "#555555" }, "geometry": { "type": "MultiPolygon", "coordinates": [ [ [ [ 141.259974155916012, 43.107976982446104 ], [ 141.259317100638611, 43.107346436053128 ], [ 141.258859555286165, 43.1076130317715 ], [ 141.258513145449029, 43.107814973052577 ], [ 141.257619834962298, 43.108335478291544 ], [ 141.258023544646534, 43.108675917082934 ], [ 141.258303669122938, 43.108936166504812 ], [ 141.258407982567775, 43.109033137380969 ], [ 141.258892873373782, 43.109453255469873 ], [ 141.258984994441619, 43.109532538224379 ], [ 141.259746300854147, 43.110187970037806 ], [ 141.259966737088234, 43.11038229336517 ], [ 141.260685471805317, 43.109949721397463 ], [ 141.26080970149988, 43.109865062808225 ], [ 141.261045771027142, 43.109726021318018 ], [ 141.261211191411377, 43.109628637759222 ], [ 141.261487660417629, 43.109454357734805 ], [ 141.260593701686446, 43.10857126366669 ], [ 141.259974155916012, 43.107976982446104 ] ] ] ] } },
{ "type": "Feature", "properties": { "KEY_CODE": "01109420201", "S_NAME": "西宮の沢二条一丁目", "n_candidates": 47, "n_panel": 2, "detached_households": 33.0, "rate": 0.060606060606060608, "fill": "#7fcdbb", "fill-opacity": 0.7, "stroke": "#555555" }, "geometry": { "type": "MultiPolygon", "coordinates": [ [ [ [ 141.267437148306897, 43.099707288644503 ], [ 141.266998578230243, 43.099290627530948 ], [ 141.266732721997585, 43.099519516170403 ], [ 141.266521845797428, 43.099701052898986 ], [ 141.266427495351053, 43.099785621347841 ], [ 141.266169953711227, 43.100016480808272 ], [ 141.266129156058696, 43.100052982118576 ], [ 141.265472638442247, 43.100644080340018 ], [ 141.266590049589155, 43.101733431701938 ], [ 141.267305434427158, 43.102414653534417 ], [ 141.268033696836795, 43.103108005330462 ], [ 141.269896691486707, 43.101997083747179 ], [ 141.269172147858939, 43.101359051544023 ], [ 141.269009447427663, 43.101215736720107 ], [ 141.268406442731163, 43.100630923657953 ], [ 141.268256543797861, 43.100485606406295 ], [ 141.267437148306897, 43.099707288644503 ] ] ] ] } },
{ "type": "Feature", "properties": { "KEY_CODE": "01109420202", "S_NAME": "西宮の沢二条二丁目", "n_candidates": 13, "n_panel": 2, "detached_households": 2.0, "rate": 1.0, "fill": "#253494", "fill-opacity": 0.7, "stroke": "#555555" }, "geometry": { "type": "MultiPolygon", "coordinates": [ [ [ [ 141.266590049589155, 43.101733431701938 ], [ 141.265472638442247, 43.100644080340018 ], [ 141.264659031567305, 43.10137673185892 ], [ 141.26460761535148, 43.101422987884675 ], [ 141.264216988455161, 43.101638701951785 ], [ 141.263654283026597, 43.101949423849014 ], [ 141.264667654833147, 43.102900263955014 ], [ 141.266097660172164, 43.104208566128747 ], [ 141.266133218453348, 43.104241784627987 ], [ 141.266568423622232, 43.103982000383986 ], [ 141.266972905491087, 43.103740516561849 ], [ 141.26711855033588, 43.103653715276906 ], [ 141.268033696836795, 43.103108005330462 ], [ 141.267305434427158, 43.102414653534417 ], [ 141.266590049589155, 43.101733431701938 ] ] ] ] } },
{ "type": "Feature", "properties": { "KEY_CODE": "01109420203", "S_NAME": "西宮の沢二条三丁目", "n_candidates": 277, "n_panel": 8, "detached_households": 241.0, "rate": 0.033195020746887967, "fill": "#c7e9b4", "fill-opacity": 0.7, "stroke": "#555555" }, "geometry": { "type": "MultiPolygon", "coordinates": [ [ [ [ 141.264667654833147, 43.102900263954979 ], [ 141.263654283026625, 43.101949423849014 ], [ 141.263630753613398, 43.101962372199559 ], [ 141.263299964064771, 43.102145051561664 ], [ 141.262944467487785, 43.102365986373549 ], [ 141.262608551724298, 43.102574780585897 ], [ 141.262204773113126, 43.102825678681015 ], [ 141.261682826101776, 43.103184917632156 ], [ 141.261140760623363, 43.103493695164957 ], [ 141.261085662548624, 43.103529860276332 ], [ 141.260486333696008, 43.103901577448298 ], [ 141.260978987778003, 43.104356425874101 ], [ 141.261476246990668, 43.104770098708393 ], [ 141.262312485464065, 43.10550907791626 ], [ 141.262999653703872, 43.106124185116244 ], [ 141.263004402373042, 43.106121271671746 ], [ 141.263421836307913, 43.105870067362517 ], [ 141.263830511978426, 43.10560809460749 ], [ 141.264207116414525, 43.10537671927829 ], [ 141.264610858178713, 43.105128697268214 ], [ 141.265008542206687, 43.104881184418744 ], [ 141.26501775272618, 43.10487542577868 ], [ 141.265392910164593, 43.104637915612074 ], [ 141.265758561427759, 43.10440637083726 ], [ 141.265814451502081, 43.104374570123895 ], [ 141.265926135500933, 43.104310967791186 ], [ 141.266097660172221, 43.104208566128733 ], [ 141.264667654833147, 43.102900263954979 ] ] ] ] } },
{ "type": "Feature", "properties": { "KEY_CODE": "01109420204", "S_NAME": "西宮の沢二条四丁目", "n_candidates": 219, "n_panel": 5, "detached_households": 187.0, "rate": 0.026737967914438502, "fill": "#c7e9b4", "fill-opacity": 0.7, "stroke": "#555555" }, "geometry": { "type": "MultiPolygon", "coordinates": [ [ [ [ 141.258694428096845, 43.102343149216225 ], [ 141.258654023868075, 43.102307143011132 ], [ 141.258644414154219, 43.102516358031153 ], [ 141.258622560475686, 43.102657529457545 ], [ 141.258601895256902, 43.102790412933523 ], [ 141.258585272558918, 43.102910671680988 ], [ 141.258551145150022, 43.10315821384097 ], [ 141.258518344710637, 43.103305620644832 ], [ 141.258445389822469, 43.103633775014011 ], [ 141.258432350444338, 43.103692457435436 ], [ 141.258362291703406, 43.104007556226691 ], [ 141.258240692532553, 43.104525035989134 ], [ 141.258092846535902, 43.105003257138215 ], [ 141.257911739434661, 43.105365498516363 ], [ 141.257666742368684, 43.105701587302704 ], [ 141.257793530757795, 43.10583300400274 ], [ 141.257994005300731, 43.106031659609904 ], [ 141.258489282699657, 43.106514320857322 ], [ 141.258861147775661, 43.106888660984168 ], [ 141.259057263808899, 43.107078346948967 ], [ 141.259175310489752, 43.107192595565628 ], [ 141.259317100638611, 43.107346436053128 ], [ 141.259509368002597, 43.107208847052462 ], [ 141.25963810057948, 43.107130417577466 ], [ 141.259953726564845, 43.10693812448384 ], [ 141.260067671406574, 43.106859988193165 ], [ 141.260446207077848, 43.106629276311494 ], [ 141.26080812954342, 43.106416772240919 ], [ 141.261205656059246, 43.106168708383635 ], [ 141.261273040966842, 43.106126672393415 ], [ 141.261495313425854, 43.105996934686431 ], [ 141.261839866086092, 43.105795742041472 ], [ 141.261878153254173, 43.10577244182447 ], [ 141.262312485464065, 43.10550907791626 ], [ 141.26147624699064, 43.104770098708393 ], [ 141.260978987778003, 43.104356425874109 ], [ 141.260486333696008, 43.103901577448298 ], [ 141.259513947831522, 43.103061048232163 ], [ 141.259069037431459, 43.102676512126656 ], [ 141.258698400481734, 43.102346700566599 ], [ 141.258694428096845, 43.102343149216225 ] ] ] ] } },
{ "type": "Feature", "properties": { "KEY_CODE": "01109420205", "S_NAME": "西宮の沢二条五丁目", "n_candidates": 100, "n_panel": 7, "detached_households": 93.0, "rate": 0.075268817204301078, "fill": "#7fcdbb", "fill-opacity": 0.7, "stroke": "#555555" }, "geometry": { "type": "MultiPolygon", "coordinates": [ [ [ [ 141.257793530757795, 43.10583300400274 ], [ 141.257666742368684, 43.105701587302704 ], [ 141.257612583671431, 43.105798242052622 ], [ 141.257437446745371, 43.105980494323866 ], [ 141.257265519991421, 43.106142237644974 ], [ 141.257223024165484, 43.106182238090483 ], [ 141.257030881625411, 43.106311876200778 ], [ 141.256799858481969, 43.106471489174076 ], [ 141.256674016022487, 43.106543189029495 ], [ 141.256319348055769, 43.106745191693726 ], [ 141.256347738198315, 43.106788127306977 ], [ 141.256441666711936, 43.106980868369192 ], [ 141.25653065406874, 43.107158657403915 ], [ 141.256617501000392, 43.107302598673456 ], [ 141.256663862611418, 43.107379870215766 ], [ 141.256813730630768, 43.107568101950378 ], [ 141.256983628960484, 43.107764314069506 ], [ 141.257203960425358, 43.107964057867328 ], [ 141.257289578684919, 43.108035620429568 ], [ 141.257387131135829, 43.108117131745317 ], [ 141.257619834962242, 43.108335478291544 ], [ 141.258513145449029, 43.107814973052577 ], [ 141.258859555286165, 43.1076130317715 ], [ 141.259317100638611, 43.107346436053128 ], [ 141.259175310489752, 43.107192595565643 ], [ 141.259057263808899, 43.107078346948967 ], [ 141.258861147775661, 43.106888660984168 ], [ 141.258489282699628, 43.106514320857322 ], [ 141.257994005300731, 43.106031659609904 ], [ 141.257793530757795, 43.10583300400274 ] ] ] ] } },
{ "type": "Feature", "properties": { "KEY_CODE": "01109420301", "S_NAME": "西宮の沢三条一丁目", "n_candidates": 114, "n_panel": 4, "detached_households": 93.0, "rate": 0.043010752688172046, "fill": "#c7e9b4", "fill-opacity": 0.7, "stroke": "#555555" }, "geometry": { "type": "MultiPolygon", "coordinates": [ [ [ [ 141.265300849207136, 43.09756628786964 ], [ 141.264957661442793, 43.097236239475222 ], [ 141.264601783007208, 43.097423418046283 ], [ 141.264385950741598, 43.097536900425951 ], [ 141.264319362184892, 43.097571912743739 ], [ 141.263957480388257, 43.097762203597391 ], [ 141.26380862099748, 43.097840534903078 ], [ 141.26236648193651, 43.098700399087079 ], [ 141.262509136543855, 43.098873705325481 ], [ 141.262755836654549, 43.099173408252504 ], [ 141.263053036005545, 43.099534434147259 ], [ 141.263233031098309, 43.099753159502193 ], [ 141.263851258398148, 43.100504247156806 ], [ 141.26460761535148, 43.101422987884675 ], [ 141.264659031567305, 43.10137673185892 ], [ 141.265472638442247, 43.100644080340032 ], [ 141.266129156058696, 43.100052982118576 ], [ 141.266169953711227, 43.100016480808272 ], [ 141.26642749535111, 43.09978562134782 ], [ 141.266521845797428, 43.099701052898986 ], [ 141.266732721997585, 43.099519516170403 ], [ 141.266998578230243, 43.099290627530948 ], [ 141.266844468875462, 43.099132894515577 ], [ 141.266692155134081, 43.098977004132799 ], [ 141.266564298365381, 43.098846150390052 ], [ 141.266181916329856, 43.098457466516031 ], [ 141.266139419291221, 43.098414271432404 ], [ 141.265684614163519, 43.097951751681883 ], [ 141.265300849207136, 43.09756628786964 ] ] ] ] } },
{ "type": "Feature", "properties": { "KEY_CODE": "01109420302", "S_NAME": "西宮の沢三条二丁目", "n_candidates": 93, "n_panel": 2, "detached_households": 89.0, "rate": 0.02247191011235955, "fill": "#c7e9b4", "fill-opacity": 0.7, "stroke": "#555555" }, "geometry": { "type": "MultiPolygon", "coordinates": [ [ [ [ 141.262509136543855, 43.098873705325481 ], [ 141.26236648193651, 43.098700399087079 ], [ 141.260830253070765, 43.099649451280058 ], [ 141.261330564432541, 43.100079752390812 ], [ 141.262030992182389, 43.100551791243483 ], [ 141.262692285101394, 43.101142626242108 ], [ 141.263630753613342, 43.101962372199559 ], [ 141.263654283026597, 43.101949423849014 ], [ 141.264216988455161, 43.101638701951785 ], [ 141.26460761535148, 43.101422987884675 ], [ 141.263851258398148, 43.100504247156806 ], [ 141.263233031098309, 43.099753159502193 ], [ 141.263053036005545, 43.099534434147259 ], [ 141.262755836654549, 43.099173408252504 ], [ 141.262509136543855, 43.098873705325481 ] ] ] ] } },
{ "type": "Feature", "properties": { "KEY_CODE": "01109420303", "S_NAME": "西宮の沢三条三丁目", "n_candidates": 127, "n_panel": 2, "detached_households": 101.0, "rate": 0.019801980198019802, "fill": "#ffffcc", "fill-opacity": 0.7, "stroke": "#555555" }, "geometry": { "type": "MultiPolygon", "coordinates": [ [ [ [ 141.261330564432541, 43.100079752390812 ], [ 141.260830253070765, 43.099649451280058 ], [ 141.260581333279845, 43.099838244913947 ], [ 141.259589134947873, 43.100685783535027 ], [ 141.259433725717003, 43.100818487851683 ], [ 141.25877392060616, 43.102145088995378 ], [ 141.258698400481705, 43.102346700566599 ], [ 141.259069037431459, 43.102676512126656 ], [ 141.259513947831522, 43.103061048232163 ], [ 141.260486333696008, 43.103901577448298 ], [ 141.261085662548624, 43.103529860276332 ], [ 141.261140760623363, 43.103493695164957 ], [ 141.261682826101776, 43.103184917632156 ], [ 141.262204773113126, 43.102825678681015 ], [ 141.262608551724298, 43.102574780585897 ], [ 141.262944467487785, 43.102365986373549 ], [ 141.263299964064771, 43.102145051561664 ], [ 141.263630753613342, 43.101962372199559 ], [ 141.262692285101394, 43.101142626242108 ], [ 141.262030992182389, 43.100551791243483 ], [ 141.261330564432541, 43.100079752390812 ] ] ] ] } },
{ "type": "Feature", "properties": { "KEY_CODE": "01109420401", "S_NAME": "西宮の沢四条一丁目", "n_candidates": 145, "n_panel": 6, "detached_households": 89.0, "rate": 0.06741573033707865, "fill": "#7fcdbb", "fill-opacity": 0.7, "stroke": "#555555" }, "geometry": { "type": "MultiPolygon", "coordinates": [ [ [ [ 141.263636236720714, 43.095949388432402 ], [ 141.263358682560636, 43.095680874430457 ], [ 141.263282062115223, 43.095719176609336 ], [ 141.263068356553958, 43.095825993021229 ], [ 141.262688927348393, 43.095405463166976 ], [ 141.262690021489647, 43.095337253722995 ], [ 141.262049005635703, 43.094748561804117 ], [ 141.261036923314663, 43.095329394279297 ], [ 141.260499105832224, 43.095640877834498 ], [ 141.26034039912696, 43.095728825505809 ], [ 141.260338069081513, 43.095730493266963 ], [ 141.260335739035952, 43.095732161028018 ], [ 141.259464753823806, 43.096220029697491 ], [ 141.260099033259223, 43.096719710350413 ], [ 141.260831315253284, 43.097296614384732 ], [ 141.26114443759721, 43.097543287415718 ], [ 141.261425237005341, 43.097765067221928 ], [ 141.261548798300367, 43.097863749096597 ], [ 141.26184358278789, 43.098099291152458 ], [ 141.261857037629454, 43.098110026840374 ], [ 141.26236648193651, 43.098700399087079 ], [ 141.26380862099748, 43.097840534903078 ], [ 141.263957480388257, 43.097762203597391 ], [ 141.264319362184892, 43.097571912743739 ], [ 141.264385950741598, 43.097536900425951 ], [ 141.26460178300718, 43.097423418046283 ], [ 141.264957661442793, 43.097236239475222 ], [ 141.264861763843015, 43.097141806860556 ], [ 141.264544211461214, 43.096829278428537 ], [ 141.264450487637163, 43.096736974002667 ], [ 141.264231140674184, 43.096524803984735 ], [ 141.263636236720714, 43.095949388432402 ] ] ] ] } },
{ "type": "Feature", "properties": { "KEY_CODE": "01109420402", "S_NAME": "西宮の沢四条二丁目", "n_candidates": 21, "n_panel": 2, "detached_households": 4.0, "rate": 0.5, "fill": "#253494", "fill-opacity": 0.7, "stroke": "#555555" }, "geometry": { "type": "MultiPolygon", "coordinates": [ [ [ [ 141.260099033259223, 43.096719710350413 ], [ 141.259464753823806, 43.096220029697491 ], [ 141.258140842329766, 43.097007717893682 ], [ 141.257756015191802, 43.097227186711521 ], [ 141.258502897543906, 43.097815715447261 ], [ 141.258760071261321, 43.098018358893647 ], [ 141.259168385480507, 43.098340073231419 ], [ 141.259481361430772, 43.098586664911423 ], [ 141.260182763592582, 43.099139322482849 ], [ 141.260830253070765, 43.099649451280058 ], [ 141.26236648193651, 43.098700399087079 ], [ 141.261857037629454, 43.098110026840374 ], [ 141.26184358278789, 43.098099291152458 ], [ 141.261548798300367, 43.097863749096597 ], [ 141.261425237005341, 43.097765067221928 ], [ 141.26114443759721, 43.097543287415718 ], [ 141.260831315253284, 43.097296614384732 ], [ 141.260099033259223, 43.096719710350413 ] ] ] ] } },
{ "type": "Feature", "properties": { "KEY_CODE": "01109420403", "S_NAME": "西宮の沢四条三丁目", "n_candidates": 15, "n_panel": 0, "detached_households": 5.0, "rate": 0.0, "fill": "#ffffcc", "fill-opacity": 0.7, "stroke": "#555555" }, "geometry": { "type": "MultiPolygon", "coordinates": [ [ [ [ 141.258502897543906, 43.097815715447261 ], [ 141.257756015191802, 43.097227186711521 ], [ 141.257521833895083, 43.097360774437568 ], [ 141.257459813863079, 43.097396153668406 ], [ 141.257219010134406, 43.097539857496024 ], [ 141.257077648567986, 43.097624194443192 ], [ 141.256993409098982, 43.09767444934652 ], [ 141.256498819975519, 43.097969512931783 ], [ 141.255909180864791, 43.098326595223128 ], [ 141.255681688864684, 43.098464360556989 ], [ 141.255773923535457, 43.098570935759533 ], [ 141.255822948599473, 43.098655053718346 ], [ 141.255834593238575, 43.098765850809968 ], [ 141.255812769685292, 43.098976016246674 ], [ 141.255811064358852, 43.098992457309976 ], [ 141.255784926579992, 43.099243938139892 ], [ 141.255802294680592, 43.099416323220275 ], [ 141.255836257792566, 43.099601160950073 ], [ 141.255877636459815, 43.099736833333814 ], [ 141.256010611679585, 43.099923727317865 ], [ 141.256094785545741, 43.099994786442515 ], [ 141.256222606680808, 43.100102723131876 ], [ 141.256401250007428, 43.100278899628691 ], [ 141.25643412598194, 43.100311254689522 ], [ 141.256764664397849, 43.100602468300622 ], [ 141.256803253850649, 43.100637685921818 ], [ 141.25705068290614, 43.100863406362052 ], [ 141.257273196308603, 43.101057191477508 ], [ 141.2573441802773, 43.101119062856995 ], [ 141.25745062750903, 43.101219570586132 ], [ 141.257588743817394, 43.10135010102583 ], [ 141.257776304484963, 43.101509473370797 ], [ 141.25785119615503, 43.101573066119634 ], [ 141.258172827199701, 43.101858149674378 ], [ 141.258226953315216, 43.101906160401292 ], [ 141.258600846048864, 43.102259844557558 ], [ 141.258654023868047, 43.102307143011132 ], [ 141.258694428096845, 43.102343149216232 ], [ 141.258698400481705, 43.102346700566599 ], [ 141.25877392060616, 43.102145088995378 ], [ 141.259433725717003, 43.100818487851683 ], [ 141.259589134947873, 43.100685783535027 ], [ 141.260581333279845, 43.099838244913947 ], [ 141.260830253070765, 43.099649451280058 ], [ 141.260182763592582, 43.099139322482849 ], [ 141.259481361430772, 43.098586664911423 ], [ 141.259168385480507, 43.098340073231419 ], [ 141.258760071261321, 43.098018358893647 ], [ 141.258502897543906, 43.097815715447261 ] ] ] ] } },
{ "type": "Feature", "properties": { "KEY_CODE": "01109420404", "S_NAME": "西宮の沢四条四丁目", "n_candidates": 180, "n_panel": 3, "detached_households": 154.0, "rate": 0.01948051948051948, "fill": "#ffffcc", "fill-opacity": 0.7, "stroke": "#555555" }, "geometry": { "type": "MultiPolygon", "coordinates": [ [ [ [ 141.255773923535429, 43.098570935759533 ], [ 141.255681688864712, 43.098464360556996 ], [ 141.255477121313277, 43.098580315939351 ], [ 141.255222909065964, 43.098727557146702 ], [ 141.255260815705412, 43.099244030795006 ], [ 141.255366540422585, 43.099845697727361 ], [ 141.255398842908278, 43.100061236247178 ], [ 141.255588657826763, 43.101327768673734 ], [ 141.255594028872395, 43.101363612136026 ], [ 141.255678112184739, 43.101903342288104 ], [ 141.255700953916858, 43.102188371294041 ], [ 141.255729406069236, 43.102542021983446 ], [ 141.25573436534529, 43.102579618846434 ], [ 141.255791166505219, 43.103014250207629 ], [ 141.255899402326918, 43.103829665354354 ], [ 141.255902576593371, 43.103853041437439 ], [ 141.255904652566016, 43.1039561611735 ], [ 141.256297290378882, 43.104331886253249 ], [ 141.256782609656227, 43.104823119755096 ], [ 141.256812641617699, 43.104853550462209 ], [ 141.257335812482864, 43.105372959161166 ], [ 141.257666742368684, 43.105701587302704 ], [ 141.257911739434661, 43.105365498516363 ], [ 141.258092846535902, 43.105003257138215 ], [ 141.258240692532553, 43.104525035989134 ], [ 141.258362291703406, 43.104007556226691 ], [ 141.258432350444338, 43.103692457435436 ], [ 141.258445389822469, 43.103633775014011 ], [ 141.258518344710666, 43.103305620644811 ], [ 141.258551145150022, 43.10315821384097 ], [ 141.258585272558918, 43.102910671680988 ], [ 141.258601895256902, 43.102790412933523 ], [ 141.258622560475686, 43.102657529457545 ], [ 141.258644414154219, 43.102516358031153 ], [ 141.258654023868075, 43.102307143011132 ], [ 141.258600846048864, 43.102259844557516 ], [ 141.258226953315216, 43.101906160401292 ], [ 141.258172827199701, 43.101858149674342 ], [ 141.25785119615503, 43.101573066119634 ], [ 141.257776304484963, 43.101509473370797 ], [ 141.257588743817394, 43.101350101025815 ], [ 141.257450627509058, 43.101219570586146 ], [ 141.2573441802773, 43.101119062856995 ], [ 141.257273196308603, 43.101057191477537 ], [ 141.257050682906112, 43.100863406362052 ], [ 141.256803253850649, 43.100637685921818 ], [ 141.256764664397821, 43.100602468300622 ], [ 141.25643412598194, 43.100311254689551 ], [ 141.256401250007428, 43.100278899628712 ], [ 141.256222606680808, 43.100102723131876 ], [ 141.256094785545741, 43.099994786442515 ], [ 141.256010611679557, 43.099923727317865 ], [ 141.255877636459786, 43.099736833333814 ], [ 141.255836257792538, 43.099601160950108 ], [ 141.255802294680564, 43.099416323220289 ], [ 141.255784926579992, 43.099243938139914 ], [ 141.255811064358824, 43.098992457309961 ], [ 141.255812769685292, 43.098976016246674 ], [ 141.255834593238575, 43.09876585080999 ], [ 141.255822948599416, 43.098655053718346 ], [ 141.255773923535429, 43.098570935759533 ] ] ] ] } },
{ "type": "Feature", "properties": { "KEY_CODE": "01109420405", "S_NAME": "西宮の沢四条五丁目", "n_candidates": 24, "n_panel": 0, "detached_households": 22.0, "rate": 0.0, "fill": "#ffffcc", "fill-opacity": 0.7, "stroke": "#555555" }, "geometry": { "type": "MultiPolygon", "coordinates": [ [ [ [ 141.256297290378882, 43.104331886253249 ], [ 141.255904652566016, 43.1039561611735 ], [ 141.255905960900378, 43.104029665908762 ], [ 141.256082220705252, 43.105155889659088 ], [ 141.256109260229778, 43.105335813710447 ], [ 141.256127480931525, 43.105503142776463 ], [ 141.256214890322298, 43.106307123493202 ], [ 141.256319348055769, 43.106745191693726 ], [ 141.256674016022487, 43.106543189029495 ], [ 141.256799858481969, 43.106471489174076 ], [ 141.257030881625411, 43.106311876200778 ], [ 141.257223024165484, 43.106182238090483 ], [ 141.257265519991421, 43.106142237644974 ], [ 141.257437446745371, 43.105980494323866 ], [ 141.25761258367146, 43.105798242052607 ], [ 141.257666742368684, 43.105701587302704 ], [ 141.257335812482864, 43.105372959161151 ], [ 141.256812641617756, 43.104853550462209 ], [ 141.256782609656227, 43.104823119755096 ], [ 141.256297290378882, 43.104331886253249 ] ] ] ] } },
{ "type": "Feature", "properties": { "KEY_CODE": "01109420501", "S_NAME": "西宮の沢五条一丁目", "n_candidates": 157, "n_panel": 9, "detached_households": 141.0, "rate": 0.063829787234042548, "fill": "#7fcdbb", "fill-opacity": 0.7, "stroke": "#555555" }, "geometry": { "type": "MultiPolygon", "coordinates": [ [ [ [ 141.262287251800501, 43.091905102783883 ], [ 141.261572361206646, 43.091473584749785 ], [ 141.26130798533768, 43.091563364275508 ], [ 141.261023269743134, 43.091646918725829 ], [ 141.26076547852071, 43.091732955028924 ], [ 141.260259631532023, 43.091884293741572 ], [ 141.259879074966165, 43.092001900494736 ], [ 141.259511788029613, 43.092123700978043 ], [ 141.259265695121087, 43.092204068198747 ], [ 141.259021055160133, 43.092289511188184 ], [ 141.258877649043711, 43.092339611252342 ], [ 141.258475661196087, 43.092488675872914 ], [ 141.258120006465617, 43.092620909076224 ], [ 141.257649386767127, 43.092812628730911 ], [ 141.257273454247581, 43.092982099240615 ], [ 141.257126836680897, 43.09305854201218 ], [ 141.256818379463056, 43.093185414358032 ], [ 141.256461877554528, 43.093363701684105 ], [ 141.256891825348589, 43.093581582844841 ], [ 141.257309698203073, 43.093792817683955 ], [ 141.25741901051731, 43.093848082415505 ], [ 141.257527104977299, 43.093902727702847 ], [ 141.258092395519327, 43.094190560460156 ], [ 141.258167501773954, 43.094228344587954 ], [ 141.258173309594724, 43.094231277271241 ], [ 141.258450886573712, 43.094371244668054 ], [ 141.258865400649512, 43.094583217540787 ], [ 141.259109350992645, 43.094707981438354 ], [ 141.259355969078399, 43.094834101917705 ], [ 141.259610417165504, 43.095028370563035 ], [ 141.259867132871477, 43.095213024266151 ], [ 141.259967705759607, 43.095272615844117 ], [ 141.260499105832224, 43.095640877834498 ], [ 141.261036923314663, 43.095329394279297 ], [ 141.262049005635703, 43.094748561804117 ], [ 141.262294140752772, 43.094608681377771 ], [ 141.26236581220968, 43.094567805361862 ], [ 141.262455039720237, 43.094509287478161 ], [ 141.262944844784442, 43.094234234086031 ], [ 141.26306943056349, 43.094161040378516 ], [ 141.264044267818292, 43.093590626713024 ], [ 141.264022818547318, 43.093569695018985 ], [ 141.263150425495269, 43.092718866380828 ], [ 141.263019078172903, 43.092561744714189 ], [ 141.262317093223629, 43.091923153943966 ], [ 141.262287251800501, 43.091905102783883 ] ] ] ] } },
{ "type": "Feature", "properties": { "KEY_CODE": "01109420502", "S_NAME": "西宮の沢五条二丁目", "n_candidates": 125, "n_panel": 1, "detached_households": 114.0, "rate": 0.008771929824561403, "fill": "#ffffcc", "fill-opacity": 0.7, "stroke": "#555555" }, "geometry": { "type": "MultiPolygon", "coordinates": [ [ [ [ 141.256891825348589, 43.093581582844841 ], [ 141.256461877554528, 43.093363701684105 ], [ 141.256093667007036, 43.093541884602843 ], [ 141.255613955137591, 43.093808419021755 ], [ 141.255171456696729, 43.094064158783766 ], [ 141.254976621118004, 43.094184557336973 ], [ 141.254347406717841, 43.094598040748942 ], [ 141.253825689465685, 43.094962590596815 ], [ 141.253554366900971, 43.095165660296566 ], [ 141.254183093434818, 43.095482615395625 ], [ 141.254472758444962, 43.095634373362309 ], [ 141.255982952296932, 43.096414919328055 ], [ 141.256249170020936, 43.096545437303895 ], [ 141.25657369843529, 43.09670227380893 ], [ 141.256008398814487, 43.097108864554933 ], [ 141.255718015970956, 43.097392512150009 ], [ 141.255614753317019, 43.097535016446969 ], [ 141.255527464602579, 43.097710362295054 ], [ 141.25549760201406, 43.097895348322254 ], [ 141.255491413828111, 43.097933765067985 ], [ 141.255467219651365, 43.098266703116707 ], [ 141.25536278333999, 43.098469680477656 ], [ 141.255222909065964, 43.098727557146702 ], [ 141.255477121313277, 43.098580315939351 ], [ 141.255681688864684, 43.098464360556989 ], [ 141.255909180864791, 43.098326595223128 ], [ 141.256498819975519, 43.097969512931783 ], [ 141.256993409098982, 43.09767444934652 ], [ 141.257077648567986, 43.097624194443199 ], [ 141.257219010134406, 43.097539857495988 ], [ 141.257459813863079, 43.097396153668406 ], [ 141.257521833895083, 43.097360774437568 ], [ 141.257756015191802, 43.097227186711521 ], [ 141.258140842329766, 43.097007717893632 ], [ 141.259464753823806, 43.096220029697491 ], [ 141.260335739036037, 43.095732161028018 ], [ 141.260338069081541, 43.095730493266963 ], [ 141.26034039912696, 43.095728825505809 ], [ 141.260499105832224, 43.095640877834498 ], [ 141.259967705759607, 43.095272615844117 ], [ 141.259867132871477, 43.095213024266151 ], [ 141.259610417165504, 43.095028370563035 ], [ 141.259355969078399, 43.094834101917705 ], [ 141.259109350992645, 43.094707981438354 ], [ 141.258865400649483, 43.094583217540787 ], [ 141.258450886573712, 43.094371244668054 ], [ 141.258173309594724, 43.094231277271241 ], [ 141.258167501773954, 43.094228344587954 ], [ 141.258092395519327, 43.094190560460156 ], [ 141.257527104977299, 43.093902727702847 ], [ 141.25741901051731, 43.093848082415505 ], [ 141.257309698203073, 43.093792817683955 ], [ 141.256891825348589, 43.093581582844841 ] ] ] ] } },
{ "type": "Feature", "properties": { "KEY_CODE": "01109420601", "S_NAME": "西宮の沢六条一丁目", "n_candidates": 94, "n_panel": 0, "detached_households": 90.0, "rate": 0.0, "fill": "#ffffcc", "fill-opacity": 0.7, "stroke": "#555555" }, "geometry": { "type": "MultiPolygon", "coordinates": [ [ [ [ 141.261572361206646, 43.091473584749785 ], [ 141.260476817278345, 43.090802749358801 ], [ 141.260374446511577, 43.090747922301041 ], [ 141.260151512693227, 43.090701477294196 ], [ 141.260097381406752, 43.090690178170952 ], [ 141.2598975120695, 43.090641540816804 ], [ 141.259347115957979, 43.090514759880172 ], [ 141.259201561665975, 43.090650783454436 ], [ 141.258884241793453, 43.09053649606706 ], [ 141.258844683411354, 43.090537981725547 ], [ 141.25879350509544, 43.090539929994357 ], [ 141.258713996195269, 43.090567162575852 ], [ 141.258137333848481, 43.090837860699267 ], [ 141.257528351504902, 43.090660911869726 ], [ 141.257418807361574, 43.090569096583529 ], [ 141.257377670835268, 43.090489971284349 ], [ 141.257367318535017, 43.090429750038325 ], [ 141.257373078624198, 43.090245255962166 ], [ 141.257426868700236, 43.090069406663325 ], [ 141.257533868491919, 43.089837051715946 ], [ 141.257550307703809, 43.089698294394957 ], [ 141.257530123951142, 43.089575394354824 ], [ 141.257512795700933, 43.089537266385967 ], [ 141.257459140075298, 43.089419210861259 ], [ 141.257408883148145, 43.089340358725003 ], [ 141.257037121777302, 43.088973182262414 ], [ 141.256873155159525, 43.088793405567763 ], [ 141.256717230190731, 43.088638664729508 ], [ 141.256610614461067, 43.088579718417357 ], [ 141.256410979510576, 43.088505406943838 ], [ 141.255994981969422, 43.088424013787041 ], [ 141.25533174111311, 43.088322818494902 ], [ 141.255292511298677, 43.088292166255499 ], [ 141.255265691377076, 43.08833075581353 ], [ 141.255245157500269, 43.08836039634955 ], [ 141.25443052017792, 43.089533161557348 ], [ 141.25400550485594, 43.090145057654766 ], [ 141.254418295232483, 43.090348030587947 ], [ 141.254593484392387, 43.090438870905196 ], [ 141.254720440580542, 43.090498066737872 ], [ 141.254790238393213, 43.090537353798261 ], [ 141.255041418715223, 43.09027277739235 ], [ 141.25519917626346, 43.090106482871832 ], [ 141.255347845631434, 43.090175852809985 ], [ 141.255449656698914, 43.090223435572632 ], [ 141.255708699243399, 43.090362756437365 ], [ 141.256000848661699, 43.090519946927031 ], [ 141.256106329579268, 43.090601740980496 ], [ 141.256191151326476, 43.090667460714634 ], [ 141.256371808207973, 43.090824104739291 ], [ 141.256489780489943, 43.090952423574365 ], [ 141.256808118847999, 43.091193671695279 ], [ 141.257131360638112, 43.09144628392157 ], [ 141.257139511827859, 43.091452613340323 ], [ 141.257172299039837, 43.091478286435411 ], [ 141.25748967026243, 43.091726275381383 ], [ 141.257687947035691, 43.09187955306588 ], [ 141.257702070685127, 43.091890435815635 ], [ 141.257907741445479, 43.092049404082644 ], [ 141.258475661196087, 43.092488675872914 ], [ 141.258877649043683, 43.092339611252342 ], [ 141.259021055160133, 43.092289511188184 ], [ 141.259265695121087, 43.092204068198747 ], [ 141.259511788029613, 43.092123700978043 ], [ 141.259879074966165, 43.092001900494736 ], [ 141.260259631532023, 43.091884293741572 ], [ 141.26076547852071, 43.091732955028924 ], [ 141.261023269743134, 43.091646918725829 ], [ 141.26130798533768, 43.091563364275508 ], [ 141.261572361206646, 43.091473584749785 ] ] ] ] } },
{ "type": "Feature", "properties": { "KEY_CODE": "01109420602", "S_NAME": "西宮の沢六条二丁目", "n_candidates": 46, "n_panel": 3, "detached_households": 39.0, "rate": 0.076923076923076927, "fill": "#7fcdbb", "fill-opacity": 0.7, "stroke": "#555555" }, "geometry": { "type": "MultiPolygon", "coordinates": [ [ [ [ 141.255347845631434, 43.090175852809985 ], [ 141.25519917626346, 43.090106482871832 ], [ 141.255041418715223, 43.09027277739235 ], [ 141.254790238393213, 43.090537353798261 ], [ 141.254841208027671, 43.090566069590878 ], [ 141.254921582561934, 43.090615927529946 ], [ 141.255009273346502, 43.09071782337471 ], [ 141.255140590103451, 43.090887121328784 ], [ 141.255259507507049, 43.091069743774668 ], [ 141.255315039020076, 43.091213909247969 ], [ 141.255330470227364, 43.091345629252622 ], [ 141.255329008282331, 43.091347023689579 ], [ 141.255325897956908, 43.091420770935024 ], [ 141.255269474480116, 43.091521554961069 ], [ 141.255206526258945, 43.09164605520543 ], [ 141.2552022655602, 43.09171965124149 ], [ 141.255260809431718, 43.091867569796207 ], [ 141.255283857484784, 43.091949563414111 ], [ 141.255284599060758, 43.092028407809394 ], [ 141.255254272557295, 43.092147283193768 ], [ 141.255202322522081, 43.092280034933339 ], [ 141.255202026285389, 43.092422941319562 ], [ 141.255187492134013, 43.092490893745776 ], [ 141.255177939063373, 43.092535751127755 ], [ 141.255138919557083, 43.092622479734601 ], [ 141.255101121904033, 43.092669202170882 ], [ 141.255076739435594, 43.092699372567722 ], [ 141.254891092548206, 43.092880825971363 ], [ 141.254797383940058, 43.0931509214032 ], [ 141.254751669171299, 43.093277748546058 ], [ 141.254712133133779, 43.093336974878234 ], [ 141.254650362502957, 43.093388479977108 ], [ 141.254570289980052, 43.093438350146421 ], [ 141.254422472735229, 43.093541294713397 ], [ 141.25431377314834, 43.093729323110587 ], [ 141.254256400466943, 43.093823346695359 ], [ 141.254188102199237, 43.093904617640462 ], [ 141.254074826309477, 43.09400188190088 ], [ 141.25389142800455, 43.094168442657455 ], [ 141.253683977858657, 43.094374249389389 ], [ 141.25360517018143, 43.094476315040062 ], [ 141.253496127510289, 43.094685158928925 ], [ 141.253384243965655, 43.094885816547134 ], [ 141.253314169092363, 43.094952230866653 ], [ 141.253264627231687, 43.095000959720394 ], [ 141.253554366900971, 43.095165660296566 ], [ 141.253825689465685, 43.094962590596815 ], [ 141.254347406717841, 43.094598040748942 ], [ 141.254976621118004, 43.094184557336973 ], [ 141.255171456696729, 43.094064158783766 ], [ 141.255613955137591, 43.093808419021755 ], [ 141.256093667007036, 43.093541884602843 ], [ 141.256461877554528, 43.093363701684105 ], [ 141.256818379463056, 43.093185414358032 ], [ 141.257126836680897, 43.09305854201218 ], [ 141.257273454247581, 43.092982099240615 ], [ 141.257649386767127, 43.092812628730911 ], [ 141.258120006465617, 43.092620909076224 ], [ 141.258475661196087, 43.092488675872914 ], [ 141.257907741445479, 43.092049404082644 ], [ 141.257702070685127, 43.091890435815635 ], [ 141.257687947035691, 43.09187955306588 ], [ 141.25748967026243, 43.091726275381383 ], [ 141.257172299039809, 43.091478286435411 ], [ 141.257139511827859, 43.091452613340323 ], [ 141.257131360638112, 43.09144628392157 ], [ 141.256808118847999, 43.091193671695279 ], [ 141.256489780489943, 43.090952423574365 ], [ 141.256371808207973, 43.090824104739291 ], [ 141.256191151326476, 43.090667460714634 ], [ 141.256106329579268, 43.090601740980496 ], [ 141.256000848661699, 43.090519946927031 ], [ 141.255708699243399, 43.090362756437365 ], [ 141.255449656698914, 43.090223435572682 ], [ 141.255347845631434, 43.090175852809985 ] ] ] ] } },
{ "type": "Feature", "properties": { "KEY_CODE": "01109440101", "S_NAME": "新発寒一条一丁目", "n_candidates": 85, "n_panel": 4, "detached_households": 90.0, "rate": 0.044444444444444446, "fill": "#c7e9b4", "fill-opacity": 0.7, "stroke": "#555555" }, "geometry": { "type": "MultiPolygon", "coordinates": [ [ [ [ 141.272161146019982, 43.104023890440409 ], [ 141.271495726771207, 43.103431456559157 ], [ 141.269672184351094, 43.10455940880059 ], [ 141.269498796883227, 43.104666664564022 ], [ 141.268874967012238, 43.105052549828585 ], [ 141.268690935739443, 43.105160950049928 ], [ 141.269902975934201, 43.106197281764736 ], [ 141.270442697025771, 43.10665874443896 ], [ 141.270446042608427, 43.106661220795054 ], [ 141.270563473507337, 43.106580392529004 ], [ 141.270620743387781, 43.106534183959809 ], [ 141.271204414157324, 43.106138015067891 ], [ 141.271786529816239, 43.105742893449822 ], [ 141.273089076431575, 43.104858732317112 ], [ 141.273067972374605, 43.104839845453327 ], [ 141.273011281352126, 43.104789357708206 ], [ 141.272161146019982, 43.104023890440409 ] ] ] ] } },
{ "type": "Feature", "properties": { "KEY_CODE": "01109440102", "S_NAME": "新発寒一条二丁目", "n_candidates": 48, "n_panel": 0, "detached_households": 48.0, "rate": 0.0, "fill": "#ffffcc", "fill-opacity": 0.7, "stroke": "#555555" }, "geometry": { "type": "MultiPolygon", "coordinates": [ [ [ [ 141.269902975934201, 43.106197281764736 ], [ 141.268690935739443, 43.105160950049928 ], [ 141.268355753757589, 43.105358377255044 ], [ 141.268134120397463, 43.10548892275353 ], [ 141.267759435508935, 43.105733336946976 ], [ 141.267576407809571, 43.105852732833448 ], [ 141.268622233775716, 43.106720757042865 ], [ 141.268788084232739, 43.106868975193983 ], [ 141.269378109586086, 43.107396260862721 ], [ 141.270142152360449, 43.106870386787868 ], [ 141.270446042608341, 43.106661220795054 ], [ 141.270442697025771, 43.10665874443896 ], [ 141.269902975934201, 43.106197281764736 ] ] ] ] } },
{ "type": "Feature", "properties": { "KEY_CODE": "01109440103", "S_NAME": "新発寒一条三丁目", "n_candidates": 99, "n_panel": 3, "detached_households": 102.0, "rate": 0.029411764705882353, "fill": "#c7e9b4", "fill-opacity": 0.7, "stroke": "#555555" }, "geometry": { "type": "MultiPolygon", "coordinates": [ [ [ [ 141.268622233775716, 43.106720757042865 ], [ 141.267576407809571, 43.105852732833448 ], [ 141.267149529414496, 43.106113437218433 ], [ 141.266751326345684, 43.106345410594763 ], [ 141.26653493935558, 43.10647985020681 ], [ 141.266530148288439, 43.106761685487321 ], [ 141.26651171829775, 43.107608562452597 ], [ 141.266511994658686, 43.107891636754033 ], [ 141.266487505011725, 43.108793318270855 ], [ 141.266494453246537, 43.108989244190418 ], [ 141.266486447880993, 43.109177724865887 ], [ 141.266813103896169, 43.108991343870549 ], [ 141.267135409188967, 43.108794657065388 ], [ 141.267376928087259, 43.108655719962954 ], [ 141.267462427387329, 43.108603285325174 ], [ 141.267756280623843, 43.108414862231839 ], [ 141.268154565039509, 43.108160381110622 ], [ 141.2685667355926, 43.107919731596631 ], [ 141.268984878839547, 43.107665488599331 ], [ 141.269378109586086, 43.107396260862721 ], [ 141.268788084232739, 43.106868975193983 ], [ 141.268622233775716, 43.106720757042865 ] ] ] ] } },
{ "type": "Feature", "properties": { "KEY_CODE": "01109440201", "S_NAME": "新発寒二条一丁目", "n_candidates": 80, "n_panel": 1, "detached_households": 73.0, "rate": 0.013698630136986301, "fill": "#ffffcc", "fill-opacity": 0.7, "stroke": "#555555" }, "geometry": { "type": "MultiPolygon", "coordinates": [ [ [ [ 141.27336487593459, 43.105104647662181 ], [ 141.273089076431575, 43.104858732317112 ], [ 141.271786529816239, 43.105742893449822 ], [ 141.271204414157324, 43.106138015067891 ], [ 141.270620743387781, 43.106534183959809 ], [ 141.270563473507337, 43.106580392529004 ], [ 141.270829518872347, 43.106810913606388 ], [ 141.271108402322398, 43.107052556681829 ], [ 141.272047884669831, 43.107866581238845 ], [ 141.272401986566962, 43.107630207237008 ], [ 141.272746887233012, 43.107386790846128 ], [ 141.273341634680065, 43.106985930541825 ], [ 141.273729090186038, 43.10671572758519 ], [ 141.27411652257166, 43.106452837562522 ], [ 141.274551759357706, 43.106177341361686 ], [ 141.274503243348363, 43.106131706662296 ], [ 141.27399376962677, 43.105665378265485 ], [ 141.27367154539769, 43.105378082828878 ], [ 141.273581312306789, 43.105297630292498 ], [ 141.27336487593459, 43.105104647662181 ] ] ] ] } },
{ "type": "Feature", "properties": { "KEY_CODE": "01109440202", "S_NAME": "新発寒二条二丁目", "n_candidates": 1, "n_panel": 0, "detached_households": 0.0, "rate": null, "fill": "#cccccc", "fill-opacity": 0.7, "stroke": "#555555" }, "geometry": { "type": "MultiPolygon", "coordinates": [ [ [ [ 141.270829518872318, 43.106810913606388 ], [ 141.270563473507309, 43.106580392529004 ], [ 141.270446042608341, 43.106661220795054 ], [ 141.270142152360449, 43.106870386787868 ], [ 141.269378109586086, 43.107396260862721 ], [ 141.270205987190678, 43.108126317998469 ], [ 141.270793714757446, 43.108705995106867 ], [ 141.271129022831985, 43.108469392220464 ], [ 141.271535579989092, 43.108212651581113 ], [ 141.271956813872436, 43.107931770422098 ], [ 141.272047884669831, 43.107866581238845 ], [ 141.271108402322398, 43.107052556681829 ], [ 141.270829518872318, 43.106810913606388 ] ] ] ] } },
{ "type": "Feature", "properties": { "KEY_CODE": "01109440203", "S_NAME": "新発寒二条三丁目", "n_candidates": 118, "n_panel": 1, "detached_households": 112.0, "rate": 0.0089285714285714281, "fill": "#ffffcc", "fill-opacity": 0.7, "stroke": "#555555" }, "geometry": { "type": "MultiPolygon", "coordinates": [ [ [ [ 141.270205987190678, 43.108126317998469 ], [ 141.269378109586086, 43.107396260862721 ], [ 141.268984878839547, 43.107665488599331 ], [ 141.2685667355926, 43.107919731596631 ], [ 141.268154565039509, 43.108160381110622 ], [ 141.267756280623843, 43.108414862231818 ], [ 141.267462427387329, 43.108603285325145 ], [ 141.267376928087259, 43.108655719962954 ], [ 141.267135409188967, 43.108794657065388 ], [ 141.267943857239175, 43.109484617515811 ], [ 141.268596584227453, 43.110056844881498 ], [ 141.268837636109026, 43.109923245477844 ], [ 141.269224065354251, 43.109678224339874 ], [ 141.269632096337062, 43.109444708490784 ], [ 141.270024804201029, 43.109190735836876 ], [ 141.270451368669882, 43.108926220695622 ], [ 141.270793714757446, 43.108705995106867 ], [ 141.270205987190678, 43.108126317998469 ] ] ] ] } },
{ "type": "Feature", "properties": { "KEY_CODE": "01109440204", "S_NAME": "新発寒二条四丁目", "n_candidates": 41, "n_panel": 1, "detached_households": 39.0, "rate": 0.02564102564102564, "fill": "#c7e9b4", "fill-opacity": 0.7, "stroke": "#555555" }, "geometry": { "type": "MultiPolygon", "coordinates": [ [ [ [ 141.268164047172775, 43.110327701966099 ], [ 141.268596584227453, 43.110056844881498 ], [ 141.267943857239175, 43.109484617515811 ], [ 141.267135409188967, 43.108794657065388 ], [ 141.266813103896169, 43.108991343870549 ], [ 141.266486447880993, 43.109177724865887 ], [ 141.266472590666581, 43.109414119838554 ], [ 141.266472082762789, 43.11004046026946 ], [ 141.266457269360956, 43.110192524348911 ], [ 141.266462262893583, 43.110396589343871 ], [ 141.266689141753176, 43.110243251140894 ], [ 141.267344068127358, 43.110833789837201 ], [ 141.267776507978965, 43.110569546408655 ], [ 141.268164047172775, 43.110327701966099 ] ] ] ] } },
{ "type": "Feature", "properties": { "KEY_CODE": "01109440205", "S_NAME": "新発寒二条五丁目", "n_candidates": 4, "n_panel": 0, "detached_households": 4.0, "rate": 0.0, "fill": "#ffffcc", "fill-opacity": 0.7, "stroke": "#555555" }, "geometry": { "type": "MultiPolygon", "coordinates": [ [ [ [ 141.266503278602983, 43.111337724662498 ], [ 141.266898290252101, 43.11109144808065 ], [ 141.267344068127358, 43.110833789837201 ], [ 141.266689141753176, 43.110243251140894 ], [ 141.266462262893583, 43.110396589343871 ], [ 141.266446943293118, 43.111096787952164 ], [ 141.266440159448734, 43.111394992366421 ], [ 141.266503278602983, 43.111337724662498 ] ] ] ] } },
{ "type": "Feature", "properties": { "KEY_CODE": "01109440301", "S_NAME": "新発寒三条一丁目", "n_candidates": 153, "n_panel": 6, "detached_households": 129.0, "rate": 0.046511627906976744, "fill": "#c7e9b4", "fill-opacity": 0.7, "stroke": "#555555" }, "geometry": { "type": "MultiPolygon", "coordinates": [ [ [ [ 141.274368796160502, 43.108800158950594 ], [ 141.27495105841129, 43.108436386689064 ], [ 141.275332826758671, 43.108773767738363 ], [ 141.275696904486608, 43.108482823873118 ], [ 141.27602477876556, 43.108204862324776 ], [ 141.276422204102971, 43.107886700130997 ], [ 141.276192046243295, 43.107685572572535 ], [ 141.275958162932142, 43.107477380583624 ], [ 141.27550847583845, 43.107077182362154 ], [ 141.275337955577612, 43.10691678916416 ], [ 141.274551759357706, 43.106177341361686 ], [ 141.27411652257166, 43.106452837562522 ], [ 141.273729090186094, 43.10671572758519 ], [ 141.27334163468015, 43.106985930541825 ], [ 141.272746887233012, 43.107386790846128 ], [ 141.272401986566962, 43.107630207237008 ], [ 141.273185690683277, 43.108344751056357 ], [ 141.273986757828112, 43.109030815425434 ], [ 141.274017383109367, 43.109012368227049 ], [ 141.274368796160502, 43.108800158950594 ] ] ] ] } },
{ "type": "Feature", "properties": { "KEY_CODE": "01109440302", "S_NAME": "新発寒三条二丁目", "n_candidates": 98, "n_panel": 2, "detached_households": 77.0, "rate": 0.025974025974025976, "fill": "#c7e9b4", "fill-opacity": 0.7, "stroke": "#555555" }, "geometry": { "type": "MultiPolygon", "coordinates": [ [ [ [ 141.273185690683277, 43.108344751056357 ], [ 141.272401986566962, 43.107630207237008 ], [ 141.272047884669831, 43.107866581238845 ], [ 141.271956813872436, 43.107931770422098 ], [ 141.271535579989092, 43.108212651581113 ], [ 141.271129022831985, 43.108469392220464 ], [ 141.270793714757446, 43.108705995106867 ], [ 141.271280661399942, 43.109140985782062 ], [ 141.271603958776069, 43.109411981644627 ], [ 141.272411499050975, 43.110101204873565 ], [ 141.272423303803777, 43.110010722472936 ], [ 141.272713702995048, 43.109845399408613 ], [ 141.273096018835048, 43.109597801009706 ], [ 141.273504885195109, 43.109334321968063 ], [ 141.273986757828112, 43.109030815425434 ], [ 141.273185690683277, 43.108344751056357 ] ] ] ] } },
{ "type": "Feature", "properties": { "KEY_CODE": "01109440303", "S_NAME": "新発寒三条三丁目", "n_candidates": 141, "n_panel": 5, "detached_households": 128.0, "rate": 0.0390625, "fill": "#c7e9b4", "fill-opacity": 0.7, "stroke": "#555555" }, "geometry": { "type": "MultiPolygon", "coordinates": [ [ [ [ 141.271280661399942, 43.109140985782062 ], [ 141.270793714757446, 43.108705995106867 ], [ 141.270451368669882, 43.108926220695622 ], [ 141.270024804201029, 43.109190735836876 ], [ 141.269632096337062, 43.109444708490784 ], [ 141.269224065354251, 43.109678224339874 ], [ 141.268837636109026, 43.109923245477844 ], [ 141.268596584227453, 43.110056844881498 ], [ 141.269410772029318, 43.110750219135184 ], [ 141.270227351409574, 43.111451483244792 ], [ 141.270450057750736, 43.111318638622372 ], [ 141.270835097752183, 43.111076553307676 ], [ 141.271235742276474, 43.110830873780294 ], [ 141.271635777039165, 43.110580618295295 ], [ 141.272063129589412, 43.11032637504411 ], [ 141.272411499050975, 43.110101204873565 ], [ 141.271603958776069, 43.109411981644627 ], [ 141.271280661399942, 43.109140985782062 ] ] ] ] } },
{ "type": "Feature", "properties": { "KEY_CODE": "01109440304", "S_NAME": "新発寒三条四丁目", "n_candidates": 71, "n_panel": 3, "detached_households": 66.0, "rate": 0.045454545454545456, "fill": "#c7e9b4", "fill-opacity": 0.7, "stroke": "#555555" }, "geometry": { "type": "MultiPolygon", "coordinates": [ [ [ [ 141.269410772029318, 43.110750219135184 ], [ 141.268596584227453, 43.110056844881498 ], [ 141.268164047172775, 43.110327701966099 ], [ 141.267776507978965, 43.110569546408655 ], [ 141.267344068127358, 43.110833789837201 ], [ 141.268118028187587, 43.111533368727706 ], [ 141.268922039118507, 43.112251905607074 ], [ 141.26935361115514, 43.11199411853503 ], [ 141.26975025605654, 43.111753331988858 ], [ 141.27023663360589, 43.111459299247343 ], [ 141.270227351409574, 43.111451483244792 ], [ 141.269410772029318, 43.110750219135184 ] ] ] ] } },
{ "type": "Feature", "properties": { "KEY_CODE": "01109440305", "S_NAME": "新発寒三条五丁目", "n_candidates": 88, "n_panel": 5, "detached_households": 77.0, "rate": 0.064935064935064929, "fill": "#7fcdbb", "fill-opacity": 0.7, "stroke": "#555555" }, "geometry": { "type": "MultiPolygon", "coordinates": [ [ [ [ 141.268118028187587, 43.111533368727706 ], [ 141.267344068127358, 43.110833789837201 ], [ 141.266898290252101, 43.11109144808065 ], [ 141.266503278603011, 43.111337724662498 ], [ 141.266440159448734, 43.111394992366421 ], [ 141.266431585579483, 43.111601051791453 ], [ 141.266432228396297, 43.111891090949534 ], [ 141.266427772306088, 43.112289955191535 ], [ 141.266412688135603, 43.11247689973743 ], [ 141.266403218516672, 43.113069194227485 ], [ 141.266858423228797, 43.113496265083604 ], [ 141.267293164321501, 43.113233659139709 ], [ 141.26769340465097, 43.112991222095637 ], [ 141.268089860831111, 43.112763168644832 ], [ 141.268470576868623, 43.11252864959306 ], [ 141.268922039118507, 43.112251905607074 ], [ 141.268118028187587, 43.111533368727706 ] ] ] ] } },
{ "type": "Feature", "properties": { "KEY_CODE": "01109440401", "S_NAME": "新発寒四条一丁目", "n_candidates": 15, "n_panel": 0, "detached_households": 6.0, "rate": 0.0, "fill": "#ffffcc", "fill-opacity": 0.7, "stroke": "#555555" }, "geometry": { "type": "MultiPolygon", "coordinates": [ [ [ [ 141.276063779955024, 43.1108043923929 ], [ 141.276544865142711, 43.110435321377636 ], [ 141.276923380274809, 43.11014822339137 ], [ 141.277480851602263, 43.109743367278902 ], [ 141.278061291839236, 43.109324215598768 ], [ 141.27764856331973, 43.108940445439458 ], [ 141.277175077488238, 43.108544692994535 ], [ 141.276422204102971, 43.107886700130997 ], [ 141.27602477876556, 43.108204862324776 ], [ 141.275696904486608, 43.108482823873118 ], [ 141.275332826758671, 43.108773767738363 ], [ 141.274951058411318, 43.108436386689064 ], [ 141.274368796160502, 43.108800158950594 ], [ 141.274017383109395, 43.109012368227049 ], [ 141.276021315171249, 43.110837015176159 ], [ 141.276063779955024, 43.1108043923929 ] ] ] ] } },
{ "type": "Feature", "properties": { "KEY_CODE": "01109440402", "S_NAME": "新発寒四条二丁目", "n_candidates": 0, "n_panel": 0, "detached_households": 0.0, "rate": null, "fill": "#cccccc", "fill-opacity": 0.7, "stroke": "#555555" }, "geometry": { "type": "MultiPolygon", "coordinates": [ [ [ [ 141.274587089786507, 43.111893233881588 ], [ 141.27505745800886, 43.111547286944926 ], [ 141.275211774246856, 43.111434458116648 ], [ 141.275266958008643, 43.11139273096493 ], [ 141.275491576075439, 43.111223041597029 ], [ 141.276021315171249, 43.110837015176159 ], [ 141.274017383109395, 43.109012368227049 ], [ 141.273986757828112, 43.109030815425434 ], [ 141.273504885195109, 43.109334321968063 ], [ 141.273096018835076, 43.109597801009706 ], [ 141.272713702995048, 43.109845399408584 ], [ 141.272423303803777, 43.110010722472914 ], [ 141.272411499050975, 43.110101204873565 ], [ 141.273229205990589, 43.110840373261702 ], [ 141.274032339500707, 43.111519069522984 ], [ 141.274530168723743, 43.111935508470673 ], [ 141.274587089786507, 43.111893233881588 ] ] ] ] } },
{ "type": "Feature", "properties": { "KEY_CODE": "01109440403", "S_NAME": "新発寒四条三丁目", "n_candidates": 172, "n_panel": 10, "detached_households": 149.0, "rate": 0.067114093959731544, "fill": "#7fcdbb", "fill-opacity": 0.7, "stroke": "#555555" }, "geometry": { "type": "MultiPolygon", "coordinates": [ [ [ [ 141.273229205990589, 43.110840373261702 ], [ 141.272411499050975, 43.110101204873565 ], [ 141.272063129589412, 43.11032637504411 ], [ 141.271635777039165, 43.110580618295295 ], [ 141.271235742276474, 43.110830873780294 ], [ 141.270835097752183, 43.111076553307676 ], [ 141.270450057750736, 43.111318638622372 ], [ 141.270227351409574, 43.111451483244792 ], [ 141.27023663360589, 43.111459299247343 ], [ 141.270673430184985, 43.111837810768286 ], [ 141.271025170781996, 43.11216256759802 ], [ 141.271838924573331, 43.1128799055234 ], [ 141.272505172384484, 43.113444284814911 ], [ 141.272725091274879, 43.113281172903228 ], [ 141.272819520331808, 43.1132165041466 ], [ 141.273082584309407, 43.113014164813258 ], [ 141.273445307805844, 43.112744035450525 ], [ 141.273801294514811, 43.11248087864935 ], [ 141.27418474656605, 43.112192637414438 ], [ 141.274530168723743, 43.111935508470673 ], [ 141.274032339500707, 43.111519069522984 ], [ 141.273229205990589, 43.110840373261702 ] ] ] ] } },
{ "type": "Feature", "properties": { "KEY_CODE": "01109440404", "S_NAME": "新発寒四条四丁目", "n_candidates": 94, "n_panel": 2, "detached_households": 81.0, "rate": 0.024691358024691357, "fill": "#c7e9b4", "fill-opacity": 0.7, "stroke": "#555555" }, "geometry": { "type": "MultiPolygon", "coordinates": [ [ [ [ 141.270673430184985, 43.111837810768286 ], [ 141.27023663360589, 43.111459299247343 ], [ 141.26975025605654, 43.111753331988858 ], [ 141.26935361115514, 43.11199411853503 ], [ 141.268922039118507, 43.112251905607074 ], [ 141.269704457893056, 43.112959209824162 ], [ 141.270502944945889, 43.113677616399833 ], [ 141.271264616951981, 43.114358005849859 ], [ 141.271331969093467, 43.114318142433646 ], [ 141.27166813213816, 43.114071070586881 ], [ 141.272056704333636, 43.113781826570154 ], [ 141.272378611160406, 43.113537584237534 ], [ 141.272505172384484, 43.113444284814911 ], [ 141.271838924573331, 43.1128799055234 ], [ 141.271025170781996, 43.11216256759802 ], [ 141.270673430184985, 43.111837810768286 ] ] ] ] } },
{ "type": "Feature", "properties": { "KEY_CODE": "01109440405", "S_NAME": "新発寒四条五丁目", "n_candidates": 191, "n_panel": 9, "detached_households": 169.0, "rate": 0.053254437869822487, "fill": "#7fcdbb", "fill-opacity": 0.7, "stroke": "#555555" }, "geometry": { "type": "MultiPolygon", "coordinates": [ [ [ [ 141.269704457893056, 43.112959209824162 ], [ 141.268922039118507, 43.112251905607074 ], [ 141.268470576868623, 43.11252864959306 ], [ 141.268089860831111, 43.112763168644832 ], [ 141.26769340465097, 43.112991222095637 ], [ 141.267293164321501, 43.113233659139709 ], [ 141.266858423228797, 43.113496265083604 ], [ 141.267667778855611, 43.114211480192907 ], [ 141.268452491039398, 43.114926266223932 ], [ 141.269338266634378, 43.115698033048687 ], [ 141.269398866229324, 43.115750805235876 ], [ 141.269537644376953, 43.115638834113646 ], [ 141.269771940028221, 43.115472682937629 ], [ 141.270145010064425, 43.115194559509007 ], [ 141.270488717134725, 43.114933484825521 ], [ 141.270844528614788, 43.114671668662147 ], [ 141.271264616951981, 43.114358005849859 ], [ 141.270502944945889, 43.113677616399833 ], [ 141.269704457893056, 43.112959209824162 ] ] ] ] } },
{ "type": "Feature", "properties": { "KEY_CODE": "01109440406", "S_NAME": "新発寒四条六丁目", "n_candidates": 156, "n_panel": 7, "detached_households": 138.0, "rate": 0.050724637681159424, "fill": "#7fcdbb", "fill-opacity": 0.7, "stroke": "#555555" }, "geometry": { "type": "MultiPolygon", "coordinates": [ [ [ [ 141.266858423228797, 43.113496265083604 ], [ 141.266403218516672, 43.113069194227485 ], [ 141.266398583597748, 43.113737343558313 ], [ 141.266362788037412, 43.114288973244371 ], [ 141.26638007551233, 43.114516634308593 ], [ 141.266367198085476, 43.114991731825562 ], [ 141.266359549720619, 43.115205886297929 ], [ 141.266345569742413, 43.115461831792956 ], [ 141.266338039383982, 43.115554530245056 ], [ 141.266273732632982, 43.115889796778831 ], [ 141.266182281444316, 43.116277575503915 ], [ 141.266139198449821, 43.116384246059816 ], [ 141.266096649657783, 43.116535578576084 ], [ 141.266097535686697, 43.116540157520895 ], [ 141.2661216902506, 43.116668573339247 ], [ 141.266150307217316, 43.11717222901607 ], [ 141.266164721981937, 43.117423424785912 ], [ 141.266190452717296, 43.117747437651268 ], [ 141.266203076785672, 43.118092646408108 ], [ 141.266315217009321, 43.118008159604898 ], [ 141.266688529856452, 43.117741089982623 ], [ 141.267055299138008, 43.11746264030895 ], [ 141.267144403981433, 43.117401726800075 ], [ 141.267232345524945, 43.117341505440898 ], [ 141.267518082356901, 43.117141268167153 ], [ 141.267671991406559, 43.11702605297716 ], [ 141.26790653340646, 43.116863283124324 ], [ 141.268264263970906, 43.116585033841048 ], [ 141.2686371696837, 43.116318165960642 ], [ 141.268994713649107, 43.116051165535183 ], [ 141.269336537477187, 43.115806534656265 ], [ 141.269398866229324, 43.115750805235876 ], [ 141.269338266634378, 43.115698033048687 ], [ 141.268452491039398, 43.114926266223932 ], [ 141.267667778855611, 43.114211480192907 ], [ 141.266858423228797, 43.113496265083604 ] ] ] ] } },
{ "type": "Feature", "properties": { "KEY_CODE": "01109440501", "S_NAME": "新発寒五条一丁目", "n_candidates": 109, "n_panel": 10, "detached_households": 88.0, "rate": 0.11363636363636363, "fill": "#41b6c4", "fill-opacity": 0.7, "stroke": "#555555" }, "geometry": { "type": "MultiPolygon", "coordinates": [ [ [ [ 141.278196661114606, 43.109450127481345 ], [ 141.278061291839236, 43.109324215598768 ], [ 141.277480851602263, 43.109743367278924 ], [ 141.276923380274809, 43.11014822339137 ], [ 141.276544865142711, 43.110435321377622 ], [ 141.276063779954939, 43.1108043923929 ], [ 141.276704034912683, 43.111350172034179 ], [ 141.27709695590903, 43.111724353918987 ], [ 141.277427312823079, 43.112024581227743 ], [ 141.277360404422012, 43.112079360732331 ], [ 141.277690695475485, 43.112389994966939 ], [ 141.277886595595049, 43.112536957748141 ], [ 141.278852967345699, 43.11341702526623 ], [ 141.279155086885027, 43.113694855108463 ], [ 141.279550376952585, 43.113397552891442 ], [ 141.280035800020414, 43.113021330260651 ], [ 141.280136029803941, 43.112935252790273 ], [ 141.281180144927077, 43.112137283704222 ], [ 141.280803143446462, 43.111805094687178 ], [ 141.280490279976874, 43.11152696696066 ], [ 141.280280589421096, 43.111329114260784 ], [ 141.279816855372303, 43.110891397447851 ], [ 141.279333022748659, 43.110456252357999 ], [ 141.279200423171403, 43.110337046445693 ], [ 141.279137199304159, 43.110280177167304 ], [ 141.278196661114606, 43.109450127481345 ] ] ] ] } },
{ "type": "Feature", "properties": { "KEY_CODE": "01109440502", "S_NAME": "新発寒五条二丁目", "n_candidates": 152, "n_panel": 6, "detached_households": 145.0, "rate": 0.041379310344827586, "fill": "#c7e9b4", "fill-opacity": 0.7, "stroke": "#555555" }, "geometry": { "type": "MultiPolygon", "coordinates": [ [ [ [ 141.276704034912683, 43.1113501720342 ], [ 141.276063779954939, 43.1108043923929 ], [ 141.276021315171249, 43.110837015176159 ], [ 141.27549157607541, 43.11122304159705 ], [ 141.275266958008643, 43.11139273096493 ], [ 141.275211774246827, 43.111434458116648 ], [ 141.275057458008888, 43.111547286944905 ], [ 141.274587089786507, 43.111893233881588 ], [ 141.27530343435842, 43.112525749876937 ], [ 141.275693753016469, 43.112881262418426 ], [ 141.275910375112772, 43.113078564895424 ], [ 141.275970825549422, 43.113146735876946 ], [ 141.27670933131688, 43.113799829032935 ], [ 141.277032396919282, 43.114085056591016 ], [ 141.277790205380768, 43.114754090812852 ], [ 141.277982766566055, 43.114606324619686 ], [ 141.278293617786034, 43.114367777153127 ], [ 141.278376318714209, 43.114304312761966 ], [ 141.278541452181997, 43.114177587530918 ], [ 141.279155086885027, 43.113694855108463 ], [ 141.278852967345699, 43.11341702526623 ], [ 141.277886595595049, 43.112536957748141 ], [ 141.277690695475485, 43.112389994966939 ], [ 141.277360404421984, 43.112079360732331 ], [ 141.277427312823022, 43.112024581227772 ], [ 141.27709695590903, 43.111724353918987 ], [ 141.276704034912683, 43.1113501720342 ] ] ] ] } },
{ "type": "Feature", "properties": { "KEY_CODE": "01109440503", "S_NAME": "新発寒五条三丁目", "n_candidates": 98, "n_panel": 4, "detached_households": 96.0, "rate": 0.041666666666666664, "fill": "#c7e9b4", "fill-opacity": 0.7, "stroke": "#555555" }, "geometry": { "type": "MultiPolygon", "coordinates": [ [ [ [ 141.27530343435842, 43.112525749876937 ], [ 141.274587089786507, 43.111893233881588 ], [ 141.274530168723743, 43.111935508470673 ], [ 141.27418474656605, 43.112192637414438 ], [ 141.273801294514811, 43.11248087864935 ], [ 141.273445307805844, 43.112744035450525 ], [ 141.273082584309407, 43.113014164813258 ], [ 141.272819520331808, 43.1132165041466 ], [ 141.274070857081824, 43.114101853859978 ], [ 141.27521039618, 43.114895938993627 ], [ 141.27645315585724, 43.115762767259454 ], [ 141.276833071662793, 43.115486091884968 ], [ 141.276911943934124, 43.115415590251736 ], [ 141.277180284983473, 43.115237549542613 ], [ 141.277344588905038, 43.11508239577185 ], [ 141.277421015294976, 43.11502609192582 ], [ 141.277790205380768, 43.114754090812852 ], [ 141.277032396919282, 43.114085056590987 ], [ 141.27670933131688, 43.113799829032935 ], [ 141.275970825549422, 43.113146735876946 ], [ 141.275910375112772, 43.113078564895424 ], [ 141.275693753016469, 43.112881262418426 ], [ 141.27530343435842, 43.112525749876937 ] ] ] ] } },
{ "type": "Feature", "properties": { "KEY_CODE": "01109440504", "S_NAME": "新発寒五条四丁目", "n_candidates": 63, "n_panel": 1, "detached_households": 54.0, "rate": 0.018518518518518517, "fill": "#ffffcc", "fill-opacity": 0.7, "stroke": "#555555" }, "geometry": { "type": "MultiPolygon", "coordinates": [ [ [ [ 141.274070857081824, 43.114101853859978 ], [ 141.272819520331808, 43.1132165041466 ], [ 141.272725091274822, 43.113281172903228 ], [ 141.272505172384427, 43.113444284814925 ], [ 141.272378611160406, 43.113537584237534 ], [ 141.272056704333636, 43.113781826570154 ], [ 141.27166813213816, 43.114071070586881 ], [ 141.271331969093467, 43.114318142433646 ], [ 141.271970172355054, 43.114781224471407 ], [ 141.272957762161639, 43.115513267524463 ], [ 141.273874397581494, 43.116174792794553 ], [ 141.274814056112291, 43.116862528423688 ], [ 141.274927141308297, 43.116941275439068 ], [ 141.275459549006627, 43.116529046062631 ], [ 141.275620475293607, 43.116405654730784 ], [ 141.276013676404574, 43.116114888809392 ], [ 141.276046473938266, 43.116086684996894 ], [ 141.27645315585724, 43.115762767259454 ], [ 141.27521039618, 43.114895938993627 ], [ 141.274070857081824, 43.114101853859978 ] ] ] ] } },
{ "type": "Feature", "properties": { "KEY_CODE": "01109440505", "S_NAME": "新発寒五条五丁目", "n_candidates": 238, "n_panel": 8, "detached_households": 226.0, "rate": 0.035398230088495575, "fill": "#c7e9b4", "fill-opacity": 0.7, "stroke": "#555555" }, "geometry": { "type": "MultiPolygon", "coordinates": [ [ [ [ 141.271970172355054, 43.114781224471407 ], [ 141.271331969093467, 43.114318142433646 ], [ 141.271264616951981, 43.114358005849859 ], [ 141.270844528614788, 43.114671668662147 ], [ 141.270488717134725, 43.114933484825521 ], [ 141.270145010064425, 43.115194559509007 ], [ 141.269771940028221, 43.115472682937629 ], [ 141.269537644376953, 43.115638834113646 ], [ 141.269960527630531, 43.11593417165313 ], [ 141.270196753096712, 43.116105118937192 ], [ 141.271179413696672, 43.116812151946796 ], [ 141.271608531785944, 43.117144181378606 ], [ 141.272079971347068, 43.117476925990708 ], [ 141.272541816493856, 43.117821683399868 ], [ 141.27305809706354, 43.118172530403506 ], [ 141.273429709996662, 43.117912535408216 ], [ 141.273842575929194, 43.11758748576937 ], [ 141.274458581532372, 43.117140670884645 ], [ 141.274814056112291, 43.116862528423688 ], [ 141.273874397581494, 43.116174792794553 ], [ 141.272957762161639, 43.115513267524463 ], [ 141.271970172355054, 43.114781224471407 ] ] ] ] } },
{ "type": "Feature", "properties": { "KEY_CODE": "01109440506", "S_NAME": "新発寒五条六丁目", "n_candidates": 211, "n_panel": 6, "detached_households": 189.0, "rate": 0.031746031746031744, "fill": "#c7e9b4", "fill-opacity": 0.7, "stroke": "#555555" }, "geometry": { "type": "MultiPolygon", "coordinates": [ [ [ [ 141.269960527630531, 43.11593417165313 ], [ 141.269537644376953, 43.115638834113646 ], [ 141.269398866229324, 43.115750805235876 ], [ 141.269336537477187, 43.115806534656265 ], [ 141.268994713649107, 43.116051165535183 ], [ 141.2686371696837, 43.116318165960642 ], [ 141.268264263970906, 43.116585033841048 ], [ 141.26790653340646, 43.116863283124324 ], [ 141.267671991406559, 43.11702605297716 ], [ 141.268134210098566, 43.117299087932594 ], [ 141.26939316758174, 43.118114486430343 ], [ 141.270258489436401, 43.11866741844598 ], [ 141.270369443596536, 43.118747626153095 ], [ 141.271380148955728, 43.119389147696481 ], [ 141.27175747610363, 43.119115837888771 ], [ 141.272222791992363, 43.118789625851754 ], [ 141.272472872358009, 43.118602370238101 ], [ 141.272684683217733, 43.118449035727799 ], [ 141.27305809706354, 43.118172530403506 ], [ 141.272541816493856, 43.117821683399868 ], [ 141.272079971347068, 43.117476925990708 ], [ 141.271608531785944, 43.117144181378606 ], [ 141.271179413696672, 43.116812151946796 ], [ 141.270196753096712, 43.116105118937192 ], [ 141.269960527630531, 43.11593417165313 ] ] ] ] } },
{ "type": "Feature", "properties": { "KEY_CODE": "01109440507", "S_NAME": "新発寒五条七丁目", "n_candidates": 128, "n_panel": 3, "detached_households": 112.0, "rate": 0.026785714285714284, "fill": "#c7e9b4", "fill-opacity": 0.7, "stroke": "#555555" }, "geometry": { "type": "MultiPolygon", "coordinates": [ [ [ [ 141.268134210098566, 43.117299087932594 ], [ 141.267671991406559, 43.11702605297716 ], [ 141.267518082356901, 43.117141268167153 ], [ 141.267232345524945, 43.117341505440898 ], [ 141.267144403981433, 43.117401726800075 ], [ 141.267055299138008, 43.11746264030895 ], [ 141.266688529856452, 43.117741089982623 ], [ 141.267173787124534, 43.118086412778702 ], [ 141.267563445587655, 43.118370572639989 ], [ 141.267941844141461, 43.118650625880036 ], [ 141.269106173511545, 43.119518253294309 ], [ 141.270165833148866, 43.120285327235443 ], [ 141.270549301882738, 43.120014317845062 ], [ 141.270930049385441, 43.11972105892017 ], [ 141.271380148955728, 43.119389147696481 ], [ 141.270369443596536, 43.118747626153095 ], [ 141.270258489436401, 43.11866741844598 ], [ 141.26939316758174, 43.118114486430343 ], [ 141.268134210098566, 43.117299087932594 ] ] ] ] } },
{ "type": "Feature", "properties": { "KEY_CODE": "01109440508", "S_NAME": "新発寒五条八丁目", "n_candidates": 126, "n_panel": 7, "detached_households": 113.0, "rate": 0.061946902654867256, "fill": "#7fcdbb", "fill-opacity": 0.7, "stroke": "#555555" }, "geometry": { "type": "MultiPolygon", "coordinates": [ [ [ [ 141.267173787124534, 43.118086412778702 ], [ 141.266688529856452, 43.117741089982623 ], [ 141.266315217009321, 43.118008159604898 ], [ 141.266203076785672, 43.118092646408108 ], [ 141.266218531749843, 43.118488867990344 ], [ 141.266214538915818, 43.118738499185056 ], [ 141.266199849981632, 43.119038605198128 ], [ 141.266216748076033, 43.119523529961825 ], [ 141.266205062245263, 43.119635605853766 ], [ 141.26721443603131, 43.120345517494371 ], [ 141.267604423039444, 43.120645088042046 ], [ 141.268653265563245, 43.121404137039363 ], [ 141.269038406879275, 43.121125340243772 ], [ 141.269254228695445, 43.120963740981246 ], [ 141.269444242048991, 43.120825057895779 ], [ 141.269806414046911, 43.12055928413524 ], [ 141.270165833148866, 43.120285327235443 ], [ 141.269106173511545, 43.119518253294309 ], [ 141.267941844141461, 43.118650625880036 ], [ 141.267563445587655, 43.118370572639989 ], [ 141.267173787124534, 43.118086412778702 ] ] ] ] } },
{ "type": "Feature", "properties": { "KEY_CODE": "01109440509", "S_NAME": "新発寒五条九丁目", "n_candidates": 35, "n_panel": 0, "detached_households": 30.0, "rate": 0.0, "fill": "#ffffcc", "fill-opacity": 0.7, "stroke": "#555555" }, "geometry": { "type": "MultiPolygon", "coordinates": [ [ [ [ 141.26721443603131, 43.120345517494371 ], [ 141.266205062245263, 43.119635605853766 ], [ 141.266191520020527, 43.119863357335433 ], [ 141.266192991466681, 43.12016065231456 ], [ 141.266182668986175, 43.120457003223322 ], [ 141.266183024864091, 43.121123026786783 ], [ 141.266160979236076, 43.12154565804817 ], [ 141.266158161333834, 43.121667445114483 ], [ 141.266153705422369, 43.121765656637614 ], [ 141.266168159146872, 43.122336926547085 ], [ 141.266157277073631, 43.122506538216179 ], [ 141.266405589508196, 43.122684422689886 ], [ 141.266665728758511, 43.122849326881429 ], [ 141.267061415914526, 43.122554453168526 ], [ 141.267454300726172, 43.122278473021744 ], [ 141.267871342729791, 43.121986662560104 ], [ 141.268279464592439, 43.121688092058015 ], [ 141.268653265563245, 43.121404137039363 ], [ 141.267604423039444, 43.120645088042046 ], [ 141.26721443603131, 43.120345517494371 ] ] ] ] } },
{ "type": "Feature", "properties": { "KEY_CODE": "01109440601", "S_NAME": "新発寒六条一丁目", "n_candidates": 63, "n_panel": 4, "detached_households": 51.0, "rate": 0.078431372549019607, "fill": "#7fcdbb", "fill-opacity": 0.7, "stroke": "#555555" }, "geometry": { "type": "MultiPolygon", "coordinates": [ [ [ [ 141.28168581256844, 43.112583016614408 ], [ 141.281180144927077, 43.112137283704222 ], [ 141.280136029803941, 43.112935252790273 ], [ 141.280035800020414, 43.113021330260651 ], [ 141.279550376952585, 43.113397552891442 ], [ 141.279155086885027, 43.113694855108463 ], [ 141.27948533044227, 43.114003304241777 ], [ 141.280454341422882, 43.114852367826757 ], [ 141.281885008719883, 43.116079973801043 ], [ 141.282266868474949, 43.115794504429601 ], [ 141.28264422606577, 43.115520388775749 ], [ 141.282974203923061, 43.115273862158453 ], [ 141.283924538374691, 43.114585632912771 ], [ 141.283744464119167, 43.114413916669193 ], [ 141.28360299850732, 43.114289927766023 ], [ 141.282850131070916, 43.113630142288329 ], [ 141.282525980040333, 43.113336310740472 ], [ 141.282475915000077, 43.113290877034302 ], [ 141.281998731330333, 43.112858258083534 ], [ 141.281846391376035, 43.112724188724144 ], [ 141.281745744370852, 43.112635778491644 ], [ 141.28168581256844, 43.112583016614408 ] ] ] ] } },
{ "type": "Feature", "properties": { "KEY_CODE": "01109440602", "S_NAME": "新発寒六条二丁目", "n_candidates": 92, "n_panel": 5, "detached_households": 90.0, "rate": 0.055555555555555552, "fill": "#7fcdbb", "fill-opacity": 0.7, "stroke": "#555555" }, "geometry": { "type": "MultiPolygon", "coordinates": [ [ [ [ 141.27948533044227, 43.114003304241777 ], [ 141.279155086885027, 43.113694855108463 ], [ 141.278541452181997, 43.114177587530918 ], [ 141.278376318714209, 43.114304312761966 ], [ 141.278293617786034, 43.114367777153142 ], [ 141.277982766566055, 43.114606324619686 ], [ 141.277790205380768, 43.114754090812902 ], [ 141.278128993617855, 43.115032094015064 ], [ 141.278629520348801, 43.11542061950378 ], [ 141.279158264584112, 43.115876616373292 ], [ 141.279428931418636, 43.116098268640272 ], [ 141.280613356072678, 43.116991919351356 ], [ 141.281119559852726, 43.116638304934781 ], [ 141.281515968077457, 43.116343748821492 ], [ 141.281885008719883, 43.116079973801043 ], [ 141.280454341422882, 43.114852367826757 ], [ 141.27948533044227, 43.114003304241777 ] ] ] ] } },
{ "type": "Feature", "properties": { "KEY_CODE": "01109440603", "S_NAME": "新発寒六条三丁目", "n_candidates": 112, "n_panel": 7, "detached_households": 99.0, "rate": 0.070707070707070704, "fill": "#7fcdbb", "fill-opacity": 0.7, "stroke": "#555555" }, "geometry": { "type": "MultiPolygon", "coordinates": [ [ [ [ 141.278128993617855, 43.115032094015064 ], [ 141.277790205380768, 43.114754090812902 ], [ 141.277421015294976, 43.11502609192582 ], [ 141.277344588905038, 43.11508239577185 ], [ 141.277180284983473, 43.115237549542613 ], [ 141.276911943934152, 43.115415590251729 ], [ 141.276833071662793, 43.115486091884968 ], [ 141.27645315585724, 43.115762767259454 ], [ 141.276934007423336, 43.116065754215334 ], [ 141.277395023771618, 43.116397053285489 ], [ 141.278259876771585, 43.116997482849051 ], [ 141.278596192194243, 43.117232353535869 ], [ 141.279406918960632, 43.117887665230256 ], [ 141.279575074858428, 43.117768195876387 ], [ 141.279617598946771, 43.117737963108098 ], [ 141.280037436254673, 43.117419488278166 ], [ 141.280613356072678, 43.116991919351356 ], [ 141.279428931418636, 43.116098268640272 ], [ 141.279158264584112, 43.115876616373292 ], [ 141.278629520348801, 43.11542061950378 ], [ 141.278128993617855, 43.115032094015064 ] ] ] ] } },
{ "type": "Feature", "properties": { "KEY_CODE": "01109440604", "S_NAME": "新発寒六条四丁目", "n_candidates": 171, "n_panel": 7, "detached_households": 161.0, "rate": 0.043478260869565216, "fill": "#c7e9b4", "fill-opacity": 0.7, "stroke": "#555555" }, "geometry": { "type": "MultiPolygon", "coordinates": [ [ [ [ 141.276934007423336, 43.116065754215334 ], [ 141.27645315585724, 43.115762767259454 ], [ 141.276046473938266, 43.116086684996894 ], [ 141.276013676404574, 43.116114888809392 ], [ 141.275620475293607, 43.116405654730784 ], [ 141.275459549006627, 43.116529046062631 ], [ 141.274927141308297, 43.116941275439068 ], [ 141.275835628675111, 43.117580072112666 ], [ 141.27614362930936, 43.117808096533913 ], [ 141.27637580549623, 43.11798218519089 ], [ 141.276678145640204, 43.118208876716949 ], [ 141.276987659980989, 43.118426573621512 ], [ 141.277495615100349, 43.118789498517259 ], [ 141.277846783519294, 43.119032374816918 ], [ 141.278046372906317, 43.118874284686626 ], [ 141.278187571331443, 43.118778220110357 ], [ 141.278399387530072, 43.118629937928112 ], [ 141.278729365505001, 43.118385324520027 ], [ 141.279035640045976, 43.118170329033596 ], [ 141.279136083824483, 43.118077362881721 ], [ 141.279406918960632, 43.117887665230256 ], [ 141.278596192194243, 43.117232353535869 ], [ 141.278259876771585, 43.116997482849051 ], [ 141.277395023771618, 43.116397053285489 ], [ 141.276934007423336, 43.116065754215334 ] ] ] ] } },
{ "type": "Feature", "properties": { "KEY_CODE": "01109440605", "S_NAME": "新発寒六条五丁目", "n_candidates": 233, "n_panel": 15, "detached_households": 221.0, "rate": 0.067873303167420809, "fill": "#7fcdbb", "fill-opacity": 0.7, "stroke": "#555555" }, "geometry": { "type": "MultiPolygon", "coordinates": [ [ [ [ 141.274927141308297, 43.116941275439068 ], [ 141.274814056112291, 43.116862528423688 ], [ 141.274458581532372, 43.117140670884645 ], [ 141.273842575929194, 43.11758748576937 ], [ 141.273429709996662, 43.117912535408216 ], [ 141.27305809706354, 43.118172530403506 ], [ 141.27435445023869, 43.119118328054249 ], [ 141.275711520493132, 43.120090812461257 ], [ 141.276040333757123, 43.120350316639168 ], [ 141.276681898712894, 43.119886116153445 ], [ 141.276992285946676, 43.119661451190176 ], [ 141.277682878181139, 43.119149626575485 ], [ 141.277846783519294, 43.119032374816918 ], [ 141.277495615100378, 43.118789498517259 ], [ 141.276987659980989, 43.118426573621512 ], [ 141.276678145640204, 43.118208876716949 ], [ 141.27637580549623, 43.11798218519089 ], [ 141.27614362930936, 43.117808096533913 ], [ 141.275835628675111, 43.117580072112666 ], [ 141.274927141308297, 43.116941275439068 ] ] ] ] } },
{ "type": "Feature", "properties": { "KEY_CODE": "01109440606", "S_NAME": "新発寒六条六丁目", "n_candidates": 149, "n_panel": 8, "detached_households": 138.0, "rate": 0.057971014492753624, "fill": "#7fcdbb", "fill-opacity": 0.7, "stroke": "#555555" }, "geometry": { "type": "MultiPolygon", "coordinates": [ [ [ [ 141.27435445023869, 43.119118328054249 ], [ 141.27305809706354, 43.118172530403506 ], [ 141.272684683217733, 43.118449035727799 ], [ 141.272472872358009, 43.118602370238101 ], [ 141.272222791992363, 43.118789625851754 ], [ 141.27175747610363, 43.119115837888771 ], [ 141.271380148955728, 43.119389147696481 ], [ 141.272560025423815, 43.12013432421378 ], [ 141.27277308857353, 43.120276734190917 ], [ 141.27315596357235, 43.120522713638252 ], [ 141.273504266961595, 43.120757494922501 ], [ 141.273856990688159, 43.120992241934914 ], [ 141.274192068527469, 43.121213826797209 ], [ 141.274550871500992, 43.121446936056252 ], [ 141.274772819426772, 43.121278911781715 ], [ 141.275076573060943, 43.121067909578755 ], [ 141.27527061059277, 43.120916174532269 ], [ 141.275374218084011, 43.120848485300634 ], [ 141.276040333757123, 43.120350316639168 ], [ 141.275711520493132, 43.120090812461257 ], [ 141.27435445023869, 43.119118328054249 ] ] ] ] } },
{ "type": "Feature", "properties": { "KEY_CODE": "01109440607", "S_NAME": "新発寒六条七丁目", "n_candidates": 146, "n_panel": 6, "detached_households": 144.0, "rate": 0.041666666666666664, "fill": "#c7e9b4", "fill-opacity": 0.7, "stroke": "#555555" }, "geometry": { "type": "MultiPolygon", "coordinates": [ [ [ [ 141.272560025423815, 43.12013432421378 ], [ 141.271380148955728, 43.119389147696481 ], [ 141.270930049385441, 43.11972105892017 ], [ 141.270549301882738, 43.120014317845062 ], [ 141.270165833148866, 43.120285327235443 ], [ 141.271252681367542, 43.121082797107015 ], [ 141.272218326372411, 43.121796885163846 ], [ 141.273143364508314, 43.122481854715744 ], [ 141.273508516709597, 43.122220250515653 ], [ 141.273801663593417, 43.121994673082803 ], [ 141.27388823719059, 43.121941891455322 ], [ 141.274097445262782, 43.121778330613196 ], [ 141.274197007995696, 43.121711663397356 ], [ 141.2742528762208, 43.121669872323821 ], [ 141.274550871500992, 43.121446936056252 ], [ 141.274192068527469, 43.121213826797209 ], [ 141.273856990688159, 43.120992241934914 ], [ 141.273504266961595, 43.120757494922501 ], [ 141.27315596357235, 43.120522713638252 ], [ 141.27277308857353, 43.120276734190917 ], [ 141.272560025423815, 43.12013432421378 ] ] ] ] } },
{ "type": "Feature", "properties": { "KEY_CODE": "01109440608", "S_NAME": "新発寒六条八丁目", "n_candidates": 177, "n_panel": 3, "detached_households": 164.0, "rate": 0.018292682926829267, "fill": "#ffffcc", "fill-opacity": 0.7, "stroke": "#555555" }, "geometry": { "type": "MultiPolygon", "coordinates": [ [ [ [ 141.271252681367542, 43.121082797107015 ], [ 141.270165833148866, 43.120285327235443 ], [ 141.269806414046911, 43.12055928413524 ], [ 141.269444242048991, 43.120825057895779 ], [ 141.269254228695445, 43.120963740981246 ], [ 141.269038406879275, 43.121125340243772 ], [ 141.268653265563245, 43.121404137039363 ], [ 141.269729901214276, 43.122191757422193 ], [ 141.270698286266281, 43.122899605292346 ], [ 141.271637748802988, 43.12358498044523 ], [ 141.272024816291093, 43.123310628649506 ], [ 141.272426199496238, 43.123023385816893 ], [ 141.272777493854875, 43.122764268186387 ], [ 141.273143364508314, 43.122481854715744 ], [ 141.272218326372411, 43.121796885163846 ], [ 141.271252681367542, 43.121082797107015 ] ] ] ] } },
{ "type": "Feature", "properties": { "KEY_CODE": "01109440609", "S_NAME": "新発寒六条九丁目", "n_candidates": 227, "n_panel": 10, "detached_households": 208.0, "rate": 0.04807692307692308, "fill": "#c7e9b4", "fill-opacity": 0.7, "stroke": "#555555" }, "geometry": { "type": "MultiPolygon", "coordinates": [ [ [ [ 141.269729901214276, 43.122191757422193 ], [ 141.268653265563245, 43.121404137039363 ], [ 141.268279464592439, 43.121688092058015 ], [ 141.267871342729791, 43.121986662560104 ], [ 141.267454300726172, 43.122278473021744 ], [ 141.267061415914526, 43.122554453168526 ], [ 141.266665728758511, 43.122849326881429 ], [ 141.267759218836602, 43.123645690976986 ], [ 141.268115763128407, 43.123900385491389 ], [ 141.268177543627615, 43.12394564441535 ], [ 141.268598994089331, 43.124254484868118 ], [ 141.268722596600298, 43.124336352057966 ], [ 141.269023996874353, 43.12455751761339 ], [ 141.26923125836862, 43.124709586168791 ], [ 141.26966720778745, 43.125030995212093 ], [ 141.270068726023283, 43.124743686898952 ], [ 141.270455737347447, 43.124450766106449 ], [ 141.270835402757712, 43.124166713430341 ], [ 141.271233484221597, 43.12388963853261 ], [ 141.271637748802988, 43.12358498044523 ], [ 141.270698286266281, 43.122899605292346 ], [ 141.269729901214276, 43.122191757422193 ] ] ] ] } },
{ "type": "Feature", "properties": { "KEY_CODE": "01109440610", "S_NAME": "新発寒六条十丁目", "n_candidates": 141, "n_panel": 7, "detached_households": 141.0, "rate": 0.049645390070921988, "fill": "#c7e9b4", "fill-opacity": 0.7, "stroke": "#555555" }, "geometry": { "type": "MultiPolygon", "coordinates": [ [ [ [ 141.266405589508196, 43.122684422689886 ], [ 141.266157277073631, 43.122506538216179 ], [ 141.266153951044117, 43.122899370201594 ], [ 141.266146267043524, 43.123055154387409 ], [ 141.266155478038741, 43.123450556030804 ], [ 141.266149797823743, 43.12360108213884 ], [ 141.266136634189365, 43.124140325882507 ], [ 141.266125724084702, 43.125436615218739 ], [ 141.266116795179698, 43.125604133640323 ], [ 141.266120923884074, 43.125783649854263 ], [ 141.266119143698972, 43.126127967550708 ], [ 141.266095066099382, 43.126736954962723 ], [ 141.266100389876783, 43.126901782554974 ], [ 141.267425041641133, 43.126668334063041 ], [ 141.267718142823895, 43.126449027443321 ], [ 141.268096554270272, 43.126184667610318 ], [ 141.268479847487612, 43.125891089907114 ], [ 141.268881493459162, 43.125602450787277 ], [ 141.269280386986196, 43.125323562274396 ], [ 141.26966720778745, 43.125030995212093 ], [ 141.26923125836862, 43.124709586168791 ], [ 141.269023996874353, 43.12455751761339 ], [ 141.268722596600298, 43.124336352057966 ], [ 141.268598994089331, 43.124254484868118 ], [ 141.268177543627615, 43.12394564441535 ], [ 141.268115763128407, 43.123900385491389 ], [ 141.267759218836602, 43.123645690976986 ], [ 141.266665728758511, 43.122849326881429 ], [ 141.266405589508196, 43.122684422689886 ] ] ] ] } },
{ "type": "Feature", "properties": { "KEY_CODE": "01109440701", "S_NAME": "新発寒七条一丁目", "n_candidates": 93, "n_panel": 1, "detached_households": 73.0, "rate": 0.013698630136986301, "fill": "#ffffcc", "fill-opacity": 0.7, "stroke": "#555555" }, "geometry": { "type": "MultiPolygon", "coordinates": [ [ [ [ 141.28415738921629, 43.114807585844702 ], [ 141.283924538374748, 43.114585632912721 ], [ 141.282974203923061, 43.115273862158453 ], [ 141.28264422606577, 43.115520388775749 ], [ 141.282266868474949, 43.115794504429601 ], [ 141.281885008719883, 43.116079973801043 ], [ 141.282838649114865, 43.116902728587199 ], [ 141.284246525197375, 43.118199456796127 ], [ 141.284646896695818, 43.117915397840299 ], [ 141.285011539532803, 43.117656707090077 ], [ 141.286225923480259, 43.116795135011017 ], [ 141.285761877522617, 43.116390706065609 ], [ 141.285609192399136, 43.116136940279958 ], [ 141.285255948789796, 43.115811154986716 ], [ 141.284881316351544, 43.115472248319733 ], [ 141.284856182642216, 43.115446647773091 ], [ 141.284792205210692, 43.115388368553482 ], [ 141.284471089263917, 43.115095625276574 ], [ 141.28415738921629, 43.114807585844702 ] ] ] ] } },
{ "type": "Feature", "properties": { "KEY_CODE": "01109440702", "S_NAME": "新発寒七条二丁目", "n_candidates": 53, "n_panel": 1, "detached_households": 36.0, "rate": 0.027777777777777776, "fill": "#c7e9b4", "fill-opacity": 0.7, "stroke": "#555555" }, "geometry": { "type": "MultiPolygon", "coordinates": [ [ [ [ 141.282838649114865, 43.116902728587199 ], [ 141.281885008719883, 43.116079973801043 ], [ 141.281515968077457, 43.116343748821492 ], [ 141.281119559852726, 43.116638304934781 ], [ 141.280613356072678, 43.116991919351356 ], [ 141.281594899662792, 43.117773918999838 ], [ 141.282592789470328, 43.118586080231417 ], [ 141.282770598632737, 43.118694765085813 ], [ 141.283131680929728, 43.118998192442149 ], [ 141.283225686777399, 43.118923594535481 ], [ 141.283453737823635, 43.118761796288403 ], [ 141.283862944908321, 43.118471559455401 ], [ 141.284246525197375, 43.118199456796127 ], [ 141.282838649114865, 43.116902728587199 ] ] ] ] } },
{ "type": "Feature", "properties": { "KEY_CODE": "01109440703", "S_NAME": "新発寒七条三丁目", "n_candidates": 52, "n_panel": 2, "detached_households": 44.0, "rate": 0.045454545454545456, "fill": "#c7e9b4", "fill-opacity": 0.7, "stroke": "#555555" }, "geometry": { "type": "MultiPolygon", "coordinates": [ [ [ [ 141.281594899662792, 43.117773918999838 ], [ 141.280613356072678, 43.116991919351356 ], [ 141.280037436254617, 43.117419488278166 ], [ 141.279617598946771, 43.117737963108098 ], [ 141.279575074858457, 43.117768195876408 ], [ 141.279406918960632, 43.117887665230256 ], [ 141.280223627326365, 43.118560182468904 ], [ 141.28134242632197, 43.119362762732948 ], [ 141.281024361323119, 43.119600526001825 ], [ 141.280692618163101, 43.119822910039581 ], [ 141.280332277659738, 43.120080779303493 ], [ 141.28053832815786, 43.120267141084177 ], [ 141.280993044885975, 43.120549781053406 ], [ 141.282337913823625, 43.119590757488524 ], [ 141.282660263863505, 43.119360904004317 ], [ 141.282802699497353, 43.119259356929753 ], [ 141.283131680929728, 43.118998192442149 ], [ 141.282770598632737, 43.118694765085813 ], [ 141.282592789470328, 43.118586080231417 ], [ 141.281594899662792, 43.117773918999838 ] ] ] ] } },
{ "type": "Feature", "properties": { "KEY_CODE": "01109440704", "S_NAME": "新発寒七条四丁目", "n_candidates": 158, "n_panel": 7, "detached_households": 151.0, "rate": 0.046357615894039736, "fill": "#c7e9b4", "fill-opacity": 0.7, "stroke": "#555555" }, "geometry": { "type": "MultiPolygon", "coordinates": [ [ [ [ 141.280223627326365, 43.118560182468904 ], [ 141.279406918960632, 43.117887665230256 ], [ 141.279136083824483, 43.118077362881721 ], [ 141.279035640045976, 43.118170329033596 ], [ 141.278729365505001, 43.118385324520027 ], [ 141.278399387530072, 43.118629937928112 ], [ 141.278187571331443, 43.118778220110357 ], [ 141.278046372906317, 43.118874284686626 ], [ 141.277846783519294, 43.119032374816918 ], [ 141.277682878181139, 43.119149626575485 ], [ 141.278061163782127, 43.119425580125551 ], [ 141.278359761666991, 43.119641568535677 ], [ 141.278567513741507, 43.119786735597685 ], [ 141.278675885006464, 43.11987859179132 ], [ 141.280299019298525, 43.121042677711806 ], [ 141.28040987418899, 43.12096562127509 ], [ 141.280649611065172, 43.120794642729464 ], [ 141.280993044885975, 43.120549781053406 ], [ 141.28053832815786, 43.120267141084177 ], [ 141.280332277659738, 43.120080779303493 ], [ 141.280692618163101, 43.119822910039581 ], [ 141.281024361323119, 43.119600526001825 ], [ 141.28134242632197, 43.119362762732948 ], [ 141.280223627326365, 43.118560182468904 ] ] ] ] } },
{ "type": "Feature", "properties": { "KEY_CODE": "01109440705", "S_NAME": "新発寒七条五丁目", "n_candidates": 118, "n_panel": 4, "detached_households": 116.0, "rate": 0.034482758620689655, "fill": "#c7e9b4", "fill-opacity": 0.7, "stroke": "#555555" }, "geometry": { "type": "MultiPolygon", "coordinates": [ [ [ [ 141.278061163782127, 43.119425580125551 ], [ 141.277682878181139, 43.119149626575485 ], [ 141.276992285946676, 43.119661451190176 ], [ 141.276681898712894, 43.119886116153445 ], [ 141.276999784905485, 43.120193137803511 ], [ 141.277234738141885, 43.120432991022689 ], [ 141.277537775747589, 43.120720262764614 ], [ 141.277338993723902, 43.12087505626701 ], [ 141.277614116179649, 43.121124745254903 ], [ 141.277888762021973, 43.121404742150887 ], [ 141.278729073803333, 43.122205832934732 ], [ 141.278957925884953, 43.122037789007315 ], [ 141.279298006550448, 43.121781228668702 ], [ 141.279711172517409, 43.121498632938113 ], [ 141.279901134344755, 43.121342846306987 ], [ 141.280088471109735, 43.121189076675108 ], [ 141.280299019298525, 43.121042677711806 ], [ 141.278675885006464, 43.11987859179132 ], [ 141.278567513741507, 43.119786735597685 ], [ 141.278359761666991, 43.119641568535677 ], [ 141.278061163782127, 43.119425580125551 ] ] ] ] } },
{ "type": "Feature", "properties": { "KEY_CODE": "01109440706", "S_NAME": "新発寒七条六丁目", "n_candidates": 117, "n_panel": 5, "detached_households": 109.0, "rate": 0.045871559633027525, "fill": "#c7e9b4", "fill-opacity": 0.7, "stroke": "#555555" }, "geometry": { "type": "MultiPolygon", "coordinates": [ [ [ [ 141.276999784905485, 43.120193137803511 ], [ 141.276681898712894, 43.119886116153445 ], [ 141.276040333757123, 43.120350316639168 ], [ 141.275374218084011, 43.120848485300634 ], [ 141.27527061059277, 43.120916174532269 ], [ 141.275076573060943, 43.121067909578755 ], [ 141.274772819426772, 43.121278911781715 ], [ 141.275836794248306, 43.122054924628003 ], [ 141.277367778108271, 43.123193932205098 ], [ 141.277677567781183, 43.122971651939757 ], [ 141.277967254263046, 43.12276375774146 ], [ 141.278092140530958, 43.122674093570943 ], [ 141.278118651168597, 43.122655118254016 ], [ 141.27811269384253, 43.122649370930162 ], [ 141.278119701249949, 43.122643382660975 ], [ 141.278259935589318, 43.122524169572131 ], [ 141.278546329175157, 43.122335938310805 ], [ 141.278599496108711, 43.122300873322637 ], [ 141.278729073803333, 43.122205832934732 ], [ 141.277888762021973, 43.121404742150887 ], [ 141.277614116179649, 43.121124745254903 ], [ 141.277338993723902, 43.12087505626701 ], [ 141.277537775747589, 43.120720262764614 ], [ 141.277234738141885, 43.120432991022689 ], [ 141.276999784905485, 43.120193137803511 ] ] ] ] } },
{ "type": "Feature", "properties": { "KEY_CODE": "01109440707", "S_NAME": "新発寒七条七丁目", "n_candidates": 66, "n_panel": 2, "detached_households": 61.0, "rate": 0.032786885245901641, "fill": "#c7e9b4", "fill-opacity": 0.7, "stroke": "#555555" }, "geometry": { "type": "MultiPolygon", "coordinates": [ [ [ [ 141.275836794248306, 43.122054924628003 ], [ 141.274772819426772, 43.121278911781715 ], [ 141.274550871500992, 43.121446936056252 ], [ 141.2742528762208, 43.121669872323821 ], [ 141.274197007995696, 43.121711663397356 ], [ 141.274097445262782, 43.121778330613196 ], [ 141.27388823719059, 43.121941891455322 ], [ 141.273801663593417, 43.121994673082803 ], [ 141.273508516709597, 43.122220250515653 ], [ 141.273143364508314, 43.122481854715744 ], [ 141.274144061393372, 43.123234344357371 ], [ 141.275033878320642, 43.123897194999337 ], [ 141.275311597447399, 43.124098665237 ], [ 141.275706133667029, 43.124392488106679 ], [ 141.27608608476001, 43.124117990793465 ], [ 141.276853648118646, 43.123563432414976 ], [ 141.276951743733122, 43.123492460227844 ], [ 141.277367778108271, 43.123193932205098 ], [ 141.275836794248306, 43.122054924628003 ] ] ] ] } },
{ "type": "Feature", "properties": { "KEY_CODE": "01109440708", "S_NAME": "新発寒七条八丁目", "n_candidates": 106, "n_panel": 5, "detached_households": 92.0, "rate": 0.05434782608695652, "fill": "#7fcdbb", "fill-opacity": 0.7, "stroke": "#555555" }, "geometry": { "type": "MultiPolygon", "coordinates": [ [ [ [ 141.274144061393372, 43.123234344357371 ], [ 141.273143364508314, 43.122481854715744 ], [ 141.272777493854875, 43.122764268186387 ], [ 141.272426199496238, 43.123023385816893 ], [ 141.272024816291093, 43.123310628649506 ], [ 141.271637748802988, 43.12358498044523 ], [ 141.272633058262613, 43.124319996401901 ], [ 141.273625327805149, 43.125042528322105 ], [ 141.274226679876818, 43.125504591822541 ], [ 141.274629380377746, 43.125201176684946 ], [ 141.275006226907237, 43.124917303045983 ], [ 141.275366355784314, 43.124646016016683 ], [ 141.275627267006513, 43.124449486222183 ], [ 141.275706133667029, 43.124392488106679 ], [ 141.275311597447399, 43.124098665237 ], [ 141.275033878320642, 43.123897194999337 ], [ 141.274144061393372, 43.123234344357371 ] ] ] ] } },
{ "type": "Feature", "properties": { "KEY_CODE": "01109440709", "S_NAME": "新発寒七条九丁目", "n_candidates": 138, "n_panel": 8, "detached_households": 134.0, "rate": 0.059701492537313432, "fill": "#7fcdbb", "fill-opacity": 0.7, "stroke": "#555555" }, "geometry": { "type": "MultiPolygon", "coordinates": [ [ [ [ 141.272633058262613, 43.124319996401901 ], [ 141.271637748802988, 43.12358498044523 ], [ 141.271233484221597, 43.12388963853261 ], [ 141.270835402757712, 43.124166713430341 ], [ 141.270455737347447, 43.124450766106449 ], [ 141.270068726023283, 43.124743686898952 ], [ 141.26966720778745, 43.125030995212093 ], [ 141.270661579390918, 43.125749196190561 ], [ 141.271161513630119, 43.126147103499811 ], [ 141.27221592086525, 43.12693593518437 ], [ 141.272626773277921, 43.126646452574434 ], [ 141.273018828298689, 43.126361448681941 ], [ 141.273438606777233, 43.126065569149468 ], [ 141.273494409297427, 43.12602820806493 ], [ 141.273824558933057, 43.125807517134248 ], [ 141.273839040501002, 43.125796529150357 ], [ 141.274226679876818, 43.125504591822541 ], [ 141.273625327805149, 43.125042528322105 ], [ 141.272633058262613, 43.124319996401901 ] ] ] ] } },
{ "type": "Feature", "properties": { "KEY_CODE": "01109440710", "S_NAME": "新発寒七条十丁目", "n_candidates": 141, "n_panel": 13, "detached_households": 136.0, "rate": 0.095588235294117641, "fill": "#41b6c4", "fill-opacity": 0.7, "stroke": "#555555" }, "geometry": { "type": "MultiPolygon", "coordinates": [ [ [ [ 141.270661579390918, 43.125749196190561 ], [ 141.26966720778745, 43.125030995212093 ], [ 141.269280386986196, 43.125323562274396 ], [ 141.268881493459162, 43.125602450787277 ], [ 141.268479847487612, 43.125891089907114 ], [ 141.268096554270272, 43.126184667610318 ], [ 141.267718142823895, 43.126449027443321 ], [ 141.268702833699734, 43.127196137535762 ], [ 141.270262154291004, 43.128338057640249 ], [ 141.270271762271221, 43.128331670079803 ], [ 141.270663704389221, 43.128055743792899 ], [ 141.270733174953165, 43.128010553926217 ], [ 141.270736577469251, 43.128007980282852 ], [ 141.271055567070619, 43.127766453367187 ], [ 141.271058968802976, 43.12776388025609 ], [ 141.271466395786348, 43.12748555427283 ], [ 141.271476005464763, 43.127479025518561 ], [ 141.271694318251406, 43.127336294850735 ], [ 141.271856383423767, 43.127216431475674 ], [ 141.271880479130431, 43.127198633060054 ], [ 141.27221592086525, 43.12693593518437 ], [ 141.271161513630119, 43.126147103499811 ], [ 141.270661579390918, 43.125749196190561 ] ] ] ] } },
{ "type": "Feature", "properties": { "KEY_CODE": "01109440711", "S_NAME": "新発寒七条十一丁目", "n_candidates": 87, "n_panel": 3, "detached_households": 75.0, "rate": 0.04, "fill": "#c7e9b4", "fill-opacity": 0.7, "stroke": "#555555" }, "geometry": { "type": "MultiPolygon", "coordinates": [ [ [ [ 141.268702833699734, 43.127196137535762 ], [ 141.267718142823895, 43.126449027443321 ], [ 141.267425041641133, 43.126668334063041 ], [ 141.266100389876783, 43.126901782554974 ], [ 141.266103675893248, 43.127002170331416 ], [ 141.266089980946276, 43.127550481530761 ], [ 141.266091556827263, 43.128445853404891 ], [ 141.266072125530513, 43.129094401391527 ], [ 141.266068832471007, 43.129862295589014 ], [ 141.266064237968948, 43.1302444239358 ], [ 141.266055365316191, 43.13057594950395 ], [ 141.266048401355249, 43.130860369921706 ], [ 141.266046455552527, 43.131131261037396 ], [ 141.266047791489228, 43.131239508282086 ], [ 141.266045986261076, 43.131352019156978 ], [ 141.266215808774518, 43.131229065981195 ], [ 141.267825529980115, 43.130073028274587 ], [ 141.268286336767716, 43.129761271430311 ], [ 141.26829149050738, 43.129757235964689 ], [ 141.268666011129142, 43.129466962435011 ], [ 141.268688188605552, 43.129455125605496 ], [ 141.268773389260986, 43.129399241106093 ], [ 141.268776889432132, 43.129396527704692 ], [ 141.269068109225827, 43.129175164396173 ], [ 141.269077052140091, 43.129168349274501 ], [ 141.269474722235572, 43.128901127503418 ], [ 141.269494038289224, 43.128888070417126 ], [ 141.269734707044478, 43.128693278930051 ], [ 141.269738396136376, 43.128690708870323 ], [ 141.269834070742803, 43.128622253346293 ], [ 141.269842228981133, 43.128616414954372 ], [ 141.270262154291004, 43.128338057640249 ], [ 141.268702833699734, 43.127196137535762 ] ] ] ] } },
{ "type": "Feature", "properties": { "KEY_CODE": "01109460101", "S_NAME": "金山一条一丁目", "n_candidates": 136, "n_panel": 2, "detached_households": 119.0, "rate": 0.01680672268907563, "fill": "#ffffcc", "fill-opacity": 0.7, "stroke": "#555555" }, "geometry": { "type": "MultiPolygon", "coordinates": [ [ [ [ 141.209882091887096, 43.126419525584112 ], [ 141.209776626915357, 43.126274603036919 ], [ 141.209561198435125, 43.126295147714877 ], [ 141.209282789936566, 43.126450923987832 ], [ 141.208755382021252, 43.126704157021649 ], [ 141.208276399513466, 43.126870974017287 ], [ 141.207838938845384, 43.12700131524997 ], [ 141.207315182873828, 43.12713572110767 ], [ 141.206853359919904, 43.127264218320924 ], [ 141.207251825144851, 43.127755582992073 ], [ 141.207517038110495, 43.128155711588853 ], [ 141.207777411518975, 43.128541447790852 ], [ 141.207876509277071, 43.12869911325523 ], [ 141.208010164587819, 43.128970393690146 ], [ 141.208370610461969, 43.12964904520237 ], [ 141.208580283727628, 43.130052318894201 ], [ 141.208621055935879, 43.130122247169659 ], [ 141.208869312703371, 43.130600350707113 ], [ 141.209179881076977, 43.130525465520996 ], [ 141.209601986796429, 43.13039659676366 ], [ 141.21009144993269, 43.130197166907401 ], [ 141.210613018424112, 43.129933254197603 ], [ 141.210929263786426, 43.129766777376581 ], [ 141.211124089940938, 43.12966509606813 ], [ 141.21210129842197, 43.129150444628053 ], [ 141.211348525663055, 43.128263865939033 ], [ 141.211024904812518, 43.12786342723583 ], [ 141.210736948776827, 43.12750614382341 ], [ 141.210404204551793, 43.127072424324226 ], [ 141.209971539491931, 43.126557691766045 ], [ 141.209882091887096, 43.126419525584112 ] ] ] ] } },
{ "type": "Feature", "properties": { "KEY_CODE": "01109460102", "S_NAME": "金山一条二丁目", "n_candidates": 223, "n_panel": 2, "detached_households": 203.0, "rate": 0.009852216748768473, "fill": "#ffffcc", "fill-opacity": 0.7, "stroke": "#555555" }, "geometry": { "type": "MultiPolygon", "coordinates": [ [ [ [ 141.207251825144851, 43.127755582992073 ], [ 141.206853359919904, 43.127264218320924 ], [ 141.206365246177825, 43.127386004563121 ], [ 141.205865468915249, 43.12753841533177 ], [ 141.204911295344175, 43.127805597305048 ], [ 141.204525713798887, 43.127843355742023 ], [ 141.204513308977482, 43.127844437351612 ], [ 141.2045767213815, 43.128219306187354 ], [ 141.204636733983392, 43.128590768917704 ], [ 141.204692246269133, 43.128961627676532 ], [ 141.204747670086391, 43.129337620119138 ], [ 141.204817620754966, 43.129695177686443 ], [ 141.204903141692654, 43.130198388393573 ], [ 141.20498525970541, 43.130692777248015 ], [ 141.20506918077902, 43.131160315431643 ], [ 141.205533042802728, 43.131094294135828 ], [ 141.205998099483594, 43.131037003184495 ], [ 141.206476731511287, 43.130960496046448 ], [ 141.206822022949154, 43.130921518832238 ], [ 141.207845422024548, 43.130775496219144 ], [ 141.208157874134855, 43.130724963073234 ], [ 141.208410426497238, 43.130684621192231 ], [ 141.208611467398669, 43.130652508388216 ], [ 141.208869312703371, 43.130600350707113 ], [ 141.208621055935879, 43.130122247169659 ], [ 141.208580283727656, 43.130052318894201 ], [ 141.208370610461998, 43.12964904520237 ], [ 141.208010164587819, 43.128970393690146 ], [ 141.207876509277071, 43.12869911325523 ], [ 141.207777411518975, 43.128541447790852 ], [ 141.207517038110524, 43.128155711588853 ], [ 141.207251825144851, 43.127755582992073 ] ] ] ] } },
{ "type": "Feature", "properties": { "KEY_CODE": "01109460103", "S_NAME": "金山一条三丁目", "n_candidates": 290, "n_panel": 11, "detached_households": 253.0, "rate": 0.043478260869565216, "fill": "#c7e9b4", "fill-opacity": 0.7, "stroke": "#555555" }, "geometry": { "type": "MultiPolygon", "coordinates": [ [ [ [ 141.2045767213815, 43.128219306187354 ], [ 141.204513308977482, 43.127844437351612 ], [ 141.203248853052088, 43.127956294529866 ], [ 141.202700020226189, 43.128006336017663 ], [ 141.202076294175697, 43.12803944252942 ], [ 141.201824310751476, 43.128046838104623 ], [ 141.201542144485472, 43.128078571429064 ], [ 141.201492210550754, 43.128078816810323 ], [ 141.20102503724496, 43.128081283222741 ], [ 141.201040787882079, 43.12864785583556 ], [ 141.201039075235229, 43.128893850228607 ], [ 141.201042114291823, 43.129097831591345 ], [ 141.201047079515916, 43.129424976315711 ], [ 141.201059005668526, 43.129519186186094 ], [ 141.201062036399151, 43.130099636836256 ], [ 141.201060587874338, 43.130582712421919 ], [ 141.201093004733309, 43.131005896120463 ], [ 141.201096458998393, 43.131466159211108 ], [ 141.201114577265145, 43.131731675810236 ], [ 141.202026500522322, 43.131597903114326 ], [ 141.202090319081293, 43.131588852976634 ], [ 141.202651109662241, 43.131509526669262 ], [ 141.203258251384199, 43.131414938649279 ], [ 141.204099905078664, 43.131296400288747 ], [ 141.20506918077902, 43.131160315431643 ], [ 141.20498525970541, 43.130692777248015 ], [ 141.204903141692654, 43.130198388393573 ], [ 141.204817620754966, 43.129695177686443 ], [ 141.204747670086391, 43.129337620119138 ], [ 141.204692246269104, 43.128961627676503 ], [ 141.204636733983392, 43.128590768917704 ], [ 141.2045767213815, 43.128219306187354 ] ] ] ] } },
{ "type": "Feature", "properties": { "KEY_CODE": "01109460104", "S_NAME": "金山一条四丁目", "n_candidates": 128, "n_panel": 3, "detached_households": 124.0, "rate": 0.024193548387096774, "fill": "#c7e9b4", "fill-opacity": 0.7, "stroke": "#555555" }, "geometry": { "type": "MultiPolygon", "coordinates": [ [ [ [ 141.199157727522476, 43.131786287609302 ], [ 141.199622118794622, 43.131773957565137 ], [ 141.199995291458009, 43.131778228440616 ], [ 141.20073439633623, 43.131761031198032 ], [ 141.201114577265145, 43.131731675810236 ], [ 141.201096458998393, 43.131466159211108 ], [ 141.201093004733309, 43.131005896120463 ], [ 141.201060587874338, 43.130582712421919 ], [ 141.201062036399151, 43.130099636836256 ], [ 141.201059005668526, 43.129519186186094 ], [ 141.201047079515916, 43.129424976315711 ], [ 141.201042114291823, 43.129097831591345 ], [ 141.201039075235229, 43.128893850228607 ], [ 141.201040787882079, 43.12864785583556 ], [ 141.20102503724496, 43.128081283222741 ], [ 141.200877775419713, 43.12811875356352 ], [ 141.200045909429377, 43.128211688763386 ], [ 141.199773364971577, 43.128197369297837 ], [ 141.19974348325016, 43.128254623780663 ], [ 141.199674600114918, 43.128352710136149 ], [ 141.199637681062853, 43.128405280220314 ], [ 141.199499892307756, 43.128663177071665 ], [ 141.19940838270719, 43.128797788990731 ], [ 141.199319376035021, 43.128960063606051 ], [ 141.199223017713592, 43.129299147522794 ], [ 141.199178670100736, 43.129500020975634 ], [ 141.199149243095803, 43.129614667777531 ], [ 141.199034800314138, 43.130039597966928 ], [ 141.198948346367217, 43.130461689746248 ], [ 141.198922116334359, 43.130597042529374 ], [ 141.198898951543953, 43.130811191721875 ], [ 141.198880118218597, 43.131013565486697 ], [ 141.19892369445148, 43.131160249936279 ], [ 141.199157727522476, 43.131786287609302 ] ] ] ] } },
{ "type": "Feature", "properties": { "KEY_CODE": "01109460201", "S_NAME": "金山二条一丁目", "n_candidates": 128, "n_panel": 4, "detached_households": 119.0, "rate": 0.033613445378151259, "fill": "#c7e9b4", "fill-opacity": 0.7, "stroke": "#555555" }, "geometry": { "type": "MultiPolygon", "coordinates": [ [ [ [ 141.209706021847268, 43.125309261785858 ], [ 141.209838415308099, 43.124738693313233 ], [ 141.209115508154582, 43.124886203245751 ], [ 141.207884206197718, 43.12509033267726 ], [ 141.206503478233543, 43.125267767806555 ], [ 141.206576163585481, 43.125741321421394 ], [ 141.206853359919904, 43.127264218320924 ], [ 141.207315182873828, 43.127135721107692 ], [ 141.207838938845384, 43.12700131524997 ], [ 141.208276399513466, 43.126870974017287 ], [ 141.208755382021252, 43.126704157021592 ], [ 141.209282789936566, 43.126450923987832 ], [ 141.209561198435125, 43.126295147714877 ], [ 141.209776626915357, 43.126274603036919 ], [ 141.209823663126542, 43.126218768054009 ], [ 141.209948074225764, 43.126129879256411 ], [ 141.20989116989216, 43.125980827237818 ], [ 141.209808427670055, 43.12571345812632 ], [ 141.209783252245444, 43.125646698054041 ], [ 141.209766257740569, 43.125601462685779 ], [ 141.209703349290294, 43.125466702970257 ], [ 141.209706021847268, 43.125309261785858 ] ] ] ] } },
{ "type": "Feature", "properties": { "KEY_CODE": "01109460202", "S_NAME": "金山二条二丁目", "n_candidates": 73, "n_panel": 1, "detached_households": 69.0, "rate": 0.014492753623188406, "fill": "#ffffcc", "fill-opacity": 0.7, "stroke": "#555555" }, "geometry": { "type": "MultiPolygon", "coordinates": [ [ [ [ 141.206576163585481, 43.125741321421394 ], [ 141.206503478233515, 43.125267767806555 ], [ 141.20365603401612, 43.125590644625142 ], [ 141.203802696082391, 43.125795939818943 ], [ 141.203976419166253, 43.125872851534311 ], [ 141.204076999924723, 43.125920399722567 ], [ 141.204149103026765, 43.12595446550408 ], [ 141.204558302052732, 43.12613002179355 ], [ 141.20426683348677, 43.126488072152782 ], [ 141.204364501660592, 43.12700468709631 ], [ 141.204439357436399, 43.127400829943781 ], [ 141.204439964669888, 43.127404633251722 ], [ 141.204446498301479, 43.127443726027771 ], [ 141.204513308977482, 43.127844437351612 ], [ 141.204525713798887, 43.127843355742023 ], [ 141.204911295344175, 43.127805597305048 ], [ 141.205865468915249, 43.12753841533177 ], [ 141.206365246177825, 43.127386004563121 ], [ 141.206853359919904, 43.127264218320924 ], [ 141.206576163585481, 43.125741321421394 ] ] ] ] } },
{ "type": "Feature", "properties": { "KEY_CODE": "01109460203", "S_NAME": "金山二条三丁目", "n_candidates": 160, "n_panel": 3, "detached_households": 157.0, "rate": 0.019108280254777069, "fill": "#ffffcc", "fill-opacity": 0.7, "stroke": "#555555" }, "geometry": { "type": "MultiPolygon", "coordinates": [ [ [ [ 141.203976419166253, 43.125872851534311 ], [ 141.20380269608242, 43.125795939818943 ], [ 141.203638689912054, 43.125858508494673 ], [ 141.202792348966483, 43.12594078048491 ], [ 141.202517698226416, 43.126128925975102 ], [ 141.20234504437957, 43.126146755326879 ], [ 141.201911437610534, 43.126247781629253 ], [ 141.201517852551206, 43.126456355040069 ], [ 141.201411029142577, 43.126510020877333 ], [ 141.200859605961909, 43.126947541656051 ], [ 141.200834380311107, 43.126968409381902 ], [ 141.200847115634133, 43.12706023506199 ], [ 141.200885204707646, 43.127269461239898 ], [ 141.200957741615611, 43.127805539529923 ], [ 141.20102503724496, 43.128081283222741 ], [ 141.201492210550754, 43.128078816810323 ], [ 141.201542144485472, 43.128078571429064 ], [ 141.201824310751476, 43.128046838104623 ], [ 141.202076294175697, 43.12803944252942 ], [ 141.202700020226189, 43.128006336017663 ], [ 141.203248853052088, 43.127956294529866 ], [ 141.204513308977539, 43.127844437351612 ], [ 141.204446498301536, 43.127443726027742 ], [ 141.204439964669888, 43.127404633251722 ], [ 141.204439357436399, 43.127400829943781 ], [ 141.204364501660592, 43.12700468709631 ], [ 141.20426683348677, 43.126488072152746 ], [ 141.204558302052732, 43.12613002179355 ], [ 141.204149103026765, 43.12595446550408 ], [ 141.204076999924723, 43.125920399722531 ], [ 141.203976419166253, 43.125872851534311 ] ] ] ] } },
{ "type": "Feature", "properties": { "KEY_CODE": "01109460204", "S_NAME": "金山二条四丁目", "n_candidates": 44, "n_panel": 0, "detached_households": 45.0, "rate": 0.0, "fill": "#ffffcc", "fill-opacity": 0.7, "stroke": "#555555" }, "geometry": { "type": "MultiPolygon", "coordinates": [ [ [ [ 141.199319376035021, 43.128960063606051 ], [ 141.19940838270719, 43.128797788990731 ], [ 141.199499892307756, 43.128663177071665 ], [ 141.199637681062853, 43.128405280220314 ], [ 141.199674600114918, 43.128352710136149 ], [ 141.19974348325016, 43.128254623780684 ], [ 141.199773364971577, 43.128197369297858 ], [ 141.200045909429377, 43.128211688763386 ], [ 141.200877775419713, 43.12811875356352 ], [ 141.20102503724496, 43.128081283222741 ], [ 141.200957741615611, 43.127805539529923 ], [ 141.200885204707646, 43.127269461239898 ], [ 141.200847115634133, 43.12706023506199 ], [ 141.200834380311107, 43.126968409381902 ], [ 141.200859605961909, 43.126947541656051 ], [ 141.201411029142577, 43.126510020877333 ], [ 141.201517852551206, 43.126456355040069 ], [ 141.201911437610534, 43.126247781629253 ], [ 141.202345044379541, 43.126146755326879 ], [ 141.202517698226387, 43.126128925975102 ], [ 141.202792348966483, 43.12594078048491 ], [ 141.203638689912054, 43.125858508494687 ], [ 141.203802696082391, 43.125795939818943 ], [ 141.20365603401612, 43.125590644625142 ], [ 141.202607040933316, 43.125687868951431 ], [ 141.201478169741364, 43.125806997051228 ], [ 141.200406425439041, 43.125942814155522 ], [ 141.20036368742484, 43.126649859270621 ], [ 141.199794898581217, 43.127142212748531 ], [ 141.199630880362719, 43.127300282233712 ], [ 141.199509256559736, 43.127460922839788 ], [ 141.199381759201543, 43.127633883845114 ], [ 141.199226436405382, 43.12777754428501 ], [ 141.198979300104895, 43.127995052512887 ], [ 141.198801111989667, 43.128139578551632 ], [ 141.198514344150453, 43.12837216902232 ], [ 141.197810460757779, 43.128929801083444 ], [ 141.198123634486365, 43.128932331007178 ], [ 141.19824990325327, 43.12893778264381 ], [ 141.198793124272385, 43.128946927683437 ], [ 141.199319376035021, 43.128960063606051 ] ] ] ] } },
{ "type": "Feature", "properties": { "KEY_CODE": "01109460301", "S_NAME": "金山三条一丁目", "n_candidates": 113, "n_panel": 2, "detached_households": 100.0, "rate": 0.02, "fill": "#c7e9b4", "fill-opacity": 0.7, "stroke": "#555555" }, "geometry": { "type": "MultiPolygon", "coordinates": [ [ [ [ 141.209926909681229, 43.124372805355868 ], [ 141.209814970601968, 43.123919360985681 ], [ 141.209771798447804, 43.12361753959361 ], [ 141.209747759440035, 43.123449938917027 ], [ 141.209722988424915, 43.123280219505602 ], [ 141.209716973484177, 43.123238672439072 ], [ 141.208628286574793, 43.123199220776037 ], [ 141.208656891529358, 43.123549930777365 ], [ 141.208735184828043, 43.124027753796142 ], [ 141.207673339211937, 43.124120546214932 ], [ 141.207254582549012, 43.124151469462554 ], [ 141.206319748358283, 43.12387273702263 ], [ 141.205912166098642, 43.12377189109754 ], [ 141.206330700953487, 43.124244383559578 ], [ 141.206409000930364, 43.124726428102591 ], [ 141.206503478233515, 43.125267767806555 ], [ 141.207884206197718, 43.12509033267726 ], [ 141.209115508154582, 43.124886203245751 ], [ 141.209838415308099, 43.124738693313233 ], [ 141.209910148679768, 43.12442687521682 ], [ 141.209939485071658, 43.124423836875891 ], [ 141.209926909681229, 43.124372805355868 ] ] ] ] } },
{ "type": "Feature", "properties": { "KEY_CODE": "01109460302", "S_NAME": "金山三条二丁目", "n_candidates": 102, "n_panel": 2, "detached_households": 101.0, "rate": 0.019801980198019802, "fill": "#ffffcc", "fill-opacity": 0.7, "stroke": "#555555" }, "geometry": { "type": "MultiPolygon", "coordinates": [ [ [ [ 141.203910111999534, 43.12274296318914 ], [ 141.203414566331361, 43.122649392478053 ], [ 141.203313019162636, 43.122641993097396 ], [ 141.203158204122701, 43.122650279861432 ], [ 141.202910545746022, 43.122664257780272 ], [ 141.20253026499924, 43.122680185452985 ], [ 141.202159201272849, 43.122673548795689 ], [ 141.201828158551336, 43.122651102779976 ], [ 141.201458202945048, 43.12257970384389 ], [ 141.201044035423564, 43.122511201856355 ], [ 141.201357455582553, 43.122789203811237 ], [ 141.201569152796992, 43.123328458109853 ], [ 141.201646922003164, 43.123429459162018 ], [ 141.201777391448928, 43.123553660143379 ], [ 141.201925799129413, 43.123661851424679 ], [ 141.202192827481213, 43.123806713949456 ], [ 141.202811147572334, 43.1241606477546 ], [ 141.202902744980832, 43.124284212214363 ], [ 141.202958589952374, 43.124381778038462 ], [ 141.203039616619321, 43.124550886241195 ], [ 141.20315664547411, 43.1248157613758 ], [ 141.203364515802377, 43.12523738705211 ], [ 141.20365603401612, 43.125590644625142 ], [ 141.206503478233515, 43.125267767806555 ], [ 141.206409000930364, 43.124726428102591 ], [ 141.206330700953487, 43.124244383559578 ], [ 141.205912166098642, 43.12377189109754 ], [ 141.205177018450712, 43.123337153383822 ], [ 141.204905472460268, 43.123192255475118 ], [ 141.204304245782339, 43.122950523170545 ], [ 141.204315397151191, 43.122814680051619 ], [ 141.203910111999534, 43.12274296318914 ] ] ] ] } },
{ "type": "Feature", "properties": { "KEY_CODE": "01109460303", "S_NAME": "金山三条三丁目", "n_candidates": 4, "n_panel": 0, "detached_households": 5.0, "rate": 0.0, "fill": "#ffffcc", "fill-opacity": 0.7, "stroke": "#555555" }, "geometry": { "type": "MultiPolygon", "coordinates": [ [ [ [ 141.20365603401612, 43.125590644625142 ], [ 141.203364515802377, 43.12523738705211 ], [ 141.20315664547411, 43.1248157613758 ], [ 141.203039616619321, 43.124550886241195 ], [ 141.202958589952374, 43.124381778038462 ], [ 141.202902744980832, 43.124284212214363 ], [ 141.202811147572334, 43.1241606477546 ], [ 141.202192827481213, 43.123806713949456 ], [ 141.201925799129413, 43.123661851424679 ], [ 141.201777391448928, 43.123553660143379 ], [ 141.201646922003164, 43.123429459162018 ], [ 141.201569152796992, 43.123328458109853 ], [ 141.201357455582553, 43.122789203811237 ], [ 141.201044035423564, 43.122511201856355 ], [ 141.200898773683861, 43.122477446206162 ], [ 141.200727181613843, 43.122433815296276 ], [ 141.200593546894396, 43.12240458954669 ], [ 141.200113287943537, 43.122299548181296 ], [ 141.200089453694204, 43.122771867594516 ], [ 141.20007436757902, 43.123097634478128 ], [ 141.200400780012558, 43.123172015360964 ], [ 141.200647203918408, 43.123235814999461 ], [ 141.200783596583989, 43.123266183267567 ], [ 141.200857819244732, 43.12332193194694 ], [ 141.200940447131956, 43.123397097599018 ], [ 141.201009756399884, 43.12348191697351 ], [ 141.201166275451442, 43.123632240631721 ], [ 141.201261983335712, 43.123717301749458 ], [ 141.201318267611043, 43.123788990872832 ], [ 141.201426505661203, 43.123916223998329 ], [ 141.201499748715293, 43.124023724481724 ], [ 141.201595831474378, 43.124092544144339 ], [ 141.201638938692753, 43.124154477203717 ], [ 141.201713385663595, 43.124197216789021 ], [ 141.201888160910812, 43.124273929616152 ], [ 141.202026569148046, 43.12435502222629 ], [ 141.202150613777263, 43.124456377287338 ], [ 141.202221534535909, 43.124559356318628 ], [ 141.202250120282599, 43.124684452016417 ], [ 141.202178187985027, 43.124792240145013 ], [ 141.202057741282147, 43.1248623081594 ], [ 141.201913734107592, 43.125013109952825 ], [ 141.201832932355302, 43.125083611770876 ], [ 141.201718027834318, 43.12521688693321 ], [ 141.201539299869353, 43.125331782954746 ], [ 141.201481339178883, 43.125363602683805 ], [ 141.201383648915908, 43.125388587740488 ], [ 141.201263823323586, 43.125416604523551 ], [ 141.201157118954455, 43.125457752394659 ], [ 141.201063623341525, 43.125495716172573 ], [ 141.20088583546206, 43.12555555341492 ], [ 141.200717931805656, 43.125554012571385 ], [ 141.2005376110138, 43.125503829483527 ], [ 141.200330961029465, 43.12544370082707 ], [ 141.200414167783379, 43.125748708330853 ], [ 141.200406425439041, 43.125942814155522 ], [ 141.201478169741364, 43.125806997051228 ], [ 141.202607040933316, 43.125687868951431 ], [ 141.20365603401612, 43.125590644625142 ] ] ] ] } },
{ "type": "Feature", "properties": { "KEY_CODE": "01109470001", "S_NAME": "星置南一丁目", "n_candidates": 112, "n_panel": 1, "detached_households": 105.0, "rate": 0.0095238095238095247, "fill": "#ffffcc", "fill-opacity": 0.7, "stroke": "#555555" }, "geometry": { "type": "MultiPolygon", "coordinates": [ [ [ [ 141.199157727522476, 43.131786287609302 ], [ 141.19892369445148, 43.131160249936279 ], [ 141.198880118218597, 43.131013565486697 ], [ 141.198898951543953, 43.130811191721875 ], [ 141.198922116334359, 43.130597042529374 ], [ 141.198948346367217, 43.130461689746248 ], [ 141.199034800314138, 43.130039597966928 ], [ 141.199149243095803, 43.129614667777531 ], [ 141.199178670100736, 43.129500020975634 ], [ 141.199223017713592, 43.129299147522794 ], [ 141.199319376035021, 43.128960063606051 ], [ 141.198793124272385, 43.128946927683437 ], [ 141.19824990325327, 43.12893778264381 ], [ 141.198123634486365, 43.128932331007178 ], [ 141.197810460757779, 43.128929801083444 ], [ 141.197027673180799, 43.12956919793811 ], [ 141.197022100926347, 43.129960737459513 ], [ 141.196907590555725, 43.130293673815373 ], [ 141.196476112584861, 43.131274725347751 ], [ 141.19673988341944, 43.131750186337086 ], [ 141.197697786720369, 43.131752113868188 ], [ 141.198127906788926, 43.131756071524485 ], [ 141.198597535596377, 43.131768689659779 ], [ 141.199157727522476, 43.131786287609302 ] ] ] ] } },
{ "type": "Feature", "properties": { "KEY_CODE": "01109470002", "S_NAME": "星置南二丁目", "n_candidates": 51, "n_panel": 1, "detached_households": 45.0, "rate": 0.022222222222222223, "fill": "#c7e9b4", "fill-opacity": 0.7, "stroke": "#555555" }, "geometry": { "type": "MultiPolygon", "coordinates": [ [ [ [ 141.19673988341944, 43.131750186337108 ], [ 141.196476112584861, 43.13127472534778 ], [ 141.196907590555725, 43.130293673815373 ], [ 141.197022100926375, 43.129960737459498 ], [ 141.197027673180799, 43.12956919793811 ], [ 141.197810460757722, 43.128929801083459 ], [ 141.198514344150453, 43.12837216902232 ], [ 141.198801111989695, 43.128139578551611 ], [ 141.198979300104924, 43.12799505251288 ], [ 141.199226436405382, 43.127777544284974 ], [ 141.1993817592016, 43.127633883845093 ], [ 141.199509256559736, 43.127460922839774 ], [ 141.199630880362719, 43.127300282233705 ], [ 141.199794898581217, 43.127142212748531 ], [ 141.20036368742484, 43.126649859270621 ], [ 141.20040642543907, 43.125942814155522 ], [ 141.200414167783379, 43.125748708330832 ], [ 141.200330961029465, 43.125443700827049 ], [ 141.200091741967071, 43.12534550601017 ], [ 141.199899903554183, 43.125306398974267 ], [ 141.199792313137976, 43.125309560671496 ], [ 141.19966780042617, 43.125308416851716 ], [ 141.199503002244001, 43.125344247933519 ], [ 141.199416931028054, 43.125413925493028 ], [ 141.199370080015797, 43.12550886010925 ], [ 141.19933432005169, 43.125612198186694 ], [ 141.199297068108109, 43.12580251579724 ], [ 141.199260312127308, 43.125963933879405 ], [ 141.19924758675478, 43.126073249306295 ], [ 141.199240502247193, 43.126133736994909 ], [ 141.199180164676477, 43.126348810787491 ], [ 141.199139592725601, 43.126402309804199 ], [ 141.198997164983382, 43.126454873360778 ], [ 141.198849235159884, 43.126503305433943 ], [ 141.198660781920125, 43.126596939456093 ], [ 141.198559541548491, 43.126890333723807 ], [ 141.198538137209198, 43.127147259256979 ], [ 141.19856636158957, 43.127315394115705 ], [ 141.198608901772559, 43.127477471913203 ], [ 141.198601391447852, 43.127585216391374 ], [ 141.198598902750973, 43.127730352200466 ], [ 141.19855782956904, 43.127812892724762 ], [ 141.198498512128452, 43.127974032631464 ], [ 141.198256113970785, 43.128077507068824 ], [ 141.197588372893648, 43.128890272107299 ], [ 141.197293879522221, 43.129013379051898 ], [ 141.197137894393904, 43.12917278452133 ], [ 141.197068678451046, 43.129322862892714 ], [ 141.19694861456577, 43.129392225816609 ], [ 141.196806389185468, 43.129432410657195 ], [ 141.196602498964268, 43.129434682338939 ], [ 141.196466390056258, 43.129454173909657 ], [ 141.196392113464924, 43.129490763760224 ], [ 141.196036585181645, 43.129756986944251 ], [ 141.195972397615606, 43.129806457810432 ], [ 141.195528916036437, 43.130148257094724 ], [ 141.195276351531533, 43.130021586066732 ], [ 141.194896559066677, 43.130051206374937 ], [ 141.19469118611255, 43.130139543051413 ], [ 141.194622792378567, 43.130168942690098 ], [ 141.194564580487594, 43.130259622077034 ], [ 141.19450432236053, 43.130474693116724 ], [ 141.194450344852072, 43.130648330850896 ], [ 141.194452655601651, 43.130843231121624 ], [ 141.194767172714108, 43.130991223863369 ], [ 141.194401477049013, 43.131350605120744 ], [ 141.194285783995781, 43.131494695537583 ], [ 141.194219156384889, 43.131583184958323 ], [ 141.194262861014835, 43.131632607710849 ], [ 141.194274729671378, 43.131645939669717 ], [ 141.194780235720998, 43.131710736934195 ], [ 141.195306507856628, 43.131723821426526 ], [ 141.196059071915016, 43.131739060632434 ], [ 141.196595371153649, 43.131749909997232 ], [ 141.19673988341944, 43.131750186337108 ] ] ] ] } },
{ "type": "Feature", "properties": { "KEY_CODE": "01109470003", "S_NAME": "星置南三丁目", "n_candidates": 33, "n_panel": 1, "detached_households": 15.0, "rate": 0.066666666666666666, "fill": "#7fcdbb", "fill-opacity": 0.7, "stroke": "#555555" }, "geometry": { "type": "MultiPolygon", "coordinates": [ [ [ [ 141.198597535596377, 43.131768689659779 ], [ 141.198127906788926, 43.131756071524485 ], [ 141.197697786720369, 43.131752113868188 ], [ 141.19673988341944, 43.131750186337086 ], [ 141.196595371153649, 43.131749909997254 ], [ 141.196059071915045, 43.131739060632434 ], [ 141.1953065078566, 43.131723821426526 ], [ 141.194780235720998, 43.131710736934195 ], [ 141.194274729671378, 43.131645939669731 ], [ 141.194270267535217, 43.13165975269078 ], [ 141.194178887230692, 43.13194767889793 ], [ 141.194089945879369, 43.132183233141937 ], [ 141.194047008831205, 43.13237356827365 ], [ 141.194036918387695, 43.132630526257884 ], [ 141.19397151383842, 43.133144025587178 ], [ 141.194096824571659, 43.133099609907269 ], [ 141.194454836854732, 43.133019928341788 ], [ 141.194852499316823, 43.132940680818081 ], [ 141.195324060270281, 43.132841437516269 ], [ 141.195872081239457, 43.132740717060472 ], [ 141.196440177026915, 43.132633989923832 ], [ 141.197063893184264, 43.132565116884578 ], [ 141.197662178554083, 43.132506343639378 ], [ 141.198591897525915, 43.132427829947495 ], [ 141.199374526569017, 43.132347956736993 ], [ 141.199157727522476, 43.131786287609302 ], [ 141.198597535596377, 43.131768689659779 ] ] ] ] } },
{ "type": "Feature", "properties": { "KEY_CODE": "01109470004", "S_NAME": "星置南四丁目", "n_candidates": 5, "n_panel": 0, "detached_households": 2.0, "rate": 0.0, "fill": "#ffffcc", "fill-opacity": 0.7, "stroke": "#555555" }, "geometry": { "type": "MultiPolygon", "coordinates": [ [ [ [ 141.191079755348994, 43.133735047153202 ], [ 141.191903636420335, 43.13356439138159 ], [ 141.19397151383842, 43.133144025587178 ], [ 141.194036918387695, 43.132630526257863 ], [ 141.194047008831205, 43.132373568273678 ], [ 141.194089945879369, 43.132183233141937 ], [ 141.194178887230692, 43.131947678897923 ], [ 141.194270267535245, 43.13165975269078 ], [ 141.194274729671378, 43.131645939669717 ], [ 141.194262861014835, 43.131632607710849 ], [ 141.194219156384889, 43.131583184958323 ], [ 141.194152474187149, 43.131697136065632 ], [ 141.193959651105132, 43.132026532759433 ], [ 141.193112120447864, 43.131927484800052 ], [ 141.193102739297615, 43.132143025620721 ], [ 141.193007667069537, 43.132243702870902 ], [ 141.192831948298704, 43.132254525038988 ], [ 141.192702331371322, 43.132220131266841 ], [ 141.192607203002439, 43.132157081680674 ], [ 141.192557151228584, 43.132102746633265 ], [ 141.192369841570013, 43.13213413947657 ], [ 141.192361888665573, 43.132266776069557 ], [ 141.192309692147489, 43.132336762383332 ], [ 141.192235719470148, 43.132360973874263 ], [ 141.192020586763704, 43.13236313271743 ], [ 141.191241968957314, 43.132538288413421 ], [ 141.191184703440911, 43.132579251808373 ], [ 141.191126482372283, 43.132669928505265 ], [ 141.191018234594623, 43.13271042045973 ], [ 141.190600181158914, 43.132824699890961 ], [ 141.190407538166852, 43.132831214312404 ], [ 141.190243385142281, 43.132833841444068 ], [ 141.190107386599351, 43.132840879018836 ], [ 141.190033030634851, 43.132881614444976 ], [ 141.190008891927107, 43.132972606542388 ], [ 141.190001363275826, 43.13308035022466 ], [ 141.189909941331422, 43.133125075644386 ], [ 141.189673222579842, 43.133064859826376 ], [ 141.189536792797043, 43.133096789663711 ], [ 141.189433922656917, 43.133153856162536 ], [ 141.189421733224123, 43.133203466091416 ], [ 141.189466045380811, 43.133261968165023 ], [ 141.189549627460735, 43.133337363377365 ], [ 141.18950282844591, 43.133428145180162 ], [ 141.189524961155513, 43.133453246312577 ], [ 141.1895514925138, 43.133557087245393 ], [ 141.189601900344854, 43.133590749961819 ], [ 141.189674154473323, 43.133666038915059 ], [ 141.18974198631841, 43.133674967046709 ], [ 141.189758453786169, 43.133700015870524 ], [ 141.189752025960018, 43.133749678709876 ], [ 141.189665834902854, 43.133819419429798 ], [ 141.189670066223158, 43.133902376850699 ], [ 141.189686200366566, 43.133952248101572 ], [ 141.189696454518213, 43.134014513836846 ], [ 141.191079755348994, 43.133735047153202 ] ] ] ] } },
{ "type": "Feature", "properties": { "KEY_CODE": "01109480001", "S_NAME": "明日風一丁目", "n_candidates": 226, "n_panel": 5, "detached_households": 216.0, "rate": 0.023148148148148147, "fill": "#c7e9b4", "fill-opacity": 0.7, "stroke": "#555555" }, "geometry": { "type": "MultiPolygon", "coordinates": [ [ [ [ 141.233872832271658, 43.140017531802492 ], [ 141.234661305123694, 43.139924951223179 ], [ 141.235433439985314, 43.139931804791196 ], [ 141.235434073168307, 43.139910922939734 ], [ 141.23550062193496, 43.138533784623242 ], [ 141.234881044981023, 43.138594535473082 ], [ 141.234714962250735, 43.138579277415992 ], [ 141.234162915023234, 43.138528661992353 ], [ 141.232777504408233, 43.138637170286181 ], [ 141.23276210594841, 43.138453617689926 ], [ 141.232744493296423, 43.138235654958208 ], [ 141.232679047210922, 43.137855723087831 ], [ 141.232600254487807, 43.137481579971194 ], [ 141.232569985751525, 43.137384046924218 ], [ 141.232492934995946, 43.136904849570605 ], [ 141.232473090095027, 43.13679840668884 ], [ 141.23227381154598, 43.136856694098626 ], [ 141.232175343092365, 43.136870234432436 ], [ 141.231835085087255, 43.136916927973097 ], [ 141.230398305817857, 43.137032263869798 ], [ 141.23047743060124, 43.137576535762349 ], [ 141.230633875095009, 43.138652472752021 ], [ 141.230764727202683, 43.139552080275834 ], [ 141.230890408710849, 43.140416336734269 ], [ 141.231521214134403, 43.140328912412699 ], [ 141.232811794721812, 43.140150021569163 ], [ 141.232903146500519, 43.14013733109676 ], [ 141.233183748361398, 43.140098474063777 ], [ 141.233872832271658, 43.140017531802492 ] ] ] ] } },
{ "type": "Feature", "properties": { "KEY_CODE": "01109480002", "S_NAME": "明日風二丁目", "n_candidates": 187, "n_panel": 5, "detached_households": 181.0, "rate": 0.027624309392265192, "fill": "#c7e9b4", "fill-opacity": 0.7, "stroke": "#555555" }, "geometry": { "type": "MultiPolygon", "coordinates": [ [ [ [ 141.230764727202683, 43.139552080275834 ], [ 141.230633875095009, 43.138652472752021 ], [ 141.23047743060124, 43.137576535762349 ], [ 141.230398305817857, 43.137032263869798 ], [ 141.229008804917754, 43.13711670894665 ], [ 141.228643789213635, 43.13713890821488 ], [ 141.2282922299826, 43.137160311731179 ], [ 141.228198788360459, 43.137166017358773 ], [ 141.227736965405597, 43.137194100195572 ], [ 141.227283411199863, 43.137221622166038 ], [ 141.226819855996325, 43.137249826467148 ], [ 141.226543185007699, 43.137266620576248 ], [ 141.225906302547799, 43.137305295923404 ], [ 141.224282416614898, 43.137403970306231 ], [ 141.22373666515054, 43.13743712086319 ], [ 141.223062188233854, 43.137489721256898 ], [ 141.223030074211181, 43.137492034455128 ], [ 141.223063874365636, 43.137584187075198 ], [ 141.223407224445822, 43.137904660713112 ], [ 141.223639145815497, 43.138186647828924 ], [ 141.223702429330814, 43.138255856027676 ], [ 141.223837580864398, 43.138403702437799 ], [ 141.224032529781283, 43.138616859015521 ], [ 141.224230288909439, 43.138765266619181 ], [ 141.224476796798768, 43.138743635715848 ], [ 141.225470134383812, 43.138656400839366 ], [ 141.225651876750504, 43.138671322039755 ], [ 141.227068834943395, 43.139535256813446 ], [ 141.22862578630955, 43.14048446512178 ], [ 141.22876868446528, 43.140710300473685 ], [ 141.230190773522622, 43.14051327159455 ], [ 141.230890408710849, 43.140416336734269 ], [ 141.230764727202683, 43.139552080275834 ] ] ] ] } },
{ "type": "Feature", "properties": { "KEY_CODE": "01109480003", "S_NAME": "明日風三丁目", "n_candidates": 156, "n_panel": 5, "detached_households": 148.0, "rate": 0.033783783783783786, "fill": "#c7e9b4", "fill-opacity": 0.7, "stroke": "#555555" }, "geometry": { "type": "MultiPolygon", "coordinates": [ [ [ [ 141.227068834943395, 43.139535256813446 ], [ 141.225651876750504, 43.138671322039755 ], [ 141.225470134383812, 43.138656400839366 ], [ 141.224476796798768, 43.138743635715848 ], [ 141.224230288909439, 43.138765266619181 ], [ 141.224032529781283, 43.138616859015521 ], [ 141.223837580864398, 43.138403702437799 ], [ 141.223702429330814, 43.138255856027676 ], [ 141.223639145815497, 43.138186647828924 ], [ 141.223407224445822, 43.137904660713112 ], [ 141.223063874365636, 43.137584187075198 ], [ 141.223170975280482, 43.137875814399237 ], [ 141.223256210516894, 43.138223227020866 ], [ 141.223157822744156, 43.138662316315532 ], [ 141.222983744397254, 43.138993124855254 ], [ 141.222805748002543, 43.13933126149805 ], [ 141.222675009331255, 43.139579621656388 ], [ 141.222540952870503, 43.139834279181343 ], [ 141.22326137050581, 43.140045333440213 ], [ 141.224937811065018, 43.140536564690905 ], [ 141.225436323761983, 43.140682601935247 ], [ 141.225889616110265, 43.140793280089554 ], [ 141.22625165433351, 43.140916500799378 ], [ 141.226598408659328, 43.140919604437613 ], [ 141.226743218487968, 43.140920900252468 ], [ 141.227398952357532, 43.140900111930961 ], [ 141.228105814895827, 43.140802203782954 ], [ 141.22876868446528, 43.140710300473685 ], [ 141.22862578630955, 43.14048446512178 ], [ 141.227068834943395, 43.139535256813446 ] ] ] ] } },
{ "type": "Feature", "properties": { "KEY_CODE": "01109480004", "S_NAME": "明日風四丁目", "n_candidates": 216, "n_panel": 2, "detached_households": 204.0, "rate": 0.0098039215686274508, "fill": "#ffffcc", "fill-opacity": 0.7, "stroke": "#555555" }, "geometry": { "type": "MultiPolygon", "coordinates": [ [ [ [ 141.227630175641679, 43.143134813229842 ], [ 141.228743013862442, 43.141098772798017 ], [ 141.228749183706753, 43.141074283951653 ], [ 141.228820901957249, 43.14079283797254 ], [ 141.22876868446528, 43.140710300473685 ], [ 141.228105814895827, 43.140802203782954 ], [ 141.227398952357532, 43.140900111930961 ], [ 141.226743218487968, 43.140920900252468 ], [ 141.226598408659328, 43.140919604437613 ], [ 141.22625165433351, 43.140916500799378 ], [ 141.225889616110265, 43.140793280089554 ], [ 141.225436323761983, 43.140682601935247 ], [ 141.224937811065018, 43.140536564690905 ], [ 141.223261370505867, 43.14004533344022 ], [ 141.222540952870503, 43.139834279181343 ], [ 141.222424496437952, 43.140055609173217 ], [ 141.222382145067343, 43.140190273951603 ], [ 141.222328333298151, 43.140361375567387 ], [ 141.222301655280575, 43.140863238314886 ], [ 141.222298513227116, 43.14092234611374 ], [ 141.22228605014314, 43.141156795691238 ], [ 141.222275203650781, 43.141360824574541 ], [ 141.222858154962523, 43.141339407058993 ], [ 141.223693385973178, 43.141480177513671 ], [ 141.224217911615568, 43.141684897203874 ], [ 141.224958901034285, 43.142011532390107 ], [ 141.225491697927453, 43.142417530009787 ], [ 141.227278200402395, 43.143778755476866 ], [ 141.227490792276825, 43.143389914437677 ], [ 141.227630175641679, 43.143134813229842 ] ] ] ] } },
{ "type": "Feature", "properties": { "KEY_CODE": "01109480005", "S_NAME": "明日風五丁目", "n_candidates": 319, "n_panel": 5, "detached_households": 305.0, "rate": 0.016393442622950821, "fill": "#ffffcc", "fill-opacity": 0.7, "stroke": "#555555" }, "geometry": { "type": "MultiPolygon", "coordinates": [ [ [ [ 141.231015829615217, 43.141279043925515 ], [ 141.230890408710849, 43.140416336734269 ], [ 141.230190773522622, 43.14051327159455 ], [ 141.22876868446528, 43.140710300473685 ], [ 141.228820901957249, 43.14079283797254 ], [ 141.228749183706753, 43.141074283951653 ], [ 141.228743013862442, 43.141098772798017 ], [ 141.227630175641679, 43.143134813229842 ], [ 141.227490792276825, 43.143389914437677 ], [ 141.227278200402395, 43.143778755476866 ], [ 141.229896201793878, 43.14576357217387 ], [ 141.230250257384739, 43.145490553574554 ], [ 141.231398897405683, 43.144604889495753 ], [ 141.232517465070572, 43.143742386199406 ], [ 141.232877704553289, 43.143464604473635 ], [ 141.232298293731986, 43.143062799879829 ], [ 141.231793144393833, 43.142712500857542 ], [ 141.23175933081049, 43.142672323799616 ], [ 141.231453878766956, 43.142309524169498 ], [ 141.231187502005724, 43.141907196359774 ], [ 141.231156805900781, 43.141794960643161 ], [ 141.231015829615217, 43.141279043925515 ] ] ] ] } },
{ "type": "Feature", "properties": { "KEY_CODE": "01109480006", "S_NAME": "明日風六丁目", "n_candidates": 36, "n_panel": 2, "detached_households": 38.0, "rate": 0.052631578947368418, "fill": "#7fcdbb", "fill-opacity": 0.7, "stroke": "#555555" }, "geometry": { "type": "MultiPolygon", "coordinates": [ [ [ [ 141.235433439985314, 43.139931804791196 ], [ 141.234661305123694, 43.139924951223179 ], [ 141.233872832271658, 43.140017531802492 ], [ 141.233183748361398, 43.140098474063777 ], [ 141.232903146500519, 43.14013733109676 ], [ 141.232811794721812, 43.140150021569163 ], [ 141.231521214134403, 43.140328912412699 ], [ 141.230890408710849, 43.140416336734269 ], [ 141.231015829615217, 43.141279043925515 ], [ 141.231156805900781, 43.141794960643161 ], [ 141.231187502005724, 43.141907196359774 ], [ 141.231453878766956, 43.142309524169498 ], [ 141.23175933081049, 43.142672323799616 ], [ 141.231793144393833, 43.142712500857542 ], [ 141.232298293731986, 43.143062799879829 ], [ 141.232877704553289, 43.143464604473635 ], [ 141.232971025624295, 43.14339262735038 ], [ 141.233163536440713, 43.143244138351086 ], [ 141.235383134203829, 43.141546304669582 ], [ 141.235433439985314, 43.139931804791196 ] ] ] ] } }
]
}
